inventory_id,sku,product_name,category,warehouse_id,warehouse_name,region,quantity_available,reserved_quantity,unit_cost,reorder_level,version,updated_at
INV-003751,SKU-0001,Grocery Item 0001,Grocery,WH016,Mekong Warehouse 016,Mekong,707,7,539.07,51,1,2026-05-24T00:00:00+07:00
INV-003752,SKU-0002,Fashion Item 0002,Fashion,WH016,Mekong Warehouse 016,Mekong,257,32,1974.36,70,1,2026-05-24T00:00:00+07:00
INV-003753,SKU-0003,Industrial Item 0003,Industrial,WH016,Mekong Warehouse 016,Mekong,726,50,577.31,35,1,2026-05-24T00:00:00+07:00
INV-003754,SKU-0004,Electronics Item 0004,Electronics,WH016,Mekong Warehouse 016,Mekong,772,27,2499.09,57,1,2026-05-24T00:00:00+07:00
INV-003755,SKU-0005,Home Item 0005,Home,WH016,Mekong Warehouse 016,Mekong,753,62,569.09,94,1,2026-05-24T00:00:00+07:00
INV-003756,SKU-0006,Grocery Item 0006,Grocery,WH016,Mekong Warehouse 016,Mekong,97,24,2358.14,82,1,2026-05-24T00:00:00+07:00
INV-003757,SKU-0007,Fashion Item 0007,Fashion,WH016,Mekong Warehouse 016,Mekong,302,70,553.36,113,1,2026-05-24T00:00:00+07:00
INV-003758,SKU-0008,Industrial Item 0008,Industrial,WH016,Mekong Warehouse 016,Mekong,196,21,835.79,60,1,2026-05-24T00:00:00+07:00
INV-003759,SKU-0009,Electronics Item 0009,Electronics,WH016,Mekong Warehouse 016,Mekong,476,63,1776.56,57,1,2026-05-24T00:00:00+07:00
INV-003760,SKU-0010,Home Item 0010,Home,WH016,Mekong Warehouse 016,Mekong,149,32,1557.12,27,1,2026-05-24T00:00:00+07:00
INV-003761,SKU-0011,Grocery Item 0011,Grocery,WH016,Mekong Warehouse 016,Mekong,451,62,934.81,34,1,2026-05-24T00:00:00+07:00
INV-003762,SKU-0012,Fashion Item 0012,Fashion,WH016,Mekong Warehouse 016,Mekong,550,1,1868.57,81,1,2026-05-24T00:00:00+07:00
INV-003763,SKU-0013,Industrial Item 0013,Industrial,WH016,Mekong Warehouse 016,Mekong,215,15,2273.47,37,1,2026-05-24T00:00:00+07:00
INV-003764,SKU-0014,Electronics Item 0014,Electronics,WH016,Mekong Warehouse 016,Mekong,227,33,1168.43,111,1,2026-05-24T00:00:00+07:00
INV-003765,SKU-0015,Home Item 0015,Home,WH016,Mekong Warehouse 016,Mekong,444,46,1148.27,101,1,2026-05-24T00:00:00+07:00
INV-003766,SKU-0016,Grocery Item 0016,Grocery,WH016,Mekong Warehouse 016,Mekong,265,54,2206.45,97,1,2026-05-24T00:00:00+07:00
INV-003767,SKU-0017,Fashion Item 0017,Fashion,WH016,Mekong Warehouse 016,Mekong,179,31,1231.67,105,1,2026-05-24T00:00:00+07:00
INV-003768,SKU-0018,Industrial Item 0018,Industrial,WH016,Mekong Warehouse 016,Mekong,461,47,604.64,40,1,2026-05-24T00:00:00+07:00
INV-003769,SKU-0019,Electronics Item 0019,Electronics,WH016,Mekong Warehouse 016,Mekong,500,69,1894.54,42,1,2026-05-24T00:00:00+07:00
INV-003770,SKU-0020,Home Item 0020,Home,WH016,Mekong Warehouse 016,Mekong,271,25,438.50,30,1,2026-05-24T00:00:00+07:00
INV-003771,SKU-0021,Grocery Item 0021,Grocery,WH016,Mekong Warehouse 016,Mekong,103,1,2371.27,74,1,2026-05-24T00:00:00+07:00
INV-003772,SKU-0022,Fashion Item 0022,Fashion,WH016,Mekong Warehouse 016,Mekong,769,35,1932.83,93,1,2026-05-24T00:00:00+07:00
INV-003773,SKU-0023,Industrial Item 0023,Industrial,WH016,Mekong Warehouse 016,Mekong,234,16,2402.37,114,1,2026-05-24T00:00:00+07:00
INV-003774,SKU-0024,Electronics Item 0024,Electronics,WH016,Mekong Warehouse 016,Mekong,538,16,2451.05,98,1,2026-05-24T00:00:00+07:00
INV-003775,SKU-0025,Home Item 0025,Home,WH016,Mekong Warehouse 016,Mekong,642,52,2163.35,32,1,2026-05-24T00:00:00+07:00
INV-003776,SKU-0026,Grocery Item 0026,Grocery,WH016,Mekong Warehouse 016,Mekong,796,18,1465.76,119,1,2026-05-24T00:00:00+07:00
INV-003777,SKU-0027,Fashion Item 0027,Fashion,WH016,Mekong Warehouse 016,Mekong,273,24,1078.36,81,1,2026-05-24T00:00:00+07:00
INV-003778,SKU-0028,Industrial Item 0028,Industrial,WH016,Mekong Warehouse 016,Mekong,141,20,718.97,48,1,2026-05-24T00:00:00+07:00
INV-003779,SKU-0029,Electronics Item 0029,Electronics,WH016,Mekong Warehouse 016,Mekong,87,4,437.43,107,1,2026-05-24T00:00:00+07:00
INV-003780,SKU-0030,Home Item 0030,Home,WH016,Mekong Warehouse 016,Mekong,736,25,1046.67,119,1,2026-05-24T00:00:00+07:00
INV-003781,SKU-0031,Grocery Item 0031,Grocery,WH016,Mekong Warehouse 016,Mekong,389,3,2144.40,52,1,2026-05-24T00:00:00+07:00
INV-003782,SKU-0032,Fashion Item 0032,Fashion,WH016,Mekong Warehouse 016,Mekong,669,23,2343.06,67,1,2026-05-24T00:00:00+07:00
INV-003783,SKU-0033,Industrial Item 0033,Industrial,WH016,Mekong Warehouse 016,Mekong,553,72,105.60,74,1,2026-05-24T00:00:00+07:00
INV-003784,SKU-0034,Electronics Item 0034,Electronics,WH016,Mekong Warehouse 016,Mekong,415,19,2238.64,47,1,2026-05-24T00:00:00+07:00
INV-003785,SKU-0035,Home Item 0035,Home,WH016,Mekong Warehouse 016,Mekong,667,69,335.37,51,1,2026-05-24T00:00:00+07:00
INV-003786,SKU-0036,Grocery Item 0036,Grocery,WH016,Mekong Warehouse 016,Mekong,784,73,2025.49,39,1,2026-05-24T00:00:00+07:00
INV-003787,SKU-0037,Fashion Item 0037,Fashion,WH016,Mekong Warehouse 016,Mekong,234,46,970.67,55,1,2026-05-24T00:00:00+07:00
INV-003788,SKU-0038,Industrial Item 0038,Industrial,WH016,Mekong Warehouse 016,Mekong,198,41,851.70,49,1,2026-05-24T00:00:00+07:00
INV-003789,SKU-0039,Electronics Item 0039,Electronics,WH016,Mekong Warehouse 016,Mekong,184,24,2420.10,74,1,2026-05-24T00:00:00+07:00
INV-003790,SKU-0040,Home Item 0040,Home,WH016,Mekong Warehouse 016,Mekong,578,26,1134.40,49,1,2026-05-24T00:00:00+07:00
INV-003791,SKU-0041,Grocery Item 0041,Grocery,WH016,Mekong Warehouse 016,Mekong,466,76,749.31,100,1,2026-05-24T00:00:00+07:00
INV-003792,SKU-0042,Fashion Item 0042,Fashion,WH016,Mekong Warehouse 016,Mekong,732,3,1300.64,60,1,2026-05-24T00:00:00+07:00
INV-003793,SKU-0043,Industrial Item 0043,Industrial,WH016,Mekong Warehouse 016,Mekong,587,60,2359.78,44,1,2026-05-24T00:00:00+07:00
INV-003794,SKU-0044,Electronics Item 0044,Electronics,WH016,Mekong Warehouse 016,Mekong,520,38,2115.68,89,1,2026-05-24T00:00:00+07:00
INV-003795,SKU-0045,Home Item 0045,Home,WH016,Mekong Warehouse 016,Mekong,112,15,1992.38,110,1,2026-05-24T00:00:00+07:00
INV-003796,SKU-0046,Grocery Item 0046,Grocery,WH016,Mekong Warehouse 016,Mekong,414,8,518.14,111,1,2026-05-24T00:00:00+07:00
INV-003797,SKU-0047,Fashion Item 0047,Fashion,WH016,Mekong Warehouse 016,Mekong,382,36,1806.71,74,1,2026-05-24T00:00:00+07:00
INV-003798,SKU-0048,Industrial Item 0048,Industrial,WH016,Mekong Warehouse 016,Mekong,332,70,2437.86,101,1,2026-05-24T00:00:00+07:00
INV-003799,SKU-0049,Electronics Item 0049,Electronics,WH016,Mekong Warehouse 016,Mekong,462,11,2258.25,40,1,2026-05-24T00:00:00+07:00
INV-003800,SKU-0050,Home Item 0050,Home,WH016,Mekong Warehouse 016,Mekong,603,65,766.84,71,1,2026-05-24T00:00:00+07:00
INV-003801,SKU-0051,Grocery Item 0051,Grocery,WH016,Mekong Warehouse 016,Mekong,322,6,1347.36,119,1,2026-05-24T00:00:00+07:00
INV-003802,SKU-0052,Fashion Item 0052,Fashion,WH016,Mekong Warehouse 016,Mekong,497,35,1599.26,27,1,2026-05-24T00:00:00+07:00
INV-003803,SKU-0053,Industrial Item 0053,Industrial,WH016,Mekong Warehouse 016,Mekong,665,53,301.71,47,1,2026-05-24T00:00:00+07:00
INV-003804,SKU-0054,Electronics Item 0054,Electronics,WH016,Mekong Warehouse 016,Mekong,734,12,1640.78,68,1,2026-05-24T00:00:00+07:00
INV-003805,SKU-0055,Home Item 0055,Home,WH016,Mekong Warehouse 016,Mekong,527,8,2010.76,59,1,2026-05-24T00:00:00+07:00
INV-003806,SKU-0056,Grocery Item 0056,Grocery,WH016,Mekong Warehouse 016,Mekong,655,72,1779.35,108,1,2026-05-24T00:00:00+07:00
INV-003807,SKU-0057,Fashion Item 0057,Fashion,WH016,Mekong Warehouse 016,Mekong,556,43,884.01,68,1,2026-05-24T00:00:00+07:00
INV-003808,SKU-0058,Industrial Item 0058,Industrial,WH016,Mekong Warehouse 016,Mekong,680,80,1440.90,53,1,2026-05-24T00:00:00+07:00
INV-003809,SKU-0059,Electronics Item 0059,Electronics,WH016,Mekong Warehouse 016,Mekong,748,64,1346.90,96,1,2026-05-24T00:00:00+07:00
INV-003810,SKU-0060,Home Item 0060,Home,WH016,Mekong Warehouse 016,Mekong,777,16,2358.84,116,1,2026-05-24T00:00:00+07:00
INV-003811,SKU-0061,Grocery Item 0061,Grocery,WH016,Mekong Warehouse 016,Mekong,331,47,706.91,65,1,2026-05-24T00:00:00+07:00
INV-003812,SKU-0062,Fashion Item 0062,Fashion,WH016,Mekong Warehouse 016,Mekong,279,45,1859.73,86,1,2026-05-24T00:00:00+07:00
INV-003813,SKU-0063,Industrial Item 0063,Industrial,WH016,Mekong Warehouse 016,Mekong,680,63,745.24,92,1,2026-05-24T00:00:00+07:00
INV-003814,SKU-0064,Electronics Item 0064,Electronics,WH016,Mekong Warehouse 016,Mekong,753,80,229.42,54,1,2026-05-24T00:00:00+07:00
INV-003815,SKU-0065,Home Item 0065,Home,WH016,Mekong Warehouse 016,Mekong,452,59,960.70,87,1,2026-05-24T00:00:00+07:00
INV-003816,SKU-0066,Grocery Item 0066,Grocery,WH016,Mekong Warehouse 016,Mekong,283,54,1713.92,109,1,2026-05-24T00:00:00+07:00
INV-003817,SKU-0067,Fashion Item 0067,Fashion,WH016,Mekong Warehouse 016,Mekong,444,47,583.45,91,1,2026-05-24T00:00:00+07:00
INV-003818,SKU-0068,Industrial Item 0068,Industrial,WH016,Mekong Warehouse 016,Mekong,142,34,2487.09,26,1,2026-05-24T00:00:00+07:00
INV-003819,SKU-0069,Electronics Item 0069,Electronics,WH016,Mekong Warehouse 016,Mekong,420,24,745.67,57,1,2026-05-24T00:00:00+07:00
INV-003820,SKU-0070,Home Item 0070,Home,WH016,Mekong Warehouse 016,Mekong,279,48,1797.68,115,1,2026-05-24T00:00:00+07:00
INV-003821,SKU-0071,Grocery Item 0071,Grocery,WH016,Mekong Warehouse 016,Mekong,340,8,272.99,77,1,2026-05-24T00:00:00+07:00
INV-003822,SKU-0072,Fashion Item 0072,Fashion,WH016,Mekong Warehouse 016,Mekong,771,61,1580.49,76,1,2026-05-24T00:00:00+07:00
INV-003823,SKU-0073,Industrial Item 0073,Industrial,WH016,Mekong Warehouse 016,Mekong,181,36,71.99,73,1,2026-05-24T00:00:00+07:00
INV-003824,SKU-0074,Electronics Item 0074,Electronics,WH016,Mekong Warehouse 016,Mekong,342,64,671.52,41,1,2026-05-24T00:00:00+07:00
INV-003825,SKU-0075,Home Item 0075,Home,WH016,Mekong Warehouse 016,Mekong,361,67,1823.29,25,1,2026-05-24T00:00:00+07:00
INV-003826,SKU-0076,Grocery Item 0076,Grocery,WH016,Mekong Warehouse 016,Mekong,173,31,976.25,49,1,2026-05-24T00:00:00+07:00
INV-003827,SKU-0077,Fashion Item 0077,Fashion,WH016,Mekong Warehouse 016,Mekong,320,32,1176.13,70,1,2026-05-24T00:00:00+07:00
INV-003828,SKU-0078,Industrial Item 0078,Industrial,WH016,Mekong Warehouse 016,Mekong,493,40,1018.36,47,1,2026-05-24T00:00:00+07:00
INV-003829,SKU-0079,Electronics Item 0079,Electronics,WH016,Mekong Warehouse 016,Mekong,226,40,1145.47,104,1,2026-05-24T00:00:00+07:00
INV-003830,SKU-0080,Home Item 0080,Home,WH016,Mekong Warehouse 016,Mekong,160,7,1718.92,89,1,2026-05-24T00:00:00+07:00
INV-003831,SKU-0081,Grocery Item 0081,Grocery,WH016,Mekong Warehouse 016,Mekong,385,13,227.33,79,1,2026-05-24T00:00:00+07:00
INV-003832,SKU-0082,Fashion Item 0082,Fashion,WH016,Mekong Warehouse 016,Mekong,437,74,1427.84,88,1,2026-05-24T00:00:00+07:00
INV-003833,SKU-0083,Industrial Item 0083,Industrial,WH016,Mekong Warehouse 016,Mekong,436,24,276.11,82,1,2026-05-24T00:00:00+07:00
INV-003834,SKU-0084,Electronics Item 0084,Electronics,WH016,Mekong Warehouse 016,Mekong,482,46,478.60,47,1,2026-05-24T00:00:00+07:00
INV-003835,SKU-0085,Home Item 0085,Home,WH016,Mekong Warehouse 016,Mekong,307,69,1184.48,62,1,2026-05-24T00:00:00+07:00
INV-003836,SKU-0086,Grocery Item 0086,Grocery,WH016,Mekong Warehouse 016,Mekong,515,47,956.92,108,1,2026-05-24T00:00:00+07:00
INV-003837,SKU-0087,Fashion Item 0087,Fashion,WH016,Mekong Warehouse 016,Mekong,555,43,519.41,41,1,2026-05-24T00:00:00+07:00
INV-003838,SKU-0088,Industrial Item 0088,Industrial,WH016,Mekong Warehouse 016,Mekong,465,71,1837.65,29,1,2026-05-24T00:00:00+07:00
INV-003839,SKU-0089,Electronics Item 0089,Electronics,WH016,Mekong Warehouse 016,Mekong,345,11,687.22,63,1,2026-05-24T00:00:00+07:00
INV-003840,SKU-0090,Home Item 0090,Home,WH016,Mekong Warehouse 016,Mekong,756,45,1228.35,83,1,2026-05-24T00:00:00+07:00
INV-003841,SKU-0091,Grocery Item 0091,Grocery,WH016,Mekong Warehouse 016,Mekong,571,37,513.55,30,1,2026-05-24T00:00:00+07:00
INV-003842,SKU-0092,Fashion Item 0092,Fashion,WH016,Mekong Warehouse 016,Mekong,262,63,2297.47,65,1,2026-05-24T00:00:00+07:00
INV-003843,SKU-0093,Industrial Item 0093,Industrial,WH016,Mekong Warehouse 016,Mekong,258,21,238.62,73,1,2026-05-24T00:00:00+07:00
INV-003844,SKU-0094,Electronics Item 0094,Electronics,WH016,Mekong Warehouse 016,Mekong,739,61,1735.64,47,1,2026-05-24T00:00:00+07:00
INV-003845,SKU-0095,Home Item 0095,Home,WH016,Mekong Warehouse 016,Mekong,633,64,251.80,26,1,2026-05-24T00:00:00+07:00
INV-003846,SKU-0096,Grocery Item 0096,Grocery,WH016,Mekong Warehouse 016,Mekong,476,35,182.47,98,1,2026-05-24T00:00:00+07:00
INV-003847,SKU-0097,Fashion Item 0097,Fashion,WH016,Mekong Warehouse 016,Mekong,733,17,586.00,88,1,2026-05-24T00:00:00+07:00
INV-003848,SKU-0098,Industrial Item 0098,Industrial,WH016,Mekong Warehouse 016,Mekong,625,17,29.07,44,1,2026-05-24T00:00:00+07:00
INV-003849,SKU-0099,Electronics Item 0099,Electronics,WH016,Mekong Warehouse 016,Mekong,298,32,356.99,96,1,2026-05-24T00:00:00+07:00
INV-003850,SKU-0100,Home Item 0100,Home,WH016,Mekong Warehouse 016,Mekong,757,12,1368.45,120,1,2026-05-24T00:00:00+07:00
INV-003851,SKU-0101,Grocery Item 0101,Grocery,WH016,Mekong Warehouse 016,Mekong,411,5,198.66,57,1,2026-05-24T00:00:00+07:00
INV-003852,SKU-0102,Fashion Item 0102,Fashion,WH016,Mekong Warehouse 016,Mekong,272,6,1552.80,111,1,2026-05-24T00:00:00+07:00
INV-003853,SKU-0103,Industrial Item 0103,Industrial,WH016,Mekong Warehouse 016,Mekong,646,72,2169.25,120,1,2026-05-24T00:00:00+07:00
INV-003854,SKU-0104,Electronics Item 0104,Electronics,WH016,Mekong Warehouse 016,Mekong,613,14,1226.82,30,1,2026-05-24T00:00:00+07:00
INV-003855,SKU-0105,Home Item 0105,Home,WH016,Mekong Warehouse 016,Mekong,420,60,1645.21,61,1,2026-05-24T00:00:00+07:00
INV-003856,SKU-0106,Grocery Item 0106,Grocery,WH016,Mekong Warehouse 016,Mekong,439,22,117.15,43,1,2026-05-24T00:00:00+07:00
INV-003857,SKU-0107,Fashion Item 0107,Fashion,WH016,Mekong Warehouse 016,Mekong,378,51,1182.90,100,1,2026-05-24T00:00:00+07:00
INV-003858,SKU-0108,Industrial Item 0108,Industrial,WH016,Mekong Warehouse 016,Mekong,532,73,1166.54,39,1,2026-05-24T00:00:00+07:00
INV-003859,SKU-0109,Electronics Item 0109,Electronics,WH016,Mekong Warehouse 016,Mekong,606,5,146.52,29,1,2026-05-24T00:00:00+07:00
INV-003860,SKU-0110,Home Item 0110,Home,WH016,Mekong Warehouse 016,Mekong,689,56,404.04,76,1,2026-05-24T00:00:00+07:00
INV-003861,SKU-0111,Grocery Item 0111,Grocery,WH016,Mekong Warehouse 016,Mekong,559,45,2029.27,53,1,2026-05-24T00:00:00+07:00
INV-003862,SKU-0112,Fashion Item 0112,Fashion,WH016,Mekong Warehouse 016,Mekong,685,48,2389.34,94,1,2026-05-24T00:00:00+07:00
INV-003863,SKU-0113,Industrial Item 0113,Industrial,WH016,Mekong Warehouse 016,Mekong,348,34,853.70,62,1,2026-05-24T00:00:00+07:00
INV-003864,SKU-0114,Electronics Item 0114,Electronics,WH016,Mekong Warehouse 016,Mekong,358,11,277.35,69,1,2026-05-24T00:00:00+07:00
INV-003865,SKU-0115,Home Item 0115,Home,WH016,Mekong Warehouse 016,Mekong,702,80,2325.85,72,1,2026-05-24T00:00:00+07:00
INV-003866,SKU-0116,Grocery Item 0116,Grocery,WH016,Mekong Warehouse 016,Mekong,756,59,206.07,82,1,2026-05-24T00:00:00+07:00
INV-003867,SKU-0117,Fashion Item 0117,Fashion,WH016,Mekong Warehouse 016,Mekong,250,38,1873.87,46,1,2026-05-24T00:00:00+07:00
INV-003868,SKU-0118,Industrial Item 0118,Industrial,WH016,Mekong Warehouse 016,Mekong,294,56,1335.96,28,1,2026-05-24T00:00:00+07:00
INV-003869,SKU-0119,Electronics Item 0119,Electronics,WH016,Mekong Warehouse 016,Mekong,668,14,1283.81,115,1,2026-05-24T00:00:00+07:00
INV-003870,SKU-0120,Home Item 0120,Home,WH016,Mekong Warehouse 016,Mekong,597,3,2166.23,110,1,2026-05-24T00:00:00+07:00
INV-003871,SKU-0121,Grocery Item 0121,Grocery,WH016,Mekong Warehouse 016,Mekong,594,60,1045.75,66,1,2026-05-24T00:00:00+07:00
INV-003872,SKU-0122,Fashion Item 0122,Fashion,WH016,Mekong Warehouse 016,Mekong,601,13,58.29,43,1,2026-05-24T00:00:00+07:00
INV-003873,SKU-0123,Industrial Item 0123,Industrial,WH016,Mekong Warehouse 016,Mekong,594,24,605.86,92,1,2026-05-24T00:00:00+07:00
INV-003874,SKU-0124,Electronics Item 0124,Electronics,WH016,Mekong Warehouse 016,Mekong,678,70,1474.57,53,1,2026-05-24T00:00:00+07:00
INV-003875,SKU-0125,Home Item 0125,Home,WH016,Mekong Warehouse 016,Mekong,696,69,44.60,61,1,2026-05-24T00:00:00+07:00
INV-003876,SKU-0126,Grocery Item 0126,Grocery,WH016,Mekong Warehouse 016,Mekong,426,80,471.50,45,1,2026-05-24T00:00:00+07:00
INV-003877,SKU-0127,Fashion Item 0127,Fashion,WH016,Mekong Warehouse 016,Mekong,151,12,2133.35,33,1,2026-05-24T00:00:00+07:00
INV-003878,SKU-0128,Industrial Item 0128,Industrial,WH016,Mekong Warehouse 016,Mekong,583,69,516.83,82,1,2026-05-24T00:00:00+07:00
INV-003879,SKU-0129,Electronics Item 0129,Electronics,WH016,Mekong Warehouse 016,Mekong,232,31,386.54,44,1,2026-05-24T00:00:00+07:00
INV-003880,SKU-0130,Home Item 0130,Home,WH016,Mekong Warehouse 016,Mekong,796,43,1513.69,80,1,2026-05-24T00:00:00+07:00
INV-003881,SKU-0131,Grocery Item 0131,Grocery,WH016,Mekong Warehouse 016,Mekong,183,3,1770.35,115,1,2026-05-24T00:00:00+07:00
INV-003882,SKU-0132,Fashion Item 0132,Fashion,WH016,Mekong Warehouse 016,Mekong,395,74,2425.11,119,1,2026-05-24T00:00:00+07:00
INV-003883,SKU-0133,Industrial Item 0133,Industrial,WH016,Mekong Warehouse 016,Mekong,113,8,186.86,93,1,2026-05-24T00:00:00+07:00
INV-003884,SKU-0134,Electronics Item 0134,Electronics,WH016,Mekong Warehouse 016,Mekong,218,5,752.59,72,1,2026-05-24T00:00:00+07:00
INV-003885,SKU-0135,Home Item 0135,Home,WH016,Mekong Warehouse 016,Mekong,427,58,1210.28,81,1,2026-05-24T00:00:00+07:00
INV-003886,SKU-0136,Grocery Item 0136,Grocery,WH016,Mekong Warehouse 016,Mekong,363,54,2063.68,101,1,2026-05-24T00:00:00+07:00
INV-003887,SKU-0137,Fashion Item 0137,Fashion,WH016,Mekong Warehouse 016,Mekong,320,37,381.83,45,1,2026-05-24T00:00:00+07:00
INV-003888,SKU-0138,Industrial Item 0138,Industrial,WH016,Mekong Warehouse 016,Mekong,321,56,2432.70,57,1,2026-05-24T00:00:00+07:00
INV-003889,SKU-0139,Electronics Item 0139,Electronics,WH016,Mekong Warehouse 016,Mekong,748,18,2440.29,86,1,2026-05-24T00:00:00+07:00
INV-003890,SKU-0140,Home Item 0140,Home,WH016,Mekong Warehouse 016,Mekong,114,21,724.65,63,1,2026-05-24T00:00:00+07:00
INV-003891,SKU-0141,Grocery Item 0141,Grocery,WH016,Mekong Warehouse 016,Mekong,113,15,2455.09,41,1,2026-05-24T00:00:00+07:00
INV-003892,SKU-0142,Fashion Item 0142,Fashion,WH016,Mekong Warehouse 016,Mekong,780,27,1496.38,113,1,2026-05-24T00:00:00+07:00
INV-003893,SKU-0143,Industrial Item 0143,Industrial,WH016,Mekong Warehouse 016,Mekong,195,25,1814.01,83,1,2026-05-24T00:00:00+07:00
INV-003894,SKU-0144,Electronics Item 0144,Electronics,WH016,Mekong Warehouse 016,Mekong,512,9,2225.86,39,1,2026-05-24T00:00:00+07:00
INV-003895,SKU-0145,Home Item 0145,Home,WH016,Mekong Warehouse 016,Mekong,268,10,1294.86,97,1,2026-05-24T00:00:00+07:00
INV-003896,SKU-0146,Grocery Item 0146,Grocery,WH016,Mekong Warehouse 016,Mekong,95,16,2467.15,115,1,2026-05-24T00:00:00+07:00
INV-003897,SKU-0147,Fashion Item 0147,Fashion,WH016,Mekong Warehouse 016,Mekong,121,24,1333.16,44,1,2026-05-24T00:00:00+07:00
INV-003898,SKU-0148,Industrial Item 0148,Industrial,WH016,Mekong Warehouse 016,Mekong,588,72,1527.26,28,1,2026-05-24T00:00:00+07:00
INV-003899,SKU-0149,Electronics Item 0149,Electronics,WH016,Mekong Warehouse 016,Mekong,659,15,1870.55,106,1,2026-05-24T00:00:00+07:00
INV-003900,SKU-0150,Home Item 0150,Home,WH016,Mekong Warehouse 016,Mekong,651,61,915.65,53,1,2026-05-24T00:00:00+07:00
INV-003901,SKU-0151,Grocery Item 0151,Grocery,WH016,Mekong Warehouse 016,Mekong,421,48,1107.22,103,1,2026-05-24T00:00:00+07:00
INV-003902,SKU-0152,Fashion Item 0152,Fashion,WH016,Mekong Warehouse 016,Mekong,338,47,2013.39,77,1,2026-05-24T00:00:00+07:00
INV-003903,SKU-0153,Industrial Item 0153,Industrial,WH016,Mekong Warehouse 016,Mekong,566,58,880.07,120,1,2026-05-24T00:00:00+07:00
INV-003904,SKU-0154,Electronics Item 0154,Electronics,WH016,Mekong Warehouse 016,Mekong,337,33,2001.24,42,1,2026-05-24T00:00:00+07:00
INV-003905,SKU-0155,Home Item 0155,Home,WH016,Mekong Warehouse 016,Mekong,692,43,396.85,83,1,2026-05-24T00:00:00+07:00
INV-003906,SKU-0156,Grocery Item 0156,Grocery,WH016,Mekong Warehouse 016,Mekong,545,28,2054.71,85,1,2026-05-24T00:00:00+07:00
INV-003907,SKU-0157,Fashion Item 0157,Fashion,WH016,Mekong Warehouse 016,Mekong,361,33,2349.62,102,1,2026-05-24T00:00:00+07:00
INV-003908,SKU-0158,Industrial Item 0158,Industrial,WH016,Mekong Warehouse 016,Mekong,204,46,1238.16,76,1,2026-05-24T00:00:00+07:00
INV-003909,SKU-0159,Electronics Item 0159,Electronics,WH016,Mekong Warehouse 016,Mekong,775,48,262.38,76,1,2026-05-24T00:00:00+07:00
INV-003910,SKU-0160,Home Item 0160,Home,WH016,Mekong Warehouse 016,Mekong,432,69,1938.10,73,1,2026-05-24T00:00:00+07:00
INV-003911,SKU-0161,Grocery Item 0161,Grocery,WH016,Mekong Warehouse 016,Mekong,186,22,255.64,103,1,2026-05-24T00:00:00+07:00
INV-003912,SKU-0162,Fashion Item 0162,Fashion,WH016,Mekong Warehouse 016,Mekong,184,13,215.62,46,1,2026-05-24T00:00:00+07:00
INV-003913,SKU-0163,Industrial Item 0163,Industrial,WH016,Mekong Warehouse 016,Mekong,138,32,1120.89,37,1,2026-05-24T00:00:00+07:00
INV-003914,SKU-0164,Electronics Item 0164,Electronics,WH016,Mekong Warehouse 016,Mekong,658,34,1008.57,42,1,2026-05-24T00:00:00+07:00
INV-003915,SKU-0165,Home Item 0165,Home,WH016,Mekong Warehouse 016,Mekong,619,21,451.11,100,1,2026-05-24T00:00:00+07:00
INV-003916,SKU-0166,Grocery Item 0166,Grocery,WH016,Mekong Warehouse 016,Mekong,104,15,1394.38,53,1,2026-05-24T00:00:00+07:00
INV-003917,SKU-0167,Fashion Item 0167,Fashion,WH016,Mekong Warehouse 016,Mekong,112,21,1153.04,67,1,2026-05-24T00:00:00+07:00
INV-003918,SKU-0168,Industrial Item 0168,Industrial,WH016,Mekong Warehouse 016,Mekong,151,24,1880.37,31,1,2026-05-24T00:00:00+07:00
INV-003919,SKU-0169,Electronics Item 0169,Electronics,WH016,Mekong Warehouse 016,Mekong,430,48,1043.35,54,1,2026-05-24T00:00:00+07:00
INV-003920,SKU-0170,Home Item 0170,Home,WH016,Mekong Warehouse 016,Mekong,436,32,1012.28,119,1,2026-05-24T00:00:00+07:00
INV-003921,SKU-0171,Grocery Item 0171,Grocery,WH016,Mekong Warehouse 016,Mekong,88,22,701.19,27,1,2026-05-24T00:00:00+07:00
INV-003922,SKU-0172,Fashion Item 0172,Fashion,WH016,Mekong Warehouse 016,Mekong,142,21,2450.61,114,1,2026-05-24T00:00:00+07:00
INV-003923,SKU-0173,Industrial Item 0173,Industrial,WH016,Mekong Warehouse 016,Mekong,215,12,190.95,31,1,2026-05-24T00:00:00+07:00
INV-003924,SKU-0174,Electronics Item 0174,Electronics,WH016,Mekong Warehouse 016,Mekong,762,56,1426.75,77,1,2026-05-24T00:00:00+07:00
INV-003925,SKU-0175,Home Item 0175,Home,WH016,Mekong Warehouse 016,Mekong,507,41,479.25,38,1,2026-05-24T00:00:00+07:00
INV-003926,SKU-0176,Grocery Item 0176,Grocery,WH016,Mekong Warehouse 016,Mekong,799,62,1443.02,71,1,2026-05-24T00:00:00+07:00
INV-003927,SKU-0177,Fashion Item 0177,Fashion,WH016,Mekong Warehouse 016,Mekong,365,41,1570.87,98,1,2026-05-24T00:00:00+07:00
INV-003928,SKU-0178,Industrial Item 0178,Industrial,WH016,Mekong Warehouse 016,Mekong,292,60,674.15,44,1,2026-05-24T00:00:00+07:00
INV-003929,SKU-0179,Electronics Item 0179,Electronics,WH016,Mekong Warehouse 016,Mekong,131,21,869.79,31,1,2026-05-24T00:00:00+07:00
INV-003930,SKU-0180,Home Item 0180,Home,WH016,Mekong Warehouse 016,Mekong,550,69,494.68,110,1,2026-05-24T00:00:00+07:00
INV-003931,SKU-0181,Grocery Item 0181,Grocery,WH016,Mekong Warehouse 016,Mekong,488,34,904.75,120,1,2026-05-24T00:00:00+07:00
INV-003932,SKU-0182,Fashion Item 0182,Fashion,WH016,Mekong Warehouse 016,Mekong,182,24,1824.41,95,1,2026-05-24T00:00:00+07:00
INV-003933,SKU-0183,Industrial Item 0183,Industrial,WH016,Mekong Warehouse 016,Mekong,705,13,2287.93,59,1,2026-05-24T00:00:00+07:00
INV-003934,SKU-0184,Electronics Item 0184,Electronics,WH016,Mekong Warehouse 016,Mekong,628,64,2401.18,51,1,2026-05-24T00:00:00+07:00
INV-003935,SKU-0185,Home Item 0185,Home,WH016,Mekong Warehouse 016,Mekong,626,37,2369.97,76,1,2026-05-24T00:00:00+07:00
INV-003936,SKU-0186,Grocery Item 0186,Grocery,WH016,Mekong Warehouse 016,Mekong,478,26,1281.61,109,1,2026-05-24T00:00:00+07:00
INV-003937,SKU-0187,Fashion Item 0187,Fashion,WH016,Mekong Warehouse 016,Mekong,299,43,12.03,35,1,2026-05-24T00:00:00+07:00
INV-003938,SKU-0188,Industrial Item 0188,Industrial,WH016,Mekong Warehouse 016,Mekong,279,6,313.38,51,1,2026-05-24T00:00:00+07:00
INV-003939,SKU-0189,Electronics Item 0189,Electronics,WH016,Mekong Warehouse 016,Mekong,770,6,1627.66,60,1,2026-05-24T00:00:00+07:00
INV-003940,SKU-0190,Home Item 0190,Home,WH016,Mekong Warehouse 016,Mekong,188,43,147.15,101,1,2026-05-24T00:00:00+07:00
INV-003941,SKU-0191,Grocery Item 0191,Grocery,WH016,Mekong Warehouse 016,Mekong,763,48,1867.07,29,1,2026-05-24T00:00:00+07:00
INV-003942,SKU-0192,Fashion Item 0192,Fashion,WH016,Mekong Warehouse 016,Mekong,410,38,71.71,99,1,2026-05-24T00:00:00+07:00
INV-003943,SKU-0193,Industrial Item 0193,Industrial,WH016,Mekong Warehouse 016,Mekong,85,8,2481.02,68,1,2026-05-24T00:00:00+07:00
INV-003944,SKU-0194,Electronics Item 0194,Electronics,WH016,Mekong Warehouse 016,Mekong,489,11,1788.08,66,1,2026-05-24T00:00:00+07:00
INV-003945,SKU-0195,Home Item 0195,Home,WH016,Mekong Warehouse 016,Mekong,675,48,1273.65,25,1,2026-05-24T00:00:00+07:00
INV-003946,SKU-0196,Grocery Item 0196,Grocery,WH016,Mekong Warehouse 016,Mekong,192,33,406.40,75,1,2026-05-24T00:00:00+07:00
INV-003947,SKU-0197,Fashion Item 0197,Fashion,WH016,Mekong Warehouse 016,Mekong,768,75,15.72,48,1,2026-05-24T00:00:00+07:00
INV-003948,SKU-0198,Industrial Item 0198,Industrial,WH016,Mekong Warehouse 016,Mekong,454,27,1846.84,105,1,2026-05-24T00:00:00+07:00
INV-003949,SKU-0199,Electronics Item 0199,Electronics,WH016,Mekong Warehouse 016,Mekong,549,74,1307.22,116,1,2026-05-24T00:00:00+07:00
INV-003950,SKU-0200,Home Item 0200,Home,WH016,Mekong Warehouse 016,Mekong,445,65,426.80,66,1,2026-05-24T00:00:00+07:00
INV-003951,SKU-0201,Grocery Item 0201,Grocery,WH016,Mekong Warehouse 016,Mekong,550,54,418.79,120,1,2026-05-24T00:00:00+07:00
INV-003952,SKU-0202,Fashion Item 0202,Fashion,WH016,Mekong Warehouse 016,Mekong,573,65,1857.22,44,1,2026-05-24T00:00:00+07:00
INV-003953,SKU-0203,Industrial Item 0203,Industrial,WH016,Mekong Warehouse 016,Mekong,458,31,601.72,88,1,2026-05-24T00:00:00+07:00
INV-003954,SKU-0204,Electronics Item 0204,Electronics,WH016,Mekong Warehouse 016,Mekong,755,48,1250.71,45,1,2026-05-24T00:00:00+07:00
INV-003955,SKU-0205,Home Item 0205,Home,WH016,Mekong Warehouse 016,Mekong,641,2,2332.92,107,1,2026-05-24T00:00:00+07:00
INV-003956,SKU-0206,Grocery Item 0206,Grocery,WH016,Mekong Warehouse 016,Mekong,444,73,488.13,88,1,2026-05-24T00:00:00+07:00
INV-003957,SKU-0207,Fashion Item 0207,Fashion,WH016,Mekong Warehouse 016,Mekong,730,76,98.18,41,1,2026-05-24T00:00:00+07:00
INV-003958,SKU-0208,Industrial Item 0208,Industrial,WH016,Mekong Warehouse 016,Mekong,103,25,560.71,120,1,2026-05-24T00:00:00+07:00
INV-003959,SKU-0209,Electronics Item 0209,Electronics,WH016,Mekong Warehouse 016,Mekong,781,42,1481.53,114,1,2026-05-24T00:00:00+07:00
INV-003960,SKU-0210,Home Item 0210,Home,WH016,Mekong Warehouse 016,Mekong,761,64,416.11,93,1,2026-05-24T00:00:00+07:00
INV-003961,SKU-0211,Grocery Item 0211,Grocery,WH016,Mekong Warehouse 016,Mekong,260,50,2256.49,79,1,2026-05-24T00:00:00+07:00
INV-003962,SKU-0212,Fashion Item 0212,Fashion,WH016,Mekong Warehouse 016,Mekong,379,26,2486.62,88,1,2026-05-24T00:00:00+07:00
INV-003963,SKU-0213,Industrial Item 0213,Industrial,WH016,Mekong Warehouse 016,Mekong,625,80,1952.88,30,1,2026-05-24T00:00:00+07:00
INV-003964,SKU-0214,Electronics Item 0214,Electronics,WH016,Mekong Warehouse 016,Mekong,370,47,183.24,44,1,2026-05-24T00:00:00+07:00
INV-003965,SKU-0215,Home Item 0215,Home,WH016,Mekong Warehouse 016,Mekong,512,39,1304.41,73,1,2026-05-24T00:00:00+07:00
INV-003966,SKU-0216,Grocery Item 0216,Grocery,WH016,Mekong Warehouse 016,Mekong,282,40,1195.28,110,1,2026-05-24T00:00:00+07:00
INV-003967,SKU-0217,Fashion Item 0217,Fashion,WH016,Mekong Warehouse 016,Mekong,600,32,1093.16,39,1,2026-05-24T00:00:00+07:00
INV-003968,SKU-0218,Industrial Item 0218,Industrial,WH016,Mekong Warehouse 016,Mekong,739,61,1570.12,49,1,2026-05-24T00:00:00+07:00
INV-003969,SKU-0219,Electronics Item 0219,Electronics,WH016,Mekong Warehouse 016,Mekong,573,30,1586.09,55,1,2026-05-24T00:00:00+07:00
INV-003970,SKU-0220,Home Item 0220,Home,WH016,Mekong Warehouse 016,Mekong,286,46,1377.27,40,1,2026-05-24T00:00:00+07:00
INV-003971,SKU-0221,Grocery Item 0221,Grocery,WH016,Mekong Warehouse 016,Mekong,574,51,462.60,104,1,2026-05-24T00:00:00+07:00
INV-003972,SKU-0222,Fashion Item 0222,Fashion,WH016,Mekong Warehouse 016,Mekong,113,27,655.19,84,1,2026-05-24T00:00:00+07:00
INV-003973,SKU-0223,Industrial Item 0223,Industrial,WH016,Mekong Warehouse 016,Mekong,382,48,2499.62,82,1,2026-05-24T00:00:00+07:00
INV-003974,SKU-0224,Electronics Item 0224,Electronics,WH016,Mekong Warehouse 016,Mekong,250,9,1740.00,32,1,2026-05-24T00:00:00+07:00
INV-003975,SKU-0225,Home Item 0225,Home,WH016,Mekong Warehouse 016,Mekong,760,71,65.92,96,1,2026-05-24T00:00:00+07:00
INV-003976,SKU-0226,Grocery Item 0226,Grocery,WH016,Mekong Warehouse 016,Mekong,792,37,605.23,47,1,2026-05-24T00:00:00+07:00
INV-003977,SKU-0227,Fashion Item 0227,Fashion,WH016,Mekong Warehouse 016,Mekong,684,69,2404.80,70,1,2026-05-24T00:00:00+07:00
INV-003978,SKU-0228,Industrial Item 0228,Industrial,WH016,Mekong Warehouse 016,Mekong,413,20,2486.95,84,1,2026-05-24T00:00:00+07:00
INV-003979,SKU-0229,Electronics Item 0229,Electronics,WH016,Mekong Warehouse 016,Mekong,248,59,2079.66,66,1,2026-05-24T00:00:00+07:00
INV-003980,SKU-0230,Home Item 0230,Home,WH016,Mekong Warehouse 016,Mekong,581,45,1402.91,108,1,2026-05-24T00:00:00+07:00
INV-003981,SKU-0231,Grocery Item 0231,Grocery,WH016,Mekong Warehouse 016,Mekong,198,12,88.09,114,1,2026-05-24T00:00:00+07:00
INV-003982,SKU-0232,Fashion Item 0232,Fashion,WH016,Mekong Warehouse 016,Mekong,574,25,1976.83,48,1,2026-05-24T00:00:00+07:00
INV-003983,SKU-0233,Industrial Item 0233,Industrial,WH016,Mekong Warehouse 016,Mekong,452,23,1391.33,89,1,2026-05-24T00:00:00+07:00
INV-003984,SKU-0234,Electronics Item 0234,Electronics,WH016,Mekong Warehouse 016,Mekong,178,35,879.72,36,1,2026-05-24T00:00:00+07:00
INV-003985,SKU-0235,Home Item 0235,Home,WH016,Mekong Warehouse 016,Mekong,576,42,309.93,45,1,2026-05-24T00:00:00+07:00
INV-003986,SKU-0236,Grocery Item 0236,Grocery,WH016,Mekong Warehouse 016,Mekong,126,6,1296.43,107,1,2026-05-24T00:00:00+07:00
INV-003987,SKU-0237,Fashion Item 0237,Fashion,WH016,Mekong Warehouse 016,Mekong,698,36,90.77,30,1,2026-05-24T00:00:00+07:00
INV-003988,SKU-0238,Industrial Item 0238,Industrial,WH016,Mekong Warehouse 016,Mekong,371,28,2458.72,116,1,2026-05-24T00:00:00+07:00
INV-003989,SKU-0239,Electronics Item 0239,Electronics,WH016,Mekong Warehouse 016,Mekong,185,12,211.11,45,1,2026-05-24T00:00:00+07:00
INV-003990,SKU-0240,Home Item 0240,Home,WH016,Mekong Warehouse 016,Mekong,166,19,1585.17,46,1,2026-05-24T00:00:00+07:00
INV-003991,SKU-0241,Grocery Item 0241,Grocery,WH016,Mekong Warehouse 016,Mekong,598,19,1406.09,43,1,2026-05-24T00:00:00+07:00
INV-003992,SKU-0242,Fashion Item 0242,Fashion,WH016,Mekong Warehouse 016,Mekong,305,73,2381.64,47,1,2026-05-24T00:00:00+07:00
INV-003993,SKU-0243,Industrial Item 0243,Industrial,WH016,Mekong Warehouse 016,Mekong,569,59,2018.17,44,1,2026-05-24T00:00:00+07:00
INV-003994,SKU-0244,Electronics Item 0244,Electronics,WH016,Mekong Warehouse 016,Mekong,558,52,1243.80,100,1,2026-05-24T00:00:00+07:00
INV-003995,SKU-0245,Home Item 0245,Home,WH016,Mekong Warehouse 016,Mekong,186,43,2194.54,91,1,2026-05-24T00:00:00+07:00
INV-003996,SKU-0246,Grocery Item 0246,Grocery,WH016,Mekong Warehouse 016,Mekong,243,9,710.63,53,1,2026-05-24T00:00:00+07:00
INV-003997,SKU-0247,Fashion Item 0247,Fashion,WH016,Mekong Warehouse 016,Mekong,463,58,1918.28,57,1,2026-05-24T00:00:00+07:00
INV-003998,SKU-0248,Industrial Item 0248,Industrial,WH016,Mekong Warehouse 016,Mekong,528,19,674.09,46,1,2026-05-24T00:00:00+07:00
INV-003999,SKU-0249,Electronics Item 0249,Electronics,WH016,Mekong Warehouse 016,Mekong,175,21,1175.86,71,1,2026-05-24T00:00:00+07:00
INV-004000,SKU-0250,Home Item 0250,Home,WH016,Mekong Warehouse 016,Mekong,304,71,2081.08,74,1,2026-05-24T00:00:00+07:00
INV-004001,SKU-0001,Fashion Item 0001,Fashion,WH017,Mekong Warehouse 017,Mekong,374,70,790.91,88,1,2026-05-24T00:00:00+07:00
INV-004002,SKU-0002,Industrial Item 0002,Industrial,WH017,Mekong Warehouse 017,Mekong,174,30,2460.76,106,1,2026-05-24T00:00:00+07:00
INV-004003,SKU-0003,Electronics Item 0003,Electronics,WH017,Mekong Warehouse 017,Mekong,598,11,1747.34,102,1,2026-05-24T00:00:00+07:00
INV-004004,SKU-0004,Home Item 0004,Home,WH017,Mekong Warehouse 017,Mekong,362,56,1349.93,85,1,2026-05-24T00:00:00+07:00
INV-004005,SKU-0005,Grocery Item 0005,Grocery,WH017,Mekong Warehouse 017,Mekong,205,9,1527.43,104,1,2026-05-24T00:00:00+07:00
INV-004006,SKU-0006,Fashion Item 0006,Fashion,WH017,Mekong Warehouse 017,Mekong,511,76,2135.23,114,1,2026-05-24T00:00:00+07:00
INV-004007,SKU-0007,Industrial Item 0007,Industrial,WH017,Mekong Warehouse 017,Mekong,382,59,866.20,27,1,2026-05-24T00:00:00+07:00
INV-004008,SKU-0008,Electronics Item 0008,Electronics,WH017,Mekong Warehouse 017,Mekong,764,43,2329.14,70,1,2026-05-24T00:00:00+07:00
INV-004009,SKU-0009,Home Item 0009,Home,WH017,Mekong Warehouse 017,Mekong,309,28,2139.18,34,1,2026-05-24T00:00:00+07:00
INV-004010,SKU-0010,Grocery Item 0010,Grocery,WH017,Mekong Warehouse 017,Mekong,189,35,1828.19,75,1,2026-05-24T00:00:00+07:00
INV-004011,SKU-0011,Fashion Item 0011,Fashion,WH017,Mekong Warehouse 017,Mekong,137,11,2091.24,26,1,2026-05-24T00:00:00+07:00
INV-004012,SKU-0012,Industrial Item 0012,Industrial,WH017,Mekong Warehouse 017,Mekong,121,17,170.10,37,1,2026-05-24T00:00:00+07:00
INV-004013,SKU-0013,Electronics Item 0013,Electronics,WH017,Mekong Warehouse 017,Mekong,483,38,95.90,77,1,2026-05-24T00:00:00+07:00
INV-004014,SKU-0014,Home Item 0014,Home,WH017,Mekong Warehouse 017,Mekong,357,3,1531.44,83,1,2026-05-24T00:00:00+07:00
INV-004015,SKU-0015,Grocery Item 0015,Grocery,WH017,Mekong Warehouse 017,Mekong,446,9,359.71,119,1,2026-05-24T00:00:00+07:00
INV-004016,SKU-0016,Fashion Item 0016,Fashion,WH017,Mekong Warehouse 017,Mekong,293,8,1834.37,76,1,2026-05-24T00:00:00+07:00
INV-004017,SKU-0017,Industrial Item 0017,Industrial,WH017,Mekong Warehouse 017,Mekong,397,63,2408.91,51,1,2026-05-24T00:00:00+07:00
INV-004018,SKU-0018,Electronics Item 0018,Electronics,WH017,Mekong Warehouse 017,Mekong,190,1,2113.28,47,1,2026-05-24T00:00:00+07:00
INV-004019,SKU-0019,Home Item 0019,Home,WH017,Mekong Warehouse 017,Mekong,291,49,674.05,67,1,2026-05-24T00:00:00+07:00
INV-004020,SKU-0020,Grocery Item 0020,Grocery,WH017,Mekong Warehouse 017,Mekong,343,18,411.12,104,1,2026-05-24T00:00:00+07:00
INV-004021,SKU-0021,Fashion Item 0021,Fashion,WH017,Mekong Warehouse 017,Mekong,412,0,108.12,115,1,2026-05-24T00:00:00+07:00
INV-004022,SKU-0022,Industrial Item 0022,Industrial,WH017,Mekong Warehouse 017,Mekong,419,69,639.49,91,1,2026-05-24T00:00:00+07:00
INV-004023,SKU-0023,Electronics Item 0023,Electronics,WH017,Mekong Warehouse 017,Mekong,439,80,932.12,111,1,2026-05-24T00:00:00+07:00
INV-004024,SKU-0024,Home Item 0024,Home,WH017,Mekong Warehouse 017,Mekong,283,60,1687.49,28,1,2026-05-24T00:00:00+07:00
INV-004025,SKU-0025,Grocery Item 0025,Grocery,WH017,Mekong Warehouse 017,Mekong,339,22,459.34,64,1,2026-05-24T00:00:00+07:00
INV-004026,SKU-0026,Fashion Item 0026,Fashion,WH017,Mekong Warehouse 017,Mekong,190,46,105.77,100,1,2026-05-24T00:00:00+07:00
INV-004027,SKU-0027,Industrial Item 0027,Industrial,WH017,Mekong Warehouse 017,Mekong,332,75,2384.68,34,1,2026-05-24T00:00:00+07:00
INV-004028,SKU-0028,Electronics Item 0028,Electronics,WH017,Mekong Warehouse 017,Mekong,218,29,956.07,89,1,2026-05-24T00:00:00+07:00
INV-004029,SKU-0029,Home Item 0029,Home,WH017,Mekong Warehouse 017,Mekong,323,61,1134.00,90,1,2026-05-24T00:00:00+07:00
INV-004030,SKU-0030,Grocery Item 0030,Grocery,WH017,Mekong Warehouse 017,Mekong,681,73,447.74,89,1,2026-05-24T00:00:00+07:00
INV-004031,SKU-0031,Fashion Item 0031,Fashion,WH017,Mekong Warehouse 017,Mekong,763,5,2262.33,36,1,2026-05-24T00:00:00+07:00
INV-004032,SKU-0032,Industrial Item 0032,Industrial,WH017,Mekong Warehouse 017,Mekong,732,55,1982.30,54,1,2026-05-24T00:00:00+07:00
INV-004033,SKU-0033,Electronics Item 0033,Electronics,WH017,Mekong Warehouse 017,Mekong,512,12,1777.75,33,1,2026-05-24T00:00:00+07:00
INV-004034,SKU-0034,Home Item 0034,Home,WH017,Mekong Warehouse 017,Mekong,475,14,561.48,95,1,2026-05-24T00:00:00+07:00
INV-004035,SKU-0035,Grocery Item 0035,Grocery,WH017,Mekong Warehouse 017,Mekong,351,32,1475.65,91,1,2026-05-24T00:00:00+07:00
INV-004036,SKU-0036,Fashion Item 0036,Fashion,WH017,Mekong Warehouse 017,Mekong,372,36,508.44,85,1,2026-05-24T00:00:00+07:00
INV-004037,SKU-0037,Industrial Item 0037,Industrial,WH017,Mekong Warehouse 017,Mekong,138,1,163.04,53,1,2026-05-24T00:00:00+07:00
INV-004038,SKU-0038,Electronics Item 0038,Electronics,WH017,Mekong Warehouse 017,Mekong,428,74,916.70,37,1,2026-05-24T00:00:00+07:00
INV-004039,SKU-0039,Home Item 0039,Home,WH017,Mekong Warehouse 017,Mekong,312,62,1384.39,56,1,2026-05-24T00:00:00+07:00
INV-004040,SKU-0040,Grocery Item 0040,Grocery,WH017,Mekong Warehouse 017,Mekong,286,67,1502.40,104,1,2026-05-24T00:00:00+07:00
INV-004041,SKU-0041,Fashion Item 0041,Fashion,WH017,Mekong Warehouse 017,Mekong,448,17,1980.44,29,1,2026-05-24T00:00:00+07:00
INV-004042,SKU-0042,Industrial Item 0042,Industrial,WH017,Mekong Warehouse 017,Mekong,742,58,721.24,42,1,2026-05-24T00:00:00+07:00
INV-004043,SKU-0043,Electronics Item 0043,Electronics,WH017,Mekong Warehouse 017,Mekong,284,36,2010.31,44,1,2026-05-24T00:00:00+07:00
INV-004044,SKU-0044,Home Item 0044,Home,WH017,Mekong Warehouse 017,Mekong,260,18,1114.82,51,1,2026-05-24T00:00:00+07:00
INV-004045,SKU-0045,Grocery Item 0045,Grocery,WH017,Mekong Warehouse 017,Mekong,615,46,736.98,68,1,2026-05-24T00:00:00+07:00
INV-004046,SKU-0046,Fashion Item 0046,Fashion,WH017,Mekong Warehouse 017,Mekong,182,25,2181.10,72,1,2026-05-24T00:00:00+07:00
INV-004047,SKU-0047,Industrial Item 0047,Industrial,WH017,Mekong Warehouse 017,Mekong,140,27,1462.46,74,1,2026-05-24T00:00:00+07:00
INV-004048,SKU-0048,Electronics Item 0048,Electronics,WH017,Mekong Warehouse 017,Mekong,574,35,602.61,97,1,2026-05-24T00:00:00+07:00
INV-004049,SKU-0049,Home Item 0049,Home,WH017,Mekong Warehouse 017,Mekong,572,38,2459.41,64,1,2026-05-24T00:00:00+07:00
INV-004050,SKU-0050,Grocery Item 0050,Grocery,WH017,Mekong Warehouse 017,Mekong,218,44,343.86,75,1,2026-05-24T00:00:00+07:00
INV-004051,SKU-0051,Fashion Item 0051,Fashion,WH017,Mekong Warehouse 017,Mekong,367,29,951.34,36,1,2026-05-24T00:00:00+07:00
INV-004052,SKU-0052,Industrial Item 0052,Industrial,WH017,Mekong Warehouse 017,Mekong,428,78,848.28,28,1,2026-05-24T00:00:00+07:00
INV-004053,SKU-0053,Electronics Item 0053,Electronics,WH017,Mekong Warehouse 017,Mekong,306,48,692.22,113,1,2026-05-24T00:00:00+07:00
INV-004054,SKU-0054,Home Item 0054,Home,WH017,Mekong Warehouse 017,Mekong,391,69,100.01,79,1,2026-05-24T00:00:00+07:00
INV-004055,SKU-0055,Grocery Item 0055,Grocery,WH017,Mekong Warehouse 017,Mekong,373,74,1874.00,99,1,2026-05-24T00:00:00+07:00
INV-004056,SKU-0056,Fashion Item 0056,Fashion,WH017,Mekong Warehouse 017,Mekong,651,61,489.41,92,1,2026-05-24T00:00:00+07:00
INV-004057,SKU-0057,Industrial Item 0057,Industrial,WH017,Mekong Warehouse 017,Mekong,565,27,1694.44,50,1,2026-05-24T00:00:00+07:00
INV-004058,SKU-0058,Electronics Item 0058,Electronics,WH017,Mekong Warehouse 017,Mekong,636,54,1191.17,44,1,2026-05-24T00:00:00+07:00
INV-004059,SKU-0059,Home Item 0059,Home,WH017,Mekong Warehouse 017,Mekong,149,31,655.82,105,1,2026-05-24T00:00:00+07:00
INV-004060,SKU-0060,Grocery Item 0060,Grocery,WH017,Mekong Warehouse 017,Mekong,242,11,1840.13,114,1,2026-05-24T00:00:00+07:00
INV-004061,SKU-0061,Fashion Item 0061,Fashion,WH017,Mekong Warehouse 017,Mekong,246,2,706.42,109,1,2026-05-24T00:00:00+07:00
INV-004062,SKU-0062,Industrial Item 0062,Industrial,WH017,Mekong Warehouse 017,Mekong,294,30,1768.47,48,1,2026-05-24T00:00:00+07:00
INV-004063,SKU-0063,Electronics Item 0063,Electronics,WH017,Mekong Warehouse 017,Mekong,464,39,2133.56,59,1,2026-05-24T00:00:00+07:00
INV-004064,SKU-0064,Home Item 0064,Home,WH017,Mekong Warehouse 017,Mekong,507,33,2110.37,73,1,2026-05-24T00:00:00+07:00
INV-004065,SKU-0065,Grocery Item 0065,Grocery,WH017,Mekong Warehouse 017,Mekong,111,2,1561.52,51,1,2026-05-24T00:00:00+07:00
INV-004066,SKU-0066,Fashion Item 0066,Fashion,WH017,Mekong Warehouse 017,Mekong,462,4,750.38,89,1,2026-05-24T00:00:00+07:00
INV-004067,SKU-0067,Industrial Item 0067,Industrial,WH017,Mekong Warehouse 017,Mekong,640,6,1692.34,48,1,2026-05-24T00:00:00+07:00
INV-004068,SKU-0068,Electronics Item 0068,Electronics,WH017,Mekong Warehouse 017,Mekong,303,62,1695.47,28,1,2026-05-24T00:00:00+07:00
INV-004069,SKU-0069,Home Item 0069,Home,WH017,Mekong Warehouse 017,Mekong,89,12,1618.11,67,1,2026-05-24T00:00:00+07:00
INV-004070,SKU-0070,Grocery Item 0070,Grocery,WH017,Mekong Warehouse 017,Mekong,339,67,1049.33,42,1,2026-05-24T00:00:00+07:00
INV-004071,SKU-0071,Fashion Item 0071,Fashion,WH017,Mekong Warehouse 017,Mekong,740,10,1107.59,40,1,2026-05-24T00:00:00+07:00
INV-004072,SKU-0072,Industrial Item 0072,Industrial,WH017,Mekong Warehouse 017,Mekong,383,49,737.61,110,1,2026-05-24T00:00:00+07:00
INV-004073,SKU-0073,Electronics Item 0073,Electronics,WH017,Mekong Warehouse 017,Mekong,355,39,190.50,89,1,2026-05-24T00:00:00+07:00
INV-004074,SKU-0074,Home Item 0074,Home,WH017,Mekong Warehouse 017,Mekong,579,41,1129.67,33,1,2026-05-24T00:00:00+07:00
INV-004075,SKU-0075,Grocery Item 0075,Grocery,WH017,Mekong Warehouse 017,Mekong,466,10,881.63,29,1,2026-05-24T00:00:00+07:00
INV-004076,SKU-0076,Fashion Item 0076,Fashion,WH017,Mekong Warehouse 017,Mekong,290,29,2366.85,71,1,2026-05-24T00:00:00+07:00
INV-004077,SKU-0077,Industrial Item 0077,Industrial,WH017,Mekong Warehouse 017,Mekong,375,10,971.56,27,1,2026-05-24T00:00:00+07:00
INV-004078,SKU-0078,Electronics Item 0078,Electronics,WH017,Mekong Warehouse 017,Mekong,454,35,2090.39,48,1,2026-05-24T00:00:00+07:00
INV-004079,SKU-0079,Home Item 0079,Home,WH017,Mekong Warehouse 017,Mekong,112,13,845.50,74,1,2026-05-24T00:00:00+07:00
INV-004080,SKU-0080,Grocery Item 0080,Grocery,WH017,Mekong Warehouse 017,Mekong,139,11,619.82,39,1,2026-05-24T00:00:00+07:00
INV-004081,SKU-0081,Fashion Item 0081,Fashion,WH017,Mekong Warehouse 017,Mekong,305,74,1957.93,120,1,2026-05-24T00:00:00+07:00
INV-004082,SKU-0082,Industrial Item 0082,Industrial,WH017,Mekong Warehouse 017,Mekong,569,62,2015.97,64,1,2026-05-24T00:00:00+07:00
INV-004083,SKU-0083,Electronics Item 0083,Electronics,WH017,Mekong Warehouse 017,Mekong,436,48,1379.78,95,1,2026-05-24T00:00:00+07:00
INV-004084,SKU-0084,Home Item 0084,Home,WH017,Mekong Warehouse 017,Mekong,220,37,2102.85,105,1,2026-05-24T00:00:00+07:00
INV-004085,SKU-0085,Grocery Item 0085,Grocery,WH017,Mekong Warehouse 017,Mekong,617,63,964.44,46,1,2026-05-24T00:00:00+07:00
INV-004086,SKU-0086,Fashion Item 0086,Fashion,WH017,Mekong Warehouse 017,Mekong,87,20,1574.28,28,1,2026-05-24T00:00:00+07:00
INV-004087,SKU-0087,Industrial Item 0087,Industrial,WH017,Mekong Warehouse 017,Mekong,363,2,322.22,103,1,2026-05-24T00:00:00+07:00
INV-004088,SKU-0088,Electronics Item 0088,Electronics,WH017,Mekong Warehouse 017,Mekong,426,69,235.94,85,1,2026-05-24T00:00:00+07:00
INV-004089,SKU-0089,Home Item 0089,Home,WH017,Mekong Warehouse 017,Mekong,758,1,1137.89,84,1,2026-05-24T00:00:00+07:00
INV-004090,SKU-0090,Grocery Item 0090,Grocery,WH017,Mekong Warehouse 017,Mekong,521,46,2214.95,88,1,2026-05-24T00:00:00+07:00
INV-004091,SKU-0091,Fashion Item 0091,Fashion,WH017,Mekong Warehouse 017,Mekong,107,3,1946.60,108,1,2026-05-24T00:00:00+07:00
INV-004092,SKU-0092,Industrial Item 0092,Industrial,WH017,Mekong Warehouse 017,Mekong,398,27,1120.74,92,1,2026-05-24T00:00:00+07:00
INV-004093,SKU-0093,Electronics Item 0093,Electronics,WH017,Mekong Warehouse 017,Mekong,239,3,1285.59,42,1,2026-05-24T00:00:00+07:00
INV-004094,SKU-0094,Home Item 0094,Home,WH017,Mekong Warehouse 017,Mekong,217,34,334.43,43,1,2026-05-24T00:00:00+07:00
INV-004095,SKU-0095,Grocery Item 0095,Grocery,WH017,Mekong Warehouse 017,Mekong,579,61,640.67,80,1,2026-05-24T00:00:00+07:00
INV-004096,SKU-0096,Fashion Item 0096,Fashion,WH017,Mekong Warehouse 017,Mekong,479,39,1549.28,49,1,2026-05-24T00:00:00+07:00
INV-004097,SKU-0097,Industrial Item 0097,Industrial,WH017,Mekong Warehouse 017,Mekong,157,31,369.88,120,1,2026-05-24T00:00:00+07:00
INV-004098,SKU-0098,Electronics Item 0098,Electronics,WH017,Mekong Warehouse 017,Mekong,419,2,1012.70,86,1,2026-05-24T00:00:00+07:00
INV-004099,SKU-0099,Home Item 0099,Home,WH017,Mekong Warehouse 017,Mekong,708,76,2207.75,26,1,2026-05-24T00:00:00+07:00
INV-004100,SKU-0100,Grocery Item 0100,Grocery,WH017,Mekong Warehouse 017,Mekong,342,62,1540.47,59,1,2026-05-24T00:00:00+07:00
INV-004101,SKU-0101,Fashion Item 0101,Fashion,WH017,Mekong Warehouse 017,Mekong,244,50,419.54,50,1,2026-05-24T00:00:00+07:00
INV-004102,SKU-0102,Industrial Item 0102,Industrial,WH017,Mekong Warehouse 017,Mekong,85,6,1348.97,79,1,2026-05-24T00:00:00+07:00
INV-004103,SKU-0103,Electronics Item 0103,Electronics,WH017,Mekong Warehouse 017,Mekong,777,27,195.66,46,1,2026-05-24T00:00:00+07:00
INV-004104,SKU-0104,Home Item 0104,Home,WH017,Mekong Warehouse 017,Mekong,562,48,771.23,26,1,2026-05-24T00:00:00+07:00
INV-004105,SKU-0105,Grocery Item 0105,Grocery,WH017,Mekong Warehouse 017,Mekong,163,1,482.76,58,1,2026-05-24T00:00:00+07:00
INV-004106,SKU-0106,Fashion Item 0106,Fashion,WH017,Mekong Warehouse 017,Mekong,195,27,1659.55,70,1,2026-05-24T00:00:00+07:00
INV-004107,SKU-0107,Industrial Item 0107,Industrial,WH017,Mekong Warehouse 017,Mekong,783,30,593.14,95,1,2026-05-24T00:00:00+07:00
INV-004108,SKU-0108,Electronics Item 0108,Electronics,WH017,Mekong Warehouse 017,Mekong,744,22,1612.32,72,1,2026-05-24T00:00:00+07:00
INV-004109,SKU-0109,Home Item 0109,Home,WH017,Mekong Warehouse 017,Mekong,644,61,98.56,85,1,2026-05-24T00:00:00+07:00
INV-004110,SKU-0110,Grocery Item 0110,Grocery,WH017,Mekong Warehouse 017,Mekong,198,38,1854.22,31,1,2026-05-24T00:00:00+07:00
INV-004111,SKU-0111,Fashion Item 0111,Fashion,WH017,Mekong Warehouse 017,Mekong,422,20,2145.58,112,1,2026-05-24T00:00:00+07:00
INV-004112,SKU-0112,Industrial Item 0112,Industrial,WH017,Mekong Warehouse 017,Mekong,348,63,1976.88,57,1,2026-05-24T00:00:00+07:00
INV-004113,SKU-0113,Electronics Item 0113,Electronics,WH017,Mekong Warehouse 017,Mekong,154,10,249.15,83,1,2026-05-24T00:00:00+07:00
INV-004114,SKU-0114,Home Item 0114,Home,WH017,Mekong Warehouse 017,Mekong,219,8,803.20,89,1,2026-05-24T00:00:00+07:00
INV-004115,SKU-0115,Grocery Item 0115,Grocery,WH017,Mekong Warehouse 017,Mekong,201,40,528.30,58,1,2026-05-24T00:00:00+07:00
INV-004116,SKU-0116,Fashion Item 0116,Fashion,WH017,Mekong Warehouse 017,Mekong,241,25,1487.21,84,1,2026-05-24T00:00:00+07:00
INV-004117,SKU-0117,Industrial Item 0117,Industrial,WH017,Mekong Warehouse 017,Mekong,534,26,752.07,97,1,2026-05-24T00:00:00+07:00
INV-004118,SKU-0118,Electronics Item 0118,Electronics,WH017,Mekong Warehouse 017,Mekong,652,71,854.79,47,1,2026-05-24T00:00:00+07:00
INV-004119,SKU-0119,Home Item 0119,Home,WH017,Mekong Warehouse 017,Mekong,769,3,1150.32,61,1,2026-05-24T00:00:00+07:00
INV-004120,SKU-0120,Grocery Item 0120,Grocery,WH017,Mekong Warehouse 017,Mekong,579,62,1885.44,104,1,2026-05-24T00:00:00+07:00
INV-004121,SKU-0121,Fashion Item 0121,Fashion,WH017,Mekong Warehouse 017,Mekong,688,80,1941.69,50,1,2026-05-24T00:00:00+07:00
INV-004122,SKU-0122,Industrial Item 0122,Industrial,WH017,Mekong Warehouse 017,Mekong,683,36,1015.39,77,1,2026-05-24T00:00:00+07:00
INV-004123,SKU-0123,Electronics Item 0123,Electronics,WH017,Mekong Warehouse 017,Mekong,675,22,440.52,35,1,2026-05-24T00:00:00+07:00
INV-004124,SKU-0124,Home Item 0124,Home,WH017,Mekong Warehouse 017,Mekong,584,7,367.61,47,1,2026-05-24T00:00:00+07:00
INV-004125,SKU-0125,Grocery Item 0125,Grocery,WH017,Mekong Warehouse 017,Mekong,226,53,1307.86,87,1,2026-05-24T00:00:00+07:00
INV-004126,SKU-0126,Fashion Item 0126,Fashion,WH017,Mekong Warehouse 017,Mekong,424,22,144.62,34,1,2026-05-24T00:00:00+07:00
INV-004127,SKU-0127,Industrial Item 0127,Industrial,WH017,Mekong Warehouse 017,Mekong,530,52,1764.14,57,1,2026-05-24T00:00:00+07:00
INV-004128,SKU-0128,Electronics Item 0128,Electronics,WH017,Mekong Warehouse 017,Mekong,683,43,1556.49,84,1,2026-05-24T00:00:00+07:00
INV-004129,SKU-0129,Home Item 0129,Home,WH017,Mekong Warehouse 017,Mekong,709,53,1308.05,58,1,2026-05-24T00:00:00+07:00
INV-004130,SKU-0130,Grocery Item 0130,Grocery,WH017,Mekong Warehouse 017,Mekong,583,51,386.81,67,1,2026-05-24T00:00:00+07:00
INV-004131,SKU-0131,Fashion Item 0131,Fashion,WH017,Mekong Warehouse 017,Mekong,753,77,1748.71,118,1,2026-05-24T00:00:00+07:00
INV-004132,SKU-0132,Industrial Item 0132,Industrial,WH017,Mekong Warehouse 017,Mekong,104,14,814.86,66,1,2026-05-24T00:00:00+07:00
INV-004133,SKU-0133,Electronics Item 0133,Electronics,WH017,Mekong Warehouse 017,Mekong,567,28,731.85,64,1,2026-05-24T00:00:00+07:00
INV-004134,SKU-0134,Home Item 0134,Home,WH017,Mekong Warehouse 017,Mekong,530,0,6.27,119,1,2026-05-24T00:00:00+07:00
INV-004135,SKU-0135,Grocery Item 0135,Grocery,WH017,Mekong Warehouse 017,Mekong,376,24,375.89,75,1,2026-05-24T00:00:00+07:00
INV-004136,SKU-0136,Fashion Item 0136,Fashion,WH017,Mekong Warehouse 017,Mekong,202,18,2310.20,41,1,2026-05-24T00:00:00+07:00
INV-004137,SKU-0137,Industrial Item 0137,Industrial,WH017,Mekong Warehouse 017,Mekong,415,9,2353.60,66,1,2026-05-24T00:00:00+07:00
INV-004138,SKU-0138,Electronics Item 0138,Electronics,WH017,Mekong Warehouse 017,Mekong,785,43,2240.52,32,1,2026-05-24T00:00:00+07:00
INV-004139,SKU-0139,Home Item 0139,Home,WH017,Mekong Warehouse 017,Mekong,195,35,223.44,84,1,2026-05-24T00:00:00+07:00
INV-004140,SKU-0140,Grocery Item 0140,Grocery,WH017,Mekong Warehouse 017,Mekong,755,30,1289.74,60,1,2026-05-24T00:00:00+07:00
INV-004141,SKU-0141,Fashion Item 0141,Fashion,WH017,Mekong Warehouse 017,Mekong,729,23,1508.27,78,1,2026-05-24T00:00:00+07:00
INV-004142,SKU-0142,Industrial Item 0142,Industrial,WH017,Mekong Warehouse 017,Mekong,662,76,234.93,105,1,2026-05-24T00:00:00+07:00
INV-004143,SKU-0143,Electronics Item 0143,Electronics,WH017,Mekong Warehouse 017,Mekong,293,36,1437.57,90,1,2026-05-24T00:00:00+07:00
INV-004144,SKU-0144,Home Item 0144,Home,WH017,Mekong Warehouse 017,Mekong,660,64,124.42,36,1,2026-05-24T00:00:00+07:00
INV-004145,SKU-0145,Grocery Item 0145,Grocery,WH017,Mekong Warehouse 017,Mekong,668,73,679.39,115,1,2026-05-24T00:00:00+07:00
INV-004146,SKU-0146,Fashion Item 0146,Fashion,WH017,Mekong Warehouse 017,Mekong,382,63,77.44,71,1,2026-05-24T00:00:00+07:00
INV-004147,SKU-0147,Industrial Item 0147,Industrial,WH017,Mekong Warehouse 017,Mekong,289,16,2040.05,48,1,2026-05-24T00:00:00+07:00
INV-004148,SKU-0148,Electronics Item 0148,Electronics,WH017,Mekong Warehouse 017,Mekong,384,7,850.07,87,1,2026-05-24T00:00:00+07:00
INV-004149,SKU-0149,Home Item 0149,Home,WH017,Mekong Warehouse 017,Mekong,649,72,1287.54,88,1,2026-05-24T00:00:00+07:00
INV-004150,SKU-0150,Grocery Item 0150,Grocery,WH017,Mekong Warehouse 017,Mekong,182,15,941.82,94,1,2026-05-24T00:00:00+07:00
INV-004151,SKU-0151,Fashion Item 0151,Fashion,WH017,Mekong Warehouse 017,Mekong,416,51,2397.51,80,1,2026-05-24T00:00:00+07:00
INV-004152,SKU-0152,Industrial Item 0152,Industrial,WH017,Mekong Warehouse 017,Mekong,397,4,611.64,99,1,2026-05-24T00:00:00+07:00
INV-004153,SKU-0153,Electronics Item 0153,Electronics,WH017,Mekong Warehouse 017,Mekong,623,2,890.25,90,1,2026-05-24T00:00:00+07:00
INV-004154,SKU-0154,Home Item 0154,Home,WH017,Mekong Warehouse 017,Mekong,361,36,1006.95,114,1,2026-05-24T00:00:00+07:00
INV-004155,SKU-0155,Grocery Item 0155,Grocery,WH017,Mekong Warehouse 017,Mekong,394,66,2278.20,28,1,2026-05-24T00:00:00+07:00
INV-004156,SKU-0156,Fashion Item 0156,Fashion,WH017,Mekong Warehouse 017,Mekong,461,75,2316.31,39,1,2026-05-24T00:00:00+07:00
INV-004157,SKU-0157,Industrial Item 0157,Industrial,WH017,Mekong Warehouse 017,Mekong,514,19,2205.81,95,1,2026-05-24T00:00:00+07:00
INV-004158,SKU-0158,Electronics Item 0158,Electronics,WH017,Mekong Warehouse 017,Mekong,773,23,1337.55,33,1,2026-05-24T00:00:00+07:00
INV-004159,SKU-0159,Home Item 0159,Home,WH017,Mekong Warehouse 017,Mekong,101,12,2197.03,94,1,2026-05-24T00:00:00+07:00
INV-004160,SKU-0160,Grocery Item 0160,Grocery,WH017,Mekong Warehouse 017,Mekong,369,60,1112.77,45,1,2026-05-24T00:00:00+07:00
INV-004161,SKU-0161,Fashion Item 0161,Fashion,WH017,Mekong Warehouse 017,Mekong,507,44,304.22,56,1,2026-05-24T00:00:00+07:00
INV-004162,SKU-0162,Industrial Item 0162,Industrial,WH017,Mekong Warehouse 017,Mekong,224,26,580.26,76,1,2026-05-24T00:00:00+07:00
INV-004163,SKU-0163,Electronics Item 0163,Electronics,WH017,Mekong Warehouse 017,Mekong,193,8,205.16,98,1,2026-05-24T00:00:00+07:00
INV-004164,SKU-0164,Home Item 0164,Home,WH017,Mekong Warehouse 017,Mekong,508,16,616.96,114,1,2026-05-24T00:00:00+07:00
INV-004165,SKU-0165,Grocery Item 0165,Grocery,WH017,Mekong Warehouse 017,Mekong,765,44,1288.50,29,1,2026-05-24T00:00:00+07:00
INV-004166,SKU-0166,Fashion Item 0166,Fashion,WH017,Mekong Warehouse 017,Mekong,498,28,1913.00,74,1,2026-05-24T00:00:00+07:00
INV-004167,SKU-0167,Industrial Item 0167,Industrial,WH017,Mekong Warehouse 017,Mekong,491,79,2187.83,33,1,2026-05-24T00:00:00+07:00
INV-004168,SKU-0168,Electronics Item 0168,Electronics,WH017,Mekong Warehouse 017,Mekong,115,16,1725.62,97,1,2026-05-24T00:00:00+07:00
INV-004169,SKU-0169,Home Item 0169,Home,WH017,Mekong Warehouse 017,Mekong,571,39,1258.51,64,1,2026-05-24T00:00:00+07:00
INV-004170,SKU-0170,Grocery Item 0170,Grocery,WH017,Mekong Warehouse 017,Mekong,132,23,512.62,85,1,2026-05-24T00:00:00+07:00
INV-004171,SKU-0171,Fashion Item 0171,Fashion,WH017,Mekong Warehouse 017,Mekong,800,55,1521.91,78,1,2026-05-24T00:00:00+07:00
INV-004172,SKU-0172,Industrial Item 0172,Industrial,WH017,Mekong Warehouse 017,Mekong,414,11,405.95,105,1,2026-05-24T00:00:00+07:00
INV-004173,SKU-0173,Electronics Item 0173,Electronics,WH017,Mekong Warehouse 017,Mekong,339,38,1534.04,78,1,2026-05-24T00:00:00+07:00
INV-004174,SKU-0174,Home Item 0174,Home,WH017,Mekong Warehouse 017,Mekong,174,28,1817.42,104,1,2026-05-24T00:00:00+07:00
INV-004175,SKU-0175,Grocery Item 0175,Grocery,WH017,Mekong Warehouse 017,Mekong,171,29,849.97,82,1,2026-05-24T00:00:00+07:00
INV-004176,SKU-0176,Fashion Item 0176,Fashion,WH017,Mekong Warehouse 017,Mekong,86,11,1326.41,63,1,2026-05-24T00:00:00+07:00
INV-004177,SKU-0177,Industrial Item 0177,Industrial,WH017,Mekong Warehouse 017,Mekong,676,57,1012.07,67,1,2026-05-24T00:00:00+07:00
INV-004178,SKU-0178,Electronics Item 0178,Electronics,WH017,Mekong Warehouse 017,Mekong,670,76,910.45,115,1,2026-05-24T00:00:00+07:00
INV-004179,SKU-0179,Home Item 0179,Home,WH017,Mekong Warehouse 017,Mekong,274,53,1551.04,29,1,2026-05-24T00:00:00+07:00
INV-004180,SKU-0180,Grocery Item 0180,Grocery,WH017,Mekong Warehouse 017,Mekong,625,72,2478.29,90,1,2026-05-24T00:00:00+07:00
INV-004181,SKU-0181,Fashion Item 0181,Fashion,WH017,Mekong Warehouse 017,Mekong,559,13,1293.21,88,1,2026-05-24T00:00:00+07:00
INV-004182,SKU-0182,Industrial Item 0182,Industrial,WH017,Mekong Warehouse 017,Mekong,559,73,145.70,86,1,2026-05-24T00:00:00+07:00
INV-004183,SKU-0183,Electronics Item 0183,Electronics,WH017,Mekong Warehouse 017,Mekong,657,36,291.20,63,1,2026-05-24T00:00:00+07:00
INV-004184,SKU-0184,Home Item 0184,Home,WH017,Mekong Warehouse 017,Mekong,258,27,308.65,118,1,2026-05-24T00:00:00+07:00
INV-004185,SKU-0185,Grocery Item 0185,Grocery,WH017,Mekong Warehouse 017,Mekong,418,21,75.80,57,1,2026-05-24T00:00:00+07:00
INV-004186,SKU-0186,Fashion Item 0186,Fashion,WH017,Mekong Warehouse 017,Mekong,465,80,362.44,106,1,2026-05-24T00:00:00+07:00
INV-004187,SKU-0187,Industrial Item 0187,Industrial,WH017,Mekong Warehouse 017,Mekong,163,14,153.72,53,1,2026-05-24T00:00:00+07:00
INV-004188,SKU-0188,Electronics Item 0188,Electronics,WH017,Mekong Warehouse 017,Mekong,341,79,1054.08,38,1,2026-05-24T00:00:00+07:00
INV-004189,SKU-0189,Home Item 0189,Home,WH017,Mekong Warehouse 017,Mekong,317,62,2450.84,116,1,2026-05-24T00:00:00+07:00
INV-004190,SKU-0190,Grocery Item 0190,Grocery,WH017,Mekong Warehouse 017,Mekong,405,38,459.17,44,1,2026-05-24T00:00:00+07:00
INV-004191,SKU-0191,Fashion Item 0191,Fashion,WH017,Mekong Warehouse 017,Mekong,247,14,1621.85,112,1,2026-05-24T00:00:00+07:00
INV-004192,SKU-0192,Industrial Item 0192,Industrial,WH017,Mekong Warehouse 017,Mekong,451,16,1461.01,57,1,2026-05-24T00:00:00+07:00
INV-004193,SKU-0193,Electronics Item 0193,Electronics,WH017,Mekong Warehouse 017,Mekong,680,41,1736.39,56,1,2026-05-24T00:00:00+07:00
INV-004194,SKU-0194,Home Item 0194,Home,WH017,Mekong Warehouse 017,Mekong,147,20,2371.44,69,1,2026-05-24T00:00:00+07:00
INV-004195,SKU-0195,Grocery Item 0195,Grocery,WH017,Mekong Warehouse 017,Mekong,763,19,543.74,71,1,2026-05-24T00:00:00+07:00
INV-004196,SKU-0196,Fashion Item 0196,Fashion,WH017,Mekong Warehouse 017,Mekong,588,32,549.68,39,1,2026-05-24T00:00:00+07:00
INV-004197,SKU-0197,Industrial Item 0197,Industrial,WH017,Mekong Warehouse 017,Mekong,649,29,2481.60,82,1,2026-05-24T00:00:00+07:00
INV-004198,SKU-0198,Electronics Item 0198,Electronics,WH017,Mekong Warehouse 017,Mekong,365,8,190.39,44,1,2026-05-24T00:00:00+07:00
INV-004199,SKU-0199,Home Item 0199,Home,WH017,Mekong Warehouse 017,Mekong,548,7,596.85,28,1,2026-05-24T00:00:00+07:00
INV-004200,SKU-0200,Grocery Item 0200,Grocery,WH017,Mekong Warehouse 017,Mekong,247,0,201.99,49,1,2026-05-24T00:00:00+07:00
INV-004201,SKU-0201,Fashion Item 0201,Fashion,WH017,Mekong Warehouse 017,Mekong,264,36,1523.27,105,1,2026-05-24T00:00:00+07:00
INV-004202,SKU-0202,Industrial Item 0202,Industrial,WH017,Mekong Warehouse 017,Mekong,785,47,1310.95,116,1,2026-05-24T00:00:00+07:00
INV-004203,SKU-0203,Electronics Item 0203,Electronics,WH017,Mekong Warehouse 017,Mekong,725,10,759.45,114,1,2026-05-24T00:00:00+07:00
INV-004204,SKU-0204,Home Item 0204,Home,WH017,Mekong Warehouse 017,Mekong,754,12,1306.74,93,1,2026-05-24T00:00:00+07:00
INV-004205,SKU-0205,Grocery Item 0205,Grocery,WH017,Mekong Warehouse 017,Mekong,403,79,198.87,79,1,2026-05-24T00:00:00+07:00
INV-004206,SKU-0206,Fashion Item 0206,Fashion,WH017,Mekong Warehouse 017,Mekong,157,19,273.32,101,1,2026-05-24T00:00:00+07:00
INV-004207,SKU-0207,Industrial Item 0207,Industrial,WH017,Mekong Warehouse 017,Mekong,759,47,2049.17,119,1,2026-05-24T00:00:00+07:00
INV-004208,SKU-0208,Electronics Item 0208,Electronics,WH017,Mekong Warehouse 017,Mekong,772,1,1828.98,58,1,2026-05-24T00:00:00+07:00
INV-004209,SKU-0209,Home Item 0209,Home,WH017,Mekong Warehouse 017,Mekong,601,20,1798.16,94,1,2026-05-24T00:00:00+07:00
INV-004210,SKU-0210,Grocery Item 0210,Grocery,WH017,Mekong Warehouse 017,Mekong,484,29,1846.39,80,1,2026-05-24T00:00:00+07:00
INV-004211,SKU-0211,Fashion Item 0211,Fashion,WH017,Mekong Warehouse 017,Mekong,377,6,1800.80,103,1,2026-05-24T00:00:00+07:00
INV-004212,SKU-0212,Industrial Item 0212,Industrial,WH017,Mekong Warehouse 017,Mekong,620,59,1915.84,93,1,2026-05-24T00:00:00+07:00
INV-004213,SKU-0213,Electronics Item 0213,Electronics,WH017,Mekong Warehouse 017,Mekong,126,29,940.74,70,1,2026-05-24T00:00:00+07:00
INV-004214,SKU-0214,Home Item 0214,Home,WH017,Mekong Warehouse 017,Mekong,733,45,1304.71,81,1,2026-05-24T00:00:00+07:00
INV-004215,SKU-0215,Grocery Item 0215,Grocery,WH017,Mekong Warehouse 017,Mekong,736,8,2088.34,50,1,2026-05-24T00:00:00+07:00
INV-004216,SKU-0216,Fashion Item 0216,Fashion,WH017,Mekong Warehouse 017,Mekong,391,18,2488.04,78,1,2026-05-24T00:00:00+07:00
INV-004217,SKU-0217,Industrial Item 0217,Industrial,WH017,Mekong Warehouse 017,Mekong,129,32,1274.87,120,1,2026-05-24T00:00:00+07:00
INV-004218,SKU-0218,Electronics Item 0218,Electronics,WH017,Mekong Warehouse 017,Mekong,693,63,266.23,82,1,2026-05-24T00:00:00+07:00
INV-004219,SKU-0219,Home Item 0219,Home,WH017,Mekong Warehouse 017,Mekong,108,8,2489.55,59,1,2026-05-24T00:00:00+07:00
INV-004220,SKU-0220,Grocery Item 0220,Grocery,WH017,Mekong Warehouse 017,Mekong,293,59,2393.38,26,1,2026-05-24T00:00:00+07:00
INV-004221,SKU-0221,Fashion Item 0221,Fashion,WH017,Mekong Warehouse 017,Mekong,298,1,2430.17,82,1,2026-05-24T00:00:00+07:00
INV-004222,SKU-0222,Industrial Item 0222,Industrial,WH017,Mekong Warehouse 017,Mekong,555,6,33.16,109,1,2026-05-24T00:00:00+07:00
INV-004223,SKU-0223,Electronics Item 0223,Electronics,WH017,Mekong Warehouse 017,Mekong,608,47,1804.88,109,1,2026-05-24T00:00:00+07:00
INV-004224,SKU-0224,Home Item 0224,Home,WH017,Mekong Warehouse 017,Mekong,607,71,833.64,107,1,2026-05-24T00:00:00+07:00
INV-004225,SKU-0225,Grocery Item 0225,Grocery,WH017,Mekong Warehouse 017,Mekong,358,4,777.80,66,1,2026-05-24T00:00:00+07:00
INV-004226,SKU-0226,Fashion Item 0226,Fashion,WH017,Mekong Warehouse 017,Mekong,540,80,1426.93,76,1,2026-05-24T00:00:00+07:00
INV-004227,SKU-0227,Industrial Item 0227,Industrial,WH017,Mekong Warehouse 017,Mekong,566,37,495.40,120,1,2026-05-24T00:00:00+07:00
INV-004228,SKU-0228,Electronics Item 0228,Electronics,WH017,Mekong Warehouse 017,Mekong,95,6,1908.66,27,1,2026-05-24T00:00:00+07:00
INV-004229,SKU-0229,Home Item 0229,Home,WH017,Mekong Warehouse 017,Mekong,324,32,793.12,94,1,2026-05-24T00:00:00+07:00
INV-004230,SKU-0230,Grocery Item 0230,Grocery,WH017,Mekong Warehouse 017,Mekong,440,26,612.16,101,1,2026-05-24T00:00:00+07:00
INV-004231,SKU-0231,Fashion Item 0231,Fashion,WH017,Mekong Warehouse 017,Mekong,497,80,155.68,99,1,2026-05-24T00:00:00+07:00
INV-004232,SKU-0232,Industrial Item 0232,Industrial,WH017,Mekong Warehouse 017,Mekong,634,63,1496.50,57,1,2026-05-24T00:00:00+07:00
INV-004233,SKU-0233,Electronics Item 0233,Electronics,WH017,Mekong Warehouse 017,Mekong,137,33,1581.17,75,1,2026-05-24T00:00:00+07:00
INV-004234,SKU-0234,Home Item 0234,Home,WH017,Mekong Warehouse 017,Mekong,585,28,2464.68,117,1,2026-05-24T00:00:00+07:00
INV-004235,SKU-0235,Grocery Item 0235,Grocery,WH017,Mekong Warehouse 017,Mekong,511,55,643.14,71,1,2026-05-24T00:00:00+07:00
INV-004236,SKU-0236,Fashion Item 0236,Fashion,WH017,Mekong Warehouse 017,Mekong,238,23,43.30,36,1,2026-05-24T00:00:00+07:00
INV-004237,SKU-0237,Industrial Item 0237,Industrial,WH017,Mekong Warehouse 017,Mekong,457,19,2210.62,37,1,2026-05-24T00:00:00+07:00
INV-004238,SKU-0238,Electronics Item 0238,Electronics,WH017,Mekong Warehouse 017,Mekong,796,79,1713.45,52,1,2026-05-24T00:00:00+07:00
INV-004239,SKU-0239,Home Item 0239,Home,WH017,Mekong Warehouse 017,Mekong,638,76,1845.72,54,1,2026-05-24T00:00:00+07:00
INV-004240,SKU-0240,Grocery Item 0240,Grocery,WH017,Mekong Warehouse 017,Mekong,305,45,1093.53,40,1,2026-05-24T00:00:00+07:00
INV-004241,SKU-0241,Fashion Item 0241,Fashion,WH017,Mekong Warehouse 017,Mekong,721,27,252.65,97,1,2026-05-24T00:00:00+07:00
INV-004242,SKU-0242,Industrial Item 0242,Industrial,WH017,Mekong Warehouse 017,Mekong,528,27,2303.36,58,1,2026-05-24T00:00:00+07:00
INV-004243,SKU-0243,Electronics Item 0243,Electronics,WH017,Mekong Warehouse 017,Mekong,307,44,2045.26,108,1,2026-05-24T00:00:00+07:00
INV-004244,SKU-0244,Home Item 0244,Home,WH017,Mekong Warehouse 017,Mekong,730,46,1467.54,60,1,2026-05-24T00:00:00+07:00
INV-004245,SKU-0245,Grocery Item 0245,Grocery,WH017,Mekong Warehouse 017,Mekong,177,8,1080.72,62,1,2026-05-24T00:00:00+07:00
INV-004246,SKU-0246,Fashion Item 0246,Fashion,WH017,Mekong Warehouse 017,Mekong,101,4,1912.21,26,1,2026-05-24T00:00:00+07:00
INV-004247,SKU-0247,Industrial Item 0247,Industrial,WH017,Mekong Warehouse 017,Mekong,190,38,241.05,103,1,2026-05-24T00:00:00+07:00
INV-004248,SKU-0248,Electronics Item 0248,Electronics,WH017,Mekong Warehouse 017,Mekong,617,67,1569.93,87,1,2026-05-24T00:00:00+07:00
INV-004249,SKU-0249,Home Item 0249,Home,WH017,Mekong Warehouse 017,Mekong,340,51,1805.96,63,1,2026-05-24T00:00:00+07:00
INV-004250,SKU-0250,Grocery Item 0250,Grocery,WH017,Mekong Warehouse 017,Mekong,593,4,62.94,46,1,2026-05-24T00:00:00+07:00
INV-004251,SKU-0001,Industrial Item 0001,Industrial,WH018,Mekong Warehouse 018,Mekong,421,14,495.35,76,1,2026-05-24T00:00:00+07:00
INV-004252,SKU-0002,Electronics Item 0002,Electronics,WH018,Mekong Warehouse 018,Mekong,676,39,2230.74,30,1,2026-05-24T00:00:00+07:00
INV-004253,SKU-0003,Home Item 0003,Home,WH018,Mekong Warehouse 018,Mekong,300,35,1954.79,79,1,2026-05-24T00:00:00+07:00
INV-004254,SKU-0004,Grocery Item 0004,Grocery,WH018,Mekong Warehouse 018,Mekong,717,70,2321.86,34,1,2026-05-24T00:00:00+07:00
INV-004255,SKU-0005,Fashion Item 0005,Fashion,WH018,Mekong Warehouse 018,Mekong,521,76,1210.93,50,1,2026-05-24T00:00:00+07:00
INV-004256,SKU-0006,Industrial Item 0006,Industrial,WH018,Mekong Warehouse 018,Mekong,678,53,486.79,40,1,2026-05-24T00:00:00+07:00
INV-004257,SKU-0007,Electronics Item 0007,Electronics,WH018,Mekong Warehouse 018,Mekong,572,50,179.09,77,1,2026-05-24T00:00:00+07:00
INV-004258,SKU-0008,Home Item 0008,Home,WH018,Mekong Warehouse 018,Mekong,615,37,735.75,108,1,2026-05-24T00:00:00+07:00
INV-004259,SKU-0009,Grocery Item 0009,Grocery,WH018,Mekong Warehouse 018,Mekong,509,18,1619.08,89,1,2026-05-24T00:00:00+07:00
INV-004260,SKU-0010,Fashion Item 0010,Fashion,WH018,Mekong Warehouse 018,Mekong,662,43,902.52,78,1,2026-05-24T00:00:00+07:00
INV-004261,SKU-0011,Industrial Item 0011,Industrial,WH018,Mekong Warehouse 018,Mekong,753,8,604.51,66,1,2026-05-24T00:00:00+07:00
INV-004262,SKU-0012,Electronics Item 0012,Electronics,WH018,Mekong Warehouse 018,Mekong,320,43,1939.12,65,1,2026-05-24T00:00:00+07:00
INV-004263,SKU-0013,Home Item 0013,Home,WH018,Mekong Warehouse 018,Mekong,567,7,674.41,49,1,2026-05-24T00:00:00+07:00
INV-004264,SKU-0014,Grocery Item 0014,Grocery,WH018,Mekong Warehouse 018,Mekong,94,7,753.01,33,1,2026-05-24T00:00:00+07:00
INV-004265,SKU-0015,Fashion Item 0015,Fashion,WH018,Mekong Warehouse 018,Mekong,257,58,1990.35,32,1,2026-05-24T00:00:00+07:00
INV-004266,SKU-0016,Industrial Item 0016,Industrial,WH018,Mekong Warehouse 018,Mekong,614,68,694.94,39,1,2026-05-24T00:00:00+07:00
INV-004267,SKU-0017,Electronics Item 0017,Electronics,WH018,Mekong Warehouse 018,Mekong,266,52,1671.53,40,1,2026-05-24T00:00:00+07:00
INV-004268,SKU-0018,Home Item 0018,Home,WH018,Mekong Warehouse 018,Mekong,773,67,54.24,66,1,2026-05-24T00:00:00+07:00
INV-004269,SKU-0019,Grocery Item 0019,Grocery,WH018,Mekong Warehouse 018,Mekong,211,41,405.16,85,1,2026-05-24T00:00:00+07:00
INV-004270,SKU-0020,Fashion Item 0020,Fashion,WH018,Mekong Warehouse 018,Mekong,653,9,1745.03,61,1,2026-05-24T00:00:00+07:00
INV-004271,SKU-0021,Industrial Item 0021,Industrial,WH018,Mekong Warehouse 018,Mekong,414,0,557.73,34,1,2026-05-24T00:00:00+07:00
INV-004272,SKU-0022,Electronics Item 0022,Electronics,WH018,Mekong Warehouse 018,Mekong,409,75,1236.25,63,1,2026-05-24T00:00:00+07:00
INV-004273,SKU-0023,Home Item 0023,Home,WH018,Mekong Warehouse 018,Mekong,723,69,1557.57,101,1,2026-05-24T00:00:00+07:00
INV-004274,SKU-0024,Grocery Item 0024,Grocery,WH018,Mekong Warehouse 018,Mekong,577,17,2371.31,26,1,2026-05-24T00:00:00+07:00
INV-004275,SKU-0025,Fashion Item 0025,Fashion,WH018,Mekong Warehouse 018,Mekong,284,56,1228.92,41,1,2026-05-24T00:00:00+07:00
INV-004276,SKU-0026,Industrial Item 0026,Industrial,WH018,Mekong Warehouse 018,Mekong,263,38,1926.24,80,1,2026-05-24T00:00:00+07:00
INV-004277,SKU-0027,Electronics Item 0027,Electronics,WH018,Mekong Warehouse 018,Mekong,181,37,1031.60,103,1,2026-05-24T00:00:00+07:00
INV-004278,SKU-0028,Home Item 0028,Home,WH018,Mekong Warehouse 018,Mekong,754,75,950.96,25,1,2026-05-24T00:00:00+07:00
INV-004279,SKU-0029,Grocery Item 0029,Grocery,WH018,Mekong Warehouse 018,Mekong,461,33,2430.04,56,1,2026-05-24T00:00:00+07:00
INV-004280,SKU-0030,Fashion Item 0030,Fashion,WH018,Mekong Warehouse 018,Mekong,366,4,1923.56,117,1,2026-05-24T00:00:00+07:00
INV-004281,SKU-0031,Industrial Item 0031,Industrial,WH018,Mekong Warehouse 018,Mekong,447,69,1577.05,119,1,2026-05-24T00:00:00+07:00
INV-004282,SKU-0032,Electronics Item 0032,Electronics,WH018,Mekong Warehouse 018,Mekong,789,42,2137.17,45,1,2026-05-24T00:00:00+07:00
INV-004283,SKU-0033,Home Item 0033,Home,WH018,Mekong Warehouse 018,Mekong,428,59,1249.25,27,1,2026-05-24T00:00:00+07:00
INV-004284,SKU-0034,Grocery Item 0034,Grocery,WH018,Mekong Warehouse 018,Mekong,461,26,1024.63,51,1,2026-05-24T00:00:00+07:00
INV-004285,SKU-0035,Fashion Item 0035,Fashion,WH018,Mekong Warehouse 018,Mekong,708,75,1963.69,77,1,2026-05-24T00:00:00+07:00
INV-004286,SKU-0036,Industrial Item 0036,Industrial,WH018,Mekong Warehouse 018,Mekong,644,63,1505.94,60,1,2026-05-24T00:00:00+07:00
INV-004287,SKU-0037,Electronics Item 0037,Electronics,WH018,Mekong Warehouse 018,Mekong,706,71,897.06,109,1,2026-05-24T00:00:00+07:00
INV-004288,SKU-0038,Home Item 0038,Home,WH018,Mekong Warehouse 018,Mekong,483,24,722.09,41,1,2026-05-24T00:00:00+07:00
INV-004289,SKU-0039,Grocery Item 0039,Grocery,WH018,Mekong Warehouse 018,Mekong,203,21,514.89,71,1,2026-05-24T00:00:00+07:00
INV-004290,SKU-0040,Fashion Item 0040,Fashion,WH018,Mekong Warehouse 018,Mekong,381,22,1512.00,110,1,2026-05-24T00:00:00+07:00
INV-004291,SKU-0041,Industrial Item 0041,Industrial,WH018,Mekong Warehouse 018,Mekong,750,45,2263.37,57,1,2026-05-24T00:00:00+07:00
INV-004292,SKU-0042,Electronics Item 0042,Electronics,WH018,Mekong Warehouse 018,Mekong,577,10,1361.03,76,1,2026-05-24T00:00:00+07:00
INV-004293,SKU-0043,Home Item 0043,Home,WH018,Mekong Warehouse 018,Mekong,660,54,703.04,83,1,2026-05-24T00:00:00+07:00
INV-004294,SKU-0044,Grocery Item 0044,Grocery,WH018,Mekong Warehouse 018,Mekong,262,9,1685.72,80,1,2026-05-24T00:00:00+07:00
INV-004295,SKU-0045,Fashion Item 0045,Fashion,WH018,Mekong Warehouse 018,Mekong,151,21,2167.22,36,1,2026-05-24T00:00:00+07:00
INV-004296,SKU-0046,Industrial Item 0046,Industrial,WH018,Mekong Warehouse 018,Mekong,780,66,1420.29,88,1,2026-05-24T00:00:00+07:00
INV-004297,SKU-0047,Electronics Item 0047,Electronics,WH018,Mekong Warehouse 018,Mekong,392,15,1967.01,105,1,2026-05-24T00:00:00+07:00
INV-004298,SKU-0048,Home Item 0048,Home,WH018,Mekong Warehouse 018,Mekong,604,29,1514.20,70,1,2026-05-24T00:00:00+07:00
INV-004299,SKU-0049,Grocery Item 0049,Grocery,WH018,Mekong Warehouse 018,Mekong,570,0,951.16,98,1,2026-05-24T00:00:00+07:00
INV-004300,SKU-0050,Fashion Item 0050,Fashion,WH018,Mekong Warehouse 018,Mekong,551,7,676.66,70,1,2026-05-24T00:00:00+07:00
INV-004301,SKU-0051,Industrial Item 0051,Industrial,WH018,Mekong Warehouse 018,Mekong,233,7,1854.13,99,1,2026-05-24T00:00:00+07:00
INV-004302,SKU-0052,Electronics Item 0052,Electronics,WH018,Mekong Warehouse 018,Mekong,471,4,1480.71,35,1,2026-05-24T00:00:00+07:00
INV-004303,SKU-0053,Home Item 0053,Home,WH018,Mekong Warehouse 018,Mekong,225,36,2120.19,120,1,2026-05-24T00:00:00+07:00
INV-004304,SKU-0054,Grocery Item 0054,Grocery,WH018,Mekong Warehouse 018,Mekong,797,21,2403.67,80,1,2026-05-24T00:00:00+07:00
INV-004305,SKU-0055,Fashion Item 0055,Fashion,WH018,Mekong Warehouse 018,Mekong,676,9,818.93,37,1,2026-05-24T00:00:00+07:00
INV-004306,SKU-0056,Industrial Item 0056,Industrial,WH018,Mekong Warehouse 018,Mekong,681,51,2430.44,83,1,2026-05-24T00:00:00+07:00
INV-004307,SKU-0057,Electronics Item 0057,Electronics,WH018,Mekong Warehouse 018,Mekong,88,12,589.05,82,1,2026-05-24T00:00:00+07:00
INV-004308,SKU-0058,Home Item 0058,Home,WH018,Mekong Warehouse 018,Mekong,645,67,167.55,27,1,2026-05-24T00:00:00+07:00
INV-004309,SKU-0059,Grocery Item 0059,Grocery,WH018,Mekong Warehouse 018,Mekong,698,44,1218.32,80,1,2026-05-24T00:00:00+07:00
INV-004310,SKU-0060,Fashion Item 0060,Fashion,WH018,Mekong Warehouse 018,Mekong,483,28,259.79,39,1,2026-05-24T00:00:00+07:00
INV-004311,SKU-0061,Industrial Item 0061,Industrial,WH018,Mekong Warehouse 018,Mekong,659,47,420.17,25,1,2026-05-24T00:00:00+07:00
INV-004312,SKU-0062,Electronics Item 0062,Electronics,WH018,Mekong Warehouse 018,Mekong,725,70,1201.04,77,1,2026-05-24T00:00:00+07:00
INV-004313,SKU-0063,Home Item 0063,Home,WH018,Mekong Warehouse 018,Mekong,554,67,1217.12,59,1,2026-05-24T00:00:00+07:00
INV-004314,SKU-0064,Grocery Item 0064,Grocery,WH018,Mekong Warehouse 018,Mekong,489,13,1781.11,76,1,2026-05-24T00:00:00+07:00
INV-004315,SKU-0065,Fashion Item 0065,Fashion,WH018,Mekong Warehouse 018,Mekong,491,61,2440.70,93,1,2026-05-24T00:00:00+07:00
INV-004316,SKU-0066,Industrial Item 0066,Industrial,WH018,Mekong Warehouse 018,Mekong,749,43,821.12,28,1,2026-05-24T00:00:00+07:00
INV-004317,SKU-0067,Electronics Item 0067,Electronics,WH018,Mekong Warehouse 018,Mekong,449,58,149.84,75,1,2026-05-24T00:00:00+07:00
INV-004318,SKU-0068,Home Item 0068,Home,WH018,Mekong Warehouse 018,Mekong,654,73,2437.17,57,1,2026-05-24T00:00:00+07:00
INV-004319,SKU-0069,Grocery Item 0069,Grocery,WH018,Mekong Warehouse 018,Mekong,307,14,332.45,35,1,2026-05-24T00:00:00+07:00
INV-004320,SKU-0070,Fashion Item 0070,Fashion,WH018,Mekong Warehouse 018,Mekong,727,46,1042.57,97,1,2026-05-24T00:00:00+07:00
INV-004321,SKU-0071,Industrial Item 0071,Industrial,WH018,Mekong Warehouse 018,Mekong,479,48,1060.50,59,1,2026-05-24T00:00:00+07:00
INV-004322,SKU-0072,Electronics Item 0072,Electronics,WH018,Mekong Warehouse 018,Mekong,705,76,1036.52,111,1,2026-05-24T00:00:00+07:00
INV-004323,SKU-0073,Home Item 0073,Home,WH018,Mekong Warehouse 018,Mekong,395,55,580.88,48,1,2026-05-24T00:00:00+07:00
INV-004324,SKU-0074,Grocery Item 0074,Grocery,WH018,Mekong Warehouse 018,Mekong,695,43,382.75,63,1,2026-05-24T00:00:00+07:00
INV-004325,SKU-0075,Fashion Item 0075,Fashion,WH018,Mekong Warehouse 018,Mekong,410,79,1161.73,57,1,2026-05-24T00:00:00+07:00
INV-004326,SKU-0076,Industrial Item 0076,Industrial,WH018,Mekong Warehouse 018,Mekong,689,46,340.91,49,1,2026-05-24T00:00:00+07:00
INV-004327,SKU-0077,Electronics Item 0077,Electronics,WH018,Mekong Warehouse 018,Mekong,176,17,138.15,70,1,2026-05-24T00:00:00+07:00
INV-004328,SKU-0078,Home Item 0078,Home,WH018,Mekong Warehouse 018,Mekong,325,46,2373.48,53,1,2026-05-24T00:00:00+07:00
INV-004329,SKU-0079,Grocery Item 0079,Grocery,WH018,Mekong Warehouse 018,Mekong,335,2,564.61,57,1,2026-05-24T00:00:00+07:00
INV-004330,SKU-0080,Fashion Item 0080,Fashion,WH018,Mekong Warehouse 018,Mekong,495,28,2044.84,99,1,2026-05-24T00:00:00+07:00
INV-004331,SKU-0081,Industrial Item 0081,Industrial,WH018,Mekong Warehouse 018,Mekong,260,45,2046.87,76,1,2026-05-24T00:00:00+07:00
INV-004332,SKU-0082,Electronics Item 0082,Electronics,WH018,Mekong Warehouse 018,Mekong,230,41,1926.82,54,1,2026-05-24T00:00:00+07:00
INV-004333,SKU-0083,Home Item 0083,Home,WH018,Mekong Warehouse 018,Mekong,316,29,533.51,27,1,2026-05-24T00:00:00+07:00
INV-004334,SKU-0084,Grocery Item 0084,Grocery,WH018,Mekong Warehouse 018,Mekong,679,40,793.47,89,1,2026-05-24T00:00:00+07:00
INV-004335,SKU-0085,Fashion Item 0085,Fashion,WH018,Mekong Warehouse 018,Mekong,210,40,2126.56,64,1,2026-05-24T00:00:00+07:00
INV-004336,SKU-0086,Industrial Item 0086,Industrial,WH018,Mekong Warehouse 018,Mekong,102,14,1009.18,62,1,2026-05-24T00:00:00+07:00
INV-004337,SKU-0087,Electronics Item 0087,Electronics,WH018,Mekong Warehouse 018,Mekong,539,15,2161.04,78,1,2026-05-24T00:00:00+07:00
INV-004338,SKU-0088,Home Item 0088,Home,WH018,Mekong Warehouse 018,Mekong,592,2,1192.39,57,1,2026-05-24T00:00:00+07:00
INV-004339,SKU-0089,Grocery Item 0089,Grocery,WH018,Mekong Warehouse 018,Mekong,465,52,188.80,89,1,2026-05-24T00:00:00+07:00
INV-004340,SKU-0090,Fashion Item 0090,Fashion,WH018,Mekong Warehouse 018,Mekong,292,8,1643.67,38,1,2026-05-24T00:00:00+07:00
INV-004341,SKU-0091,Industrial Item 0091,Industrial,WH018,Mekong Warehouse 018,Mekong,597,3,1020.40,49,1,2026-05-24T00:00:00+07:00
INV-004342,SKU-0092,Electronics Item 0092,Electronics,WH018,Mekong Warehouse 018,Mekong,354,43,2479.64,85,1,2026-05-24T00:00:00+07:00
INV-004343,SKU-0093,Home Item 0093,Home,WH018,Mekong Warehouse 018,Mekong,80,13,1913.22,37,1,2026-05-24T00:00:00+07:00
INV-004344,SKU-0094,Grocery Item 0094,Grocery,WH018,Mekong Warehouse 018,Mekong,695,10,544.11,113,1,2026-05-24T00:00:00+07:00
INV-004345,SKU-0095,Fashion Item 0095,Fashion,WH018,Mekong Warehouse 018,Mekong,86,17,1888.67,99,1,2026-05-24T00:00:00+07:00
INV-004346,SKU-0096,Industrial Item 0096,Industrial,WH018,Mekong Warehouse 018,Mekong,463,30,1052.02,82,1,2026-05-24T00:00:00+07:00
INV-004347,SKU-0097,Electronics Item 0097,Electronics,WH018,Mekong Warehouse 018,Mekong,215,36,1625.73,32,1,2026-05-24T00:00:00+07:00
INV-004348,SKU-0098,Home Item 0098,Home,WH018,Mekong Warehouse 018,Mekong,453,11,1208.93,40,1,2026-05-24T00:00:00+07:00
INV-004349,SKU-0099,Grocery Item 0099,Grocery,WH018,Mekong Warehouse 018,Mekong,213,42,1084.04,78,1,2026-05-24T00:00:00+07:00
INV-004350,SKU-0100,Fashion Item 0100,Fashion,WH018,Mekong Warehouse 018,Mekong,322,48,1960.17,52,1,2026-05-24T00:00:00+07:00
INV-004351,SKU-0101,Industrial Item 0101,Industrial,WH018,Mekong Warehouse 018,Mekong,666,33,1156.21,91,1,2026-05-24T00:00:00+07:00
INV-004352,SKU-0102,Electronics Item 0102,Electronics,WH018,Mekong Warehouse 018,Mekong,421,26,2184.09,52,1,2026-05-24T00:00:00+07:00
INV-004353,SKU-0103,Home Item 0103,Home,WH018,Mekong Warehouse 018,Mekong,678,56,179.31,106,1,2026-05-24T00:00:00+07:00
INV-004354,SKU-0104,Grocery Item 0104,Grocery,WH018,Mekong Warehouse 018,Mekong,608,57,913.61,92,1,2026-05-24T00:00:00+07:00
INV-004355,SKU-0105,Fashion Item 0105,Fashion,WH018,Mekong Warehouse 018,Mekong,498,3,333.50,34,1,2026-05-24T00:00:00+07:00
INV-004356,SKU-0106,Industrial Item 0106,Industrial,WH018,Mekong Warehouse 018,Mekong,546,43,1064.42,77,1,2026-05-24T00:00:00+07:00
INV-004357,SKU-0107,Electronics Item 0107,Electronics,WH018,Mekong Warehouse 018,Mekong,735,12,1529.57,31,1,2026-05-24T00:00:00+07:00
INV-004358,SKU-0108,Home Item 0108,Home,WH018,Mekong Warehouse 018,Mekong,765,33,1129.80,88,1,2026-05-24T00:00:00+07:00
INV-004359,SKU-0109,Grocery Item 0109,Grocery,WH018,Mekong Warehouse 018,Mekong,192,15,602.62,99,1,2026-05-24T00:00:00+07:00
INV-004360,SKU-0110,Fashion Item 0110,Fashion,WH018,Mekong Warehouse 018,Mekong,799,77,120.49,72,1,2026-05-24T00:00:00+07:00
INV-004361,SKU-0111,Industrial Item 0111,Industrial,WH018,Mekong Warehouse 018,Mekong,539,60,1889.47,95,1,2026-05-24T00:00:00+07:00
INV-004362,SKU-0112,Electronics Item 0112,Electronics,WH018,Mekong Warehouse 018,Mekong,540,78,516.25,107,1,2026-05-24T00:00:00+07:00
INV-004363,SKU-0113,Home Item 0113,Home,WH018,Mekong Warehouse 018,Mekong,118,29,1967.30,84,1,2026-05-24T00:00:00+07:00
INV-004364,SKU-0114,Grocery Item 0114,Grocery,WH018,Mekong Warehouse 018,Mekong,486,55,2481.73,62,1,2026-05-24T00:00:00+07:00
INV-004365,SKU-0115,Fashion Item 0115,Fashion,WH018,Mekong Warehouse 018,Mekong,225,11,1835.51,42,1,2026-05-24T00:00:00+07:00
INV-004366,SKU-0116,Industrial Item 0116,Industrial,WH018,Mekong Warehouse 018,Mekong,735,7,510.19,81,1,2026-05-24T00:00:00+07:00
INV-004367,SKU-0117,Electronics Item 0117,Electronics,WH018,Mekong Warehouse 018,Mekong,309,15,1889.30,118,1,2026-05-24T00:00:00+07:00
INV-004368,SKU-0118,Home Item 0118,Home,WH018,Mekong Warehouse 018,Mekong,623,28,1139.72,108,1,2026-05-24T00:00:00+07:00
INV-004369,SKU-0119,Grocery Item 0119,Grocery,WH018,Mekong Warehouse 018,Mekong,466,60,1192.58,96,1,2026-05-24T00:00:00+07:00
INV-004370,SKU-0120,Fashion Item 0120,Fashion,WH018,Mekong Warehouse 018,Mekong,683,43,1951.59,71,1,2026-05-24T00:00:00+07:00
INV-004371,SKU-0121,Industrial Item 0121,Industrial,WH018,Mekong Warehouse 018,Mekong,362,69,2283.34,30,1,2026-05-24T00:00:00+07:00
INV-004372,SKU-0122,Electronics Item 0122,Electronics,WH018,Mekong Warehouse 018,Mekong,795,60,834.77,58,1,2026-05-24T00:00:00+07:00
INV-004373,SKU-0123,Home Item 0123,Home,WH018,Mekong Warehouse 018,Mekong,705,62,1873.25,100,1,2026-05-24T00:00:00+07:00
INV-004374,SKU-0124,Grocery Item 0124,Grocery,WH018,Mekong Warehouse 018,Mekong,386,13,978.70,29,1,2026-05-24T00:00:00+07:00
INV-004375,SKU-0125,Fashion Item 0125,Fashion,WH018,Mekong Warehouse 018,Mekong,128,11,2449.75,44,1,2026-05-24T00:00:00+07:00
INV-004376,SKU-0126,Industrial Item 0126,Industrial,WH018,Mekong Warehouse 018,Mekong,89,3,2064.26,89,1,2026-05-24T00:00:00+07:00
INV-004377,SKU-0127,Electronics Item 0127,Electronics,WH018,Mekong Warehouse 018,Mekong,525,40,1824.03,42,1,2026-05-24T00:00:00+07:00
INV-004378,SKU-0128,Home Item 0128,Home,WH018,Mekong Warehouse 018,Mekong,129,9,523.21,109,1,2026-05-24T00:00:00+07:00
INV-004379,SKU-0129,Grocery Item 0129,Grocery,WH018,Mekong Warehouse 018,Mekong,116,22,991.55,80,1,2026-05-24T00:00:00+07:00
INV-004380,SKU-0130,Fashion Item 0130,Fashion,WH018,Mekong Warehouse 018,Mekong,152,23,2072.57,117,1,2026-05-24T00:00:00+07:00
INV-004381,SKU-0131,Industrial Item 0131,Industrial,WH018,Mekong Warehouse 018,Mekong,513,74,819.14,27,1,2026-05-24T00:00:00+07:00
INV-004382,SKU-0132,Electronics Item 0132,Electronics,WH018,Mekong Warehouse 018,Mekong,711,67,446.57,108,1,2026-05-24T00:00:00+07:00
INV-004383,SKU-0133,Home Item 0133,Home,WH018,Mekong Warehouse 018,Mekong,706,6,2131.98,81,1,2026-05-24T00:00:00+07:00
INV-004384,SKU-0134,Grocery Item 0134,Grocery,WH018,Mekong Warehouse 018,Mekong,258,59,1624.42,92,1,2026-05-24T00:00:00+07:00
INV-004385,SKU-0135,Fashion Item 0135,Fashion,WH018,Mekong Warehouse 018,Mekong,496,59,1832.94,85,1,2026-05-24T00:00:00+07:00
INV-004386,SKU-0136,Industrial Item 0136,Industrial,WH018,Mekong Warehouse 018,Mekong,378,49,115.11,72,1,2026-05-24T00:00:00+07:00
INV-004387,SKU-0137,Electronics Item 0137,Electronics,WH018,Mekong Warehouse 018,Mekong,448,1,1518.51,79,1,2026-05-24T00:00:00+07:00
INV-004388,SKU-0138,Home Item 0138,Home,WH018,Mekong Warehouse 018,Mekong,616,79,2202.04,49,1,2026-05-24T00:00:00+07:00
INV-004389,SKU-0139,Grocery Item 0139,Grocery,WH018,Mekong Warehouse 018,Mekong,442,10,1313.34,112,1,2026-05-24T00:00:00+07:00
INV-004390,SKU-0140,Fashion Item 0140,Fashion,WH018,Mekong Warehouse 018,Mekong,164,26,769.99,33,1,2026-05-24T00:00:00+07:00
INV-004391,SKU-0141,Industrial Item 0141,Industrial,WH018,Mekong Warehouse 018,Mekong,581,12,1966.46,87,1,2026-05-24T00:00:00+07:00
INV-004392,SKU-0142,Electronics Item 0142,Electronics,WH018,Mekong Warehouse 018,Mekong,301,1,950.10,53,1,2026-05-24T00:00:00+07:00
INV-004393,SKU-0143,Home Item 0143,Home,WH018,Mekong Warehouse 018,Mekong,648,55,1968.91,95,1,2026-05-24T00:00:00+07:00
INV-004394,SKU-0144,Grocery Item 0144,Grocery,WH018,Mekong Warehouse 018,Mekong,282,37,238.72,67,1,2026-05-24T00:00:00+07:00
INV-004395,SKU-0145,Fashion Item 0145,Fashion,WH018,Mekong Warehouse 018,Mekong,344,67,677.46,96,1,2026-05-24T00:00:00+07:00
INV-004396,SKU-0146,Industrial Item 0146,Industrial,WH018,Mekong Warehouse 018,Mekong,746,36,257.33,42,1,2026-05-24T00:00:00+07:00
INV-004397,SKU-0147,Electronics Item 0147,Electronics,WH018,Mekong Warehouse 018,Mekong,214,11,2452.52,39,1,2026-05-24T00:00:00+07:00
INV-004398,SKU-0148,Home Item 0148,Home,WH018,Mekong Warehouse 018,Mekong,559,39,2002.28,96,1,2026-05-24T00:00:00+07:00
INV-004399,SKU-0149,Grocery Item 0149,Grocery,WH018,Mekong Warehouse 018,Mekong,712,35,1555.82,38,1,2026-05-24T00:00:00+07:00
INV-004400,SKU-0150,Fashion Item 0150,Fashion,WH018,Mekong Warehouse 018,Mekong,557,11,704.82,69,1,2026-05-24T00:00:00+07:00
INV-004401,SKU-0151,Industrial Item 0151,Industrial,WH018,Mekong Warehouse 018,Mekong,401,18,1378.22,65,1,2026-05-24T00:00:00+07:00
INV-004402,SKU-0152,Electronics Item 0152,Electronics,WH018,Mekong Warehouse 018,Mekong,489,15,1723.16,119,1,2026-05-24T00:00:00+07:00
INV-004403,SKU-0153,Home Item 0153,Home,WH018,Mekong Warehouse 018,Mekong,400,36,736.24,54,1,2026-05-24T00:00:00+07:00
INV-004404,SKU-0154,Grocery Item 0154,Grocery,WH018,Mekong Warehouse 018,Mekong,118,15,559.22,106,1,2026-05-24T00:00:00+07:00
INV-004405,SKU-0155,Fashion Item 0155,Fashion,WH018,Mekong Warehouse 018,Mekong,106,19,2419.47,86,1,2026-05-24T00:00:00+07:00
INV-004406,SKU-0156,Industrial Item 0156,Industrial,WH018,Mekong Warehouse 018,Mekong,756,47,975.72,101,1,2026-05-24T00:00:00+07:00
INV-004407,SKU-0157,Electronics Item 0157,Electronics,WH018,Mekong Warehouse 018,Mekong,388,3,1021.31,76,1,2026-05-24T00:00:00+07:00
INV-004408,SKU-0158,Home Item 0158,Home,WH018,Mekong Warehouse 018,Mekong,773,28,774.44,93,1,2026-05-24T00:00:00+07:00
INV-004409,SKU-0159,Grocery Item 0159,Grocery,WH018,Mekong Warehouse 018,Mekong,89,12,167.95,94,1,2026-05-24T00:00:00+07:00
INV-004410,SKU-0160,Fashion Item 0160,Fashion,WH018,Mekong Warehouse 018,Mekong,370,61,1129.57,105,1,2026-05-24T00:00:00+07:00
INV-004411,SKU-0161,Industrial Item 0161,Industrial,WH018,Mekong Warehouse 018,Mekong,508,7,1153.70,38,1,2026-05-24T00:00:00+07:00
INV-004412,SKU-0162,Electronics Item 0162,Electronics,WH018,Mekong Warehouse 018,Mekong,105,15,2262.86,104,1,2026-05-24T00:00:00+07:00
INV-004413,SKU-0163,Home Item 0163,Home,WH018,Mekong Warehouse 018,Mekong,515,33,2499.50,57,1,2026-05-24T00:00:00+07:00
INV-004414,SKU-0164,Grocery Item 0164,Grocery,WH018,Mekong Warehouse 018,Mekong,489,64,1854.40,93,1,2026-05-24T00:00:00+07:00
INV-004415,SKU-0165,Fashion Item 0165,Fashion,WH018,Mekong Warehouse 018,Mekong,720,62,2383.63,30,1,2026-05-24T00:00:00+07:00
INV-004416,SKU-0166,Industrial Item 0166,Industrial,WH018,Mekong Warehouse 018,Mekong,284,55,124.55,111,1,2026-05-24T00:00:00+07:00
INV-004417,SKU-0167,Electronics Item 0167,Electronics,WH018,Mekong Warehouse 018,Mekong,222,32,1329.91,120,1,2026-05-24T00:00:00+07:00
INV-004418,SKU-0168,Home Item 0168,Home,WH018,Mekong Warehouse 018,Mekong,129,29,995.47,104,1,2026-05-24T00:00:00+07:00
INV-004419,SKU-0169,Grocery Item 0169,Grocery,WH018,Mekong Warehouse 018,Mekong,739,78,1293.72,71,1,2026-05-24T00:00:00+07:00
INV-004420,SKU-0170,Fashion Item 0170,Fashion,WH018,Mekong Warehouse 018,Mekong,84,20,967.82,55,1,2026-05-24T00:00:00+07:00
INV-004421,SKU-0171,Industrial Item 0171,Industrial,WH018,Mekong Warehouse 018,Mekong,377,80,635.61,35,1,2026-05-24T00:00:00+07:00
INV-004422,SKU-0172,Electronics Item 0172,Electronics,WH018,Mekong Warehouse 018,Mekong,796,58,1076.91,54,1,2026-05-24T00:00:00+07:00
INV-004423,SKU-0173,Home Item 0173,Home,WH018,Mekong Warehouse 018,Mekong,157,38,1911.88,85,1,2026-05-24T00:00:00+07:00
INV-004424,SKU-0174,Grocery Item 0174,Grocery,WH018,Mekong Warehouse 018,Mekong,753,70,2498.96,74,1,2026-05-24T00:00:00+07:00
INV-004425,SKU-0175,Fashion Item 0175,Fashion,WH018,Mekong Warehouse 018,Mekong,617,62,1292.37,66,1,2026-05-24T00:00:00+07:00
INV-004426,SKU-0176,Industrial Item 0176,Industrial,WH018,Mekong Warehouse 018,Mekong,711,22,1722.93,54,1,2026-05-24T00:00:00+07:00
INV-004427,SKU-0177,Electronics Item 0177,Electronics,WH018,Mekong Warehouse 018,Mekong,143,34,559.40,85,1,2026-05-24T00:00:00+07:00
INV-004428,SKU-0178,Home Item 0178,Home,WH018,Mekong Warehouse 018,Mekong,782,23,1550.73,112,1,2026-05-24T00:00:00+07:00
INV-004429,SKU-0179,Grocery Item 0179,Grocery,WH018,Mekong Warehouse 018,Mekong,660,27,1227.26,90,1,2026-05-24T00:00:00+07:00
INV-004430,SKU-0180,Fashion Item 0180,Fashion,WH018,Mekong Warehouse 018,Mekong,508,66,1250.08,73,1,2026-05-24T00:00:00+07:00
INV-004431,SKU-0181,Industrial Item 0181,Industrial,WH018,Mekong Warehouse 018,Mekong,188,32,1434.13,42,1,2026-05-24T00:00:00+07:00
INV-004432,SKU-0182,Electronics Item 0182,Electronics,WH018,Mekong Warehouse 018,Mekong,284,30,420.94,63,1,2026-05-24T00:00:00+07:00
INV-004433,SKU-0183,Home Item 0183,Home,WH018,Mekong Warehouse 018,Mekong,585,21,485.84,28,1,2026-05-24T00:00:00+07:00
INV-004434,SKU-0184,Grocery Item 0184,Grocery,WH018,Mekong Warehouse 018,Mekong,409,42,241.70,89,1,2026-05-24T00:00:00+07:00
INV-004435,SKU-0185,Fashion Item 0185,Fashion,WH018,Mekong Warehouse 018,Mekong,691,36,2479.35,75,1,2026-05-24T00:00:00+07:00
INV-004436,SKU-0186,Industrial Item 0186,Industrial,WH018,Mekong Warehouse 018,Mekong,101,24,2047.88,81,1,2026-05-24T00:00:00+07:00
INV-004437,SKU-0187,Electronics Item 0187,Electronics,WH018,Mekong Warehouse 018,Mekong,540,68,2150.92,78,1,2026-05-24T00:00:00+07:00
INV-004438,SKU-0188,Home Item 0188,Home,WH018,Mekong Warehouse 018,Mekong,390,59,43.67,117,1,2026-05-24T00:00:00+07:00
INV-004439,SKU-0189,Grocery Item 0189,Grocery,WH018,Mekong Warehouse 018,Mekong,673,44,2436.57,60,1,2026-05-24T00:00:00+07:00
INV-004440,SKU-0190,Fashion Item 0190,Fashion,WH018,Mekong Warehouse 018,Mekong,709,37,1806.97,25,1,2026-05-24T00:00:00+07:00
INV-004441,SKU-0191,Industrial Item 0191,Industrial,WH018,Mekong Warehouse 018,Mekong,558,47,298.37,88,1,2026-05-24T00:00:00+07:00
INV-004442,SKU-0192,Electronics Item 0192,Electronics,WH018,Mekong Warehouse 018,Mekong,339,56,103.40,54,1,2026-05-24T00:00:00+07:00
INV-004443,SKU-0193,Home Item 0193,Home,WH018,Mekong Warehouse 018,Mekong,722,12,674.24,36,1,2026-05-24T00:00:00+07:00
INV-004444,SKU-0194,Grocery Item 0194,Grocery,WH018,Mekong Warehouse 018,Mekong,651,68,705.12,115,1,2026-05-24T00:00:00+07:00
INV-004445,SKU-0195,Fashion Item 0195,Fashion,WH018,Mekong Warehouse 018,Mekong,419,41,1313.83,32,1,2026-05-24T00:00:00+07:00
INV-004446,SKU-0196,Industrial Item 0196,Industrial,WH018,Mekong Warehouse 018,Mekong,393,30,2158.39,109,1,2026-05-24T00:00:00+07:00
INV-004447,SKU-0197,Electronics Item 0197,Electronics,WH018,Mekong Warehouse 018,Mekong,582,56,2132.05,76,1,2026-05-24T00:00:00+07:00
INV-004448,SKU-0198,Home Item 0198,Home,WH018,Mekong Warehouse 018,Mekong,207,44,2364.53,75,1,2026-05-24T00:00:00+07:00
INV-004449,SKU-0199,Grocery Item 0199,Grocery,WH018,Mekong Warehouse 018,Mekong,550,42,713.24,68,1,2026-05-24T00:00:00+07:00
INV-004450,SKU-0200,Fashion Item 0200,Fashion,WH018,Mekong Warehouse 018,Mekong,783,73,354.67,114,1,2026-05-24T00:00:00+07:00
INV-004451,SKU-0201,Industrial Item 0201,Industrial,WH018,Mekong Warehouse 018,Mekong,680,42,162.16,42,1,2026-05-24T00:00:00+07:00
INV-004452,SKU-0202,Electronics Item 0202,Electronics,WH018,Mekong Warehouse 018,Mekong,585,76,13.25,63,1,2026-05-24T00:00:00+07:00
INV-004453,SKU-0203,Home Item 0203,Home,WH018,Mekong Warehouse 018,Mekong,771,74,2488.17,102,1,2026-05-24T00:00:00+07:00
INV-004454,SKU-0204,Grocery Item 0204,Grocery,WH018,Mekong Warehouse 018,Mekong,349,32,16.33,79,1,2026-05-24T00:00:00+07:00
INV-004455,SKU-0205,Fashion Item 0205,Fashion,WH018,Mekong Warehouse 018,Mekong,799,46,2380.74,60,1,2026-05-24T00:00:00+07:00
INV-004456,SKU-0206,Industrial Item 0206,Industrial,WH018,Mekong Warehouse 018,Mekong,174,39,597.93,79,1,2026-05-24T00:00:00+07:00
INV-004457,SKU-0207,Electronics Item 0207,Electronics,WH018,Mekong Warehouse 018,Mekong,425,21,1949.76,74,1,2026-05-24T00:00:00+07:00
INV-004458,SKU-0208,Home Item 0208,Home,WH018,Mekong Warehouse 018,Mekong,499,36,354.52,30,1,2026-05-24T00:00:00+07:00
INV-004459,SKU-0209,Grocery Item 0209,Grocery,WH018,Mekong Warehouse 018,Mekong,155,13,1973.51,53,1,2026-05-24T00:00:00+07:00
INV-004460,SKU-0210,Fashion Item 0210,Fashion,WH018,Mekong Warehouse 018,Mekong,587,51,447.23,48,1,2026-05-24T00:00:00+07:00
INV-004461,SKU-0211,Industrial Item 0211,Industrial,WH018,Mekong Warehouse 018,Mekong,533,11,63.04,67,1,2026-05-24T00:00:00+07:00
INV-004462,SKU-0212,Electronics Item 0212,Electronics,WH018,Mekong Warehouse 018,Mekong,406,66,511.18,30,1,2026-05-24T00:00:00+07:00
INV-004463,SKU-0213,Home Item 0213,Home,WH018,Mekong Warehouse 018,Mekong,336,13,850.29,73,1,2026-05-24T00:00:00+07:00
INV-004464,SKU-0214,Grocery Item 0214,Grocery,WH018,Mekong Warehouse 018,Mekong,784,12,439.08,75,1,2026-05-24T00:00:00+07:00
INV-004465,SKU-0215,Fashion Item 0215,Fashion,WH018,Mekong Warehouse 018,Mekong,107,17,1823.41,86,1,2026-05-24T00:00:00+07:00
INV-004466,SKU-0216,Industrial Item 0216,Industrial,WH018,Mekong Warehouse 018,Mekong,643,26,2287.83,29,1,2026-05-24T00:00:00+07:00
INV-004467,SKU-0217,Electronics Item 0217,Electronics,WH018,Mekong Warehouse 018,Mekong,118,8,592.57,119,1,2026-05-24T00:00:00+07:00
INV-004468,SKU-0218,Home Item 0218,Home,WH018,Mekong Warehouse 018,Mekong,469,75,29.64,87,1,2026-05-24T00:00:00+07:00
INV-004469,SKU-0219,Grocery Item 0219,Grocery,WH018,Mekong Warehouse 018,Mekong,621,51,227.45,66,1,2026-05-24T00:00:00+07:00
INV-004470,SKU-0220,Fashion Item 0220,Fashion,WH018,Mekong Warehouse 018,Mekong,121,1,1280.23,34,1,2026-05-24T00:00:00+07:00
INV-004471,SKU-0221,Industrial Item 0221,Industrial,WH018,Mekong Warehouse 018,Mekong,631,0,105.71,82,1,2026-05-24T00:00:00+07:00
INV-004472,SKU-0222,Electronics Item 0222,Electronics,WH018,Mekong Warehouse 018,Mekong,422,77,44.47,76,1,2026-05-24T00:00:00+07:00
INV-004473,SKU-0223,Home Item 0223,Home,WH018,Mekong Warehouse 018,Mekong,146,12,1938.31,49,1,2026-05-24T00:00:00+07:00
INV-004474,SKU-0224,Grocery Item 0224,Grocery,WH018,Mekong Warehouse 018,Mekong,300,33,36.78,77,1,2026-05-24T00:00:00+07:00
INV-004475,SKU-0225,Fashion Item 0225,Fashion,WH018,Mekong Warehouse 018,Mekong,521,3,495.74,48,1,2026-05-24T00:00:00+07:00
INV-004476,SKU-0226,Industrial Item 0226,Industrial,WH018,Mekong Warehouse 018,Mekong,411,67,1258.69,70,1,2026-05-24T00:00:00+07:00
INV-004477,SKU-0227,Electronics Item 0227,Electronics,WH018,Mekong Warehouse 018,Mekong,689,58,821.89,85,1,2026-05-24T00:00:00+07:00
INV-004478,SKU-0228,Home Item 0228,Home,WH018,Mekong Warehouse 018,Mekong,213,15,211.97,41,1,2026-05-24T00:00:00+07:00
INV-004479,SKU-0229,Grocery Item 0229,Grocery,WH018,Mekong Warehouse 018,Mekong,297,18,2376.01,89,1,2026-05-24T00:00:00+07:00
INV-004480,SKU-0230,Fashion Item 0230,Fashion,WH018,Mekong Warehouse 018,Mekong,767,45,1155.19,34,1,2026-05-24T00:00:00+07:00
INV-004481,SKU-0231,Industrial Item 0231,Industrial,WH018,Mekong Warehouse 018,Mekong,246,26,549.54,105,1,2026-05-24T00:00:00+07:00
INV-004482,SKU-0232,Electronics Item 0232,Electronics,WH018,Mekong Warehouse 018,Mekong,191,28,1771.28,110,1,2026-05-24T00:00:00+07:00
INV-004483,SKU-0233,Home Item 0233,Home,WH018,Mekong Warehouse 018,Mekong,749,42,1859.21,53,1,2026-05-24T00:00:00+07:00
INV-004484,SKU-0234,Grocery Item 0234,Grocery,WH018,Mekong Warehouse 018,Mekong,124,5,741.86,29,1,2026-05-24T00:00:00+07:00
INV-004485,SKU-0235,Fashion Item 0235,Fashion,WH018,Mekong Warehouse 018,Mekong,432,36,660.87,45,1,2026-05-24T00:00:00+07:00
INV-004486,SKU-0236,Industrial Item 0236,Industrial,WH018,Mekong Warehouse 018,Mekong,747,54,1804.64,42,1,2026-05-24T00:00:00+07:00
INV-004487,SKU-0237,Electronics Item 0237,Electronics,WH018,Mekong Warehouse 018,Mekong,490,38,153.49,77,1,2026-05-24T00:00:00+07:00
INV-004488,SKU-0238,Home Item 0238,Home,WH018,Mekong Warehouse 018,Mekong,267,61,841.46,56,1,2026-05-24T00:00:00+07:00
INV-004489,SKU-0239,Grocery Item 0239,Grocery,WH018,Mekong Warehouse 018,Mekong,212,7,1502.35,44,1,2026-05-24T00:00:00+07:00
INV-004490,SKU-0240,Fashion Item 0240,Fashion,WH018,Mekong Warehouse 018,Mekong,705,61,660.54,35,1,2026-05-24T00:00:00+07:00
INV-004491,SKU-0241,Industrial Item 0241,Industrial,WH018,Mekong Warehouse 018,Mekong,326,47,2339.47,72,1,2026-05-24T00:00:00+07:00
INV-004492,SKU-0242,Electronics Item 0242,Electronics,WH018,Mekong Warehouse 018,Mekong,423,33,1070.86,50,1,2026-05-24T00:00:00+07:00
INV-004493,SKU-0243,Home Item 0243,Home,WH018,Mekong Warehouse 018,Mekong,397,47,732.28,55,1,2026-05-24T00:00:00+07:00
INV-004494,SKU-0244,Grocery Item 0244,Grocery,WH018,Mekong Warehouse 018,Mekong,321,42,2359.83,39,1,2026-05-24T00:00:00+07:00
INV-004495,SKU-0245,Fashion Item 0245,Fashion,WH018,Mekong Warehouse 018,Mekong,499,43,1791.34,83,1,2026-05-24T00:00:00+07:00
INV-004496,SKU-0246,Industrial Item 0246,Industrial,WH018,Mekong Warehouse 018,Mekong,760,18,1014.20,49,1,2026-05-24T00:00:00+07:00
INV-004497,SKU-0247,Electronics Item 0247,Electronics,WH018,Mekong Warehouse 018,Mekong,775,9,2304.26,46,1,2026-05-24T00:00:00+07:00
INV-004498,SKU-0248,Home Item 0248,Home,WH018,Mekong Warehouse 018,Mekong,149,28,1594.26,50,1,2026-05-24T00:00:00+07:00
INV-004499,SKU-0249,Grocery Item 0249,Grocery,WH018,Mekong Warehouse 018,Mekong,357,22,1485.62,63,1,2026-05-24T00:00:00+07:00
INV-004500,SKU-0250,Fashion Item 0250,Fashion,WH018,Mekong Warehouse 018,Mekong,163,5,191.97,115,1,2026-05-24T00:00:00+07:00
INV-004501,SKU-0001,Electronics Item 0001,Electronics,WH019,Mekong Warehouse 019,Mekong,246,47,2412.45,116,1,2026-05-24T00:00:00+07:00
INV-004502,SKU-0002,Home Item 0002,Home,WH019,Mekong Warehouse 019,Mekong,423,17,585.38,31,1,2026-05-24T00:00:00+07:00
INV-004503,SKU-0003,Grocery Item 0003,Grocery,WH019,Mekong Warehouse 019,Mekong,656,24,1371.50,107,1,2026-05-24T00:00:00+07:00
INV-004504,SKU-0004,Fashion Item 0004,Fashion,WH019,Mekong Warehouse 019,Mekong,709,20,479.72,112,1,2026-05-24T00:00:00+07:00
INV-004505,SKU-0005,Industrial Item 0005,Industrial,WH019,Mekong Warehouse 019,Mekong,490,22,789.49,38,1,2026-05-24T00:00:00+07:00
INV-004506,SKU-0006,Electronics Item 0006,Electronics,WH019,Mekong Warehouse 019,Mekong,553,29,2086.64,76,1,2026-05-24T00:00:00+07:00
INV-004507,SKU-0007,Home Item 0007,Home,WH019,Mekong Warehouse 019,Mekong,190,16,134.74,91,1,2026-05-24T00:00:00+07:00
INV-004508,SKU-0008,Grocery Item 0008,Grocery,WH019,Mekong Warehouse 019,Mekong,695,79,1483.61,84,1,2026-05-24T00:00:00+07:00
INV-004509,SKU-0009,Fashion Item 0009,Fashion,WH019,Mekong Warehouse 019,Mekong,187,18,28.69,66,1,2026-05-24T00:00:00+07:00
INV-004510,SKU-0010,Industrial Item 0010,Industrial,WH019,Mekong Warehouse 019,Mekong,203,8,63.98,111,1,2026-05-24T00:00:00+07:00
INV-004511,SKU-0011,Electronics Item 0011,Electronics,WH019,Mekong Warehouse 019,Mekong,702,74,148.69,78,1,2026-05-24T00:00:00+07:00
INV-004512,SKU-0012,Home Item 0012,Home,WH019,Mekong Warehouse 019,Mekong,465,42,1423.96,88,1,2026-05-24T00:00:00+07:00
INV-004513,SKU-0013,Grocery Item 0013,Grocery,WH019,Mekong Warehouse 019,Mekong,595,69,1686.40,47,1,2026-05-24T00:00:00+07:00
INV-004514,SKU-0014,Fashion Item 0014,Fashion,WH019,Mekong Warehouse 019,Mekong,224,33,310.42,89,1,2026-05-24T00:00:00+07:00
INV-004515,SKU-0015,Industrial Item 0015,Industrial,WH019,Mekong Warehouse 019,Mekong,106,26,1404.14,116,1,2026-05-24T00:00:00+07:00
INV-004516,SKU-0016,Electronics Item 0016,Electronics,WH019,Mekong Warehouse 019,Mekong,220,7,2130.80,99,1,2026-05-24T00:00:00+07:00
INV-004517,SKU-0017,Home Item 0017,Home,WH019,Mekong Warehouse 019,Mekong,251,13,2386.96,28,1,2026-05-24T00:00:00+07:00
INV-004518,SKU-0018,Grocery Item 0018,Grocery,WH019,Mekong Warehouse 019,Mekong,185,25,2066.30,93,1,2026-05-24T00:00:00+07:00
INV-004519,SKU-0019,Fashion Item 0019,Fashion,WH019,Mekong Warehouse 019,Mekong,528,49,1912.45,74,1,2026-05-24T00:00:00+07:00
INV-004520,SKU-0020,Industrial Item 0020,Industrial,WH019,Mekong Warehouse 019,Mekong,699,46,1004.95,74,1,2026-05-24T00:00:00+07:00
INV-004521,SKU-0021,Electronics Item 0021,Electronics,WH019,Mekong Warehouse 019,Mekong,337,74,2328.93,83,1,2026-05-24T00:00:00+07:00
INV-004522,SKU-0022,Home Item 0022,Home,WH019,Mekong Warehouse 019,Mekong,753,48,324.70,49,1,2026-05-24T00:00:00+07:00
INV-004523,SKU-0023,Grocery Item 0023,Grocery,WH019,Mekong Warehouse 019,Mekong,359,70,162.78,50,1,2026-05-24T00:00:00+07:00
INV-004524,SKU-0024,Fashion Item 0024,Fashion,WH019,Mekong Warehouse 019,Mekong,90,0,383.77,96,1,2026-05-24T00:00:00+07:00
INV-004525,SKU-0025,Industrial Item 0025,Industrial,WH019,Mekong Warehouse 019,Mekong,584,76,2431.92,54,1,2026-05-24T00:00:00+07:00
INV-004526,SKU-0026,Electronics Item 0026,Electronics,WH019,Mekong Warehouse 019,Mekong,568,33,821.79,34,1,2026-05-24T00:00:00+07:00
INV-004527,SKU-0027,Home Item 0027,Home,WH019,Mekong Warehouse 019,Mekong,118,0,2116.80,90,1,2026-05-24T00:00:00+07:00
INV-004528,SKU-0028,Grocery Item 0028,Grocery,WH019,Mekong Warehouse 019,Mekong,124,21,1552.04,30,1,2026-05-24T00:00:00+07:00
INV-004529,SKU-0029,Fashion Item 0029,Fashion,WH019,Mekong Warehouse 019,Mekong,394,12,2149.59,39,1,2026-05-24T00:00:00+07:00
INV-004530,SKU-0030,Industrial Item 0030,Industrial,WH019,Mekong Warehouse 019,Mekong,216,6,1846.39,103,1,2026-05-24T00:00:00+07:00
INV-004531,SKU-0031,Electronics Item 0031,Electronics,WH019,Mekong Warehouse 019,Mekong,800,0,1435.94,83,1,2026-05-24T00:00:00+07:00
INV-004532,SKU-0032,Home Item 0032,Home,WH019,Mekong Warehouse 019,Mekong,126,19,243.73,75,1,2026-05-24T00:00:00+07:00
INV-004533,SKU-0033,Grocery Item 0033,Grocery,WH019,Mekong Warehouse 019,Mekong,253,62,2088.51,69,1,2026-05-24T00:00:00+07:00
INV-004534,SKU-0034,Fashion Item 0034,Fashion,WH019,Mekong Warehouse 019,Mekong,479,11,209.37,120,1,2026-05-24T00:00:00+07:00
INV-004535,SKU-0035,Industrial Item 0035,Industrial,WH019,Mekong Warehouse 019,Mekong,213,44,790.81,92,1,2026-05-24T00:00:00+07:00
INV-004536,SKU-0036,Electronics Item 0036,Electronics,WH019,Mekong Warehouse 019,Mekong,448,50,1399.35,108,1,2026-05-24T00:00:00+07:00
INV-004537,SKU-0037,Home Item 0037,Home,WH019,Mekong Warehouse 019,Mekong,584,70,2347.73,55,1,2026-05-24T00:00:00+07:00
INV-004538,SKU-0038,Grocery Item 0038,Grocery,WH019,Mekong Warehouse 019,Mekong,473,51,1103.78,100,1,2026-05-24T00:00:00+07:00
INV-004539,SKU-0039,Fashion Item 0039,Fashion,WH019,Mekong Warehouse 019,Mekong,183,8,1550.34,118,1,2026-05-24T00:00:00+07:00
INV-004540,SKU-0040,Industrial Item 0040,Industrial,WH019,Mekong Warehouse 019,Mekong,336,19,1215.62,102,1,2026-05-24T00:00:00+07:00
INV-004541,SKU-0041,Electronics Item 0041,Electronics,WH019,Mekong Warehouse 019,Mekong,159,23,110.03,29,1,2026-05-24T00:00:00+07:00
INV-004542,SKU-0042,Home Item 0042,Home,WH019,Mekong Warehouse 019,Mekong,690,45,1924.38,102,1,2026-05-24T00:00:00+07:00
INV-004543,SKU-0043,Grocery Item 0043,Grocery,WH019,Mekong Warehouse 019,Mekong,456,54,320.07,72,1,2026-05-24T00:00:00+07:00
INV-004544,SKU-0044,Fashion Item 0044,Fashion,WH019,Mekong Warehouse 019,Mekong,646,55,1903.42,92,1,2026-05-24T00:00:00+07:00
INV-004545,SKU-0045,Industrial Item 0045,Industrial,WH019,Mekong Warehouse 019,Mekong,256,11,678.52,120,1,2026-05-24T00:00:00+07:00
INV-004546,SKU-0046,Electronics Item 0046,Electronics,WH019,Mekong Warehouse 019,Mekong,627,74,1423.95,48,1,2026-05-24T00:00:00+07:00
INV-004547,SKU-0047,Home Item 0047,Home,WH019,Mekong Warehouse 019,Mekong,599,5,1026.62,101,1,2026-05-24T00:00:00+07:00
INV-004548,SKU-0048,Grocery Item 0048,Grocery,WH019,Mekong Warehouse 019,Mekong,361,5,836.92,49,1,2026-05-24T00:00:00+07:00
INV-004549,SKU-0049,Fashion Item 0049,Fashion,WH019,Mekong Warehouse 019,Mekong,746,74,345.99,112,1,2026-05-24T00:00:00+07:00
INV-004550,SKU-0050,Industrial Item 0050,Industrial,WH019,Mekong Warehouse 019,Mekong,419,39,796.40,33,1,2026-05-24T00:00:00+07:00
INV-004551,SKU-0051,Electronics Item 0051,Electronics,WH019,Mekong Warehouse 019,Mekong,526,34,2065.75,68,1,2026-05-24T00:00:00+07:00
INV-004552,SKU-0052,Home Item 0052,Home,WH019,Mekong Warehouse 019,Mekong,488,56,513.71,44,1,2026-05-24T00:00:00+07:00
INV-004553,SKU-0053,Grocery Item 0053,Grocery,WH019,Mekong Warehouse 019,Mekong,530,10,2484.80,86,1,2026-05-24T00:00:00+07:00
INV-004554,SKU-0054,Fashion Item 0054,Fashion,WH019,Mekong Warehouse 019,Mekong,698,8,996.31,53,1,2026-05-24T00:00:00+07:00
INV-004555,SKU-0055,Industrial Item 0055,Industrial,WH019,Mekong Warehouse 019,Mekong,633,50,1011.00,44,1,2026-05-24T00:00:00+07:00
INV-004556,SKU-0056,Electronics Item 0056,Electronics,WH019,Mekong Warehouse 019,Mekong,771,33,1405.13,33,1,2026-05-24T00:00:00+07:00
INV-004557,SKU-0057,Home Item 0057,Home,WH019,Mekong Warehouse 019,Mekong,484,66,1916.71,27,1,2026-05-24T00:00:00+07:00
INV-004558,SKU-0058,Grocery Item 0058,Grocery,WH019,Mekong Warehouse 019,Mekong,610,56,1626.87,35,1,2026-05-24T00:00:00+07:00
INV-004559,SKU-0059,Fashion Item 0059,Fashion,WH019,Mekong Warehouse 019,Mekong,164,37,1557.90,65,1,2026-05-24T00:00:00+07:00
INV-004560,SKU-0060,Industrial Item 0060,Industrial,WH019,Mekong Warehouse 019,Mekong,583,64,2353.93,93,1,2026-05-24T00:00:00+07:00
INV-004561,SKU-0061,Electronics Item 0061,Electronics,WH019,Mekong Warehouse 019,Mekong,554,69,1259.83,54,1,2026-05-24T00:00:00+07:00
INV-004562,SKU-0062,Home Item 0062,Home,WH019,Mekong Warehouse 019,Mekong,567,21,265.22,45,1,2026-05-24T00:00:00+07:00
INV-004563,SKU-0063,Grocery Item 0063,Grocery,WH019,Mekong Warehouse 019,Mekong,687,64,1138.46,105,1,2026-05-24T00:00:00+07:00
INV-004564,SKU-0064,Fashion Item 0064,Fashion,WH019,Mekong Warehouse 019,Mekong,290,60,2460.48,120,1,2026-05-24T00:00:00+07:00
INV-004565,SKU-0065,Industrial Item 0065,Industrial,WH019,Mekong Warehouse 019,Mekong,490,23,729.14,26,1,2026-05-24T00:00:00+07:00
INV-004566,SKU-0066,Electronics Item 0066,Electronics,WH019,Mekong Warehouse 019,Mekong,770,12,1938.16,66,1,2026-05-24T00:00:00+07:00
INV-004567,SKU-0067,Home Item 0067,Home,WH019,Mekong Warehouse 019,Mekong,304,40,1923.11,116,1,2026-05-24T00:00:00+07:00
INV-004568,SKU-0068,Grocery Item 0068,Grocery,WH019,Mekong Warehouse 019,Mekong,561,79,727.65,75,1,2026-05-24T00:00:00+07:00
INV-004569,SKU-0069,Fashion Item 0069,Fashion,WH019,Mekong Warehouse 019,Mekong,528,23,2365.50,100,1,2026-05-24T00:00:00+07:00
INV-004570,SKU-0070,Industrial Item 0070,Industrial,WH019,Mekong Warehouse 019,Mekong,284,3,1723.80,65,1,2026-05-24T00:00:00+07:00
INV-004571,SKU-0071,Electronics Item 0071,Electronics,WH019,Mekong Warehouse 019,Mekong,107,10,1097.95,65,1,2026-05-24T00:00:00+07:00
INV-004572,SKU-0072,Home Item 0072,Home,WH019,Mekong Warehouse 019,Mekong,778,61,388.65,98,1,2026-05-24T00:00:00+07:00
INV-004573,SKU-0073,Grocery Item 0073,Grocery,WH019,Mekong Warehouse 019,Mekong,166,27,550.18,110,1,2026-05-24T00:00:00+07:00
INV-004574,SKU-0074,Fashion Item 0074,Fashion,WH019,Mekong Warehouse 019,Mekong,216,44,1076.61,92,1,2026-05-24T00:00:00+07:00
INV-004575,SKU-0075,Industrial Item 0075,Industrial,WH019,Mekong Warehouse 019,Mekong,395,7,1167.67,70,1,2026-05-24T00:00:00+07:00
INV-004576,SKU-0076,Electronics Item 0076,Electronics,WH019,Mekong Warehouse 019,Mekong,153,6,691.36,64,1,2026-05-24T00:00:00+07:00
INV-004577,SKU-0077,Home Item 0077,Home,WH019,Mekong Warehouse 019,Mekong,177,12,1056.50,82,1,2026-05-24T00:00:00+07:00
INV-004578,SKU-0078,Grocery Item 0078,Grocery,WH019,Mekong Warehouse 019,Mekong,150,16,881.90,82,1,2026-05-24T00:00:00+07:00
INV-004579,SKU-0079,Fashion Item 0079,Fashion,WH019,Mekong Warehouse 019,Mekong,283,7,1132.94,119,1,2026-05-24T00:00:00+07:00
INV-004580,SKU-0080,Industrial Item 0080,Industrial,WH019,Mekong Warehouse 019,Mekong,564,15,154.85,113,1,2026-05-24T00:00:00+07:00
INV-004581,SKU-0081,Electronics Item 0081,Electronics,WH019,Mekong Warehouse 019,Mekong,748,11,1098.78,44,1,2026-05-24T00:00:00+07:00
INV-004582,SKU-0082,Home Item 0082,Home,WH019,Mekong Warehouse 019,Mekong,120,1,2107.76,69,1,2026-05-24T00:00:00+07:00
INV-004583,SKU-0083,Grocery Item 0083,Grocery,WH019,Mekong Warehouse 019,Mekong,432,31,1508.27,80,1,2026-05-24T00:00:00+07:00
INV-004584,SKU-0084,Fashion Item 0084,Fashion,WH019,Mekong Warehouse 019,Mekong,137,17,1478.23,84,1,2026-05-24T00:00:00+07:00
INV-004585,SKU-0085,Industrial Item 0085,Industrial,WH019,Mekong Warehouse 019,Mekong,789,31,1167.26,98,1,2026-05-24T00:00:00+07:00
INV-004586,SKU-0086,Electronics Item 0086,Electronics,WH019,Mekong Warehouse 019,Mekong,616,39,194.28,29,1,2026-05-24T00:00:00+07:00
INV-004587,SKU-0087,Home Item 0087,Home,WH019,Mekong Warehouse 019,Mekong,763,51,1873.67,30,1,2026-05-24T00:00:00+07:00
INV-004588,SKU-0088,Grocery Item 0088,Grocery,WH019,Mekong Warehouse 019,Mekong,538,79,258.94,56,1,2026-05-24T00:00:00+07:00
INV-004589,SKU-0089,Fashion Item 0089,Fashion,WH019,Mekong Warehouse 019,Mekong,621,72,2429.87,103,1,2026-05-24T00:00:00+07:00
INV-004590,SKU-0090,Industrial Item 0090,Industrial,WH019,Mekong Warehouse 019,Mekong,726,78,2427.91,94,1,2026-05-24T00:00:00+07:00
INV-004591,SKU-0091,Electronics Item 0091,Electronics,WH019,Mekong Warehouse 019,Mekong,767,47,1453.32,45,1,2026-05-24T00:00:00+07:00
INV-004592,SKU-0092,Home Item 0092,Home,WH019,Mekong Warehouse 019,Mekong,374,53,889.93,52,1,2026-05-24T00:00:00+07:00
INV-004593,SKU-0093,Grocery Item 0093,Grocery,WH019,Mekong Warehouse 019,Mekong,262,43,1817.39,114,1,2026-05-24T00:00:00+07:00
INV-004594,SKU-0094,Fashion Item 0094,Fashion,WH019,Mekong Warehouse 019,Mekong,172,34,1859.39,112,1,2026-05-24T00:00:00+07:00
INV-004595,SKU-0095,Industrial Item 0095,Industrial,WH019,Mekong Warehouse 019,Mekong,673,25,943.91,93,1,2026-05-24T00:00:00+07:00
INV-004596,SKU-0096,Electronics Item 0096,Electronics,WH019,Mekong Warehouse 019,Mekong,294,31,1409.57,60,1,2026-05-24T00:00:00+07:00
INV-004597,SKU-0097,Home Item 0097,Home,WH019,Mekong Warehouse 019,Mekong,540,53,639.09,99,1,2026-05-24T00:00:00+07:00
INV-004598,SKU-0098,Grocery Item 0098,Grocery,WH019,Mekong Warehouse 019,Mekong,413,31,1469.36,88,1,2026-05-24T00:00:00+07:00
INV-004599,SKU-0099,Fashion Item 0099,Fashion,WH019,Mekong Warehouse 019,Mekong,556,3,450.91,67,1,2026-05-24T00:00:00+07:00
INV-004600,SKU-0100,Industrial Item 0100,Industrial,WH019,Mekong Warehouse 019,Mekong,490,41,1570.01,95,1,2026-05-24T00:00:00+07:00
INV-004601,SKU-0101,Electronics Item 0101,Electronics,WH019,Mekong Warehouse 019,Mekong,427,38,816.43,78,1,2026-05-24T00:00:00+07:00
INV-004602,SKU-0102,Home Item 0102,Home,WH019,Mekong Warehouse 019,Mekong,603,21,769.73,44,1,2026-05-24T00:00:00+07:00
INV-004603,SKU-0103,Grocery Item 0103,Grocery,WH019,Mekong Warehouse 019,Mekong,621,59,1864.33,71,1,2026-05-24T00:00:00+07:00
INV-004604,SKU-0104,Fashion Item 0104,Fashion,WH019,Mekong Warehouse 019,Mekong,394,1,1419.53,37,1,2026-05-24T00:00:00+07:00
INV-004605,SKU-0105,Industrial Item 0105,Industrial,WH019,Mekong Warehouse 019,Mekong,367,60,2410.17,105,1,2026-05-24T00:00:00+07:00
INV-004606,SKU-0106,Electronics Item 0106,Electronics,WH019,Mekong Warehouse 019,Mekong,185,45,1445.42,36,1,2026-05-24T00:00:00+07:00
INV-004607,SKU-0107,Home Item 0107,Home,WH019,Mekong Warehouse 019,Mekong,312,70,991.80,81,1,2026-05-24T00:00:00+07:00
INV-004608,SKU-0108,Grocery Item 0108,Grocery,WH019,Mekong Warehouse 019,Mekong,700,72,1943.50,75,1,2026-05-24T00:00:00+07:00
INV-004609,SKU-0109,Fashion Item 0109,Fashion,WH019,Mekong Warehouse 019,Mekong,716,50,989.66,46,1,2026-05-24T00:00:00+07:00
INV-004610,SKU-0110,Industrial Item 0110,Industrial,WH019,Mekong Warehouse 019,Mekong,707,16,2185.06,76,1,2026-05-24T00:00:00+07:00
INV-004611,SKU-0111,Electronics Item 0111,Electronics,WH019,Mekong Warehouse 019,Mekong,571,56,2376.39,50,1,2026-05-24T00:00:00+07:00
INV-004612,SKU-0112,Home Item 0112,Home,WH019,Mekong Warehouse 019,Mekong,195,31,1102.36,47,1,2026-05-24T00:00:00+07:00
INV-004613,SKU-0113,Grocery Item 0113,Grocery,WH019,Mekong Warehouse 019,Mekong,520,79,861.46,61,1,2026-05-24T00:00:00+07:00
INV-004614,SKU-0114,Fashion Item 0114,Fashion,WH019,Mekong Warehouse 019,Mekong,346,0,1672.69,83,1,2026-05-24T00:00:00+07:00
INV-004615,SKU-0115,Industrial Item 0115,Industrial,WH019,Mekong Warehouse 019,Mekong,290,45,135.69,30,1,2026-05-24T00:00:00+07:00
INV-004616,SKU-0116,Electronics Item 0116,Electronics,WH019,Mekong Warehouse 019,Mekong,789,18,1513.49,86,1,2026-05-24T00:00:00+07:00
INV-004617,SKU-0117,Home Item 0117,Home,WH019,Mekong Warehouse 019,Mekong,466,36,1748.04,36,1,2026-05-24T00:00:00+07:00
INV-004618,SKU-0118,Grocery Item 0118,Grocery,WH019,Mekong Warehouse 019,Mekong,296,28,1143.59,103,1,2026-05-24T00:00:00+07:00
INV-004619,SKU-0119,Fashion Item 0119,Fashion,WH019,Mekong Warehouse 019,Mekong,661,76,1238.03,88,1,2026-05-24T00:00:00+07:00
INV-004620,SKU-0120,Industrial Item 0120,Industrial,WH019,Mekong Warehouse 019,Mekong,138,33,2258.53,46,1,2026-05-24T00:00:00+07:00
INV-004621,SKU-0121,Electronics Item 0121,Electronics,WH019,Mekong Warehouse 019,Mekong,484,29,415.89,88,1,2026-05-24T00:00:00+07:00
INV-004622,SKU-0122,Home Item 0122,Home,WH019,Mekong Warehouse 019,Mekong,89,7,109.19,87,1,2026-05-24T00:00:00+07:00
INV-004623,SKU-0123,Grocery Item 0123,Grocery,WH019,Mekong Warehouse 019,Mekong,743,61,1402.71,95,1,2026-05-24T00:00:00+07:00
INV-004624,SKU-0124,Fashion Item 0124,Fashion,WH019,Mekong Warehouse 019,Mekong,552,48,686.25,25,1,2026-05-24T00:00:00+07:00
INV-004625,SKU-0125,Industrial Item 0125,Industrial,WH019,Mekong Warehouse 019,Mekong,673,16,1086.24,100,1,2026-05-24T00:00:00+07:00
INV-004626,SKU-0126,Electronics Item 0126,Electronics,WH019,Mekong Warehouse 019,Mekong,634,16,1849.08,107,1,2026-05-24T00:00:00+07:00
INV-004627,SKU-0127,Home Item 0127,Home,WH019,Mekong Warehouse 019,Mekong,745,10,41.82,85,1,2026-05-24T00:00:00+07:00
INV-004628,SKU-0128,Grocery Item 0128,Grocery,WH019,Mekong Warehouse 019,Mekong,777,54,1819.64,89,1,2026-05-24T00:00:00+07:00
INV-004629,SKU-0129,Fashion Item 0129,Fashion,WH019,Mekong Warehouse 019,Mekong,722,21,1260.64,40,1,2026-05-24T00:00:00+07:00
INV-004630,SKU-0130,Industrial Item 0130,Industrial,WH019,Mekong Warehouse 019,Mekong,352,41,1100.95,107,1,2026-05-24T00:00:00+07:00
INV-004631,SKU-0131,Electronics Item 0131,Electronics,WH019,Mekong Warehouse 019,Mekong,786,46,629.23,116,1,2026-05-24T00:00:00+07:00
INV-004632,SKU-0132,Home Item 0132,Home,WH019,Mekong Warehouse 019,Mekong,183,37,643.93,104,1,2026-05-24T00:00:00+07:00
INV-004633,SKU-0133,Grocery Item 0133,Grocery,WH019,Mekong Warehouse 019,Mekong,194,17,1226.01,50,1,2026-05-24T00:00:00+07:00
INV-004634,SKU-0134,Fashion Item 0134,Fashion,WH019,Mekong Warehouse 019,Mekong,305,7,198.08,47,1,2026-05-24T00:00:00+07:00
INV-004635,SKU-0135,Industrial Item 0135,Industrial,WH019,Mekong Warehouse 019,Mekong,552,14,2093.51,60,1,2026-05-24T00:00:00+07:00
INV-004636,SKU-0136,Electronics Item 0136,Electronics,WH019,Mekong Warehouse 019,Mekong,230,45,339.78,30,1,2026-05-24T00:00:00+07:00
INV-004637,SKU-0137,Home Item 0137,Home,WH019,Mekong Warehouse 019,Mekong,539,39,1738.70,115,1,2026-05-24T00:00:00+07:00
INV-004638,SKU-0138,Grocery Item 0138,Grocery,WH019,Mekong Warehouse 019,Mekong,742,51,1296.84,61,1,2026-05-24T00:00:00+07:00
INV-004639,SKU-0139,Fashion Item 0139,Fashion,WH019,Mekong Warehouse 019,Mekong,82,10,895.31,93,1,2026-05-24T00:00:00+07:00
INV-004640,SKU-0140,Industrial Item 0140,Industrial,WH019,Mekong Warehouse 019,Mekong,595,16,1990.22,37,1,2026-05-24T00:00:00+07:00
INV-004641,SKU-0141,Electronics Item 0141,Electronics,WH019,Mekong Warehouse 019,Mekong,371,18,679.13,39,1,2026-05-24T00:00:00+07:00
INV-004642,SKU-0142,Home Item 0142,Home,WH019,Mekong Warehouse 019,Mekong,765,36,2348.02,76,1,2026-05-24T00:00:00+07:00
INV-004643,SKU-0143,Grocery Item 0143,Grocery,WH019,Mekong Warehouse 019,Mekong,273,15,790.83,69,1,2026-05-24T00:00:00+07:00
INV-004644,SKU-0144,Fashion Item 0144,Fashion,WH019,Mekong Warehouse 019,Mekong,568,79,632.21,53,1,2026-05-24T00:00:00+07:00
INV-004645,SKU-0145,Industrial Item 0145,Industrial,WH019,Mekong Warehouse 019,Mekong,201,30,2111.34,102,1,2026-05-24T00:00:00+07:00
INV-004646,SKU-0146,Electronics Item 0146,Electronics,WH019,Mekong Warehouse 019,Mekong,633,11,1760.16,81,1,2026-05-24T00:00:00+07:00
INV-004647,SKU-0147,Home Item 0147,Home,WH019,Mekong Warehouse 019,Mekong,310,34,1279.65,96,1,2026-05-24T00:00:00+07:00
INV-004648,SKU-0148,Grocery Item 0148,Grocery,WH019,Mekong Warehouse 019,Mekong,521,27,963.07,106,1,2026-05-24T00:00:00+07:00
INV-004649,SKU-0149,Fashion Item 0149,Fashion,WH019,Mekong Warehouse 019,Mekong,151,10,1142.98,102,1,2026-05-24T00:00:00+07:00
INV-004650,SKU-0150,Industrial Item 0150,Industrial,WH019,Mekong Warehouse 019,Mekong,312,63,2461.05,35,1,2026-05-24T00:00:00+07:00
INV-004651,SKU-0151,Electronics Item 0151,Electronics,WH019,Mekong Warehouse 019,Mekong,116,4,1988.52,112,1,2026-05-24T00:00:00+07:00
INV-004652,SKU-0152,Home Item 0152,Home,WH019,Mekong Warehouse 019,Mekong,169,30,34.43,30,1,2026-05-24T00:00:00+07:00
INV-004653,SKU-0153,Grocery Item 0153,Grocery,WH019,Mekong Warehouse 019,Mekong,429,67,2459.39,56,1,2026-05-24T00:00:00+07:00
INV-004654,SKU-0154,Fashion Item 0154,Fashion,WH019,Mekong Warehouse 019,Mekong,569,78,668.13,84,1,2026-05-24T00:00:00+07:00
INV-004655,SKU-0155,Industrial Item 0155,Industrial,WH019,Mekong Warehouse 019,Mekong,273,24,499.68,111,1,2026-05-24T00:00:00+07:00
INV-004656,SKU-0156,Electronics Item 0156,Electronics,WH019,Mekong Warehouse 019,Mekong,227,48,1396.43,64,1,2026-05-24T00:00:00+07:00
INV-004657,SKU-0157,Home Item 0157,Home,WH019,Mekong Warehouse 019,Mekong,696,19,269.47,26,1,2026-05-24T00:00:00+07:00
INV-004658,SKU-0158,Grocery Item 0158,Grocery,WH019,Mekong Warehouse 019,Mekong,640,5,1003.18,86,1,2026-05-24T00:00:00+07:00
INV-004659,SKU-0159,Fashion Item 0159,Fashion,WH019,Mekong Warehouse 019,Mekong,541,44,227.91,85,1,2026-05-24T00:00:00+07:00
INV-004660,SKU-0160,Industrial Item 0160,Industrial,WH019,Mekong Warehouse 019,Mekong,200,25,288.92,118,1,2026-05-24T00:00:00+07:00
INV-004661,SKU-0161,Electronics Item 0161,Electronics,WH019,Mekong Warehouse 019,Mekong,366,17,565.79,83,1,2026-05-24T00:00:00+07:00
INV-004662,SKU-0162,Home Item 0162,Home,WH019,Mekong Warehouse 019,Mekong,141,4,464.93,96,1,2026-05-24T00:00:00+07:00
INV-004663,SKU-0163,Grocery Item 0163,Grocery,WH019,Mekong Warehouse 019,Mekong,147,5,2311.78,44,1,2026-05-24T00:00:00+07:00
INV-004664,SKU-0164,Fashion Item 0164,Fashion,WH019,Mekong Warehouse 019,Mekong,777,41,421.41,75,1,2026-05-24T00:00:00+07:00
INV-004665,SKU-0165,Industrial Item 0165,Industrial,WH019,Mekong Warehouse 019,Mekong,761,63,345.79,36,1,2026-05-24T00:00:00+07:00
INV-004666,SKU-0166,Electronics Item 0166,Electronics,WH019,Mekong Warehouse 019,Mekong,81,5,1668.45,76,1,2026-05-24T00:00:00+07:00
INV-004667,SKU-0167,Home Item 0167,Home,WH019,Mekong Warehouse 019,Mekong,152,13,2173.66,41,1,2026-05-24T00:00:00+07:00
INV-004668,SKU-0168,Grocery Item 0168,Grocery,WH019,Mekong Warehouse 019,Mekong,416,4,1625.74,76,1,2026-05-24T00:00:00+07:00
INV-004669,SKU-0169,Fashion Item 0169,Fashion,WH019,Mekong Warehouse 019,Mekong,128,4,909.51,37,1,2026-05-24T00:00:00+07:00
INV-004670,SKU-0170,Industrial Item 0170,Industrial,WH019,Mekong Warehouse 019,Mekong,656,32,1661.49,47,1,2026-05-24T00:00:00+07:00
INV-004671,SKU-0171,Electronics Item 0171,Electronics,WH019,Mekong Warehouse 019,Mekong,774,38,2200.32,84,1,2026-05-24T00:00:00+07:00
INV-004672,SKU-0172,Home Item 0172,Home,WH019,Mekong Warehouse 019,Mekong,745,35,1267.39,39,1,2026-05-24T00:00:00+07:00
INV-004673,SKU-0173,Grocery Item 0173,Grocery,WH019,Mekong Warehouse 019,Mekong,129,10,325.74,33,1,2026-05-24T00:00:00+07:00
INV-004674,SKU-0174,Fashion Item 0174,Fashion,WH019,Mekong Warehouse 019,Mekong,125,28,2438.13,101,1,2026-05-24T00:00:00+07:00
INV-004675,SKU-0175,Industrial Item 0175,Industrial,WH019,Mekong Warehouse 019,Mekong,741,10,89.26,103,1,2026-05-24T00:00:00+07:00
INV-004676,SKU-0176,Electronics Item 0176,Electronics,WH019,Mekong Warehouse 019,Mekong,682,41,110.03,91,1,2026-05-24T00:00:00+07:00
INV-004677,SKU-0177,Home Item 0177,Home,WH019,Mekong Warehouse 019,Mekong,146,10,1640.62,104,1,2026-05-24T00:00:00+07:00
INV-004678,SKU-0178,Grocery Item 0178,Grocery,WH019,Mekong Warehouse 019,Mekong,316,53,96.89,69,1,2026-05-24T00:00:00+07:00
INV-004679,SKU-0179,Fashion Item 0179,Fashion,WH019,Mekong Warehouse 019,Mekong,263,1,430.27,63,1,2026-05-24T00:00:00+07:00
INV-004680,SKU-0180,Industrial Item 0180,Industrial,WH019,Mekong Warehouse 019,Mekong,187,37,1456.94,37,1,2026-05-24T00:00:00+07:00
INV-004681,SKU-0181,Electronics Item 0181,Electronics,WH019,Mekong Warehouse 019,Mekong,343,40,2259.54,89,1,2026-05-24T00:00:00+07:00
INV-004682,SKU-0182,Home Item 0182,Home,WH019,Mekong Warehouse 019,Mekong,417,34,1826.21,95,1,2026-05-24T00:00:00+07:00
INV-004683,SKU-0183,Grocery Item 0183,Grocery,WH019,Mekong Warehouse 019,Mekong,574,57,601.60,108,1,2026-05-24T00:00:00+07:00
INV-004684,SKU-0184,Fashion Item 0184,Fashion,WH019,Mekong Warehouse 019,Mekong,333,16,1393.57,111,1,2026-05-24T00:00:00+07:00
INV-004685,SKU-0185,Industrial Item 0185,Industrial,WH019,Mekong Warehouse 019,Mekong,245,53,397.57,99,1,2026-05-24T00:00:00+07:00
INV-004686,SKU-0186,Electronics Item 0186,Electronics,WH019,Mekong Warehouse 019,Mekong,759,41,252.28,62,1,2026-05-24T00:00:00+07:00
INV-004687,SKU-0187,Home Item 0187,Home,WH019,Mekong Warehouse 019,Mekong,316,41,262.97,106,1,2026-05-24T00:00:00+07:00
INV-004688,SKU-0188,Grocery Item 0188,Grocery,WH019,Mekong Warehouse 019,Mekong,507,0,326.13,32,1,2026-05-24T00:00:00+07:00
INV-004689,SKU-0189,Fashion Item 0189,Fashion,WH019,Mekong Warehouse 019,Mekong,718,42,1720.98,31,1,2026-05-24T00:00:00+07:00
INV-004690,SKU-0190,Industrial Item 0190,Industrial,WH019,Mekong Warehouse 019,Mekong,369,56,588.53,116,1,2026-05-24T00:00:00+07:00
INV-004691,SKU-0191,Electronics Item 0191,Electronics,WH019,Mekong Warehouse 019,Mekong,609,69,226.40,92,1,2026-05-24T00:00:00+07:00
INV-004692,SKU-0192,Home Item 0192,Home,WH019,Mekong Warehouse 019,Mekong,282,45,1855.61,72,1,2026-05-24T00:00:00+07:00
INV-004693,SKU-0193,Grocery Item 0193,Grocery,WH019,Mekong Warehouse 019,Mekong,423,20,424.80,101,1,2026-05-24T00:00:00+07:00
INV-004694,SKU-0194,Fashion Item 0194,Fashion,WH019,Mekong Warehouse 019,Mekong,337,77,1841.04,45,1,2026-05-24T00:00:00+07:00
INV-004695,SKU-0195,Industrial Item 0195,Industrial,WH019,Mekong Warehouse 019,Mekong,353,51,815.78,56,1,2026-05-24T00:00:00+07:00
INV-004696,SKU-0196,Electronics Item 0196,Electronics,WH019,Mekong Warehouse 019,Mekong,291,44,2448.61,116,1,2026-05-24T00:00:00+07:00
INV-004697,SKU-0197,Home Item 0197,Home,WH019,Mekong Warehouse 019,Mekong,431,40,873.97,49,1,2026-05-24T00:00:00+07:00
INV-004698,SKU-0198,Grocery Item 0198,Grocery,WH019,Mekong Warehouse 019,Mekong,189,22,1605.80,104,1,2026-05-24T00:00:00+07:00
INV-004699,SKU-0199,Fashion Item 0199,Fashion,WH019,Mekong Warehouse 019,Mekong,112,23,1572.97,70,1,2026-05-24T00:00:00+07:00
INV-004700,SKU-0200,Industrial Item 0200,Industrial,WH019,Mekong Warehouse 019,Mekong,331,37,1308.10,113,1,2026-05-24T00:00:00+07:00
INV-004701,SKU-0201,Electronics Item 0201,Electronics,WH019,Mekong Warehouse 019,Mekong,617,15,1276.83,35,1,2026-05-24T00:00:00+07:00
INV-004702,SKU-0202,Home Item 0202,Home,WH019,Mekong Warehouse 019,Mekong,147,10,2434.88,96,1,2026-05-24T00:00:00+07:00
INV-004703,SKU-0203,Grocery Item 0203,Grocery,WH019,Mekong Warehouse 019,Mekong,651,27,2284.23,36,1,2026-05-24T00:00:00+07:00
INV-004704,SKU-0204,Fashion Item 0204,Fashion,WH019,Mekong Warehouse 019,Mekong,244,45,2286.28,35,1,2026-05-24T00:00:00+07:00
INV-004705,SKU-0205,Industrial Item 0205,Industrial,WH019,Mekong Warehouse 019,Mekong,332,58,65.55,120,1,2026-05-24T00:00:00+07:00
INV-004706,SKU-0206,Electronics Item 0206,Electronics,WH019,Mekong Warehouse 019,Mekong,719,23,1719.97,65,1,2026-05-24T00:00:00+07:00
INV-004707,SKU-0207,Home Item 0207,Home,WH019,Mekong Warehouse 019,Mekong,580,25,455.30,104,1,2026-05-24T00:00:00+07:00
INV-004708,SKU-0208,Grocery Item 0208,Grocery,WH019,Mekong Warehouse 019,Mekong,721,76,1414.50,73,1,2026-05-24T00:00:00+07:00
INV-004709,SKU-0209,Fashion Item 0209,Fashion,WH019,Mekong Warehouse 019,Mekong,138,4,207.85,59,1,2026-05-24T00:00:00+07:00
INV-004710,SKU-0210,Industrial Item 0210,Industrial,WH019,Mekong Warehouse 019,Mekong,549,43,566.57,47,1,2026-05-24T00:00:00+07:00
INV-004711,SKU-0211,Electronics Item 0211,Electronics,WH019,Mekong Warehouse 019,Mekong,164,34,811.64,90,1,2026-05-24T00:00:00+07:00
INV-004712,SKU-0212,Home Item 0212,Home,WH019,Mekong Warehouse 019,Mekong,748,27,1659.21,53,1,2026-05-24T00:00:00+07:00
INV-004713,SKU-0213,Grocery Item 0213,Grocery,WH019,Mekong Warehouse 019,Mekong,160,35,818.61,55,1,2026-05-24T00:00:00+07:00
INV-004714,SKU-0214,Fashion Item 0214,Fashion,WH019,Mekong Warehouse 019,Mekong,428,58,2163.52,48,1,2026-05-24T00:00:00+07:00
INV-004715,SKU-0215,Industrial Item 0215,Industrial,WH019,Mekong Warehouse 019,Mekong,195,15,1657.49,32,1,2026-05-24T00:00:00+07:00
INV-004716,SKU-0216,Electronics Item 0216,Electronics,WH019,Mekong Warehouse 019,Mekong,692,26,1095.08,84,1,2026-05-24T00:00:00+07:00
INV-004717,SKU-0217,Home Item 0217,Home,WH019,Mekong Warehouse 019,Mekong,713,67,1309.13,97,1,2026-05-24T00:00:00+07:00
INV-004718,SKU-0218,Grocery Item 0218,Grocery,WH019,Mekong Warehouse 019,Mekong,766,28,1365.41,109,1,2026-05-24T00:00:00+07:00
INV-004719,SKU-0219,Fashion Item 0219,Fashion,WH019,Mekong Warehouse 019,Mekong,288,46,1866.41,97,1,2026-05-24T00:00:00+07:00
INV-004720,SKU-0220,Industrial Item 0220,Industrial,WH019,Mekong Warehouse 019,Mekong,645,30,2491.47,87,1,2026-05-24T00:00:00+07:00
INV-004721,SKU-0221,Electronics Item 0221,Electronics,WH019,Mekong Warehouse 019,Mekong,518,44,1159.26,110,1,2026-05-24T00:00:00+07:00
INV-004722,SKU-0222,Home Item 0222,Home,WH019,Mekong Warehouse 019,Mekong,257,36,857.86,34,1,2026-05-24T00:00:00+07:00
INV-004723,SKU-0223,Grocery Item 0223,Grocery,WH019,Mekong Warehouse 019,Mekong,131,0,637.87,103,1,2026-05-24T00:00:00+07:00
INV-004724,SKU-0224,Fashion Item 0224,Fashion,WH019,Mekong Warehouse 019,Mekong,397,59,943.62,34,1,2026-05-24T00:00:00+07:00
INV-004725,SKU-0225,Industrial Item 0225,Industrial,WH019,Mekong Warehouse 019,Mekong,617,77,1365.65,120,1,2026-05-24T00:00:00+07:00
INV-004726,SKU-0226,Electronics Item 0226,Electronics,WH019,Mekong Warehouse 019,Mekong,401,10,2349.34,49,1,2026-05-24T00:00:00+07:00
INV-004727,SKU-0227,Home Item 0227,Home,WH019,Mekong Warehouse 019,Mekong,206,23,2190.35,78,1,2026-05-24T00:00:00+07:00
INV-004728,SKU-0228,Grocery Item 0228,Grocery,WH019,Mekong Warehouse 019,Mekong,484,57,206.70,70,1,2026-05-24T00:00:00+07:00
INV-004729,SKU-0229,Fashion Item 0229,Fashion,WH019,Mekong Warehouse 019,Mekong,84,11,1490.63,70,1,2026-05-24T00:00:00+07:00
INV-004730,SKU-0230,Industrial Item 0230,Industrial,WH019,Mekong Warehouse 019,Mekong,306,15,654.97,71,1,2026-05-24T00:00:00+07:00
INV-004731,SKU-0231,Electronics Item 0231,Electronics,WH019,Mekong Warehouse 019,Mekong,584,10,19.58,65,1,2026-05-24T00:00:00+07:00
INV-004732,SKU-0232,Home Item 0232,Home,WH019,Mekong Warehouse 019,Mekong,97,24,1129.92,62,1,2026-05-24T00:00:00+07:00
INV-004733,SKU-0233,Grocery Item 0233,Grocery,WH019,Mekong Warehouse 019,Mekong,363,49,2426.68,84,1,2026-05-24T00:00:00+07:00
INV-004734,SKU-0234,Fashion Item 0234,Fashion,WH019,Mekong Warehouse 019,Mekong,777,56,889.90,98,1,2026-05-24T00:00:00+07:00
INV-004735,SKU-0235,Industrial Item 0235,Industrial,WH019,Mekong Warehouse 019,Mekong,292,53,1835.24,57,1,2026-05-24T00:00:00+07:00
INV-004736,SKU-0236,Electronics Item 0236,Electronics,WH019,Mekong Warehouse 019,Mekong,673,13,1949.10,79,1,2026-05-24T00:00:00+07:00
INV-004737,SKU-0237,Home Item 0237,Home,WH019,Mekong Warehouse 019,Mekong,355,73,1006.61,38,1,2026-05-24T00:00:00+07:00
INV-004738,SKU-0238,Grocery Item 0238,Grocery,WH019,Mekong Warehouse 019,Mekong,522,38,1380.74,58,1,2026-05-24T00:00:00+07:00
INV-004739,SKU-0239,Fashion Item 0239,Fashion,WH019,Mekong Warehouse 019,Mekong,160,31,707.07,118,1,2026-05-24T00:00:00+07:00
INV-004740,SKU-0240,Industrial Item 0240,Industrial,WH019,Mekong Warehouse 019,Mekong,516,2,1381.94,91,1,2026-05-24T00:00:00+07:00
INV-004741,SKU-0241,Electronics Item 0241,Electronics,WH019,Mekong Warehouse 019,Mekong,684,58,682.58,82,1,2026-05-24T00:00:00+07:00
INV-004742,SKU-0242,Home Item 0242,Home,WH019,Mekong Warehouse 019,Mekong,89,8,1541.11,62,1,2026-05-24T00:00:00+07:00
INV-004743,SKU-0243,Grocery Item 0243,Grocery,WH019,Mekong Warehouse 019,Mekong,775,53,79.11,70,1,2026-05-24T00:00:00+07:00
INV-004744,SKU-0244,Fashion Item 0244,Fashion,WH019,Mekong Warehouse 019,Mekong,694,73,769.19,117,1,2026-05-24T00:00:00+07:00
INV-004745,SKU-0245,Industrial Item 0245,Industrial,WH019,Mekong Warehouse 019,Mekong,735,41,453.41,101,1,2026-05-24T00:00:00+07:00
INV-004746,SKU-0246,Electronics Item 0246,Electronics,WH019,Mekong Warehouse 019,Mekong,342,63,1155.81,119,1,2026-05-24T00:00:00+07:00
INV-004747,SKU-0247,Home Item 0247,Home,WH019,Mekong Warehouse 019,Mekong,353,11,1325.00,37,1,2026-05-24T00:00:00+07:00
INV-004748,SKU-0248,Grocery Item 0248,Grocery,WH019,Mekong Warehouse 019,Mekong,730,48,2166.12,105,1,2026-05-24T00:00:00+07:00
INV-004749,SKU-0249,Fashion Item 0249,Fashion,WH019,Mekong Warehouse 019,Mekong,690,19,2141.11,104,1,2026-05-24T00:00:00+07:00
INV-004750,SKU-0250,Industrial Item 0250,Industrial,WH019,Mekong Warehouse 019,Mekong,315,34,597.98,113,1,2026-05-24T00:00:00+07:00
INV-004751,SKU-0001,Home Item 0001,Home,WH020,Mekong Warehouse 020,Mekong,170,17,1987.41,100,1,2026-05-24T00:00:00+07:00
INV-004752,SKU-0002,Grocery Item 0002,Grocery,WH020,Mekong Warehouse 020,Mekong,361,68,878.68,86,1,2026-05-24T00:00:00+07:00
INV-004753,SKU-0003,Fashion Item 0003,Fashion,WH020,Mekong Warehouse 020,Mekong,392,18,2429.70,62,1,2026-05-24T00:00:00+07:00
INV-004754,SKU-0004,Industrial Item 0004,Industrial,WH020,Mekong Warehouse 020,Mekong,600,25,2110.75,64,1,2026-05-24T00:00:00+07:00
INV-004755,SKU-0005,Electronics Item 0005,Electronics,WH020,Mekong Warehouse 020,Mekong,678,61,2173.67,65,1,2026-05-24T00:00:00+07:00
INV-004756,SKU-0006,Home Item 0006,Home,WH020,Mekong Warehouse 020,Mekong,469,19,2464.22,69,1,2026-05-24T00:00:00+07:00
INV-004757,SKU-0007,Grocery Item 0007,Grocery,WH020,Mekong Warehouse 020,Mekong,436,63,435.10,82,1,2026-05-24T00:00:00+07:00
INV-004758,SKU-0008,Fashion Item 0008,Fashion,WH020,Mekong Warehouse 020,Mekong,295,27,2235.67,88,1,2026-05-24T00:00:00+07:00
INV-004759,SKU-0009,Industrial Item 0009,Industrial,WH020,Mekong Warehouse 020,Mekong,713,41,1801.25,63,1,2026-05-24T00:00:00+07:00
INV-004760,SKU-0010,Electronics Item 0010,Electronics,WH020,Mekong Warehouse 020,Mekong,642,63,938.34,51,1,2026-05-24T00:00:00+07:00
INV-004761,SKU-0011,Home Item 0011,Home,WH020,Mekong Warehouse 020,Mekong,509,72,310.22,34,1,2026-05-24T00:00:00+07:00
INV-004762,SKU-0012,Grocery Item 0012,Grocery,WH020,Mekong Warehouse 020,Mekong,714,46,1976.20,45,1,2026-05-24T00:00:00+07:00
INV-004763,SKU-0013,Fashion Item 0013,Fashion,WH020,Mekong Warehouse 020,Mekong,590,58,1132.25,45,1,2026-05-24T00:00:00+07:00
INV-004764,SKU-0014,Industrial Item 0014,Industrial,WH020,Mekong Warehouse 020,Mekong,761,3,1671.69,90,1,2026-05-24T00:00:00+07:00
INV-004765,SKU-0015,Electronics Item 0015,Electronics,WH020,Mekong Warehouse 020,Mekong,215,11,1777.47,25,1,2026-05-24T00:00:00+07:00
INV-004766,SKU-0016,Home Item 0016,Home,WH020,Mekong Warehouse 020,Mekong,402,65,1017.20,114,1,2026-05-24T00:00:00+07:00
INV-004767,SKU-0017,Grocery Item 0017,Grocery,WH020,Mekong Warehouse 020,Mekong,773,63,539.19,107,1,2026-05-24T00:00:00+07:00
INV-004768,SKU-0018,Fashion Item 0018,Fashion,WH020,Mekong Warehouse 020,Mekong,492,80,812.46,50,1,2026-05-24T00:00:00+07:00
INV-004769,SKU-0019,Industrial Item 0019,Industrial,WH020,Mekong Warehouse 020,Mekong,498,69,1052.62,66,1,2026-05-24T00:00:00+07:00
INV-004770,SKU-0020,Electronics Item 0020,Electronics,WH020,Mekong Warehouse 020,Mekong,606,72,429.64,97,1,2026-05-24T00:00:00+07:00
INV-004771,SKU-0021,Home Item 0021,Home,WH020,Mekong Warehouse 020,Mekong,686,48,1524.70,73,1,2026-05-24T00:00:00+07:00
INV-004772,SKU-0022,Grocery Item 0022,Grocery,WH020,Mekong Warehouse 020,Mekong,277,26,875.47,47,1,2026-05-24T00:00:00+07:00
INV-004773,SKU-0023,Fashion Item 0023,Fashion,WH020,Mekong Warehouse 020,Mekong,432,72,459.00,96,1,2026-05-24T00:00:00+07:00
INV-004774,SKU-0024,Industrial Item 0024,Industrial,WH020,Mekong Warehouse 020,Mekong,209,27,2439.27,112,1,2026-05-24T00:00:00+07:00
INV-004775,SKU-0025,Electronics Item 0025,Electronics,WH020,Mekong Warehouse 020,Mekong,729,13,1734.86,54,1,2026-05-24T00:00:00+07:00
INV-004776,SKU-0026,Home Item 0026,Home,WH020,Mekong Warehouse 020,Mekong,654,11,2285.95,38,1,2026-05-24T00:00:00+07:00
INV-004777,SKU-0027,Grocery Item 0027,Grocery,WH020,Mekong Warehouse 020,Mekong,80,0,1618.18,69,1,2026-05-24T00:00:00+07:00
INV-004778,SKU-0028,Fashion Item 0028,Fashion,WH020,Mekong Warehouse 020,Mekong,100,11,934.59,31,1,2026-05-24T00:00:00+07:00
INV-004779,SKU-0029,Industrial Item 0029,Industrial,WH020,Mekong Warehouse 020,Mekong,478,53,259.33,64,1,2026-05-24T00:00:00+07:00
INV-004780,SKU-0030,Electronics Item 0030,Electronics,WH020,Mekong Warehouse 020,Mekong,634,6,1566.73,101,1,2026-05-24T00:00:00+07:00
INV-004781,SKU-0031,Home Item 0031,Home,WH020,Mekong Warehouse 020,Mekong,251,17,1036.30,27,1,2026-05-24T00:00:00+07:00
INV-004782,SKU-0032,Grocery Item 0032,Grocery,WH020,Mekong Warehouse 020,Mekong,183,12,710.84,103,1,2026-05-24T00:00:00+07:00
INV-004783,SKU-0033,Fashion Item 0033,Fashion,WH020,Mekong Warehouse 020,Mekong,674,30,1784.06,120,1,2026-05-24T00:00:00+07:00
INV-004784,SKU-0034,Industrial Item 0034,Industrial,WH020,Mekong Warehouse 020,Mekong,703,33,539.92,50,1,2026-05-24T00:00:00+07:00
INV-004785,SKU-0035,Electronics Item 0035,Electronics,WH020,Mekong Warehouse 020,Mekong,320,70,1133.83,83,1,2026-05-24T00:00:00+07:00
INV-004786,SKU-0036,Home Item 0036,Home,WH020,Mekong Warehouse 020,Mekong,494,32,1658.43,45,1,2026-05-24T00:00:00+07:00
INV-004787,SKU-0037,Grocery Item 0037,Grocery,WH020,Mekong Warehouse 020,Mekong,105,15,121.45,46,1,2026-05-24T00:00:00+07:00
INV-004788,SKU-0038,Fashion Item 0038,Fashion,WH020,Mekong Warehouse 020,Mekong,298,36,851.33,61,1,2026-05-24T00:00:00+07:00
INV-004789,SKU-0039,Industrial Item 0039,Industrial,WH020,Mekong Warehouse 020,Mekong,306,58,1479.76,51,1,2026-05-24T00:00:00+07:00
INV-004790,SKU-0040,Electronics Item 0040,Electronics,WH020,Mekong Warehouse 020,Mekong,684,63,730.38,56,1,2026-05-24T00:00:00+07:00
INV-004791,SKU-0041,Home Item 0041,Home,WH020,Mekong Warehouse 020,Mekong,646,19,1947.94,33,1,2026-05-24T00:00:00+07:00
INV-004792,SKU-0042,Grocery Item 0042,Grocery,WH020,Mekong Warehouse 020,Mekong,612,28,281.54,81,1,2026-05-24T00:00:00+07:00
INV-004793,SKU-0043,Fashion Item 0043,Fashion,WH020,Mekong Warehouse 020,Mekong,446,65,926.64,118,1,2026-05-24T00:00:00+07:00
INV-004794,SKU-0044,Industrial Item 0044,Industrial,WH020,Mekong Warehouse 020,Mekong,573,23,2320.61,96,1,2026-05-24T00:00:00+07:00
INV-004795,SKU-0045,Electronics Item 0045,Electronics,WH020,Mekong Warehouse 020,Mekong,606,10,110.65,52,1,2026-05-24T00:00:00+07:00
INV-004796,SKU-0046,Home Item 0046,Home,WH020,Mekong Warehouse 020,Mekong,357,7,2234.23,113,1,2026-05-24T00:00:00+07:00
INV-004797,SKU-0047,Grocery Item 0047,Grocery,WH020,Mekong Warehouse 020,Mekong,148,37,1606.88,42,1,2026-05-24T00:00:00+07:00
INV-004798,SKU-0048,Fashion Item 0048,Fashion,WH020,Mekong Warehouse 020,Mekong,480,59,170.43,83,1,2026-05-24T00:00:00+07:00
INV-004799,SKU-0049,Industrial Item 0049,Industrial,WH020,Mekong Warehouse 020,Mekong,411,43,294.58,64,1,2026-05-24T00:00:00+07:00
INV-004800,SKU-0050,Electronics Item 0050,Electronics,WH020,Mekong Warehouse 020,Mekong,549,49,547.66,34,1,2026-05-24T00:00:00+07:00
INV-004801,SKU-0051,Home Item 0051,Home,WH020,Mekong Warehouse 020,Mekong,231,43,559.88,82,1,2026-05-24T00:00:00+07:00
INV-004802,SKU-0052,Grocery Item 0052,Grocery,WH020,Mekong Warehouse 020,Mekong,111,9,809.63,107,1,2026-05-24T00:00:00+07:00
INV-004803,SKU-0053,Fashion Item 0053,Fashion,WH020,Mekong Warehouse 020,Mekong,202,16,1786.38,38,1,2026-05-24T00:00:00+07:00
INV-004804,SKU-0054,Industrial Item 0054,Industrial,WH020,Mekong Warehouse 020,Mekong,136,21,2351.24,54,1,2026-05-24T00:00:00+07:00
INV-004805,SKU-0055,Electronics Item 0055,Electronics,WH020,Mekong Warehouse 020,Mekong,564,42,1110.81,31,1,2026-05-24T00:00:00+07:00
INV-004806,SKU-0056,Home Item 0056,Home,WH020,Mekong Warehouse 020,Mekong,395,60,919.22,47,1,2026-05-24T00:00:00+07:00
INV-004807,SKU-0057,Grocery Item 0057,Grocery,WH020,Mekong Warehouse 020,Mekong,190,5,2306.54,112,1,2026-05-24T00:00:00+07:00
INV-004808,SKU-0058,Fashion Item 0058,Fashion,WH020,Mekong Warehouse 020,Mekong,263,18,1615.09,106,1,2026-05-24T00:00:00+07:00
INV-004809,SKU-0059,Industrial Item 0059,Industrial,WH020,Mekong Warehouse 020,Mekong,180,31,524.47,39,1,2026-05-24T00:00:00+07:00
INV-004810,SKU-0060,Electronics Item 0060,Electronics,WH020,Mekong Warehouse 020,Mekong,250,59,1436.06,95,1,2026-05-24T00:00:00+07:00
INV-004811,SKU-0061,Home Item 0061,Home,WH020,Mekong Warehouse 020,Mekong,284,11,171.40,58,1,2026-05-24T00:00:00+07:00
INV-004812,SKU-0062,Grocery Item 0062,Grocery,WH020,Mekong Warehouse 020,Mekong,458,51,316.20,27,1,2026-05-24T00:00:00+07:00
INV-004813,SKU-0063,Fashion Item 0063,Fashion,WH020,Mekong Warehouse 020,Mekong,211,2,2243.54,79,1,2026-05-24T00:00:00+07:00
INV-004814,SKU-0064,Industrial Item 0064,Industrial,WH020,Mekong Warehouse 020,Mekong,664,25,715.20,100,1,2026-05-24T00:00:00+07:00
INV-004815,SKU-0065,Electronics Item 0065,Electronics,WH020,Mekong Warehouse 020,Mekong,87,14,792.99,31,1,2026-05-24T00:00:00+07:00
INV-004816,SKU-0066,Home Item 0066,Home,WH020,Mekong Warehouse 020,Mekong,633,50,1400.24,114,1,2026-05-24T00:00:00+07:00
INV-004817,SKU-0067,Grocery Item 0067,Grocery,WH020,Mekong Warehouse 020,Mekong,270,6,343.65,76,1,2026-05-24T00:00:00+07:00
INV-004818,SKU-0068,Fashion Item 0068,Fashion,WH020,Mekong Warehouse 020,Mekong,566,78,1949.49,119,1,2026-05-24T00:00:00+07:00
INV-004819,SKU-0069,Industrial Item 0069,Industrial,WH020,Mekong Warehouse 020,Mekong,104,0,1699.07,73,1,2026-05-24T00:00:00+07:00
INV-004820,SKU-0070,Electronics Item 0070,Electronics,WH020,Mekong Warehouse 020,Mekong,776,52,2463.74,36,1,2026-05-24T00:00:00+07:00
INV-004821,SKU-0071,Home Item 0071,Home,WH020,Mekong Warehouse 020,Mekong,738,46,75.64,68,1,2026-05-24T00:00:00+07:00
INV-004822,SKU-0072,Grocery Item 0072,Grocery,WH020,Mekong Warehouse 020,Mekong,411,48,2341.20,66,1,2026-05-24T00:00:00+07:00
INV-004823,SKU-0073,Fashion Item 0073,Fashion,WH020,Mekong Warehouse 020,Mekong,590,34,2350.60,116,1,2026-05-24T00:00:00+07:00
INV-004824,SKU-0074,Industrial Item 0074,Industrial,WH020,Mekong Warehouse 020,Mekong,419,18,1435.36,65,1,2026-05-24T00:00:00+07:00
INV-004825,SKU-0075,Electronics Item 0075,Electronics,WH020,Mekong Warehouse 020,Mekong,711,28,693.89,62,1,2026-05-24T00:00:00+07:00
INV-004826,SKU-0076,Home Item 0076,Home,WH020,Mekong Warehouse 020,Mekong,722,14,1657.84,33,1,2026-05-24T00:00:00+07:00
INV-004827,SKU-0077,Grocery Item 0077,Grocery,WH020,Mekong Warehouse 020,Mekong,204,37,397.66,41,1,2026-05-24T00:00:00+07:00
INV-004828,SKU-0078,Fashion Item 0078,Fashion,WH020,Mekong Warehouse 020,Mekong,271,59,455.48,35,1,2026-05-24T00:00:00+07:00
INV-004829,SKU-0079,Industrial Item 0079,Industrial,WH020,Mekong Warehouse 020,Mekong,752,50,2363.00,95,1,2026-05-24T00:00:00+07:00
INV-004830,SKU-0080,Electronics Item 0080,Electronics,WH020,Mekong Warehouse 020,Mekong,390,16,968.74,97,1,2026-05-24T00:00:00+07:00
INV-004831,SKU-0081,Home Item 0081,Home,WH020,Mekong Warehouse 020,Mekong,559,21,21.42,58,1,2026-05-24T00:00:00+07:00
INV-004832,SKU-0082,Grocery Item 0082,Grocery,WH020,Mekong Warehouse 020,Mekong,649,76,855.68,54,1,2026-05-24T00:00:00+07:00
INV-004833,SKU-0083,Fashion Item 0083,Fashion,WH020,Mekong Warehouse 020,Mekong,586,72,2338.53,55,1,2026-05-24T00:00:00+07:00
INV-004834,SKU-0084,Industrial Item 0084,Industrial,WH020,Mekong Warehouse 020,Mekong,610,61,1242.98,83,1,2026-05-24T00:00:00+07:00
INV-004835,SKU-0085,Electronics Item 0085,Electronics,WH020,Mekong Warehouse 020,Mekong,785,40,548.57,66,1,2026-05-24T00:00:00+07:00
INV-004836,SKU-0086,Home Item 0086,Home,WH020,Mekong Warehouse 020,Mekong,302,48,866.10,92,1,2026-05-24T00:00:00+07:00
INV-004837,SKU-0087,Grocery Item 0087,Grocery,WH020,Mekong Warehouse 020,Mekong,295,16,487.35,43,1,2026-05-24T00:00:00+07:00
INV-004838,SKU-0088,Fashion Item 0088,Fashion,WH020,Mekong Warehouse 020,Mekong,282,58,299.98,30,1,2026-05-24T00:00:00+07:00
INV-004839,SKU-0089,Industrial Item 0089,Industrial,WH020,Mekong Warehouse 020,Mekong,165,12,1177.00,35,1,2026-05-24T00:00:00+07:00
INV-004840,SKU-0090,Electronics Item 0090,Electronics,WH020,Mekong Warehouse 020,Mekong,226,39,845.76,69,1,2026-05-24T00:00:00+07:00
INV-004841,SKU-0091,Home Item 0091,Home,WH020,Mekong Warehouse 020,Mekong,664,35,1544.77,96,1,2026-05-24T00:00:00+07:00
INV-004842,SKU-0092,Grocery Item 0092,Grocery,WH020,Mekong Warehouse 020,Mekong,783,59,9.74,104,1,2026-05-24T00:00:00+07:00
INV-004843,SKU-0093,Fashion Item 0093,Fashion,WH020,Mekong Warehouse 020,Mekong,608,1,1058.98,91,1,2026-05-24T00:00:00+07:00
INV-004844,SKU-0094,Industrial Item 0094,Industrial,WH020,Mekong Warehouse 020,Mekong,560,70,1293.36,29,1,2026-05-24T00:00:00+07:00
INV-004845,SKU-0095,Electronics Item 0095,Electronics,WH020,Mekong Warehouse 020,Mekong,166,10,2136.83,73,1,2026-05-24T00:00:00+07:00
INV-004846,SKU-0096,Home Item 0096,Home,WH020,Mekong Warehouse 020,Mekong,249,54,2029.99,117,1,2026-05-24T00:00:00+07:00
INV-004847,SKU-0097,Grocery Item 0097,Grocery,WH020,Mekong Warehouse 020,Mekong,493,33,486.37,75,1,2026-05-24T00:00:00+07:00
INV-004848,SKU-0098,Fashion Item 0098,Fashion,WH020,Mekong Warehouse 020,Mekong,729,71,1365.74,89,1,2026-05-24T00:00:00+07:00
INV-004849,SKU-0099,Industrial Item 0099,Industrial,WH020,Mekong Warehouse 020,Mekong,329,68,371.10,27,1,2026-05-24T00:00:00+07:00
INV-004850,SKU-0100,Electronics Item 0100,Electronics,WH020,Mekong Warehouse 020,Mekong,767,19,976.71,40,1,2026-05-24T00:00:00+07:00
INV-004851,SKU-0101,Home Item 0101,Home,WH020,Mekong Warehouse 020,Mekong,502,36,1770.40,90,1,2026-05-24T00:00:00+07:00
INV-004852,SKU-0102,Grocery Item 0102,Grocery,WH020,Mekong Warehouse 020,Mekong,439,34,513.76,45,1,2026-05-24T00:00:00+07:00
INV-004853,SKU-0103,Fashion Item 0103,Fashion,WH020,Mekong Warehouse 020,Mekong,462,52,1133.99,88,1,2026-05-24T00:00:00+07:00
INV-004854,SKU-0104,Industrial Item 0104,Industrial,WH020,Mekong Warehouse 020,Mekong,280,11,2403.73,63,1,2026-05-24T00:00:00+07:00
INV-004855,SKU-0105,Electronics Item 0105,Electronics,WH020,Mekong Warehouse 020,Mekong,283,51,2488.08,119,1,2026-05-24T00:00:00+07:00
INV-004856,SKU-0106,Home Item 0106,Home,WH020,Mekong Warehouse 020,Mekong,388,15,2498.18,79,1,2026-05-24T00:00:00+07:00
INV-004857,SKU-0107,Grocery Item 0107,Grocery,WH020,Mekong Warehouse 020,Mekong,676,66,2164.29,108,1,2026-05-24T00:00:00+07:00
INV-004858,SKU-0108,Fashion Item 0108,Fashion,WH020,Mekong Warehouse 020,Mekong,389,29,927.15,102,1,2026-05-24T00:00:00+07:00
INV-004859,SKU-0109,Industrial Item 0109,Industrial,WH020,Mekong Warehouse 020,Mekong,532,55,1630.29,63,1,2026-05-24T00:00:00+07:00
INV-004860,SKU-0110,Electronics Item 0110,Electronics,WH020,Mekong Warehouse 020,Mekong,403,51,1828.35,114,1,2026-05-24T00:00:00+07:00
INV-004861,SKU-0111,Home Item 0111,Home,WH020,Mekong Warehouse 020,Mekong,483,66,1229.28,103,1,2026-05-24T00:00:00+07:00
INV-004862,SKU-0112,Grocery Item 0112,Grocery,WH020,Mekong Warehouse 020,Mekong,598,49,1889.38,100,1,2026-05-24T00:00:00+07:00
INV-004863,SKU-0113,Fashion Item 0113,Fashion,WH020,Mekong Warehouse 020,Mekong,498,0,2178.98,44,1,2026-05-24T00:00:00+07:00
INV-004864,SKU-0114,Industrial Item 0114,Industrial,WH020,Mekong Warehouse 020,Mekong,770,6,2383.46,37,1,2026-05-24T00:00:00+07:00
INV-004865,SKU-0115,Electronics Item 0115,Electronics,WH020,Mekong Warehouse 020,Mekong,267,14,462.37,52,1,2026-05-24T00:00:00+07:00
INV-004866,SKU-0116,Home Item 0116,Home,WH020,Mekong Warehouse 020,Mekong,429,59,2224.34,96,1,2026-05-24T00:00:00+07:00
INV-004867,SKU-0117,Grocery Item 0117,Grocery,WH020,Mekong Warehouse 020,Mekong,473,16,1166.91,43,1,2026-05-24T00:00:00+07:00
INV-004868,SKU-0118,Fashion Item 0118,Fashion,WH020,Mekong Warehouse 020,Mekong,366,64,1789.92,96,1,2026-05-24T00:00:00+07:00
INV-004869,SKU-0119,Industrial Item 0119,Industrial,WH020,Mekong Warehouse 020,Mekong,687,24,1180.81,53,1,2026-05-24T00:00:00+07:00
INV-004870,SKU-0120,Electronics Item 0120,Electronics,WH020,Mekong Warehouse 020,Mekong,168,29,57.11,75,1,2026-05-24T00:00:00+07:00
INV-004871,SKU-0121,Home Item 0121,Home,WH020,Mekong Warehouse 020,Mekong,355,65,485.72,95,1,2026-05-24T00:00:00+07:00
INV-004872,SKU-0122,Grocery Item 0122,Grocery,WH020,Mekong Warehouse 020,Mekong,599,56,1675.69,110,1,2026-05-24T00:00:00+07:00
INV-004873,SKU-0123,Fashion Item 0123,Fashion,WH020,Mekong Warehouse 020,Mekong,586,2,581.91,91,1,2026-05-24T00:00:00+07:00
INV-004874,SKU-0124,Industrial Item 0124,Industrial,WH020,Mekong Warehouse 020,Mekong,694,5,1062.57,97,1,2026-05-24T00:00:00+07:00
INV-004875,SKU-0125,Electronics Item 0125,Electronics,WH020,Mekong Warehouse 020,Mekong,619,70,2309.79,92,1,2026-05-24T00:00:00+07:00
INV-004876,SKU-0126,Home Item 0126,Home,WH020,Mekong Warehouse 020,Mekong,582,5,2128.37,31,1,2026-05-24T00:00:00+07:00
INV-004877,SKU-0127,Grocery Item 0127,Grocery,WH020,Mekong Warehouse 020,Mekong,483,23,1671.01,107,1,2026-05-24T00:00:00+07:00
INV-004878,SKU-0128,Fashion Item 0128,Fashion,WH020,Mekong Warehouse 020,Mekong,498,10,2301.58,111,1,2026-05-24T00:00:00+07:00
INV-004879,SKU-0129,Industrial Item 0129,Industrial,WH020,Mekong Warehouse 020,Mekong,102,0,1644.57,36,1,2026-05-24T00:00:00+07:00
INV-004880,SKU-0130,Electronics Item 0130,Electronics,WH020,Mekong Warehouse 020,Mekong,415,19,1957.68,107,1,2026-05-24T00:00:00+07:00
INV-004881,SKU-0131,Home Item 0131,Home,WH020,Mekong Warehouse 020,Mekong,190,8,2282.16,118,1,2026-05-24T00:00:00+07:00
INV-004882,SKU-0132,Grocery Item 0132,Grocery,WH020,Mekong Warehouse 020,Mekong,570,42,452.92,28,1,2026-05-24T00:00:00+07:00
INV-004883,SKU-0133,Fashion Item 0133,Fashion,WH020,Mekong Warehouse 020,Mekong,594,5,2348.26,69,1,2026-05-24T00:00:00+07:00
INV-004884,SKU-0134,Industrial Item 0134,Industrial,WH020,Mekong Warehouse 020,Mekong,769,32,747.53,30,1,2026-05-24T00:00:00+07:00
INV-004885,SKU-0135,Electronics Item 0135,Electronics,WH020,Mekong Warehouse 020,Mekong,685,54,212.49,73,1,2026-05-24T00:00:00+07:00
INV-004886,SKU-0136,Home Item 0136,Home,WH020,Mekong Warehouse 020,Mekong,528,41,2143.10,82,1,2026-05-24T00:00:00+07:00
INV-004887,SKU-0137,Grocery Item 0137,Grocery,WH020,Mekong Warehouse 020,Mekong,693,28,313.98,33,1,2026-05-24T00:00:00+07:00
INV-004888,SKU-0138,Fashion Item 0138,Fashion,WH020,Mekong Warehouse 020,Mekong,757,41,1550.60,66,1,2026-05-24T00:00:00+07:00
INV-004889,SKU-0139,Industrial Item 0139,Industrial,WH020,Mekong Warehouse 020,Mekong,236,13,20.41,76,1,2026-05-24T00:00:00+07:00
INV-004890,SKU-0140,Electronics Item 0140,Electronics,WH020,Mekong Warehouse 020,Mekong,225,54,2275.21,28,1,2026-05-24T00:00:00+07:00
INV-004891,SKU-0141,Home Item 0141,Home,WH020,Mekong Warehouse 020,Mekong,659,76,814.73,90,1,2026-05-24T00:00:00+07:00
INV-004892,SKU-0142,Grocery Item 0142,Grocery,WH020,Mekong Warehouse 020,Mekong,180,43,708.38,45,1,2026-05-24T00:00:00+07:00
INV-004893,SKU-0143,Fashion Item 0143,Fashion,WH020,Mekong Warehouse 020,Mekong,795,11,1153.76,68,1,2026-05-24T00:00:00+07:00
INV-004894,SKU-0144,Industrial Item 0144,Industrial,WH020,Mekong Warehouse 020,Mekong,219,41,740.66,51,1,2026-05-24T00:00:00+07:00
INV-004895,SKU-0145,Electronics Item 0145,Electronics,WH020,Mekong Warehouse 020,Mekong,566,32,1445.39,112,1,2026-05-24T00:00:00+07:00
INV-004896,SKU-0146,Home Item 0146,Home,WH020,Mekong Warehouse 020,Mekong,158,0,1820.63,92,1,2026-05-24T00:00:00+07:00
INV-004897,SKU-0147,Grocery Item 0147,Grocery,WH020,Mekong Warehouse 020,Mekong,741,75,1857.80,36,1,2026-05-24T00:00:00+07:00
INV-004898,SKU-0148,Fashion Item 0148,Fashion,WH020,Mekong Warehouse 020,Mekong,527,58,904.08,65,1,2026-05-24T00:00:00+07:00
INV-004899,SKU-0149,Industrial Item 0149,Industrial,WH020,Mekong Warehouse 020,Mekong,786,58,196.83,94,1,2026-05-24T00:00:00+07:00
INV-004900,SKU-0150,Electronics Item 0150,Electronics,WH020,Mekong Warehouse 020,Mekong,290,68,1286.39,75,1,2026-05-24T00:00:00+07:00
INV-004901,SKU-0151,Home Item 0151,Home,WH020,Mekong Warehouse 020,Mekong,549,50,518.06,38,1,2026-05-24T00:00:00+07:00
INV-004902,SKU-0152,Grocery Item 0152,Grocery,WH020,Mekong Warehouse 020,Mekong,734,40,911.10,81,1,2026-05-24T00:00:00+07:00
INV-004903,SKU-0153,Fashion Item 0153,Fashion,WH020,Mekong Warehouse 020,Mekong,670,48,896.21,119,1,2026-05-24T00:00:00+07:00
INV-004904,SKU-0154,Industrial Item 0154,Industrial,WH020,Mekong Warehouse 020,Mekong,499,75,486.90,76,1,2026-05-24T00:00:00+07:00
INV-004905,SKU-0155,Electronics Item 0155,Electronics,WH020,Mekong Warehouse 020,Mekong,507,30,579.36,110,1,2026-05-24T00:00:00+07:00
INV-004906,SKU-0156,Home Item 0156,Home,WH020,Mekong Warehouse 020,Mekong,219,35,481.48,111,1,2026-05-24T00:00:00+07:00
INV-004907,SKU-0157,Grocery Item 0157,Grocery,WH020,Mekong Warehouse 020,Mekong,508,67,1167.30,45,1,2026-05-24T00:00:00+07:00
INV-004908,SKU-0158,Fashion Item 0158,Fashion,WH020,Mekong Warehouse 020,Mekong,490,64,2263.14,80,1,2026-05-24T00:00:00+07:00
INV-004909,SKU-0159,Industrial Item 0159,Industrial,WH020,Mekong Warehouse 020,Mekong,538,42,188.16,96,1,2026-05-24T00:00:00+07:00
INV-004910,SKU-0160,Electronics Item 0160,Electronics,WH020,Mekong Warehouse 020,Mekong,728,77,1393.62,75,1,2026-05-24T00:00:00+07:00
INV-004911,SKU-0161,Home Item 0161,Home,WH020,Mekong Warehouse 020,Mekong,643,7,1258.43,35,1,2026-05-24T00:00:00+07:00
INV-004912,SKU-0162,Grocery Item 0162,Grocery,WH020,Mekong Warehouse 020,Mekong,278,32,2301.47,74,1,2026-05-24T00:00:00+07:00
INV-004913,SKU-0163,Fashion Item 0163,Fashion,WH020,Mekong Warehouse 020,Mekong,496,66,1773.80,83,1,2026-05-24T00:00:00+07:00
INV-004914,SKU-0164,Industrial Item 0164,Industrial,WH020,Mekong Warehouse 020,Mekong,719,66,1989.80,39,1,2026-05-24T00:00:00+07:00
INV-004915,SKU-0165,Electronics Item 0165,Electronics,WH020,Mekong Warehouse 020,Mekong,517,4,541.59,67,1,2026-05-24T00:00:00+07:00
INV-004916,SKU-0166,Home Item 0166,Home,WH020,Mekong Warehouse 020,Mekong,597,78,1295.37,72,1,2026-05-24T00:00:00+07:00
INV-004917,SKU-0167,Grocery Item 0167,Grocery,WH020,Mekong Warehouse 020,Mekong,299,40,430.68,110,1,2026-05-24T00:00:00+07:00
INV-004918,SKU-0168,Fashion Item 0168,Fashion,WH020,Mekong Warehouse 020,Mekong,710,25,965.97,102,1,2026-05-24T00:00:00+07:00
INV-004919,SKU-0169,Industrial Item 0169,Industrial,WH020,Mekong Warehouse 020,Mekong,793,5,1067.11,82,1,2026-05-24T00:00:00+07:00
INV-004920,SKU-0170,Electronics Item 0170,Electronics,WH020,Mekong Warehouse 020,Mekong,451,75,950.09,67,1,2026-05-24T00:00:00+07:00
INV-004921,SKU-0171,Home Item 0171,Home,WH020,Mekong Warehouse 020,Mekong,610,59,1214.68,56,1,2026-05-24T00:00:00+07:00
INV-004922,SKU-0172,Grocery Item 0172,Grocery,WH020,Mekong Warehouse 020,Mekong,88,11,511.07,35,1,2026-05-24T00:00:00+07:00
INV-004923,SKU-0173,Fashion Item 0173,Fashion,WH020,Mekong Warehouse 020,Mekong,642,62,1968.13,49,1,2026-05-24T00:00:00+07:00
INV-004924,SKU-0174,Industrial Item 0174,Industrial,WH020,Mekong Warehouse 020,Mekong,556,14,1068.41,76,1,2026-05-24T00:00:00+07:00
INV-004925,SKU-0175,Electronics Item 0175,Electronics,WH020,Mekong Warehouse 020,Mekong,236,8,1816.79,97,1,2026-05-24T00:00:00+07:00
INV-004926,SKU-0176,Home Item 0176,Home,WH020,Mekong Warehouse 020,Mekong,715,9,364.99,81,1,2026-05-24T00:00:00+07:00
INV-004927,SKU-0177,Grocery Item 0177,Grocery,WH020,Mekong Warehouse 020,Mekong,441,47,309.61,79,1,2026-05-24T00:00:00+07:00
INV-004928,SKU-0178,Fashion Item 0178,Fashion,WH020,Mekong Warehouse 020,Mekong,790,49,1523.51,57,1,2026-05-24T00:00:00+07:00
INV-004929,SKU-0179,Industrial Item 0179,Industrial,WH020,Mekong Warehouse 020,Mekong,450,33,1893.83,111,1,2026-05-24T00:00:00+07:00
INV-004930,SKU-0180,Electronics Item 0180,Electronics,WH020,Mekong Warehouse 020,Mekong,359,41,1672.71,25,1,2026-05-24T00:00:00+07:00
INV-004931,SKU-0181,Home Item 0181,Home,WH020,Mekong Warehouse 020,Mekong,511,52,464.28,32,1,2026-05-24T00:00:00+07:00
INV-004932,SKU-0182,Grocery Item 0182,Grocery,WH020,Mekong Warehouse 020,Mekong,738,65,1967.87,86,1,2026-05-24T00:00:00+07:00
INV-004933,SKU-0183,Fashion Item 0183,Fashion,WH020,Mekong Warehouse 020,Mekong,307,69,424.62,103,1,2026-05-24T00:00:00+07:00
INV-004934,SKU-0184,Industrial Item 0184,Industrial,WH020,Mekong Warehouse 020,Mekong,671,44,1653.18,104,1,2026-05-24T00:00:00+07:00
INV-004935,SKU-0185,Electronics Item 0185,Electronics,WH020,Mekong Warehouse 020,Mekong,783,23,1780.96,93,1,2026-05-24T00:00:00+07:00
INV-004936,SKU-0186,Home Item 0186,Home,WH020,Mekong Warehouse 020,Mekong,235,52,87.30,82,1,2026-05-24T00:00:00+07:00
INV-004937,SKU-0187,Grocery Item 0187,Grocery,WH020,Mekong Warehouse 020,Mekong,631,52,440.10,111,1,2026-05-24T00:00:00+07:00
INV-004938,SKU-0188,Fashion Item 0188,Fashion,WH020,Mekong Warehouse 020,Mekong,95,6,2009.86,120,1,2026-05-24T00:00:00+07:00
INV-004939,SKU-0189,Industrial Item 0189,Industrial,WH020,Mekong Warehouse 020,Mekong,153,4,431.30,91,1,2026-05-24T00:00:00+07:00
INV-004940,SKU-0190,Electronics Item 0190,Electronics,WH020,Mekong Warehouse 020,Mekong,582,5,745.36,115,1,2026-05-24T00:00:00+07:00
INV-004941,SKU-0191,Home Item 0191,Home,WH020,Mekong Warehouse 020,Mekong,185,30,493.82,113,1,2026-05-24T00:00:00+07:00
INV-004942,SKU-0192,Grocery Item 0192,Grocery,WH020,Mekong Warehouse 020,Mekong,674,32,1169.65,104,1,2026-05-24T00:00:00+07:00
INV-004943,SKU-0193,Fashion Item 0193,Fashion,WH020,Mekong Warehouse 020,Mekong,610,65,2260.29,26,1,2026-05-24T00:00:00+07:00
INV-004944,SKU-0194,Industrial Item 0194,Industrial,WH020,Mekong Warehouse 020,Mekong,377,75,1562.10,103,1,2026-05-24T00:00:00+07:00
INV-004945,SKU-0195,Electronics Item 0195,Electronics,WH020,Mekong Warehouse 020,Mekong,346,35,134.40,55,1,2026-05-24T00:00:00+07:00
INV-004946,SKU-0196,Home Item 0196,Home,WH020,Mekong Warehouse 020,Mekong,551,10,588.97,97,1,2026-05-24T00:00:00+07:00
INV-004947,SKU-0197,Grocery Item 0197,Grocery,WH020,Mekong Warehouse 020,Mekong,325,72,1636.18,111,1,2026-05-24T00:00:00+07:00
INV-004948,SKU-0198,Fashion Item 0198,Fashion,WH020,Mekong Warehouse 020,Mekong,669,9,1194.46,119,1,2026-05-24T00:00:00+07:00
INV-004949,SKU-0199,Industrial Item 0199,Industrial,WH020,Mekong Warehouse 020,Mekong,684,6,224.38,88,1,2026-05-24T00:00:00+07:00
INV-004950,SKU-0200,Electronics Item 0200,Electronics,WH020,Mekong Warehouse 020,Mekong,83,8,2258.50,37,1,2026-05-24T00:00:00+07:00
INV-004951,SKU-0201,Home Item 0201,Home,WH020,Mekong Warehouse 020,Mekong,481,78,282.55,76,1,2026-05-24T00:00:00+07:00
INV-004952,SKU-0202,Grocery Item 0202,Grocery,WH020,Mekong Warehouse 020,Mekong,619,30,377.28,46,1,2026-05-24T00:00:00+07:00
INV-004953,SKU-0203,Fashion Item 0203,Fashion,WH020,Mekong Warehouse 020,Mekong,620,75,1316.70,114,1,2026-05-24T00:00:00+07:00
INV-004954,SKU-0204,Industrial Item 0204,Industrial,WH020,Mekong Warehouse 020,Mekong,445,16,77.23,113,1,2026-05-24T00:00:00+07:00
INV-004955,SKU-0205,Electronics Item 0205,Electronics,WH020,Mekong Warehouse 020,Mekong,202,40,2491.97,93,1,2026-05-24T00:00:00+07:00
INV-004956,SKU-0206,Home Item 0206,Home,WH020,Mekong Warehouse 020,Mekong,203,8,908.35,96,1,2026-05-24T00:00:00+07:00
INV-004957,SKU-0207,Grocery Item 0207,Grocery,WH020,Mekong Warehouse 020,Mekong,232,52,2341.28,67,1,2026-05-24T00:00:00+07:00
INV-004958,SKU-0208,Fashion Item 0208,Fashion,WH020,Mekong Warehouse 020,Mekong,186,17,1732.51,41,1,2026-05-24T00:00:00+07:00
INV-004959,SKU-0209,Industrial Item 0209,Industrial,WH020,Mekong Warehouse 020,Mekong,92,4,1866.51,46,1,2026-05-24T00:00:00+07:00
INV-004960,SKU-0210,Electronics Item 0210,Electronics,WH020,Mekong Warehouse 020,Mekong,145,20,575.16,69,1,2026-05-24T00:00:00+07:00
INV-004961,SKU-0211,Home Item 0211,Home,WH020,Mekong Warehouse 020,Mekong,769,55,79.61,37,1,2026-05-24T00:00:00+07:00
INV-004962,SKU-0212,Grocery Item 0212,Grocery,WH020,Mekong Warehouse 020,Mekong,564,43,537.76,66,1,2026-05-24T00:00:00+07:00
INV-004963,SKU-0213,Fashion Item 0213,Fashion,WH020,Mekong Warehouse 020,Mekong,161,36,1334.00,93,1,2026-05-24T00:00:00+07:00
INV-004964,SKU-0214,Industrial Item 0214,Industrial,WH020,Mekong Warehouse 020,Mekong,624,42,1764.89,97,1,2026-05-24T00:00:00+07:00
INV-004965,SKU-0215,Electronics Item 0215,Electronics,WH020,Mekong Warehouse 020,Mekong,526,27,1056.76,97,1,2026-05-24T00:00:00+07:00
INV-004966,SKU-0216,Home Item 0216,Home,WH020,Mekong Warehouse 020,Mekong,127,20,671.91,71,1,2026-05-24T00:00:00+07:00
INV-004967,SKU-0217,Grocery Item 0217,Grocery,WH020,Mekong Warehouse 020,Mekong,514,19,1828.96,117,1,2026-05-24T00:00:00+07:00
INV-004968,SKU-0218,Fashion Item 0218,Fashion,WH020,Mekong Warehouse 020,Mekong,83,9,11.43,80,1,2026-05-24T00:00:00+07:00
INV-004969,SKU-0219,Industrial Item 0219,Industrial,WH020,Mekong Warehouse 020,Mekong,592,74,1436.60,44,1,2026-05-24T00:00:00+07:00
INV-004970,SKU-0220,Electronics Item 0220,Electronics,WH020,Mekong Warehouse 020,Mekong,498,50,217.64,47,1,2026-05-24T00:00:00+07:00
INV-004971,SKU-0221,Home Item 0221,Home,WH020,Mekong Warehouse 020,Mekong,329,55,1738.00,99,1,2026-05-24T00:00:00+07:00
INV-004972,SKU-0222,Grocery Item 0222,Grocery,WH020,Mekong Warehouse 020,Mekong,234,34,915.87,35,1,2026-05-24T00:00:00+07:00
INV-004973,SKU-0223,Fashion Item 0223,Fashion,WH020,Mekong Warehouse 020,Mekong,724,71,1709.39,102,1,2026-05-24T00:00:00+07:00
INV-004974,SKU-0224,Industrial Item 0224,Industrial,WH020,Mekong Warehouse 020,Mekong,181,10,1006.58,90,1,2026-05-24T00:00:00+07:00
INV-004975,SKU-0225,Electronics Item 0225,Electronics,WH020,Mekong Warehouse 020,Mekong,402,40,909.72,64,1,2026-05-24T00:00:00+07:00
INV-004976,SKU-0226,Home Item 0226,Home,WH020,Mekong Warehouse 020,Mekong,126,0,2411.02,70,1,2026-05-24T00:00:00+07:00
INV-004977,SKU-0227,Grocery Item 0227,Grocery,WH020,Mekong Warehouse 020,Mekong,429,10,384.76,31,1,2026-05-24T00:00:00+07:00
INV-004978,SKU-0228,Fashion Item 0228,Fashion,WH020,Mekong Warehouse 020,Mekong,126,17,1293.99,72,1,2026-05-24T00:00:00+07:00
INV-004979,SKU-0229,Industrial Item 0229,Industrial,WH020,Mekong Warehouse 020,Mekong,185,27,434.50,76,1,2026-05-24T00:00:00+07:00
INV-004980,SKU-0230,Electronics Item 0230,Electronics,WH020,Mekong Warehouse 020,Mekong,726,12,449.23,94,1,2026-05-24T00:00:00+07:00
INV-004981,SKU-0231,Home Item 0231,Home,WH020,Mekong Warehouse 020,Mekong,597,34,1442.85,71,1,2026-05-24T00:00:00+07:00
INV-004982,SKU-0232,Grocery Item 0232,Grocery,WH020,Mekong Warehouse 020,Mekong,687,7,2001.26,75,1,2026-05-24T00:00:00+07:00
INV-004983,SKU-0233,Fashion Item 0233,Fashion,WH020,Mekong Warehouse 020,Mekong,587,62,1481.50,119,1,2026-05-24T00:00:00+07:00
INV-004984,SKU-0234,Industrial Item 0234,Industrial,WH020,Mekong Warehouse 020,Mekong,515,32,1097.49,119,1,2026-05-24T00:00:00+07:00
INV-004985,SKU-0235,Electronics Item 0235,Electronics,WH020,Mekong Warehouse 020,Mekong,450,47,238.94,42,1,2026-05-24T00:00:00+07:00
INV-004986,SKU-0236,Home Item 0236,Home,WH020,Mekong Warehouse 020,Mekong,359,27,962.42,46,1,2026-05-24T00:00:00+07:00
INV-004987,SKU-0237,Grocery Item 0237,Grocery,WH020,Mekong Warehouse 020,Mekong,776,4,2171.95,47,1,2026-05-24T00:00:00+07:00
INV-004988,SKU-0238,Fashion Item 0238,Fashion,WH020,Mekong Warehouse 020,Mekong,415,47,2094.37,41,1,2026-05-24T00:00:00+07:00
INV-004989,SKU-0239,Industrial Item 0239,Industrial,WH020,Mekong Warehouse 020,Mekong,488,78,2355.54,68,1,2026-05-24T00:00:00+07:00
INV-004990,SKU-0240,Electronics Item 0240,Electronics,WH020,Mekong Warehouse 020,Mekong,680,18,746.18,115,1,2026-05-24T00:00:00+07:00
INV-004991,SKU-0241,Home Item 0241,Home,WH020,Mekong Warehouse 020,Mekong,793,43,256.71,48,1,2026-05-24T00:00:00+07:00
INV-004992,SKU-0242,Grocery Item 0242,Grocery,WH020,Mekong Warehouse 020,Mekong,135,1,1190.59,82,1,2026-05-24T00:00:00+07:00
INV-004993,SKU-0243,Fashion Item 0243,Fashion,WH020,Mekong Warehouse 020,Mekong,530,20,2429.22,72,1,2026-05-24T00:00:00+07:00
INV-004994,SKU-0244,Industrial Item 0244,Industrial,WH020,Mekong Warehouse 020,Mekong,150,34,1274.66,49,1,2026-05-24T00:00:00+07:00
INV-004995,SKU-0245,Electronics Item 0245,Electronics,WH020,Mekong Warehouse 020,Mekong,127,4,1293.58,114,1,2026-05-24T00:00:00+07:00
INV-004996,SKU-0246,Home Item 0246,Home,WH020,Mekong Warehouse 020,Mekong,406,15,468.53,34,1,2026-05-24T00:00:00+07:00
INV-004997,SKU-0247,Grocery Item 0247,Grocery,WH020,Mekong Warehouse 020,Mekong,154,15,600.71,73,1,2026-05-24T00:00:00+07:00
INV-004998,SKU-0248,Fashion Item 0248,Fashion,WH020,Mekong Warehouse 020,Mekong,417,21,319.33,51,1,2026-05-24T00:00:00+07:00
INV-004999,SKU-0249,Industrial Item 0249,Industrial,WH020,Mekong Warehouse 020,Mekong,524,73,665.66,119,1,2026-05-24T00:00:00+07:00
INV-005000,SKU-0250,Electronics Item 0250,Electronics,WH020,Mekong Warehouse 020,Mekong,196,5,912.09,81,1,2026-05-24T00:00:00+07:00
