inventory_id,sku,product_name,category,warehouse_id,warehouse_name,region,quantity_available,reserved_quantity,unit_cost,reorder_level,version,updated_at
INV-000001,SKU-0001,Grocery Item 0001,Grocery,WH001,North Warehouse 001,North,293,32,1994.57,55,1,2026-05-24T00:00:00+07:00
INV-000002,SKU-0002,Fashion Item 0002,Fashion,WH001,North Warehouse 001,North,781,19,1412.61,68,1,2026-05-24T00:00:00+07:00
INV-000003,SKU-0003,Industrial Item 0003,Industrial,WH001,North Warehouse 001,North,247,49,298.69,51,1,2026-05-24T00:00:00+07:00
INV-000004,SKU-0004,Electronics Item 0004,Electronics,WH001,North Warehouse 001,North,160,27,768.91,114,1,2026-05-24T00:00:00+07:00
INV-000005,SKU-0005,Home Item 0005,Home,WH001,North Warehouse 001,North,378,19,341.35,40,1,2026-05-24T00:00:00+07:00
INV-000006,SKU-0006,Grocery Item 0006,Grocery,WH001,North Warehouse 001,North,772,17,85.21,50,1,2026-05-24T00:00:00+07:00
INV-000007,SKU-0007,Fashion Item 0007,Fashion,WH001,North Warehouse 001,North,340,74,510.24,63,1,2026-05-24T00:00:00+07:00
INV-000008,SKU-0008,Industrial Item 0008,Industrial,WH001,North Warehouse 001,North,485,36,583.60,91,1,2026-05-24T00:00:00+07:00
INV-000009,SKU-0009,Electronics Item 0009,Electronics,WH001,North Warehouse 001,North,633,53,2271.82,120,1,2026-05-24T00:00:00+07:00
INV-000010,SKU-0010,Home Item 0010,Home,WH001,North Warehouse 001,North,542,45,919.20,78,1,2026-05-24T00:00:00+07:00
INV-000011,SKU-0011,Grocery Item 0011,Grocery,WH001,North Warehouse 001,North,410,22,287.11,50,1,2026-05-24T00:00:00+07:00
INV-000012,SKU-0012,Fashion Item 0012,Fashion,WH001,North Warehouse 001,North,370,49,1248.58,45,1,2026-05-24T00:00:00+07:00
INV-000013,SKU-0013,Industrial Item 0013,Industrial,WH001,North Warehouse 001,North,422,7,1224.15,119,1,2026-05-24T00:00:00+07:00
INV-000014,SKU-0014,Electronics Item 0014,Electronics,WH001,North Warehouse 001,North,313,21,1968.13,45,1,2026-05-24T00:00:00+07:00
INV-000015,SKU-0015,Home Item 0015,Home,WH001,North Warehouse 001,North,274,22,110.61,88,1,2026-05-24T00:00:00+07:00
INV-000016,SKU-0016,Grocery Item 0016,Grocery,WH001,North Warehouse 001,North,726,47,1104.72,57,1,2026-05-24T00:00:00+07:00
INV-000017,SKU-0017,Fashion Item 0017,Fashion,WH001,North Warehouse 001,North,457,65,950.35,75,1,2026-05-24T00:00:00+07:00
INV-000018,SKU-0018,Industrial Item 0018,Industrial,WH001,North Warehouse 001,North,791,69,541.12,80,1,2026-05-24T00:00:00+07:00
INV-000019,SKU-0019,Electronics Item 0019,Electronics,WH001,North Warehouse 001,North,82,12,1751.65,82,1,2026-05-24T00:00:00+07:00
INV-000020,SKU-0020,Home Item 0020,Home,WH001,North Warehouse 001,North,369,30,2123.94,27,1,2026-05-24T00:00:00+07:00
INV-000021,SKU-0021,Grocery Item 0021,Grocery,WH001,North Warehouse 001,North,231,1,255.26,68,1,2026-05-24T00:00:00+07:00
INV-000022,SKU-0022,Fashion Item 0022,Fashion,WH001,North Warehouse 001,North,548,27,2186.90,53,1,2026-05-24T00:00:00+07:00
INV-000023,SKU-0023,Industrial Item 0023,Industrial,WH001,North Warehouse 001,North,149,33,1069.24,88,1,2026-05-24T00:00:00+07:00
INV-000024,SKU-0024,Electronics Item 0024,Electronics,WH001,North Warehouse 001,North,719,6,229.77,107,1,2026-05-24T00:00:00+07:00
INV-000025,SKU-0025,Home Item 0025,Home,WH001,North Warehouse 001,North,94,21,919.92,56,1,2026-05-24T00:00:00+07:00
INV-000026,SKU-0026,Grocery Item 0026,Grocery,WH001,North Warehouse 001,North,214,53,800.37,27,1,2026-05-24T00:00:00+07:00
INV-000027,SKU-0027,Fashion Item 0027,Fashion,WH001,North Warehouse 001,North,669,12,327.67,33,1,2026-05-24T00:00:00+07:00
INV-000028,SKU-0028,Industrial Item 0028,Industrial,WH001,North Warehouse 001,North,372,77,1451.29,70,1,2026-05-24T00:00:00+07:00
INV-000029,SKU-0029,Electronics Item 0029,Electronics,WH001,North Warehouse 001,North,126,2,1088.76,113,1,2026-05-24T00:00:00+07:00
INV-000030,SKU-0030,Home Item 0030,Home,WH001,North Warehouse 001,North,568,65,1437.45,30,1,2026-05-24T00:00:00+07:00
INV-000031,SKU-0031,Grocery Item 0031,Grocery,WH001,North Warehouse 001,North,406,67,1675.75,52,1,2026-05-24T00:00:00+07:00
INV-000032,SKU-0032,Fashion Item 0032,Fashion,WH001,North Warehouse 001,North,262,4,1180.19,112,1,2026-05-24T00:00:00+07:00
INV-000033,SKU-0033,Industrial Item 0033,Industrial,WH001,North Warehouse 001,North,420,59,1202.89,50,1,2026-05-24T00:00:00+07:00
INV-000034,SKU-0034,Electronics Item 0034,Electronics,WH001,North Warehouse 001,North,116,22,951.61,72,1,2026-05-24T00:00:00+07:00
INV-000035,SKU-0035,Home Item 0035,Home,WH001,North Warehouse 001,North,691,77,1817.22,52,1,2026-05-24T00:00:00+07:00
INV-000036,SKU-0036,Grocery Item 0036,Grocery,WH001,North Warehouse 001,North,444,53,2065.38,85,1,2026-05-24T00:00:00+07:00
INV-000037,SKU-0037,Fashion Item 0037,Fashion,WH001,North Warehouse 001,North,389,75,625.87,29,1,2026-05-24T00:00:00+07:00
INV-000038,SKU-0038,Industrial Item 0038,Industrial,WH001,North Warehouse 001,North,560,52,938.31,46,1,2026-05-24T00:00:00+07:00
INV-000039,SKU-0039,Electronics Item 0039,Electronics,WH001,North Warehouse 001,North,174,20,1786.73,75,1,2026-05-24T00:00:00+07:00
INV-000040,SKU-0040,Home Item 0040,Home,WH001,North Warehouse 001,North,448,58,2058.33,111,1,2026-05-24T00:00:00+07:00
INV-000041,SKU-0041,Grocery Item 0041,Grocery,WH001,North Warehouse 001,North,116,16,1921.99,112,1,2026-05-24T00:00:00+07:00
INV-000042,SKU-0042,Fashion Item 0042,Fashion,WH001,North Warehouse 001,North,667,6,13.66,115,1,2026-05-24T00:00:00+07:00
INV-000043,SKU-0043,Industrial Item 0043,Industrial,WH001,North Warehouse 001,North,537,32,1795.15,102,1,2026-05-24T00:00:00+07:00
INV-000044,SKU-0044,Electronics Item 0044,Electronics,WH001,North Warehouse 001,North,123,5,2025.04,54,1,2026-05-24T00:00:00+07:00
INV-000045,SKU-0045,Home Item 0045,Home,WH001,North Warehouse 001,North,404,47,2153.04,71,1,2026-05-24T00:00:00+07:00
INV-000046,SKU-0046,Grocery Item 0046,Grocery,WH001,North Warehouse 001,North,386,21,186.52,118,1,2026-05-24T00:00:00+07:00
INV-000047,SKU-0047,Fashion Item 0047,Fashion,WH001,North Warehouse 001,North,635,5,962.99,84,1,2026-05-24T00:00:00+07:00
INV-000048,SKU-0048,Industrial Item 0048,Industrial,WH001,North Warehouse 001,North,82,15,2388.95,38,1,2026-05-24T00:00:00+07:00
INV-000049,SKU-0049,Electronics Item 0049,Electronics,WH001,North Warehouse 001,North,640,63,1526.92,86,1,2026-05-24T00:00:00+07:00
INV-000050,SKU-0050,Home Item 0050,Home,WH001,North Warehouse 001,North,591,47,824.21,81,1,2026-05-24T00:00:00+07:00
INV-000051,SKU-0051,Grocery Item 0051,Grocery,WH001,North Warehouse 001,North,646,1,1266.27,41,1,2026-05-24T00:00:00+07:00
INV-000052,SKU-0052,Fashion Item 0052,Fashion,WH001,North Warehouse 001,North,330,2,1992.84,31,1,2026-05-24T00:00:00+07:00
INV-000053,SKU-0053,Industrial Item 0053,Industrial,WH001,North Warehouse 001,North,743,60,1070.82,29,1,2026-05-24T00:00:00+07:00
INV-000054,SKU-0054,Electronics Item 0054,Electronics,WH001,North Warehouse 001,North,402,69,665.64,117,1,2026-05-24T00:00:00+07:00
INV-000055,SKU-0055,Home Item 0055,Home,WH001,North Warehouse 001,North,375,9,788.05,51,1,2026-05-24T00:00:00+07:00
INV-000056,SKU-0056,Grocery Item 0056,Grocery,WH001,North Warehouse 001,North,510,68,2019.71,61,1,2026-05-24T00:00:00+07:00
INV-000057,SKU-0057,Fashion Item 0057,Fashion,WH001,North Warehouse 001,North,582,7,361.43,70,1,2026-05-24T00:00:00+07:00
INV-000058,SKU-0058,Industrial Item 0058,Industrial,WH001,North Warehouse 001,North,600,18,42.03,36,1,2026-05-24T00:00:00+07:00
INV-000059,SKU-0059,Electronics Item 0059,Electronics,WH001,North Warehouse 001,North,294,19,763.44,107,1,2026-05-24T00:00:00+07:00
INV-000060,SKU-0060,Home Item 0060,Home,WH001,North Warehouse 001,North,754,51,1569.15,58,1,2026-05-24T00:00:00+07:00
INV-000061,SKU-0061,Grocery Item 0061,Grocery,WH001,North Warehouse 001,North,657,46,1402.27,52,1,2026-05-24T00:00:00+07:00
INV-000062,SKU-0062,Fashion Item 0062,Fashion,WH001,North Warehouse 001,North,356,73,998.60,34,1,2026-05-24T00:00:00+07:00
INV-000063,SKU-0063,Industrial Item 0063,Industrial,WH001,North Warehouse 001,North,376,28,1807.61,113,1,2026-05-24T00:00:00+07:00
INV-000064,SKU-0064,Electronics Item 0064,Electronics,WH001,North Warehouse 001,North,696,74,1150.66,62,1,2026-05-24T00:00:00+07:00
INV-000065,SKU-0065,Home Item 0065,Home,WH001,North Warehouse 001,North,219,23,2448.17,65,1,2026-05-24T00:00:00+07:00
INV-000066,SKU-0066,Grocery Item 0066,Grocery,WH001,North Warehouse 001,North,474,2,1301.90,84,1,2026-05-24T00:00:00+07:00
INV-000067,SKU-0067,Fashion Item 0067,Fashion,WH001,North Warehouse 001,North,117,0,1655.68,38,1,2026-05-24T00:00:00+07:00
INV-000068,SKU-0068,Industrial Item 0068,Industrial,WH001,North Warehouse 001,North,145,30,2189.89,41,1,2026-05-24T00:00:00+07:00
INV-000069,SKU-0069,Electronics Item 0069,Electronics,WH001,North Warehouse 001,North,225,52,1966.14,78,1,2026-05-24T00:00:00+07:00
INV-000070,SKU-0070,Home Item 0070,Home,WH001,North Warehouse 001,North,501,24,1739.91,50,1,2026-05-24T00:00:00+07:00
INV-000071,SKU-0071,Grocery Item 0071,Grocery,WH001,North Warehouse 001,North,115,23,218.00,77,1,2026-05-24T00:00:00+07:00
INV-000072,SKU-0072,Fashion Item 0072,Fashion,WH001,North Warehouse 001,North,216,40,514.92,113,1,2026-05-24T00:00:00+07:00
INV-000073,SKU-0073,Industrial Item 0073,Industrial,WH001,North Warehouse 001,North,573,21,174.66,54,1,2026-05-24T00:00:00+07:00
INV-000074,SKU-0074,Electronics Item 0074,Electronics,WH001,North Warehouse 001,North,550,63,2000.78,63,1,2026-05-24T00:00:00+07:00
INV-000075,SKU-0075,Home Item 0075,Home,WH001,North Warehouse 001,North,333,12,860.00,113,1,2026-05-24T00:00:00+07:00
INV-000076,SKU-0076,Grocery Item 0076,Grocery,WH001,North Warehouse 001,North,515,44,1572.25,120,1,2026-05-24T00:00:00+07:00
INV-000077,SKU-0077,Fashion Item 0077,Fashion,WH001,North Warehouse 001,North,214,15,1453.17,115,1,2026-05-24T00:00:00+07:00
INV-000078,SKU-0078,Industrial Item 0078,Industrial,WH001,North Warehouse 001,North,101,10,208.80,51,1,2026-05-24T00:00:00+07:00
INV-000079,SKU-0079,Electronics Item 0079,Electronics,WH001,North Warehouse 001,North,193,45,1272.69,96,1,2026-05-24T00:00:00+07:00
INV-000080,SKU-0080,Home Item 0080,Home,WH001,North Warehouse 001,North,737,32,860.89,116,1,2026-05-24T00:00:00+07:00
INV-000081,SKU-0081,Grocery Item 0081,Grocery,WH001,North Warehouse 001,North,569,12,432.96,75,1,2026-05-24T00:00:00+07:00
INV-000082,SKU-0082,Fashion Item 0082,Fashion,WH001,North Warehouse 001,North,203,44,1654.03,28,1,2026-05-24T00:00:00+07:00
INV-000083,SKU-0083,Industrial Item 0083,Industrial,WH001,North Warehouse 001,North,290,62,1105.24,69,1,2026-05-24T00:00:00+07:00
INV-000084,SKU-0084,Electronics Item 0084,Electronics,WH001,North Warehouse 001,North,650,2,1572.37,69,1,2026-05-24T00:00:00+07:00
INV-000085,SKU-0085,Home Item 0085,Home,WH001,North Warehouse 001,North,691,67,1993.03,75,1,2026-05-24T00:00:00+07:00
INV-000086,SKU-0086,Grocery Item 0086,Grocery,WH001,North Warehouse 001,North,163,31,1827.32,73,1,2026-05-24T00:00:00+07:00
INV-000087,SKU-0087,Fashion Item 0087,Fashion,WH001,North Warehouse 001,North,326,78,128.79,86,1,2026-05-24T00:00:00+07:00
INV-000088,SKU-0088,Industrial Item 0088,Industrial,WH001,North Warehouse 001,North,398,68,1787.33,60,1,2026-05-24T00:00:00+07:00
INV-000089,SKU-0089,Electronics Item 0089,Electronics,WH001,North Warehouse 001,North,533,43,2214.30,103,1,2026-05-24T00:00:00+07:00
INV-000090,SKU-0090,Home Item 0090,Home,WH001,North Warehouse 001,North,491,36,20.34,71,1,2026-05-24T00:00:00+07:00
INV-000091,SKU-0091,Grocery Item 0091,Grocery,WH001,North Warehouse 001,North,614,15,1558.31,62,1,2026-05-24T00:00:00+07:00
INV-000092,SKU-0092,Fashion Item 0092,Fashion,WH001,North Warehouse 001,North,783,46,1467.18,26,1,2026-05-24T00:00:00+07:00
INV-000093,SKU-0093,Industrial Item 0093,Industrial,WH001,North Warehouse 001,North,136,17,788.02,77,1,2026-05-24T00:00:00+07:00
INV-000094,SKU-0094,Electronics Item 0094,Electronics,WH001,North Warehouse 001,North,141,17,319.35,91,1,2026-05-24T00:00:00+07:00
INV-000095,SKU-0095,Home Item 0095,Home,WH001,North Warehouse 001,North,313,69,1083.28,101,1,2026-05-24T00:00:00+07:00
INV-000096,SKU-0096,Grocery Item 0096,Grocery,WH001,North Warehouse 001,North,254,61,1426.47,115,1,2026-05-24T00:00:00+07:00
INV-000097,SKU-0097,Fashion Item 0097,Fashion,WH001,North Warehouse 001,North,443,63,858.34,100,1,2026-05-24T00:00:00+07:00
INV-000098,SKU-0098,Industrial Item 0098,Industrial,WH001,North Warehouse 001,North,156,1,1537.56,112,1,2026-05-24T00:00:00+07:00
INV-000099,SKU-0099,Electronics Item 0099,Electronics,WH001,North Warehouse 001,North,512,32,1720.28,51,1,2026-05-24T00:00:00+07:00
INV-000100,SKU-0100,Home Item 0100,Home,WH001,North Warehouse 001,North,277,52,1523.30,49,1,2026-05-24T00:00:00+07:00
INV-000101,SKU-0101,Grocery Item 0101,Grocery,WH001,North Warehouse 001,North,406,20,2340.88,119,1,2026-05-24T00:00:00+07:00
INV-000102,SKU-0102,Fashion Item 0102,Fashion,WH001,North Warehouse 001,North,241,59,216.94,57,1,2026-05-24T00:00:00+07:00
INV-000103,SKU-0103,Industrial Item 0103,Industrial,WH001,North Warehouse 001,North,116,2,2474.86,33,1,2026-05-24T00:00:00+07:00
INV-000104,SKU-0104,Electronics Item 0104,Electronics,WH001,North Warehouse 001,North,444,23,251.38,51,1,2026-05-24T00:00:00+07:00
INV-000105,SKU-0105,Home Item 0105,Home,WH001,North Warehouse 001,North,581,57,1233.66,64,1,2026-05-24T00:00:00+07:00
INV-000106,SKU-0106,Grocery Item 0106,Grocery,WH001,North Warehouse 001,North,280,51,883.35,31,1,2026-05-24T00:00:00+07:00
INV-000107,SKU-0107,Fashion Item 0107,Fashion,WH001,North Warehouse 001,North,586,58,1142.64,85,1,2026-05-24T00:00:00+07:00
INV-000108,SKU-0108,Industrial Item 0108,Industrial,WH001,North Warehouse 001,North,190,46,2170.59,104,1,2026-05-24T00:00:00+07:00
INV-000109,SKU-0109,Electronics Item 0109,Electronics,WH001,North Warehouse 001,North,692,46,1585.25,98,1,2026-05-24T00:00:00+07:00
INV-000110,SKU-0110,Home Item 0110,Home,WH001,North Warehouse 001,North,697,48,2278.88,48,1,2026-05-24T00:00:00+07:00
INV-000111,SKU-0111,Grocery Item 0111,Grocery,WH001,North Warehouse 001,North,176,38,1885.92,119,1,2026-05-24T00:00:00+07:00
INV-000112,SKU-0112,Fashion Item 0112,Fashion,WH001,North Warehouse 001,North,193,42,619.25,74,1,2026-05-24T00:00:00+07:00
INV-000113,SKU-0113,Industrial Item 0113,Industrial,WH001,North Warehouse 001,North,607,60,1926.57,58,1,2026-05-24T00:00:00+07:00
INV-000114,SKU-0114,Electronics Item 0114,Electronics,WH001,North Warehouse 001,North,424,30,528.94,51,1,2026-05-24T00:00:00+07:00
INV-000115,SKU-0115,Home Item 0115,Home,WH001,North Warehouse 001,North,218,11,1723.37,67,1,2026-05-24T00:00:00+07:00
INV-000116,SKU-0116,Grocery Item 0116,Grocery,WH001,North Warehouse 001,North,128,6,1092.37,35,1,2026-05-24T00:00:00+07:00
INV-000117,SKU-0117,Fashion Item 0117,Fashion,WH001,North Warehouse 001,North,673,8,1400.51,86,1,2026-05-24T00:00:00+07:00
INV-000118,SKU-0118,Industrial Item 0118,Industrial,WH001,North Warehouse 001,North,784,16,1703.63,44,1,2026-05-24T00:00:00+07:00
INV-000119,SKU-0119,Electronics Item 0119,Electronics,WH001,North Warehouse 001,North,553,18,184.10,95,1,2026-05-24T00:00:00+07:00
INV-000120,SKU-0120,Home Item 0120,Home,WH001,North Warehouse 001,North,493,60,1197.23,49,1,2026-05-24T00:00:00+07:00
INV-000121,SKU-0121,Grocery Item 0121,Grocery,WH001,North Warehouse 001,North,557,5,910.89,108,1,2026-05-24T00:00:00+07:00
INV-000122,SKU-0122,Fashion Item 0122,Fashion,WH001,North Warehouse 001,North,623,78,1272.04,30,1,2026-05-24T00:00:00+07:00
INV-000123,SKU-0123,Industrial Item 0123,Industrial,WH001,North Warehouse 001,North,418,31,206.47,120,1,2026-05-24T00:00:00+07:00
INV-000124,SKU-0124,Electronics Item 0124,Electronics,WH001,North Warehouse 001,North,702,13,2486.14,85,1,2026-05-24T00:00:00+07:00
INV-000125,SKU-0125,Home Item 0125,Home,WH001,North Warehouse 001,North,354,64,866.06,64,1,2026-05-24T00:00:00+07:00
INV-000126,SKU-0126,Grocery Item 0126,Grocery,WH001,North Warehouse 001,North,608,37,308.47,113,1,2026-05-24T00:00:00+07:00
INV-000127,SKU-0127,Fashion Item 0127,Fashion,WH001,North Warehouse 001,North,555,80,33.57,35,1,2026-05-24T00:00:00+07:00
INV-000128,SKU-0128,Industrial Item 0128,Industrial,WH001,North Warehouse 001,North,460,2,1838.72,29,1,2026-05-24T00:00:00+07:00
INV-000129,SKU-0129,Electronics Item 0129,Electronics,WH001,North Warehouse 001,North,443,46,2372.68,46,1,2026-05-24T00:00:00+07:00
INV-000130,SKU-0130,Home Item 0130,Home,WH001,North Warehouse 001,North,338,69,1453.85,45,1,2026-05-24T00:00:00+07:00
INV-000131,SKU-0131,Grocery Item 0131,Grocery,WH001,North Warehouse 001,North,536,80,2328.78,94,1,2026-05-24T00:00:00+07:00
INV-000132,SKU-0132,Fashion Item 0132,Fashion,WH001,North Warehouse 001,North,411,63,163.14,108,1,2026-05-24T00:00:00+07:00
INV-000133,SKU-0133,Industrial Item 0133,Industrial,WH001,North Warehouse 001,North,582,79,1067.84,111,1,2026-05-24T00:00:00+07:00
INV-000134,SKU-0134,Electronics Item 0134,Electronics,WH001,North Warehouse 001,North,652,24,1404.31,120,1,2026-05-24T00:00:00+07:00
INV-000135,SKU-0135,Home Item 0135,Home,WH001,North Warehouse 001,North,563,9,935.94,111,1,2026-05-24T00:00:00+07:00
INV-000136,SKU-0136,Grocery Item 0136,Grocery,WH001,North Warehouse 001,North,286,24,330.27,36,1,2026-05-24T00:00:00+07:00
INV-000137,SKU-0137,Fashion Item 0137,Fashion,WH001,North Warehouse 001,North,582,61,2070.41,111,1,2026-05-24T00:00:00+07:00
INV-000138,SKU-0138,Industrial Item 0138,Industrial,WH001,North Warehouse 001,North,126,30,1841.14,47,1,2026-05-24T00:00:00+07:00
INV-000139,SKU-0139,Electronics Item 0139,Electronics,WH001,North Warehouse 001,North,616,22,1684.43,55,1,2026-05-24T00:00:00+07:00
INV-000140,SKU-0140,Home Item 0140,Home,WH001,North Warehouse 001,North,655,68,2378.83,25,1,2026-05-24T00:00:00+07:00
INV-000141,SKU-0141,Grocery Item 0141,Grocery,WH001,North Warehouse 001,North,633,5,2170.60,42,1,2026-05-24T00:00:00+07:00
INV-000142,SKU-0142,Fashion Item 0142,Fashion,WH001,North Warehouse 001,North,564,41,1939.90,92,1,2026-05-24T00:00:00+07:00
INV-000143,SKU-0143,Industrial Item 0143,Industrial,WH001,North Warehouse 001,North,703,66,1082.83,79,1,2026-05-24T00:00:00+07:00
INV-000144,SKU-0144,Electronics Item 0144,Electronics,WH001,North Warehouse 001,North,409,57,1431.62,87,1,2026-05-24T00:00:00+07:00
INV-000145,SKU-0145,Home Item 0145,Home,WH001,North Warehouse 001,North,388,46,2396.92,98,1,2026-05-24T00:00:00+07:00
INV-000146,SKU-0146,Grocery Item 0146,Grocery,WH001,North Warehouse 001,North,390,58,1336.00,34,1,2026-05-24T00:00:00+07:00
INV-000147,SKU-0147,Fashion Item 0147,Fashion,WH001,North Warehouse 001,North,594,10,2209.32,101,1,2026-05-24T00:00:00+07:00
INV-000148,SKU-0148,Industrial Item 0148,Industrial,WH001,North Warehouse 001,North,474,48,2143.07,58,1,2026-05-24T00:00:00+07:00
INV-000149,SKU-0149,Electronics Item 0149,Electronics,WH001,North Warehouse 001,North,121,1,1094.97,107,1,2026-05-24T00:00:00+07:00
INV-000150,SKU-0150,Home Item 0150,Home,WH001,North Warehouse 001,North,377,24,1109.08,97,1,2026-05-24T00:00:00+07:00
INV-000151,SKU-0151,Grocery Item 0151,Grocery,WH001,North Warehouse 001,North,468,5,1766.93,85,1,2026-05-24T00:00:00+07:00
INV-000152,SKU-0152,Fashion Item 0152,Fashion,WH001,North Warehouse 001,North,645,41,307.24,109,1,2026-05-24T00:00:00+07:00
INV-000153,SKU-0153,Industrial Item 0153,Industrial,WH001,North Warehouse 001,North,281,34,580.12,93,1,2026-05-24T00:00:00+07:00
INV-000154,SKU-0154,Electronics Item 0154,Electronics,WH001,North Warehouse 001,North,178,35,347.73,101,1,2026-05-24T00:00:00+07:00
INV-000155,SKU-0155,Home Item 0155,Home,WH001,North Warehouse 001,North,268,41,299.50,119,1,2026-05-24T00:00:00+07:00
INV-000156,SKU-0156,Grocery Item 0156,Grocery,WH001,North Warehouse 001,North,188,7,2389.16,101,1,2026-05-24T00:00:00+07:00
INV-000157,SKU-0157,Fashion Item 0157,Fashion,WH001,North Warehouse 001,North,122,21,2450.43,65,1,2026-05-24T00:00:00+07:00
INV-000158,SKU-0158,Industrial Item 0158,Industrial,WH001,North Warehouse 001,North,322,43,1574.65,28,1,2026-05-24T00:00:00+07:00
INV-000159,SKU-0159,Electronics Item 0159,Electronics,WH001,North Warehouse 001,North,643,9,2323.49,89,1,2026-05-24T00:00:00+07:00
INV-000160,SKU-0160,Home Item 0160,Home,WH001,North Warehouse 001,North,388,18,2306.15,25,1,2026-05-24T00:00:00+07:00
INV-000161,SKU-0161,Grocery Item 0161,Grocery,WH001,North Warehouse 001,North,535,46,1062.65,31,1,2026-05-24T00:00:00+07:00
INV-000162,SKU-0162,Fashion Item 0162,Fashion,WH001,North Warehouse 001,North,402,43,1703.50,78,1,2026-05-24T00:00:00+07:00
INV-000163,SKU-0163,Industrial Item 0163,Industrial,WH001,North Warehouse 001,North,84,21,641.53,31,1,2026-05-24T00:00:00+07:00
INV-000164,SKU-0164,Electronics Item 0164,Electronics,WH001,North Warehouse 001,North,357,77,826.54,109,1,2026-05-24T00:00:00+07:00
INV-000165,SKU-0165,Home Item 0165,Home,WH001,North Warehouse 001,North,564,21,2061.83,50,1,2026-05-24T00:00:00+07:00
INV-000166,SKU-0166,Grocery Item 0166,Grocery,WH001,North Warehouse 001,North,664,63,181.12,100,1,2026-05-24T00:00:00+07:00
INV-000167,SKU-0167,Fashion Item 0167,Fashion,WH001,North Warehouse 001,North,772,13,2413.05,37,1,2026-05-24T00:00:00+07:00
INV-000168,SKU-0168,Industrial Item 0168,Industrial,WH001,North Warehouse 001,North,107,26,1667.92,45,1,2026-05-24T00:00:00+07:00
INV-000169,SKU-0169,Electronics Item 0169,Electronics,WH001,North Warehouse 001,North,378,66,770.27,118,1,2026-05-24T00:00:00+07:00
INV-000170,SKU-0170,Home Item 0170,Home,WH001,North Warehouse 001,North,670,6,707.94,70,1,2026-05-24T00:00:00+07:00
INV-000171,SKU-0171,Grocery Item 0171,Grocery,WH001,North Warehouse 001,North,357,39,1991.80,28,1,2026-05-24T00:00:00+07:00
INV-000172,SKU-0172,Fashion Item 0172,Fashion,WH001,North Warehouse 001,North,518,63,1046.51,86,1,2026-05-24T00:00:00+07:00
INV-000173,SKU-0173,Industrial Item 0173,Industrial,WH001,North Warehouse 001,North,140,27,1613.21,79,1,2026-05-24T00:00:00+07:00
INV-000174,SKU-0174,Electronics Item 0174,Electronics,WH001,North Warehouse 001,North,311,7,1111.96,101,1,2026-05-24T00:00:00+07:00
INV-000175,SKU-0175,Home Item 0175,Home,WH001,North Warehouse 001,North,465,4,485.50,70,1,2026-05-24T00:00:00+07:00
INV-000176,SKU-0176,Grocery Item 0176,Grocery,WH001,North Warehouse 001,North,285,34,955.62,41,1,2026-05-24T00:00:00+07:00
INV-000177,SKU-0177,Fashion Item 0177,Fashion,WH001,North Warehouse 001,North,495,48,1926.23,58,1,2026-05-24T00:00:00+07:00
INV-000178,SKU-0178,Industrial Item 0178,Industrial,WH001,North Warehouse 001,North,164,8,270.65,108,1,2026-05-24T00:00:00+07:00
INV-000179,SKU-0179,Electronics Item 0179,Electronics,WH001,North Warehouse 001,North,728,63,1425.24,35,1,2026-05-24T00:00:00+07:00
INV-000180,SKU-0180,Home Item 0180,Home,WH001,North Warehouse 001,North,374,36,1065.11,80,1,2026-05-24T00:00:00+07:00
INV-000181,SKU-0181,Grocery Item 0181,Grocery,WH001,North Warehouse 001,North,675,79,1905.02,77,1,2026-05-24T00:00:00+07:00
INV-000182,SKU-0182,Fashion Item 0182,Fashion,WH001,North Warehouse 001,North,329,17,2358.68,39,1,2026-05-24T00:00:00+07:00
INV-000183,SKU-0183,Industrial Item 0183,Industrial,WH001,North Warehouse 001,North,709,6,1697.86,33,1,2026-05-24T00:00:00+07:00
INV-000184,SKU-0184,Electronics Item 0184,Electronics,WH001,North Warehouse 001,North,215,14,450.81,99,1,2026-05-24T00:00:00+07:00
INV-000185,SKU-0185,Home Item 0185,Home,WH001,North Warehouse 001,North,303,12,1581.63,114,1,2026-05-24T00:00:00+07:00
INV-000186,SKU-0186,Grocery Item 0186,Grocery,WH001,North Warehouse 001,North,640,62,83.46,59,1,2026-05-24T00:00:00+07:00
INV-000187,SKU-0187,Fashion Item 0187,Fashion,WH001,North Warehouse 001,North,440,65,1254.35,107,1,2026-05-24T00:00:00+07:00
INV-000188,SKU-0188,Industrial Item 0188,Industrial,WH001,North Warehouse 001,North,589,38,1663.63,52,1,2026-05-24T00:00:00+07:00
INV-000189,SKU-0189,Electronics Item 0189,Electronics,WH001,North Warehouse 001,North,568,47,1468.02,60,1,2026-05-24T00:00:00+07:00
INV-000190,SKU-0190,Home Item 0190,Home,WH001,North Warehouse 001,North,263,14,108.25,117,1,2026-05-24T00:00:00+07:00
INV-000191,SKU-0191,Grocery Item 0191,Grocery,WH001,North Warehouse 001,North,332,3,400.70,112,1,2026-05-24T00:00:00+07:00
INV-000192,SKU-0192,Fashion Item 0192,Fashion,WH001,North Warehouse 001,North,120,4,1207.78,82,1,2026-05-24T00:00:00+07:00
INV-000193,SKU-0193,Industrial Item 0193,Industrial,WH001,North Warehouse 001,North,487,52,2197.23,64,1,2026-05-24T00:00:00+07:00
INV-000194,SKU-0194,Electronics Item 0194,Electronics,WH001,North Warehouse 001,North,492,75,1451.00,32,1,2026-05-24T00:00:00+07:00
INV-000195,SKU-0195,Home Item 0195,Home,WH001,North Warehouse 001,North,527,1,1294.25,77,1,2026-05-24T00:00:00+07:00
INV-000196,SKU-0196,Grocery Item 0196,Grocery,WH001,North Warehouse 001,North,412,3,1491.54,57,1,2026-05-24T00:00:00+07:00
INV-000197,SKU-0197,Fashion Item 0197,Fashion,WH001,North Warehouse 001,North,528,3,2182.10,101,1,2026-05-24T00:00:00+07:00
INV-000198,SKU-0198,Industrial Item 0198,Industrial,WH001,North Warehouse 001,North,632,36,118.67,107,1,2026-05-24T00:00:00+07:00
INV-000199,SKU-0199,Electronics Item 0199,Electronics,WH001,North Warehouse 001,North,583,62,694.21,48,1,2026-05-24T00:00:00+07:00
INV-000200,SKU-0200,Home Item 0200,Home,WH001,North Warehouse 001,North,397,75,177.26,99,1,2026-05-24T00:00:00+07:00
INV-000201,SKU-0201,Grocery Item 0201,Grocery,WH001,North Warehouse 001,North,97,10,2103.31,116,1,2026-05-24T00:00:00+07:00
INV-000202,SKU-0202,Fashion Item 0202,Fashion,WH001,North Warehouse 001,North,716,74,464.80,89,1,2026-05-24T00:00:00+07:00
INV-000203,SKU-0203,Industrial Item 0203,Industrial,WH001,North Warehouse 001,North,686,35,35.28,96,1,2026-05-24T00:00:00+07:00
INV-000204,SKU-0204,Electronics Item 0204,Electronics,WH001,North Warehouse 001,North,239,58,201.43,65,1,2026-05-24T00:00:00+07:00
INV-000205,SKU-0205,Home Item 0205,Home,WH001,North Warehouse 001,North,327,30,42.27,100,1,2026-05-24T00:00:00+07:00
INV-000206,SKU-0206,Grocery Item 0206,Grocery,WH001,North Warehouse 001,North,423,11,1479.27,80,1,2026-05-24T00:00:00+07:00
INV-000207,SKU-0207,Fashion Item 0207,Fashion,WH001,North Warehouse 001,North,380,11,590.27,42,1,2026-05-24T00:00:00+07:00
INV-000208,SKU-0208,Industrial Item 0208,Industrial,WH001,North Warehouse 001,North,644,72,184.17,97,1,2026-05-24T00:00:00+07:00
INV-000209,SKU-0209,Electronics Item 0209,Electronics,WH001,North Warehouse 001,North,694,73,2098.43,99,1,2026-05-24T00:00:00+07:00
INV-000210,SKU-0210,Home Item 0210,Home,WH001,North Warehouse 001,North,333,30,87.06,90,1,2026-05-24T00:00:00+07:00
INV-000211,SKU-0211,Grocery Item 0211,Grocery,WH001,North Warehouse 001,North,172,42,908.02,83,1,2026-05-24T00:00:00+07:00
INV-000212,SKU-0212,Fashion Item 0212,Fashion,WH001,North Warehouse 001,North,220,6,970.63,88,1,2026-05-24T00:00:00+07:00
INV-000213,SKU-0213,Industrial Item 0213,Industrial,WH001,North Warehouse 001,North,277,14,2291.48,65,1,2026-05-24T00:00:00+07:00
INV-000214,SKU-0214,Electronics Item 0214,Electronics,WH001,North Warehouse 001,North,221,42,832.93,73,1,2026-05-24T00:00:00+07:00
INV-000215,SKU-0215,Home Item 0215,Home,WH001,North Warehouse 001,North,694,53,1720.43,62,1,2026-05-24T00:00:00+07:00
INV-000216,SKU-0216,Grocery Item 0216,Grocery,WH001,North Warehouse 001,North,500,72,495.83,79,1,2026-05-24T00:00:00+07:00
INV-000217,SKU-0217,Fashion Item 0217,Fashion,WH001,North Warehouse 001,North,410,50,2070.35,33,1,2026-05-24T00:00:00+07:00
INV-000218,SKU-0218,Industrial Item 0218,Industrial,WH001,North Warehouse 001,North,278,6,1212.01,102,1,2026-05-24T00:00:00+07:00
INV-000219,SKU-0219,Electronics Item 0219,Electronics,WH001,North Warehouse 001,North,586,61,2051.28,111,1,2026-05-24T00:00:00+07:00
INV-000220,SKU-0220,Home Item 0220,Home,WH001,North Warehouse 001,North,576,45,1871.15,84,1,2026-05-24T00:00:00+07:00
INV-000221,SKU-0221,Grocery Item 0221,Grocery,WH001,North Warehouse 001,North,744,23,1002.92,111,1,2026-05-24T00:00:00+07:00
INV-000222,SKU-0222,Fashion Item 0222,Fashion,WH001,North Warehouse 001,North,530,58,2479.45,46,1,2026-05-24T00:00:00+07:00
INV-000223,SKU-0223,Industrial Item 0223,Industrial,WH001,North Warehouse 001,North,496,51,2251.47,88,1,2026-05-24T00:00:00+07:00
INV-000224,SKU-0224,Electronics Item 0224,Electronics,WH001,North Warehouse 001,North,312,27,740.25,68,1,2026-05-24T00:00:00+07:00
INV-000225,SKU-0225,Home Item 0225,Home,WH001,North Warehouse 001,North,766,38,2164.28,104,1,2026-05-24T00:00:00+07:00
INV-000226,SKU-0226,Grocery Item 0226,Grocery,WH001,North Warehouse 001,North,758,64,808.29,97,1,2026-05-24T00:00:00+07:00
INV-000227,SKU-0227,Fashion Item 0227,Fashion,WH001,North Warehouse 001,North,684,70,171.25,55,1,2026-05-24T00:00:00+07:00
INV-000228,SKU-0228,Industrial Item 0228,Industrial,WH001,North Warehouse 001,North,285,25,1681.49,104,1,2026-05-24T00:00:00+07:00
INV-000229,SKU-0229,Electronics Item 0229,Electronics,WH001,North Warehouse 001,North,256,8,1714.39,82,1,2026-05-24T00:00:00+07:00
INV-000230,SKU-0230,Home Item 0230,Home,WH001,North Warehouse 001,North,761,53,1724.82,118,1,2026-05-24T00:00:00+07:00
INV-000231,SKU-0231,Grocery Item 0231,Grocery,WH001,North Warehouse 001,North,713,50,2243.06,100,1,2026-05-24T00:00:00+07:00
INV-000232,SKU-0232,Fashion Item 0232,Fashion,WH001,North Warehouse 001,North,742,12,1951.24,54,1,2026-05-24T00:00:00+07:00
INV-000233,SKU-0233,Industrial Item 0233,Industrial,WH001,North Warehouse 001,North,770,16,744.68,104,1,2026-05-24T00:00:00+07:00
INV-000234,SKU-0234,Electronics Item 0234,Electronics,WH001,North Warehouse 001,North,774,44,1331.30,106,1,2026-05-24T00:00:00+07:00
INV-000235,SKU-0235,Home Item 0235,Home,WH001,North Warehouse 001,North,759,51,893.86,65,1,2026-05-24T00:00:00+07:00
INV-000236,SKU-0236,Grocery Item 0236,Grocery,WH001,North Warehouse 001,North,296,2,2303.58,85,1,2026-05-24T00:00:00+07:00
INV-000237,SKU-0237,Fashion Item 0237,Fashion,WH001,North Warehouse 001,North,608,25,1650.86,90,1,2026-05-24T00:00:00+07:00
INV-000238,SKU-0238,Industrial Item 0238,Industrial,WH001,North Warehouse 001,North,356,10,524.59,57,1,2026-05-24T00:00:00+07:00
INV-000239,SKU-0239,Electronics Item 0239,Electronics,WH001,North Warehouse 001,North,214,0,2477.42,69,1,2026-05-24T00:00:00+07:00
INV-000240,SKU-0240,Home Item 0240,Home,WH001,North Warehouse 001,North,307,48,1186.86,54,1,2026-05-24T00:00:00+07:00
INV-000241,SKU-0241,Grocery Item 0241,Grocery,WH001,North Warehouse 001,North,564,37,819.76,79,1,2026-05-24T00:00:00+07:00
INV-000242,SKU-0242,Fashion Item 0242,Fashion,WH001,North Warehouse 001,North,785,30,2293.78,120,1,2026-05-24T00:00:00+07:00
INV-000243,SKU-0243,Industrial Item 0243,Industrial,WH001,North Warehouse 001,North,313,2,904.73,52,1,2026-05-24T00:00:00+07:00
INV-000244,SKU-0244,Electronics Item 0244,Electronics,WH001,North Warehouse 001,North,779,30,1547.18,105,1,2026-05-24T00:00:00+07:00
INV-000245,SKU-0245,Home Item 0245,Home,WH001,North Warehouse 001,North,545,30,500.41,68,1,2026-05-24T00:00:00+07:00
INV-000246,SKU-0246,Grocery Item 0246,Grocery,WH001,North Warehouse 001,North,735,69,1963.62,29,1,2026-05-24T00:00:00+07:00
INV-000247,SKU-0247,Fashion Item 0247,Fashion,WH001,North Warehouse 001,North,368,43,1768.56,79,1,2026-05-24T00:00:00+07:00
INV-000248,SKU-0248,Industrial Item 0248,Industrial,WH001,North Warehouse 001,North,233,37,442.41,70,1,2026-05-24T00:00:00+07:00
INV-000249,SKU-0249,Electronics Item 0249,Electronics,WH001,North Warehouse 001,North,184,4,1931.97,105,1,2026-05-24T00:00:00+07:00
INV-000250,SKU-0250,Home Item 0250,Home,WH001,North Warehouse 001,North,216,44,1321.03,104,1,2026-05-24T00:00:00+07:00
INV-000251,SKU-0001,Fashion Item 0001,Fashion,WH002,North Warehouse 002,North,592,49,1041.18,51,1,2026-05-24T00:00:00+07:00
INV-000252,SKU-0002,Industrial Item 0002,Industrial,WH002,North Warehouse 002,North,205,11,2249.86,73,1,2026-05-24T00:00:00+07:00
INV-000253,SKU-0003,Electronics Item 0003,Electronics,WH002,North Warehouse 002,North,315,35,2407.81,83,1,2026-05-24T00:00:00+07:00
INV-000254,SKU-0004,Home Item 0004,Home,WH002,North Warehouse 002,North,159,36,1146.01,107,1,2026-05-24T00:00:00+07:00
INV-000255,SKU-0005,Grocery Item 0005,Grocery,WH002,North Warehouse 002,North,437,10,1392.91,108,1,2026-05-24T00:00:00+07:00
INV-000256,SKU-0006,Fashion Item 0006,Fashion,WH002,North Warehouse 002,North,229,29,549.77,93,1,2026-05-24T00:00:00+07:00
INV-000257,SKU-0007,Industrial Item 0007,Industrial,WH002,North Warehouse 002,North,116,29,7.56,95,1,2026-05-24T00:00:00+07:00
INV-000258,SKU-0008,Electronics Item 0008,Electronics,WH002,North Warehouse 002,North,642,60,2354.35,102,1,2026-05-24T00:00:00+07:00
INV-000259,SKU-0009,Home Item 0009,Home,WH002,North Warehouse 002,North,466,8,1975.35,84,1,2026-05-24T00:00:00+07:00
INV-000260,SKU-0010,Grocery Item 0010,Grocery,WH002,North Warehouse 002,North,584,31,2269.63,71,1,2026-05-24T00:00:00+07:00
INV-000261,SKU-0011,Fashion Item 0011,Fashion,WH002,North Warehouse 002,North,777,65,164.33,62,1,2026-05-24T00:00:00+07:00
INV-000262,SKU-0012,Industrial Item 0012,Industrial,WH002,North Warehouse 002,North,333,12,443.55,75,1,2026-05-24T00:00:00+07:00
INV-000263,SKU-0013,Electronics Item 0013,Electronics,WH002,North Warehouse 002,North,478,63,1990.44,72,1,2026-05-24T00:00:00+07:00
INV-000264,SKU-0014,Home Item 0014,Home,WH002,North Warehouse 002,North,560,70,2456.09,32,1,2026-05-24T00:00:00+07:00
INV-000265,SKU-0015,Grocery Item 0015,Grocery,WH002,North Warehouse 002,North,411,69,1881.66,92,1,2026-05-24T00:00:00+07:00
INV-000266,SKU-0016,Fashion Item 0016,Fashion,WH002,North Warehouse 002,North,272,0,2367.22,34,1,2026-05-24T00:00:00+07:00
INV-000267,SKU-0017,Industrial Item 0017,Industrial,WH002,North Warehouse 002,North,228,2,1059.52,40,1,2026-05-24T00:00:00+07:00
INV-000268,SKU-0018,Electronics Item 0018,Electronics,WH002,North Warehouse 002,North,427,49,943.23,56,1,2026-05-24T00:00:00+07:00
INV-000269,SKU-0019,Home Item 0019,Home,WH002,North Warehouse 002,North,410,9,2153.23,52,1,2026-05-24T00:00:00+07:00
INV-000270,SKU-0020,Grocery Item 0020,Grocery,WH002,North Warehouse 002,North,351,58,300.65,109,1,2026-05-24T00:00:00+07:00
INV-000271,SKU-0021,Fashion Item 0021,Fashion,WH002,North Warehouse 002,North,424,79,1243.67,54,1,2026-05-24T00:00:00+07:00
INV-000272,SKU-0022,Industrial Item 0022,Industrial,WH002,North Warehouse 002,North,352,60,96.81,111,1,2026-05-24T00:00:00+07:00
INV-000273,SKU-0023,Electronics Item 0023,Electronics,WH002,North Warehouse 002,North,199,20,1650.53,96,1,2026-05-24T00:00:00+07:00
INV-000274,SKU-0024,Home Item 0024,Home,WH002,North Warehouse 002,North,376,70,1599.69,113,1,2026-05-24T00:00:00+07:00
INV-000275,SKU-0025,Grocery Item 0025,Grocery,WH002,North Warehouse 002,North,581,52,78.53,65,1,2026-05-24T00:00:00+07:00
INV-000276,SKU-0026,Fashion Item 0026,Fashion,WH002,North Warehouse 002,North,423,80,423.71,108,1,2026-05-24T00:00:00+07:00
INV-000277,SKU-0027,Industrial Item 0027,Industrial,WH002,North Warehouse 002,North,174,29,1218.71,73,1,2026-05-24T00:00:00+07:00
INV-000278,SKU-0028,Electronics Item 0028,Electronics,WH002,North Warehouse 002,North,290,67,853.79,110,1,2026-05-24T00:00:00+07:00
INV-000279,SKU-0029,Home Item 0029,Home,WH002,North Warehouse 002,North,281,0,128.56,106,1,2026-05-24T00:00:00+07:00
INV-000280,SKU-0030,Grocery Item 0030,Grocery,WH002,North Warehouse 002,North,204,26,2238.90,30,1,2026-05-24T00:00:00+07:00
INV-000281,SKU-0031,Fashion Item 0031,Fashion,WH002,North Warehouse 002,North,584,44,146.57,96,1,2026-05-24T00:00:00+07:00
INV-000282,SKU-0032,Industrial Item 0032,Industrial,WH002,North Warehouse 002,North,564,35,1504.89,83,1,2026-05-24T00:00:00+07:00
INV-000283,SKU-0033,Electronics Item 0033,Electronics,WH002,North Warehouse 002,North,245,54,2312.11,94,1,2026-05-24T00:00:00+07:00
INV-000284,SKU-0034,Home Item 0034,Home,WH002,North Warehouse 002,North,173,17,1432.62,59,1,2026-05-24T00:00:00+07:00
INV-000285,SKU-0035,Grocery Item 0035,Grocery,WH002,North Warehouse 002,North,318,42,890.84,111,1,2026-05-24T00:00:00+07:00
INV-000286,SKU-0036,Fashion Item 0036,Fashion,WH002,North Warehouse 002,North,142,6,1689.52,73,1,2026-05-24T00:00:00+07:00
INV-000287,SKU-0037,Industrial Item 0037,Industrial,WH002,North Warehouse 002,North,713,70,1247.24,106,1,2026-05-24T00:00:00+07:00
INV-000288,SKU-0038,Electronics Item 0038,Electronics,WH002,North Warehouse 002,North,307,5,186.30,97,1,2026-05-24T00:00:00+07:00
INV-000289,SKU-0039,Home Item 0039,Home,WH002,North Warehouse 002,North,152,34,430.49,112,1,2026-05-24T00:00:00+07:00
INV-000290,SKU-0040,Grocery Item 0040,Grocery,WH002,North Warehouse 002,North,376,14,1642.10,51,1,2026-05-24T00:00:00+07:00
INV-000291,SKU-0041,Fashion Item 0041,Fashion,WH002,North Warehouse 002,North,398,41,57.10,99,1,2026-05-24T00:00:00+07:00
INV-000292,SKU-0042,Industrial Item 0042,Industrial,WH002,North Warehouse 002,North,742,33,1065.01,109,1,2026-05-24T00:00:00+07:00
INV-000293,SKU-0043,Electronics Item 0043,Electronics,WH002,North Warehouse 002,North,307,43,193.25,96,1,2026-05-24T00:00:00+07:00
INV-000294,SKU-0044,Home Item 0044,Home,WH002,North Warehouse 002,North,132,1,1005.63,56,1,2026-05-24T00:00:00+07:00
INV-000295,SKU-0045,Grocery Item 0045,Grocery,WH002,North Warehouse 002,North,702,15,743.13,86,1,2026-05-24T00:00:00+07:00
INV-000296,SKU-0046,Fashion Item 0046,Fashion,WH002,North Warehouse 002,North,570,43,387.70,26,1,2026-05-24T00:00:00+07:00
INV-000297,SKU-0047,Industrial Item 0047,Industrial,WH002,North Warehouse 002,North,482,11,33.04,88,1,2026-05-24T00:00:00+07:00
INV-000298,SKU-0048,Electronics Item 0048,Electronics,WH002,North Warehouse 002,North,589,42,1512.04,66,1,2026-05-24T00:00:00+07:00
INV-000299,SKU-0049,Home Item 0049,Home,WH002,North Warehouse 002,North,727,40,187.19,70,1,2026-05-24T00:00:00+07:00
INV-000300,SKU-0050,Grocery Item 0050,Grocery,WH002,North Warehouse 002,North,130,18,2202.40,114,1,2026-05-24T00:00:00+07:00
INV-000301,SKU-0051,Fashion Item 0051,Fashion,WH002,North Warehouse 002,North,170,41,1043.95,98,1,2026-05-24T00:00:00+07:00
INV-000302,SKU-0052,Industrial Item 0052,Industrial,WH002,North Warehouse 002,North,403,49,1839.49,110,1,2026-05-24T00:00:00+07:00
INV-000303,SKU-0053,Electronics Item 0053,Electronics,WH002,North Warehouse 002,North,295,29,2322.83,85,1,2026-05-24T00:00:00+07:00
INV-000304,SKU-0054,Home Item 0054,Home,WH002,North Warehouse 002,North,264,53,390.89,25,1,2026-05-24T00:00:00+07:00
INV-000305,SKU-0055,Grocery Item 0055,Grocery,WH002,North Warehouse 002,North,743,46,2094.85,109,1,2026-05-24T00:00:00+07:00
INV-000306,SKU-0056,Fashion Item 0056,Fashion,WH002,North Warehouse 002,North,797,72,1178.91,76,1,2026-05-24T00:00:00+07:00
INV-000307,SKU-0057,Industrial Item 0057,Industrial,WH002,North Warehouse 002,North,626,57,1002.97,102,1,2026-05-24T00:00:00+07:00
INV-000308,SKU-0058,Electronics Item 0058,Electronics,WH002,North Warehouse 002,North,708,21,1370.80,103,1,2026-05-24T00:00:00+07:00
INV-000309,SKU-0059,Home Item 0059,Home,WH002,North Warehouse 002,North,784,39,1398.87,34,1,2026-05-24T00:00:00+07:00
INV-000310,SKU-0060,Grocery Item 0060,Grocery,WH002,North Warehouse 002,North,731,38,2100.51,116,1,2026-05-24T00:00:00+07:00
INV-000311,SKU-0061,Fashion Item 0061,Fashion,WH002,North Warehouse 002,North,172,25,95.39,25,1,2026-05-24T00:00:00+07:00
INV-000312,SKU-0062,Industrial Item 0062,Industrial,WH002,North Warehouse 002,North,337,71,451.97,113,1,2026-05-24T00:00:00+07:00
INV-000313,SKU-0063,Electronics Item 0063,Electronics,WH002,North Warehouse 002,North,400,68,1986.96,53,1,2026-05-24T00:00:00+07:00
INV-000314,SKU-0064,Home Item 0064,Home,WH002,North Warehouse 002,North,471,11,1203.86,47,1,2026-05-24T00:00:00+07:00
INV-000315,SKU-0065,Grocery Item 0065,Grocery,WH002,North Warehouse 002,North,338,1,423.79,89,1,2026-05-24T00:00:00+07:00
INV-000316,SKU-0066,Fashion Item 0066,Fashion,WH002,North Warehouse 002,North,139,23,1526.26,56,1,2026-05-24T00:00:00+07:00
INV-000317,SKU-0067,Industrial Item 0067,Industrial,WH002,North Warehouse 002,North,338,4,1663.85,73,1,2026-05-24T00:00:00+07:00
INV-000318,SKU-0068,Electronics Item 0068,Electronics,WH002,North Warehouse 002,North,790,9,1476.95,47,1,2026-05-24T00:00:00+07:00
INV-000319,SKU-0069,Home Item 0069,Home,WH002,North Warehouse 002,North,518,66,1451.56,51,1,2026-05-24T00:00:00+07:00
INV-000320,SKU-0070,Grocery Item 0070,Grocery,WH002,North Warehouse 002,North,93,9,1841.23,100,1,2026-05-24T00:00:00+07:00
INV-000321,SKU-0071,Fashion Item 0071,Fashion,WH002,North Warehouse 002,North,623,31,939.49,88,1,2026-05-24T00:00:00+07:00
INV-000322,SKU-0072,Industrial Item 0072,Industrial,WH002,North Warehouse 002,North,531,25,1919.98,101,1,2026-05-24T00:00:00+07:00
INV-000323,SKU-0073,Electronics Item 0073,Electronics,WH002,North Warehouse 002,North,237,48,573.28,95,1,2026-05-24T00:00:00+07:00
INV-000324,SKU-0074,Home Item 0074,Home,WH002,North Warehouse 002,North,600,66,444.94,109,1,2026-05-24T00:00:00+07:00
INV-000325,SKU-0075,Grocery Item 0075,Grocery,WH002,North Warehouse 002,North,502,6,964.19,29,1,2026-05-24T00:00:00+07:00
INV-000326,SKU-0076,Fashion Item 0076,Fashion,WH002,North Warehouse 002,North,247,31,1240.95,107,1,2026-05-24T00:00:00+07:00
INV-000327,SKU-0077,Industrial Item 0077,Industrial,WH002,North Warehouse 002,North,514,11,1629.39,55,1,2026-05-24T00:00:00+07:00
INV-000328,SKU-0078,Electronics Item 0078,Electronics,WH002,North Warehouse 002,North,617,27,2317.53,55,1,2026-05-24T00:00:00+07:00
INV-000329,SKU-0079,Home Item 0079,Home,WH002,North Warehouse 002,North,470,35,2337.16,44,1,2026-05-24T00:00:00+07:00
INV-000330,SKU-0080,Grocery Item 0080,Grocery,WH002,North Warehouse 002,North,547,11,1096.13,120,1,2026-05-24T00:00:00+07:00
INV-000331,SKU-0081,Fashion Item 0081,Fashion,WH002,North Warehouse 002,North,271,64,2413.39,92,1,2026-05-24T00:00:00+07:00
INV-000332,SKU-0082,Industrial Item 0082,Industrial,WH002,North Warehouse 002,North,320,56,1999.92,60,1,2026-05-24T00:00:00+07:00
INV-000333,SKU-0083,Electronics Item 0083,Electronics,WH002,North Warehouse 002,North,782,80,437.25,73,1,2026-05-24T00:00:00+07:00
INV-000334,SKU-0084,Home Item 0084,Home,WH002,North Warehouse 002,North,494,11,307.54,51,1,2026-05-24T00:00:00+07:00
INV-000335,SKU-0085,Grocery Item 0085,Grocery,WH002,North Warehouse 002,North,548,68,2129.92,81,1,2026-05-24T00:00:00+07:00
INV-000336,SKU-0086,Fashion Item 0086,Fashion,WH002,North Warehouse 002,North,284,13,1179.40,42,1,2026-05-24T00:00:00+07:00
INV-000337,SKU-0087,Industrial Item 0087,Industrial,WH002,North Warehouse 002,North,243,4,1090.47,90,1,2026-05-24T00:00:00+07:00
INV-000338,SKU-0088,Electronics Item 0088,Electronics,WH002,North Warehouse 002,North,203,1,2467.41,60,1,2026-05-24T00:00:00+07:00
INV-000339,SKU-0089,Home Item 0089,Home,WH002,North Warehouse 002,North,252,10,773.35,116,1,2026-05-24T00:00:00+07:00
INV-000340,SKU-0090,Grocery Item 0090,Grocery,WH002,North Warehouse 002,North,320,62,216.46,107,1,2026-05-24T00:00:00+07:00
INV-000341,SKU-0091,Fashion Item 0091,Fashion,WH002,North Warehouse 002,North,344,62,324.64,110,1,2026-05-24T00:00:00+07:00
INV-000342,SKU-0092,Industrial Item 0092,Industrial,WH002,North Warehouse 002,North,237,15,157.30,44,1,2026-05-24T00:00:00+07:00
INV-000343,SKU-0093,Electronics Item 0093,Electronics,WH002,North Warehouse 002,North,740,70,1452.66,92,1,2026-05-24T00:00:00+07:00
INV-000344,SKU-0094,Home Item 0094,Home,WH002,North Warehouse 002,North,202,44,2474.56,54,1,2026-05-24T00:00:00+07:00
INV-000345,SKU-0095,Grocery Item 0095,Grocery,WH002,North Warehouse 002,North,312,48,1219.00,47,1,2026-05-24T00:00:00+07:00
INV-000346,SKU-0096,Fashion Item 0096,Fashion,WH002,North Warehouse 002,North,268,0,55.74,97,1,2026-05-24T00:00:00+07:00
INV-000347,SKU-0097,Industrial Item 0097,Industrial,WH002,North Warehouse 002,North,724,39,1105.92,75,1,2026-05-24T00:00:00+07:00
INV-000348,SKU-0098,Electronics Item 0098,Electronics,WH002,North Warehouse 002,North,565,67,1189.46,116,1,2026-05-24T00:00:00+07:00
INV-000349,SKU-0099,Home Item 0099,Home,WH002,North Warehouse 002,North,157,28,1152.28,109,1,2026-05-24T00:00:00+07:00
INV-000350,SKU-0100,Grocery Item 0100,Grocery,WH002,North Warehouse 002,North,182,43,1560.14,42,1,2026-05-24T00:00:00+07:00
INV-000351,SKU-0101,Fashion Item 0101,Fashion,WH002,North Warehouse 002,North,148,30,996.24,64,1,2026-05-24T00:00:00+07:00
INV-000352,SKU-0102,Industrial Item 0102,Industrial,WH002,North Warehouse 002,North,761,31,1824.38,107,1,2026-05-24T00:00:00+07:00
INV-000353,SKU-0103,Electronics Item 0103,Electronics,WH002,North Warehouse 002,North,382,37,1144.35,55,1,2026-05-24T00:00:00+07:00
INV-000354,SKU-0104,Home Item 0104,Home,WH002,North Warehouse 002,North,557,62,161.55,67,1,2026-05-24T00:00:00+07:00
INV-000355,SKU-0105,Grocery Item 0105,Grocery,WH002,North Warehouse 002,North,705,0,1045.83,58,1,2026-05-24T00:00:00+07:00
INV-000356,SKU-0106,Fashion Item 0106,Fashion,WH002,North Warehouse 002,North,614,66,1141.29,63,1,2026-05-24T00:00:00+07:00
INV-000357,SKU-0107,Industrial Item 0107,Industrial,WH002,North Warehouse 002,North,628,62,961.45,109,1,2026-05-24T00:00:00+07:00
INV-000358,SKU-0108,Electronics Item 0108,Electronics,WH002,North Warehouse 002,North,496,41,1523.11,59,1,2026-05-24T00:00:00+07:00
INV-000359,SKU-0109,Home Item 0109,Home,WH002,North Warehouse 002,North,460,62,660.81,75,1,2026-05-24T00:00:00+07:00
INV-000360,SKU-0110,Grocery Item 0110,Grocery,WH002,North Warehouse 002,North,786,54,204.45,103,1,2026-05-24T00:00:00+07:00
INV-000361,SKU-0111,Fashion Item 0111,Fashion,WH002,North Warehouse 002,North,608,25,1996.52,105,1,2026-05-24T00:00:00+07:00
INV-000362,SKU-0112,Industrial Item 0112,Industrial,WH002,North Warehouse 002,North,196,37,1439.35,30,1,2026-05-24T00:00:00+07:00
INV-000363,SKU-0113,Electronics Item 0113,Electronics,WH002,North Warehouse 002,North,595,30,1392.58,79,1,2026-05-24T00:00:00+07:00
INV-000364,SKU-0114,Home Item 0114,Home,WH002,North Warehouse 002,North,178,35,9.03,95,1,2026-05-24T00:00:00+07:00
INV-000365,SKU-0115,Grocery Item 0115,Grocery,WH002,North Warehouse 002,North,665,36,1331.95,62,1,2026-05-24T00:00:00+07:00
INV-000366,SKU-0116,Fashion Item 0116,Fashion,WH002,North Warehouse 002,North,119,5,2076.91,109,1,2026-05-24T00:00:00+07:00
INV-000367,SKU-0117,Industrial Item 0117,Industrial,WH002,North Warehouse 002,North,620,12,1337.64,52,1,2026-05-24T00:00:00+07:00
INV-000368,SKU-0118,Electronics Item 0118,Electronics,WH002,North Warehouse 002,North,587,73,1444.19,64,1,2026-05-24T00:00:00+07:00
INV-000369,SKU-0119,Home Item 0119,Home,WH002,North Warehouse 002,North,422,46,592.59,108,1,2026-05-24T00:00:00+07:00
INV-000370,SKU-0120,Grocery Item 0120,Grocery,WH002,North Warehouse 002,North,552,1,2355.55,114,1,2026-05-24T00:00:00+07:00
INV-000371,SKU-0121,Fashion Item 0121,Fashion,WH002,North Warehouse 002,North,578,58,1334.68,100,1,2026-05-24T00:00:00+07:00
INV-000372,SKU-0122,Industrial Item 0122,Industrial,WH002,North Warehouse 002,North,503,22,1227.01,95,1,2026-05-24T00:00:00+07:00
INV-000373,SKU-0123,Electronics Item 0123,Electronics,WH002,North Warehouse 002,North,292,19,148.38,109,1,2026-05-24T00:00:00+07:00
INV-000374,SKU-0124,Home Item 0124,Home,WH002,North Warehouse 002,North,785,58,1147.99,113,1,2026-05-24T00:00:00+07:00
INV-000375,SKU-0125,Grocery Item 0125,Grocery,WH002,North Warehouse 002,North,657,71,1899.26,33,1,2026-05-24T00:00:00+07:00
INV-000376,SKU-0126,Fashion Item 0126,Fashion,WH002,North Warehouse 002,North,285,26,1251.11,83,1,2026-05-24T00:00:00+07:00
INV-000377,SKU-0127,Industrial Item 0127,Industrial,WH002,North Warehouse 002,North,205,22,493.37,41,1,2026-05-24T00:00:00+07:00
INV-000378,SKU-0128,Electronics Item 0128,Electronics,WH002,North Warehouse 002,North,311,24,2009.43,99,1,2026-05-24T00:00:00+07:00
INV-000379,SKU-0129,Home Item 0129,Home,WH002,North Warehouse 002,North,634,31,1724.11,50,1,2026-05-24T00:00:00+07:00
INV-000380,SKU-0130,Grocery Item 0130,Grocery,WH002,North Warehouse 002,North,635,46,803.69,75,1,2026-05-24T00:00:00+07:00
INV-000381,SKU-0131,Fashion Item 0131,Fashion,WH002,North Warehouse 002,North,767,25,1450.18,91,1,2026-05-24T00:00:00+07:00
INV-000382,SKU-0132,Industrial Item 0132,Industrial,WH002,North Warehouse 002,North,353,28,1231.36,79,1,2026-05-24T00:00:00+07:00
INV-000383,SKU-0133,Electronics Item 0133,Electronics,WH002,North Warehouse 002,North,446,21,1628.97,105,1,2026-05-24T00:00:00+07:00
INV-000384,SKU-0134,Home Item 0134,Home,WH002,North Warehouse 002,North,93,4,319.54,58,1,2026-05-24T00:00:00+07:00
INV-000385,SKU-0135,Grocery Item 0135,Grocery,WH002,North Warehouse 002,North,133,31,540.99,69,1,2026-05-24T00:00:00+07:00
INV-000386,SKU-0136,Fashion Item 0136,Fashion,WH002,North Warehouse 002,North,700,25,2294.17,63,1,2026-05-24T00:00:00+07:00
INV-000387,SKU-0137,Industrial Item 0137,Industrial,WH002,North Warehouse 002,North,527,29,2274.50,50,1,2026-05-24T00:00:00+07:00
INV-000388,SKU-0138,Electronics Item 0138,Electronics,WH002,North Warehouse 002,North,793,64,502.46,106,1,2026-05-24T00:00:00+07:00
INV-000389,SKU-0139,Home Item 0139,Home,WH002,North Warehouse 002,North,418,3,1799.44,100,1,2026-05-24T00:00:00+07:00
INV-000390,SKU-0140,Grocery Item 0140,Grocery,WH002,North Warehouse 002,North,217,23,2107.74,89,1,2026-05-24T00:00:00+07:00
INV-000391,SKU-0141,Fashion Item 0141,Fashion,WH002,North Warehouse 002,North,531,19,1698.65,46,1,2026-05-24T00:00:00+07:00
INV-000392,SKU-0142,Industrial Item 0142,Industrial,WH002,North Warehouse 002,North,402,11,768.08,55,1,2026-05-24T00:00:00+07:00
INV-000393,SKU-0143,Electronics Item 0143,Electronics,WH002,North Warehouse 002,North,369,11,435.86,98,1,2026-05-24T00:00:00+07:00
INV-000394,SKU-0144,Home Item 0144,Home,WH002,North Warehouse 002,North,108,12,923.45,102,1,2026-05-24T00:00:00+07:00
INV-000395,SKU-0145,Grocery Item 0145,Grocery,WH002,North Warehouse 002,North,714,42,1800.71,88,1,2026-05-24T00:00:00+07:00
INV-000396,SKU-0146,Fashion Item 0146,Fashion,WH002,North Warehouse 002,North,741,13,59.69,73,1,2026-05-24T00:00:00+07:00
INV-000397,SKU-0147,Industrial Item 0147,Industrial,WH002,North Warehouse 002,North,425,66,2234.93,36,1,2026-05-24T00:00:00+07:00
INV-000398,SKU-0148,Electronics Item 0148,Electronics,WH002,North Warehouse 002,North,102,12,265.62,50,1,2026-05-24T00:00:00+07:00
INV-000399,SKU-0149,Home Item 0149,Home,WH002,North Warehouse 002,North,728,50,801.49,85,1,2026-05-24T00:00:00+07:00
INV-000400,SKU-0150,Grocery Item 0150,Grocery,WH002,North Warehouse 002,North,265,20,712.51,34,1,2026-05-24T00:00:00+07:00
INV-000401,SKU-0151,Fashion Item 0151,Fashion,WH002,North Warehouse 002,North,236,33,600.97,70,1,2026-05-24T00:00:00+07:00
INV-000402,SKU-0152,Industrial Item 0152,Industrial,WH002,North Warehouse 002,North,288,23,1529.35,91,1,2026-05-24T00:00:00+07:00
INV-000403,SKU-0153,Electronics Item 0153,Electronics,WH002,North Warehouse 002,North,282,33,1770.84,115,1,2026-05-24T00:00:00+07:00
INV-000404,SKU-0154,Home Item 0154,Home,WH002,North Warehouse 002,North,98,7,2094.17,33,1,2026-05-24T00:00:00+07:00
INV-000405,SKU-0155,Grocery Item 0155,Grocery,WH002,North Warehouse 002,North,436,9,379.38,104,1,2026-05-24T00:00:00+07:00
INV-000406,SKU-0156,Fashion Item 0156,Fashion,WH002,North Warehouse 002,North,383,38,2019.43,91,1,2026-05-24T00:00:00+07:00
INV-000407,SKU-0157,Industrial Item 0157,Industrial,WH002,North Warehouse 002,North,649,27,926.41,28,1,2026-05-24T00:00:00+07:00
INV-000408,SKU-0158,Electronics Item 0158,Electronics,WH002,North Warehouse 002,North,720,58,2065.77,84,1,2026-05-24T00:00:00+07:00
INV-000409,SKU-0159,Home Item 0159,Home,WH002,North Warehouse 002,North,519,59,1053.40,94,1,2026-05-24T00:00:00+07:00
INV-000410,SKU-0160,Grocery Item 0160,Grocery,WH002,North Warehouse 002,North,614,35,2245.20,64,1,2026-05-24T00:00:00+07:00
INV-000411,SKU-0161,Fashion Item 0161,Fashion,WH002,North Warehouse 002,North,375,12,1203.50,42,1,2026-05-24T00:00:00+07:00
INV-000412,SKU-0162,Industrial Item 0162,Industrial,WH002,North Warehouse 002,North,633,47,884.76,46,1,2026-05-24T00:00:00+07:00
INV-000413,SKU-0163,Electronics Item 0163,Electronics,WH002,North Warehouse 002,North,367,56,67.91,102,1,2026-05-24T00:00:00+07:00
INV-000414,SKU-0164,Home Item 0164,Home,WH002,North Warehouse 002,North,291,14,1759.71,67,1,2026-05-24T00:00:00+07:00
INV-000415,SKU-0165,Grocery Item 0165,Grocery,WH002,North Warehouse 002,North,624,54,2398.12,72,1,2026-05-24T00:00:00+07:00
INV-000416,SKU-0166,Fashion Item 0166,Fashion,WH002,North Warehouse 002,North,137,9,1871.83,73,1,2026-05-24T00:00:00+07:00
INV-000417,SKU-0167,Industrial Item 0167,Industrial,WH002,North Warehouse 002,North,311,24,2025.67,66,1,2026-05-24T00:00:00+07:00
INV-000418,SKU-0168,Electronics Item 0168,Electronics,WH002,North Warehouse 002,North,563,55,177.86,48,1,2026-05-24T00:00:00+07:00
INV-000419,SKU-0169,Home Item 0169,Home,WH002,North Warehouse 002,North,432,11,1239.23,49,1,2026-05-24T00:00:00+07:00
INV-000420,SKU-0170,Grocery Item 0170,Grocery,WH002,North Warehouse 002,North,559,54,1512.24,39,1,2026-05-24T00:00:00+07:00
INV-000421,SKU-0171,Fashion Item 0171,Fashion,WH002,North Warehouse 002,North,567,40,2010.38,76,1,2026-05-24T00:00:00+07:00
INV-000422,SKU-0172,Industrial Item 0172,Industrial,WH002,North Warehouse 002,North,170,41,1899.19,116,1,2026-05-24T00:00:00+07:00
INV-000423,SKU-0173,Electronics Item 0173,Electronics,WH002,North Warehouse 002,North,433,27,1512.93,41,1,2026-05-24T00:00:00+07:00
INV-000424,SKU-0174,Home Item 0174,Home,WH002,North Warehouse 002,North,756,1,514.71,102,1,2026-05-24T00:00:00+07:00
INV-000425,SKU-0175,Grocery Item 0175,Grocery,WH002,North Warehouse 002,North,94,2,2278.47,118,1,2026-05-24T00:00:00+07:00
INV-000426,SKU-0176,Fashion Item 0176,Fashion,WH002,North Warehouse 002,North,269,39,890.01,38,1,2026-05-24T00:00:00+07:00
INV-000427,SKU-0177,Industrial Item 0177,Industrial,WH002,North Warehouse 002,North,415,71,1812.70,71,1,2026-05-24T00:00:00+07:00
INV-000428,SKU-0178,Electronics Item 0178,Electronics,WH002,North Warehouse 002,North,650,21,1671.94,103,1,2026-05-24T00:00:00+07:00
INV-000429,SKU-0179,Home Item 0179,Home,WH002,North Warehouse 002,North,581,21,799.71,88,1,2026-05-24T00:00:00+07:00
INV-000430,SKU-0180,Grocery Item 0180,Grocery,WH002,North Warehouse 002,North,509,60,2161.39,68,1,2026-05-24T00:00:00+07:00
INV-000431,SKU-0181,Fashion Item 0181,Fashion,WH002,North Warehouse 002,North,641,69,1818.70,39,1,2026-05-24T00:00:00+07:00
INV-000432,SKU-0182,Industrial Item 0182,Industrial,WH002,North Warehouse 002,North,376,9,558.39,92,1,2026-05-24T00:00:00+07:00
INV-000433,SKU-0183,Electronics Item 0183,Electronics,WH002,North Warehouse 002,North,467,2,775.80,60,1,2026-05-24T00:00:00+07:00
INV-000434,SKU-0184,Home Item 0184,Home,WH002,North Warehouse 002,North,358,1,34.12,90,1,2026-05-24T00:00:00+07:00
INV-000435,SKU-0185,Grocery Item 0185,Grocery,WH002,North Warehouse 002,North,609,49,2008.67,75,1,2026-05-24T00:00:00+07:00
INV-000436,SKU-0186,Fashion Item 0186,Fashion,WH002,North Warehouse 002,North,307,39,2090.20,29,1,2026-05-24T00:00:00+07:00
INV-000437,SKU-0187,Industrial Item 0187,Industrial,WH002,North Warehouse 002,North,125,8,2401.86,87,1,2026-05-24T00:00:00+07:00
INV-000438,SKU-0188,Electronics Item 0188,Electronics,WH002,North Warehouse 002,North,401,62,163.72,98,1,2026-05-24T00:00:00+07:00
INV-000439,SKU-0189,Home Item 0189,Home,WH002,North Warehouse 002,North,123,20,1126.33,85,1,2026-05-24T00:00:00+07:00
INV-000440,SKU-0190,Grocery Item 0190,Grocery,WH002,North Warehouse 002,North,165,14,774.57,49,1,2026-05-24T00:00:00+07:00
INV-000441,SKU-0191,Fashion Item 0191,Fashion,WH002,North Warehouse 002,North,91,2,1044.09,56,1,2026-05-24T00:00:00+07:00
INV-000442,SKU-0192,Industrial Item 0192,Industrial,WH002,North Warehouse 002,North,669,67,1800.03,35,1,2026-05-24T00:00:00+07:00
INV-000443,SKU-0193,Electronics Item 0193,Electronics,WH002,North Warehouse 002,North,166,23,167.11,54,1,2026-05-24T00:00:00+07:00
INV-000444,SKU-0194,Home Item 0194,Home,WH002,North Warehouse 002,North,535,46,2081.42,106,1,2026-05-24T00:00:00+07:00
INV-000445,SKU-0195,Grocery Item 0195,Grocery,WH002,North Warehouse 002,North,97,19,1860.26,88,1,2026-05-24T00:00:00+07:00
INV-000446,SKU-0196,Fashion Item 0196,Fashion,WH002,North Warehouse 002,North,116,25,1777.97,92,1,2026-05-24T00:00:00+07:00
INV-000447,SKU-0197,Industrial Item 0197,Industrial,WH002,North Warehouse 002,North,312,29,134.53,91,1,2026-05-24T00:00:00+07:00
INV-000448,SKU-0198,Electronics Item 0198,Electronics,WH002,North Warehouse 002,North,292,11,1482.00,105,1,2026-05-24T00:00:00+07:00
INV-000449,SKU-0199,Home Item 0199,Home,WH002,North Warehouse 002,North,171,7,406.35,27,1,2026-05-24T00:00:00+07:00
INV-000450,SKU-0200,Grocery Item 0200,Grocery,WH002,North Warehouse 002,North,137,14,1522.18,68,1,2026-05-24T00:00:00+07:00
INV-000451,SKU-0201,Fashion Item 0201,Fashion,WH002,North Warehouse 002,North,103,13,1176.59,64,1,2026-05-24T00:00:00+07:00
INV-000452,SKU-0202,Industrial Item 0202,Industrial,WH002,North Warehouse 002,North,93,11,465.85,109,1,2026-05-24T00:00:00+07:00
INV-000453,SKU-0203,Electronics Item 0203,Electronics,WH002,North Warehouse 002,North,550,10,1572.73,31,1,2026-05-24T00:00:00+07:00
INV-000454,SKU-0204,Home Item 0204,Home,WH002,North Warehouse 002,North,536,17,1092.12,70,1,2026-05-24T00:00:00+07:00
INV-000455,SKU-0205,Grocery Item 0205,Grocery,WH002,North Warehouse 002,North,615,36,831.62,39,1,2026-05-24T00:00:00+07:00
INV-000456,SKU-0206,Fashion Item 0206,Fashion,WH002,North Warehouse 002,North,83,18,1148.52,58,1,2026-05-24T00:00:00+07:00
INV-000457,SKU-0207,Industrial Item 0207,Industrial,WH002,North Warehouse 002,North,751,10,356.25,95,1,2026-05-24T00:00:00+07:00
INV-000458,SKU-0208,Electronics Item 0208,Electronics,WH002,North Warehouse 002,North,448,54,49.31,27,1,2026-05-24T00:00:00+07:00
INV-000459,SKU-0209,Home Item 0209,Home,WH002,North Warehouse 002,North,770,72,2101.60,44,1,2026-05-24T00:00:00+07:00
INV-000460,SKU-0210,Grocery Item 0210,Grocery,WH002,North Warehouse 002,North,572,42,114.02,57,1,2026-05-24T00:00:00+07:00
INV-000461,SKU-0211,Fashion Item 0211,Fashion,WH002,North Warehouse 002,North,209,38,710.91,43,1,2026-05-24T00:00:00+07:00
INV-000462,SKU-0212,Industrial Item 0212,Industrial,WH002,North Warehouse 002,North,608,20,2221.57,88,1,2026-05-24T00:00:00+07:00
INV-000463,SKU-0213,Electronics Item 0213,Electronics,WH002,North Warehouse 002,North,152,7,60.23,73,1,2026-05-24T00:00:00+07:00
INV-000464,SKU-0214,Home Item 0214,Home,WH002,North Warehouse 002,North,299,9,107.32,39,1,2026-05-24T00:00:00+07:00
INV-000465,SKU-0215,Grocery Item 0215,Grocery,WH002,North Warehouse 002,North,746,41,1969.95,29,1,2026-05-24T00:00:00+07:00
INV-000466,SKU-0216,Fashion Item 0216,Fashion,WH002,North Warehouse 002,North,349,71,2130.99,114,1,2026-05-24T00:00:00+07:00
INV-000467,SKU-0217,Industrial Item 0217,Industrial,WH002,North Warehouse 002,North,130,7,2370.14,83,1,2026-05-24T00:00:00+07:00
INV-000468,SKU-0218,Electronics Item 0218,Electronics,WH002,North Warehouse 002,North,679,26,2122.76,91,1,2026-05-24T00:00:00+07:00
INV-000469,SKU-0219,Home Item 0219,Home,WH002,North Warehouse 002,North,664,23,1911.26,107,1,2026-05-24T00:00:00+07:00
INV-000470,SKU-0220,Grocery Item 0220,Grocery,WH002,North Warehouse 002,North,309,2,314.06,53,1,2026-05-24T00:00:00+07:00
INV-000471,SKU-0221,Fashion Item 0221,Fashion,WH002,North Warehouse 002,North,703,60,1888.34,109,1,2026-05-24T00:00:00+07:00
INV-000472,SKU-0222,Industrial Item 0222,Industrial,WH002,North Warehouse 002,North,616,32,2039.46,41,1,2026-05-24T00:00:00+07:00
INV-000473,SKU-0223,Electronics Item 0223,Electronics,WH002,North Warehouse 002,North,136,25,60.42,42,1,2026-05-24T00:00:00+07:00
INV-000474,SKU-0224,Home Item 0224,Home,WH002,North Warehouse 002,North,402,63,1040.50,114,1,2026-05-24T00:00:00+07:00
INV-000475,SKU-0225,Grocery Item 0225,Grocery,WH002,North Warehouse 002,North,301,16,347.06,90,1,2026-05-24T00:00:00+07:00
INV-000476,SKU-0226,Fashion Item 0226,Fashion,WH002,North Warehouse 002,North,328,54,1026.68,34,1,2026-05-24T00:00:00+07:00
INV-000477,SKU-0227,Industrial Item 0227,Industrial,WH002,North Warehouse 002,North,209,16,672.30,57,1,2026-05-24T00:00:00+07:00
INV-000478,SKU-0228,Electronics Item 0228,Electronics,WH002,North Warehouse 002,North,552,38,1975.74,108,1,2026-05-24T00:00:00+07:00
INV-000479,SKU-0229,Home Item 0229,Home,WH002,North Warehouse 002,North,193,45,8.50,112,1,2026-05-24T00:00:00+07:00
INV-000480,SKU-0230,Grocery Item 0230,Grocery,WH002,North Warehouse 002,North,244,37,1411.79,37,1,2026-05-24T00:00:00+07:00
INV-000481,SKU-0231,Fashion Item 0231,Fashion,WH002,North Warehouse 002,North,560,38,971.90,110,1,2026-05-24T00:00:00+07:00
INV-000482,SKU-0232,Industrial Item 0232,Industrial,WH002,North Warehouse 002,North,487,47,1174.10,59,1,2026-05-24T00:00:00+07:00
INV-000483,SKU-0233,Electronics Item 0233,Electronics,WH002,North Warehouse 002,North,211,9,1065.52,83,1,2026-05-24T00:00:00+07:00
INV-000484,SKU-0234,Home Item 0234,Home,WH002,North Warehouse 002,North,233,38,1502.70,88,1,2026-05-24T00:00:00+07:00
INV-000485,SKU-0235,Grocery Item 0235,Grocery,WH002,North Warehouse 002,North,235,6,1995.44,119,1,2026-05-24T00:00:00+07:00
INV-000486,SKU-0236,Fashion Item 0236,Fashion,WH002,North Warehouse 002,North,103,6,119.50,88,1,2026-05-24T00:00:00+07:00
INV-000487,SKU-0237,Industrial Item 0237,Industrial,WH002,North Warehouse 002,North,557,29,794.43,44,1,2026-05-24T00:00:00+07:00
INV-000488,SKU-0238,Electronics Item 0238,Electronics,WH002,North Warehouse 002,North,231,30,1425.62,110,1,2026-05-24T00:00:00+07:00
INV-000489,SKU-0239,Home Item 0239,Home,WH002,North Warehouse 002,North,656,76,1655.93,36,1,2026-05-24T00:00:00+07:00
INV-000490,SKU-0240,Grocery Item 0240,Grocery,WH002,North Warehouse 002,North,791,77,572.58,63,1,2026-05-24T00:00:00+07:00
INV-000491,SKU-0241,Fashion Item 0241,Fashion,WH002,North Warehouse 002,North,243,60,2198.86,56,1,2026-05-24T00:00:00+07:00
INV-000492,SKU-0242,Industrial Item 0242,Industrial,WH002,North Warehouse 002,North,237,49,2378.24,65,1,2026-05-24T00:00:00+07:00
INV-000493,SKU-0243,Electronics Item 0243,Electronics,WH002,North Warehouse 002,North,576,60,652.48,57,1,2026-05-24T00:00:00+07:00
INV-000494,SKU-0244,Home Item 0244,Home,WH002,North Warehouse 002,North,651,63,2130.75,73,1,2026-05-24T00:00:00+07:00
INV-000495,SKU-0245,Grocery Item 0245,Grocery,WH002,North Warehouse 002,North,369,76,1808.39,79,1,2026-05-24T00:00:00+07:00
INV-000496,SKU-0246,Fashion Item 0246,Fashion,WH002,North Warehouse 002,North,556,62,1669.49,54,1,2026-05-24T00:00:00+07:00
INV-000497,SKU-0247,Industrial Item 0247,Industrial,WH002,North Warehouse 002,North,240,2,24.44,120,1,2026-05-24T00:00:00+07:00
INV-000498,SKU-0248,Electronics Item 0248,Electronics,WH002,North Warehouse 002,North,434,73,832.87,111,1,2026-05-24T00:00:00+07:00
INV-000499,SKU-0249,Home Item 0249,Home,WH002,North Warehouse 002,North,394,59,1341.93,75,1,2026-05-24T00:00:00+07:00
INV-000500,SKU-0250,Grocery Item 0250,Grocery,WH002,North Warehouse 002,North,349,58,1328.50,28,1,2026-05-24T00:00:00+07:00
INV-000501,SKU-0001,Industrial Item 0001,Industrial,WH003,North Warehouse 003,North,370,28,2195.08,59,1,2026-05-24T00:00:00+07:00
INV-000502,SKU-0002,Electronics Item 0002,Electronics,WH003,North Warehouse 003,North,518,65,1859.24,75,1,2026-05-24T00:00:00+07:00
INV-000503,SKU-0003,Home Item 0003,Home,WH003,North Warehouse 003,North,416,35,888.09,89,1,2026-05-24T00:00:00+07:00
INV-000504,SKU-0004,Grocery Item 0004,Grocery,WH003,North Warehouse 003,North,108,23,2254.66,33,1,2026-05-24T00:00:00+07:00
INV-000505,SKU-0005,Fashion Item 0005,Fashion,WH003,North Warehouse 003,North,563,21,471.35,33,1,2026-05-24T00:00:00+07:00
INV-000506,SKU-0006,Industrial Item 0006,Industrial,WH003,North Warehouse 003,North,678,21,1618.00,51,1,2026-05-24T00:00:00+07:00
INV-000507,SKU-0007,Electronics Item 0007,Electronics,WH003,North Warehouse 003,North,541,68,2435.09,112,1,2026-05-24T00:00:00+07:00
INV-000508,SKU-0008,Home Item 0008,Home,WH003,North Warehouse 003,North,592,6,87.74,66,1,2026-05-24T00:00:00+07:00
INV-000509,SKU-0009,Grocery Item 0009,Grocery,WH003,North Warehouse 003,North,369,47,173.31,77,1,2026-05-24T00:00:00+07:00
INV-000510,SKU-0010,Fashion Item 0010,Fashion,WH003,North Warehouse 003,North,443,76,1016.91,28,1,2026-05-24T00:00:00+07:00
INV-000511,SKU-0011,Industrial Item 0011,Industrial,WH003,North Warehouse 003,North,791,27,349.85,82,1,2026-05-24T00:00:00+07:00
INV-000512,SKU-0012,Electronics Item 0012,Electronics,WH003,North Warehouse 003,North,208,36,2279.23,55,1,2026-05-24T00:00:00+07:00
INV-000513,SKU-0013,Home Item 0013,Home,WH003,North Warehouse 003,North,663,28,284.42,45,1,2026-05-24T00:00:00+07:00
INV-000514,SKU-0014,Grocery Item 0014,Grocery,WH003,North Warehouse 003,North,136,33,2400.69,64,1,2026-05-24T00:00:00+07:00
INV-000515,SKU-0015,Fashion Item 0015,Fashion,WH003,North Warehouse 003,North,265,57,1228.60,35,1,2026-05-24T00:00:00+07:00
INV-000516,SKU-0016,Industrial Item 0016,Industrial,WH003,North Warehouse 003,North,118,17,1818.39,46,1,2026-05-24T00:00:00+07:00
INV-000517,SKU-0017,Electronics Item 0017,Electronics,WH003,North Warehouse 003,North,577,54,668.33,62,1,2026-05-24T00:00:00+07:00
INV-000518,SKU-0018,Home Item 0018,Home,WH003,North Warehouse 003,North,766,11,2040.19,98,1,2026-05-24T00:00:00+07:00
INV-000519,SKU-0019,Grocery Item 0019,Grocery,WH003,North Warehouse 003,North,772,46,2364.59,65,1,2026-05-24T00:00:00+07:00
INV-000520,SKU-0020,Fashion Item 0020,Fashion,WH003,North Warehouse 003,North,180,40,1816.31,35,1,2026-05-24T00:00:00+07:00
INV-000521,SKU-0021,Industrial Item 0021,Industrial,WH003,North Warehouse 003,North,322,43,1299.53,64,1,2026-05-24T00:00:00+07:00
INV-000522,SKU-0022,Electronics Item 0022,Electronics,WH003,North Warehouse 003,North,159,25,2346.28,108,1,2026-05-24T00:00:00+07:00
INV-000523,SKU-0023,Home Item 0023,Home,WH003,North Warehouse 003,North,118,28,880.17,43,1,2026-05-24T00:00:00+07:00
INV-000524,SKU-0024,Grocery Item 0024,Grocery,WH003,North Warehouse 003,North,402,31,521.21,105,1,2026-05-24T00:00:00+07:00
INV-000525,SKU-0025,Fashion Item 0025,Fashion,WH003,North Warehouse 003,North,402,50,861.37,93,1,2026-05-24T00:00:00+07:00
INV-000526,SKU-0026,Industrial Item 0026,Industrial,WH003,North Warehouse 003,North,95,5,423.97,75,1,2026-05-24T00:00:00+07:00
INV-000527,SKU-0027,Electronics Item 0027,Electronics,WH003,North Warehouse 003,North,134,30,1719.42,89,1,2026-05-24T00:00:00+07:00
INV-000528,SKU-0028,Home Item 0028,Home,WH003,North Warehouse 003,North,132,13,2452.30,110,1,2026-05-24T00:00:00+07:00
INV-000529,SKU-0029,Grocery Item 0029,Grocery,WH003,North Warehouse 003,North,267,39,1191.66,32,1,2026-05-24T00:00:00+07:00
INV-000530,SKU-0030,Fashion Item 0030,Fashion,WH003,North Warehouse 003,North,798,7,187.35,69,1,2026-05-24T00:00:00+07:00
INV-000531,SKU-0031,Industrial Item 0031,Industrial,WH003,North Warehouse 003,North,784,10,2240.40,71,1,2026-05-24T00:00:00+07:00
INV-000532,SKU-0032,Electronics Item 0032,Electronics,WH003,North Warehouse 003,North,599,62,1477.67,63,1,2026-05-24T00:00:00+07:00
INV-000533,SKU-0033,Home Item 0033,Home,WH003,North Warehouse 003,North,387,50,1607.21,89,1,2026-05-24T00:00:00+07:00
INV-000534,SKU-0034,Grocery Item 0034,Grocery,WH003,North Warehouse 003,North,279,58,1508.47,34,1,2026-05-24T00:00:00+07:00
INV-000535,SKU-0035,Fashion Item 0035,Fashion,WH003,North Warehouse 003,North,722,46,1471.38,62,1,2026-05-24T00:00:00+07:00
INV-000536,SKU-0036,Industrial Item 0036,Industrial,WH003,North Warehouse 003,North,487,7,662.06,116,1,2026-05-24T00:00:00+07:00
INV-000537,SKU-0037,Electronics Item 0037,Electronics,WH003,North Warehouse 003,North,125,20,1607.64,60,1,2026-05-24T00:00:00+07:00
INV-000538,SKU-0038,Home Item 0038,Home,WH003,North Warehouse 003,North,91,21,541.49,41,1,2026-05-24T00:00:00+07:00
INV-000539,SKU-0039,Grocery Item 0039,Grocery,WH003,North Warehouse 003,North,335,25,2059.03,79,1,2026-05-24T00:00:00+07:00
INV-000540,SKU-0040,Fashion Item 0040,Fashion,WH003,North Warehouse 003,North,519,63,28.84,107,1,2026-05-24T00:00:00+07:00
INV-000541,SKU-0041,Industrial Item 0041,Industrial,WH003,North Warehouse 003,North,110,25,1777.11,87,1,2026-05-24T00:00:00+07:00
INV-000542,SKU-0042,Electronics Item 0042,Electronics,WH003,North Warehouse 003,North,653,14,38.51,95,1,2026-05-24T00:00:00+07:00
INV-000543,SKU-0043,Home Item 0043,Home,WH003,North Warehouse 003,North,96,21,682.79,107,1,2026-05-24T00:00:00+07:00
INV-000544,SKU-0044,Grocery Item 0044,Grocery,WH003,North Warehouse 003,North,639,73,1830.42,111,1,2026-05-24T00:00:00+07:00
INV-000545,SKU-0045,Fashion Item 0045,Fashion,WH003,North Warehouse 003,North,569,12,91.79,44,1,2026-05-24T00:00:00+07:00
INV-000546,SKU-0046,Industrial Item 0046,Industrial,WH003,North Warehouse 003,North,194,25,1454.68,86,1,2026-05-24T00:00:00+07:00
INV-000547,SKU-0047,Electronics Item 0047,Electronics,WH003,North Warehouse 003,North,495,55,1220.90,66,1,2026-05-24T00:00:00+07:00
INV-000548,SKU-0048,Home Item 0048,Home,WH003,North Warehouse 003,North,369,31,1278.90,109,1,2026-05-24T00:00:00+07:00
INV-000549,SKU-0049,Grocery Item 0049,Grocery,WH003,North Warehouse 003,North,659,9,1784.79,58,1,2026-05-24T00:00:00+07:00
INV-000550,SKU-0050,Fashion Item 0050,Fashion,WH003,North Warehouse 003,North,129,6,240.94,95,1,2026-05-24T00:00:00+07:00
INV-000551,SKU-0051,Industrial Item 0051,Industrial,WH003,North Warehouse 003,North,152,24,227.80,81,1,2026-05-24T00:00:00+07:00
INV-000552,SKU-0052,Electronics Item 0052,Electronics,WH003,North Warehouse 003,North,84,20,7.78,28,1,2026-05-24T00:00:00+07:00
INV-000553,SKU-0053,Home Item 0053,Home,WH003,North Warehouse 003,North,108,10,420.60,43,1,2026-05-24T00:00:00+07:00
INV-000554,SKU-0054,Grocery Item 0054,Grocery,WH003,North Warehouse 003,North,756,49,1671.70,109,1,2026-05-24T00:00:00+07:00
INV-000555,SKU-0055,Fashion Item 0055,Fashion,WH003,North Warehouse 003,North,647,75,337.47,42,1,2026-05-24T00:00:00+07:00
INV-000556,SKU-0056,Industrial Item 0056,Industrial,WH003,North Warehouse 003,North,108,2,2112.03,43,1,2026-05-24T00:00:00+07:00
INV-000557,SKU-0057,Electronics Item 0057,Electronics,WH003,North Warehouse 003,North,780,49,2499.66,115,1,2026-05-24T00:00:00+07:00
INV-000558,SKU-0058,Home Item 0058,Home,WH003,North Warehouse 003,North,429,40,1740.97,72,1,2026-05-24T00:00:00+07:00
INV-000559,SKU-0059,Grocery Item 0059,Grocery,WH003,North Warehouse 003,North,104,8,1739.84,71,1,2026-05-24T00:00:00+07:00
INV-000560,SKU-0060,Fashion Item 0060,Fashion,WH003,North Warehouse 003,North,495,33,636.37,93,1,2026-05-24T00:00:00+07:00
INV-000561,SKU-0061,Industrial Item 0061,Industrial,WH003,North Warehouse 003,North,103,23,7.83,92,1,2026-05-24T00:00:00+07:00
INV-000562,SKU-0062,Electronics Item 0062,Electronics,WH003,North Warehouse 003,North,325,29,773.84,86,1,2026-05-24T00:00:00+07:00
INV-000563,SKU-0063,Home Item 0063,Home,WH003,North Warehouse 003,North,556,62,571.57,25,1,2026-05-24T00:00:00+07:00
INV-000564,SKU-0064,Grocery Item 0064,Grocery,WH003,North Warehouse 003,North,216,34,1247.28,111,1,2026-05-24T00:00:00+07:00
INV-000565,SKU-0065,Fashion Item 0065,Fashion,WH003,North Warehouse 003,North,639,20,1611.60,84,1,2026-05-24T00:00:00+07:00
INV-000566,SKU-0066,Industrial Item 0066,Industrial,WH003,North Warehouse 003,North,207,27,1526.01,83,1,2026-05-24T00:00:00+07:00
INV-000567,SKU-0067,Electronics Item 0067,Electronics,WH003,North Warehouse 003,North,637,48,1186.11,105,1,2026-05-24T00:00:00+07:00
INV-000568,SKU-0068,Home Item 0068,Home,WH003,North Warehouse 003,North,305,49,174.56,68,1,2026-05-24T00:00:00+07:00
INV-000569,SKU-0069,Grocery Item 0069,Grocery,WH003,North Warehouse 003,North,260,15,757.08,44,1,2026-05-24T00:00:00+07:00
INV-000570,SKU-0070,Fashion Item 0070,Fashion,WH003,North Warehouse 003,North,793,23,1583.07,37,1,2026-05-24T00:00:00+07:00
INV-000571,SKU-0071,Industrial Item 0071,Industrial,WH003,North Warehouse 003,North,373,79,2447.66,42,1,2026-05-24T00:00:00+07:00
INV-000572,SKU-0072,Electronics Item 0072,Electronics,WH003,North Warehouse 003,North,589,40,1610.34,100,1,2026-05-24T00:00:00+07:00
INV-000573,SKU-0073,Home Item 0073,Home,WH003,North Warehouse 003,North,555,40,18.19,60,1,2026-05-24T00:00:00+07:00
INV-000574,SKU-0074,Grocery Item 0074,Grocery,WH003,North Warehouse 003,North,614,67,1349.76,65,1,2026-05-24T00:00:00+07:00
INV-000575,SKU-0075,Fashion Item 0075,Fashion,WH003,North Warehouse 003,North,507,49,890.28,85,1,2026-05-24T00:00:00+07:00
INV-000576,SKU-0076,Industrial Item 0076,Industrial,WH003,North Warehouse 003,North,109,21,551.44,108,1,2026-05-24T00:00:00+07:00
INV-000577,SKU-0077,Electronics Item 0077,Electronics,WH003,North Warehouse 003,North,636,3,2356.80,50,1,2026-05-24T00:00:00+07:00
INV-000578,SKU-0078,Home Item 0078,Home,WH003,North Warehouse 003,North,672,74,146.79,89,1,2026-05-24T00:00:00+07:00
INV-000579,SKU-0079,Grocery Item 0079,Grocery,WH003,North Warehouse 003,North,311,72,354.87,76,1,2026-05-24T00:00:00+07:00
INV-000580,SKU-0080,Fashion Item 0080,Fashion,WH003,North Warehouse 003,North,548,36,830.37,42,1,2026-05-24T00:00:00+07:00
INV-000581,SKU-0081,Industrial Item 0081,Industrial,WH003,North Warehouse 003,North,175,9,1451.70,29,1,2026-05-24T00:00:00+07:00
INV-000582,SKU-0082,Electronics Item 0082,Electronics,WH003,North Warehouse 003,North,359,34,2339.40,111,1,2026-05-24T00:00:00+07:00
INV-000583,SKU-0083,Home Item 0083,Home,WH003,North Warehouse 003,North,502,19,248.82,109,1,2026-05-24T00:00:00+07:00
INV-000584,SKU-0084,Grocery Item 0084,Grocery,WH003,North Warehouse 003,North,619,19,688.36,55,1,2026-05-24T00:00:00+07:00
INV-000585,SKU-0085,Fashion Item 0085,Fashion,WH003,North Warehouse 003,North,175,19,705.62,60,1,2026-05-24T00:00:00+07:00
INV-000586,SKU-0086,Industrial Item 0086,Industrial,WH003,North Warehouse 003,North,413,6,1066.14,93,1,2026-05-24T00:00:00+07:00
INV-000587,SKU-0087,Electronics Item 0087,Electronics,WH003,North Warehouse 003,North,454,62,1545.72,109,1,2026-05-24T00:00:00+07:00
INV-000588,SKU-0088,Home Item 0088,Home,WH003,North Warehouse 003,North,144,28,2130.00,76,1,2026-05-24T00:00:00+07:00
INV-000589,SKU-0089,Grocery Item 0089,Grocery,WH003,North Warehouse 003,North,236,53,446.12,113,1,2026-05-24T00:00:00+07:00
INV-000590,SKU-0090,Fashion Item 0090,Fashion,WH003,North Warehouse 003,North,95,8,157.72,112,1,2026-05-24T00:00:00+07:00
INV-000591,SKU-0091,Industrial Item 0091,Industrial,WH003,North Warehouse 003,North,558,66,192.58,41,1,2026-05-24T00:00:00+07:00
INV-000592,SKU-0092,Electronics Item 0092,Electronics,WH003,North Warehouse 003,North,620,22,384.73,55,1,2026-05-24T00:00:00+07:00
INV-000593,SKU-0093,Home Item 0093,Home,WH003,North Warehouse 003,North,308,63,333.93,65,1,2026-05-24T00:00:00+07:00
INV-000594,SKU-0094,Grocery Item 0094,Grocery,WH003,North Warehouse 003,North,408,12,1680.91,50,1,2026-05-24T00:00:00+07:00
INV-000595,SKU-0095,Fashion Item 0095,Fashion,WH003,North Warehouse 003,North,337,73,1051.17,85,1,2026-05-24T00:00:00+07:00
INV-000596,SKU-0096,Industrial Item 0096,Industrial,WH003,North Warehouse 003,North,782,30,2330.87,101,1,2026-05-24T00:00:00+07:00
INV-000597,SKU-0097,Electronics Item 0097,Electronics,WH003,North Warehouse 003,North,696,47,2485.85,65,1,2026-05-24T00:00:00+07:00
INV-000598,SKU-0098,Home Item 0098,Home,WH003,North Warehouse 003,North,703,53,1788.08,35,1,2026-05-24T00:00:00+07:00
INV-000599,SKU-0099,Grocery Item 0099,Grocery,WH003,North Warehouse 003,North,512,61,1749.77,80,1,2026-05-24T00:00:00+07:00
INV-000600,SKU-0100,Fashion Item 0100,Fashion,WH003,North Warehouse 003,North,652,19,547.43,53,1,2026-05-24T00:00:00+07:00
INV-000601,SKU-0101,Industrial Item 0101,Industrial,WH003,North Warehouse 003,North,121,25,2458.93,37,1,2026-05-24T00:00:00+07:00
INV-000602,SKU-0102,Electronics Item 0102,Electronics,WH003,North Warehouse 003,North,332,51,982.85,90,1,2026-05-24T00:00:00+07:00
INV-000603,SKU-0103,Home Item 0103,Home,WH003,North Warehouse 003,North,720,39,247.74,85,1,2026-05-24T00:00:00+07:00
INV-000604,SKU-0104,Grocery Item 0104,Grocery,WH003,North Warehouse 003,North,135,23,441.15,41,1,2026-05-24T00:00:00+07:00
INV-000605,SKU-0105,Fashion Item 0105,Fashion,WH003,North Warehouse 003,North,120,26,1951.11,91,1,2026-05-24T00:00:00+07:00
INV-000606,SKU-0106,Industrial Item 0106,Industrial,WH003,North Warehouse 003,North,647,9,1720.37,102,1,2026-05-24T00:00:00+07:00
INV-000607,SKU-0107,Electronics Item 0107,Electronics,WH003,North Warehouse 003,North,678,20,871.19,95,1,2026-05-24T00:00:00+07:00
INV-000608,SKU-0108,Home Item 0108,Home,WH003,North Warehouse 003,North,377,13,2180.26,112,1,2026-05-24T00:00:00+07:00
INV-000609,SKU-0109,Grocery Item 0109,Grocery,WH003,North Warehouse 003,North,149,10,1503.40,88,1,2026-05-24T00:00:00+07:00
INV-000610,SKU-0110,Fashion Item 0110,Fashion,WH003,North Warehouse 003,North,609,67,1163.98,72,1,2026-05-24T00:00:00+07:00
INV-000611,SKU-0111,Industrial Item 0111,Industrial,WH003,North Warehouse 003,North,800,61,2496.92,94,1,2026-05-24T00:00:00+07:00
INV-000612,SKU-0112,Electronics Item 0112,Electronics,WH003,North Warehouse 003,North,726,75,1635.58,60,1,2026-05-24T00:00:00+07:00
INV-000613,SKU-0113,Home Item 0113,Home,WH003,North Warehouse 003,North,684,74,2406.91,58,1,2026-05-24T00:00:00+07:00
INV-000614,SKU-0114,Grocery Item 0114,Grocery,WH003,North Warehouse 003,North,754,24,1469.21,30,1,2026-05-24T00:00:00+07:00
INV-000615,SKU-0115,Fashion Item 0115,Fashion,WH003,North Warehouse 003,North,130,19,1105.58,97,1,2026-05-24T00:00:00+07:00
INV-000616,SKU-0116,Industrial Item 0116,Industrial,WH003,North Warehouse 003,North,561,19,1235.57,102,1,2026-05-24T00:00:00+07:00
INV-000617,SKU-0117,Electronics Item 0117,Electronics,WH003,North Warehouse 003,North,240,52,2331.64,76,1,2026-05-24T00:00:00+07:00
INV-000618,SKU-0118,Home Item 0118,Home,WH003,North Warehouse 003,North,571,33,2269.19,87,1,2026-05-24T00:00:00+07:00
INV-000619,SKU-0119,Grocery Item 0119,Grocery,WH003,North Warehouse 003,North,119,6,1129.54,39,1,2026-05-24T00:00:00+07:00
INV-000620,SKU-0120,Fashion Item 0120,Fashion,WH003,North Warehouse 003,North,606,56,1581.79,62,1,2026-05-24T00:00:00+07:00
INV-000621,SKU-0121,Industrial Item 0121,Industrial,WH003,North Warehouse 003,North,476,50,483.20,113,1,2026-05-24T00:00:00+07:00
INV-000622,SKU-0122,Electronics Item 0122,Electronics,WH003,North Warehouse 003,North,201,13,1235.72,86,1,2026-05-24T00:00:00+07:00
INV-000623,SKU-0123,Home Item 0123,Home,WH003,North Warehouse 003,North,762,66,579.09,69,1,2026-05-24T00:00:00+07:00
INV-000624,SKU-0124,Grocery Item 0124,Grocery,WH003,North Warehouse 003,North,145,12,413.96,25,1,2026-05-24T00:00:00+07:00
INV-000625,SKU-0125,Fashion Item 0125,Fashion,WH003,North Warehouse 003,North,134,12,1374.56,118,1,2026-05-24T00:00:00+07:00
INV-000626,SKU-0126,Industrial Item 0126,Industrial,WH003,North Warehouse 003,North,764,17,621.73,59,1,2026-05-24T00:00:00+07:00
INV-000627,SKU-0127,Electronics Item 0127,Electronics,WH003,North Warehouse 003,North,324,34,1942.31,110,1,2026-05-24T00:00:00+07:00
INV-000628,SKU-0128,Home Item 0128,Home,WH003,North Warehouse 003,North,712,56,2364.85,88,1,2026-05-24T00:00:00+07:00
INV-000629,SKU-0129,Grocery Item 0129,Grocery,WH003,North Warehouse 003,North,489,66,417.41,41,1,2026-05-24T00:00:00+07:00
INV-000630,SKU-0130,Fashion Item 0130,Fashion,WH003,North Warehouse 003,North,346,7,1938.60,29,1,2026-05-24T00:00:00+07:00
INV-000631,SKU-0131,Industrial Item 0131,Industrial,WH003,North Warehouse 003,North,634,0,1340.82,102,1,2026-05-24T00:00:00+07:00
INV-000632,SKU-0132,Electronics Item 0132,Electronics,WH003,North Warehouse 003,North,223,13,779.69,56,1,2026-05-24T00:00:00+07:00
INV-000633,SKU-0133,Home Item 0133,Home,WH003,North Warehouse 003,North,496,12,290.82,86,1,2026-05-24T00:00:00+07:00
INV-000634,SKU-0134,Grocery Item 0134,Grocery,WH003,North Warehouse 003,North,473,34,1669.76,36,1,2026-05-24T00:00:00+07:00
INV-000635,SKU-0135,Fashion Item 0135,Fashion,WH003,North Warehouse 003,North,533,38,716.40,81,1,2026-05-24T00:00:00+07:00
INV-000636,SKU-0136,Industrial Item 0136,Industrial,WH003,North Warehouse 003,North,176,41,358.81,83,1,2026-05-24T00:00:00+07:00
INV-000637,SKU-0137,Electronics Item 0137,Electronics,WH003,North Warehouse 003,North,348,80,69.15,72,1,2026-05-24T00:00:00+07:00
INV-000638,SKU-0138,Home Item 0138,Home,WH003,North Warehouse 003,North,587,15,2066.85,56,1,2026-05-24T00:00:00+07:00
INV-000639,SKU-0139,Grocery Item 0139,Grocery,WH003,North Warehouse 003,North,596,48,2369.28,56,1,2026-05-24T00:00:00+07:00
INV-000640,SKU-0140,Fashion Item 0140,Fashion,WH003,North Warehouse 003,North,230,35,538.89,51,1,2026-05-24T00:00:00+07:00
INV-000641,SKU-0141,Industrial Item 0141,Industrial,WH003,North Warehouse 003,North,742,56,240.05,56,1,2026-05-24T00:00:00+07:00
INV-000642,SKU-0142,Electronics Item 0142,Electronics,WH003,North Warehouse 003,North,303,40,1964.31,103,1,2026-05-24T00:00:00+07:00
INV-000643,SKU-0143,Home Item 0143,Home,WH003,North Warehouse 003,North,178,7,216.18,35,1,2026-05-24T00:00:00+07:00
INV-000644,SKU-0144,Grocery Item 0144,Grocery,WH003,North Warehouse 003,North,314,2,662.87,99,1,2026-05-24T00:00:00+07:00
INV-000645,SKU-0145,Fashion Item 0145,Fashion,WH003,North Warehouse 003,North,183,6,1689.83,42,1,2026-05-24T00:00:00+07:00
INV-000646,SKU-0146,Industrial Item 0146,Industrial,WH003,North Warehouse 003,North,739,52,2165.13,65,1,2026-05-24T00:00:00+07:00
INV-000647,SKU-0147,Electronics Item 0147,Electronics,WH003,North Warehouse 003,North,344,14,2150.90,26,1,2026-05-24T00:00:00+07:00
INV-000648,SKU-0148,Home Item 0148,Home,WH003,North Warehouse 003,North,120,5,1302.54,97,1,2026-05-24T00:00:00+07:00
INV-000649,SKU-0149,Grocery Item 0149,Grocery,WH003,North Warehouse 003,North,221,44,64.13,60,1,2026-05-24T00:00:00+07:00
INV-000650,SKU-0150,Fashion Item 0150,Fashion,WH003,North Warehouse 003,North,573,32,1266.64,112,1,2026-05-24T00:00:00+07:00
INV-000651,SKU-0151,Industrial Item 0151,Industrial,WH003,North Warehouse 003,North,612,43,2122.23,117,1,2026-05-24T00:00:00+07:00
INV-000652,SKU-0152,Electronics Item 0152,Electronics,WH003,North Warehouse 003,North,421,49,804.14,104,1,2026-05-24T00:00:00+07:00
INV-000653,SKU-0153,Home Item 0153,Home,WH003,North Warehouse 003,North,209,29,1100.90,57,1,2026-05-24T00:00:00+07:00
INV-000654,SKU-0154,Grocery Item 0154,Grocery,WH003,North Warehouse 003,North,131,10,1528.67,111,1,2026-05-24T00:00:00+07:00
INV-000655,SKU-0155,Fashion Item 0155,Fashion,WH003,North Warehouse 003,North,197,10,2017.19,87,1,2026-05-24T00:00:00+07:00
INV-000656,SKU-0156,Industrial Item 0156,Industrial,WH003,North Warehouse 003,North,95,10,1190.98,65,1,2026-05-24T00:00:00+07:00
INV-000657,SKU-0157,Electronics Item 0157,Electronics,WH003,North Warehouse 003,North,488,13,1578.25,83,1,2026-05-24T00:00:00+07:00
INV-000658,SKU-0158,Home Item 0158,Home,WH003,North Warehouse 003,North,776,24,632.79,82,1,2026-05-24T00:00:00+07:00
INV-000659,SKU-0159,Grocery Item 0159,Grocery,WH003,North Warehouse 003,North,250,14,1330.53,79,1,2026-05-24T00:00:00+07:00
INV-000660,SKU-0160,Fashion Item 0160,Fashion,WH003,North Warehouse 003,North,443,73,1941.85,42,1,2026-05-24T00:00:00+07:00
INV-000661,SKU-0161,Industrial Item 0161,Industrial,WH003,North Warehouse 003,North,126,19,2349.83,105,1,2026-05-24T00:00:00+07:00
INV-000662,SKU-0162,Electronics Item 0162,Electronics,WH003,North Warehouse 003,North,173,41,921.26,79,1,2026-05-24T00:00:00+07:00
INV-000663,SKU-0163,Home Item 0163,Home,WH003,North Warehouse 003,North,331,9,31.22,92,1,2026-05-24T00:00:00+07:00
INV-000664,SKU-0164,Grocery Item 0164,Grocery,WH003,North Warehouse 003,North,483,37,652.32,73,1,2026-05-24T00:00:00+07:00
INV-000665,SKU-0165,Fashion Item 0165,Fashion,WH003,North Warehouse 003,North,84,12,1588.40,80,1,2026-05-24T00:00:00+07:00
INV-000666,SKU-0166,Industrial Item 0166,Industrial,WH003,North Warehouse 003,North,557,38,518.60,29,1,2026-05-24T00:00:00+07:00
INV-000667,SKU-0167,Electronics Item 0167,Electronics,WH003,North Warehouse 003,North,775,28,1108.64,37,1,2026-05-24T00:00:00+07:00
INV-000668,SKU-0168,Home Item 0168,Home,WH003,North Warehouse 003,North,313,75,2323.39,107,1,2026-05-24T00:00:00+07:00
INV-000669,SKU-0169,Grocery Item 0169,Grocery,WH003,North Warehouse 003,North,731,20,332.63,92,1,2026-05-24T00:00:00+07:00
INV-000670,SKU-0170,Fashion Item 0170,Fashion,WH003,North Warehouse 003,North,528,46,307.26,39,1,2026-05-24T00:00:00+07:00
INV-000671,SKU-0171,Industrial Item 0171,Industrial,WH003,North Warehouse 003,North,320,18,138.18,115,1,2026-05-24T00:00:00+07:00
INV-000672,SKU-0172,Electronics Item 0172,Electronics,WH003,North Warehouse 003,North,481,54,625.75,77,1,2026-05-24T00:00:00+07:00
INV-000673,SKU-0173,Home Item 0173,Home,WH003,North Warehouse 003,North,217,27,515.61,58,1,2026-05-24T00:00:00+07:00
INV-000674,SKU-0174,Grocery Item 0174,Grocery,WH003,North Warehouse 003,North,539,33,722.41,83,1,2026-05-24T00:00:00+07:00
INV-000675,SKU-0175,Fashion Item 0175,Fashion,WH003,North Warehouse 003,North,460,8,1425.67,27,1,2026-05-24T00:00:00+07:00
INV-000676,SKU-0176,Industrial Item 0176,Industrial,WH003,North Warehouse 003,North,420,1,183.46,43,1,2026-05-24T00:00:00+07:00
INV-000677,SKU-0177,Electronics Item 0177,Electronics,WH003,North Warehouse 003,North,390,15,2339.61,44,1,2026-05-24T00:00:00+07:00
INV-000678,SKU-0178,Home Item 0178,Home,WH003,North Warehouse 003,North,442,37,61.79,50,1,2026-05-24T00:00:00+07:00
INV-000679,SKU-0179,Grocery Item 0179,Grocery,WH003,North Warehouse 003,North,509,23,175.86,89,1,2026-05-24T00:00:00+07:00
INV-000680,SKU-0180,Fashion Item 0180,Fashion,WH003,North Warehouse 003,North,361,5,1571.29,46,1,2026-05-24T00:00:00+07:00
INV-000681,SKU-0181,Industrial Item 0181,Industrial,WH003,North Warehouse 003,North,609,18,1973.24,33,1,2026-05-24T00:00:00+07:00
INV-000682,SKU-0182,Electronics Item 0182,Electronics,WH003,North Warehouse 003,North,481,75,437.24,118,1,2026-05-24T00:00:00+07:00
INV-000683,SKU-0183,Home Item 0183,Home,WH003,North Warehouse 003,North,703,5,1799.68,44,1,2026-05-24T00:00:00+07:00
INV-000684,SKU-0184,Grocery Item 0184,Grocery,WH003,North Warehouse 003,North,205,25,2366.60,52,1,2026-05-24T00:00:00+07:00
INV-000685,SKU-0185,Fashion Item 0185,Fashion,WH003,North Warehouse 003,North,183,25,1685.28,56,1,2026-05-24T00:00:00+07:00
INV-000686,SKU-0186,Industrial Item 0186,Industrial,WH003,North Warehouse 003,North,514,59,1007.79,107,1,2026-05-24T00:00:00+07:00
INV-000687,SKU-0187,Electronics Item 0187,Electronics,WH003,North Warehouse 003,North,266,11,1994.14,67,1,2026-05-24T00:00:00+07:00
INV-000688,SKU-0188,Home Item 0188,Home,WH003,North Warehouse 003,North,791,73,973.10,30,1,2026-05-24T00:00:00+07:00
INV-000689,SKU-0189,Grocery Item 0189,Grocery,WH003,North Warehouse 003,North,409,48,315.89,112,1,2026-05-24T00:00:00+07:00
INV-000690,SKU-0190,Fashion Item 0190,Fashion,WH003,North Warehouse 003,North,447,29,1702.73,95,1,2026-05-24T00:00:00+07:00
INV-000691,SKU-0191,Industrial Item 0191,Industrial,WH003,North Warehouse 003,North,645,44,1948.58,97,1,2026-05-24T00:00:00+07:00
INV-000692,SKU-0192,Electronics Item 0192,Electronics,WH003,North Warehouse 003,North,218,44,292.41,85,1,2026-05-24T00:00:00+07:00
INV-000693,SKU-0193,Home Item 0193,Home,WH003,North Warehouse 003,North,97,9,1099.30,63,1,2026-05-24T00:00:00+07:00
INV-000694,SKU-0194,Grocery Item 0194,Grocery,WH003,North Warehouse 003,North,199,2,1505.48,76,1,2026-05-24T00:00:00+07:00
INV-000695,SKU-0195,Fashion Item 0195,Fashion,WH003,North Warehouse 003,North,123,28,2054.31,49,1,2026-05-24T00:00:00+07:00
INV-000696,SKU-0196,Industrial Item 0196,Industrial,WH003,North Warehouse 003,North,203,22,2360.59,90,1,2026-05-24T00:00:00+07:00
INV-000697,SKU-0197,Electronics Item 0197,Electronics,WH003,North Warehouse 003,North,703,61,41.57,66,1,2026-05-24T00:00:00+07:00
INV-000698,SKU-0198,Home Item 0198,Home,WH003,North Warehouse 003,North,680,47,133.19,89,1,2026-05-24T00:00:00+07:00
INV-000699,SKU-0199,Grocery Item 0199,Grocery,WH003,North Warehouse 003,North,771,40,7.04,85,1,2026-05-24T00:00:00+07:00
INV-000700,SKU-0200,Fashion Item 0200,Fashion,WH003,North Warehouse 003,North,259,63,2320.18,109,1,2026-05-24T00:00:00+07:00
INV-000701,SKU-0201,Industrial Item 0201,Industrial,WH003,North Warehouse 003,North,800,25,484.49,42,1,2026-05-24T00:00:00+07:00
INV-000702,SKU-0202,Electronics Item 0202,Electronics,WH003,North Warehouse 003,North,571,7,1428.05,81,1,2026-05-24T00:00:00+07:00
INV-000703,SKU-0203,Home Item 0203,Home,WH003,North Warehouse 003,North,200,31,834.33,60,1,2026-05-24T00:00:00+07:00
INV-000704,SKU-0204,Grocery Item 0204,Grocery,WH003,North Warehouse 003,North,286,5,456.76,119,1,2026-05-24T00:00:00+07:00
INV-000705,SKU-0205,Fashion Item 0205,Fashion,WH003,North Warehouse 003,North,383,69,780.22,61,1,2026-05-24T00:00:00+07:00
INV-000706,SKU-0206,Industrial Item 0206,Industrial,WH003,North Warehouse 003,North,478,69,1179.70,66,1,2026-05-24T00:00:00+07:00
INV-000707,SKU-0207,Electronics Item 0207,Electronics,WH003,North Warehouse 003,North,433,44,1712.94,114,1,2026-05-24T00:00:00+07:00
INV-000708,SKU-0208,Home Item 0208,Home,WH003,North Warehouse 003,North,530,17,2368.89,111,1,2026-05-24T00:00:00+07:00
INV-000709,SKU-0209,Grocery Item 0209,Grocery,WH003,North Warehouse 003,North,127,9,695.73,93,1,2026-05-24T00:00:00+07:00
INV-000710,SKU-0210,Fashion Item 0210,Fashion,WH003,North Warehouse 003,North,663,7,2337.01,92,1,2026-05-24T00:00:00+07:00
INV-000711,SKU-0211,Industrial Item 0211,Industrial,WH003,North Warehouse 003,North,463,13,1604.17,95,1,2026-05-24T00:00:00+07:00
INV-000712,SKU-0212,Electronics Item 0212,Electronics,WH003,North Warehouse 003,North,195,38,2294.60,102,1,2026-05-24T00:00:00+07:00
INV-000713,SKU-0213,Home Item 0213,Home,WH003,North Warehouse 003,North,237,15,2314.20,116,1,2026-05-24T00:00:00+07:00
INV-000714,SKU-0214,Grocery Item 0214,Grocery,WH003,North Warehouse 003,North,103,13,1735.00,120,1,2026-05-24T00:00:00+07:00
INV-000715,SKU-0215,Fashion Item 0215,Fashion,WH003,North Warehouse 003,North,114,9,2195.35,49,1,2026-05-24T00:00:00+07:00
INV-000716,SKU-0216,Industrial Item 0216,Industrial,WH003,North Warehouse 003,North,263,52,173.11,26,1,2026-05-24T00:00:00+07:00
INV-000717,SKU-0217,Electronics Item 0217,Electronics,WH003,North Warehouse 003,North,605,22,440.83,35,1,2026-05-24T00:00:00+07:00
INV-000718,SKU-0218,Home Item 0218,Home,WH003,North Warehouse 003,North,482,42,823.11,103,1,2026-05-24T00:00:00+07:00
INV-000719,SKU-0219,Grocery Item 0219,Grocery,WH003,North Warehouse 003,North,183,12,1791.29,98,1,2026-05-24T00:00:00+07:00
INV-000720,SKU-0220,Fashion Item 0220,Fashion,WH003,North Warehouse 003,North,643,78,1649.79,65,1,2026-05-24T00:00:00+07:00
INV-000721,SKU-0221,Industrial Item 0221,Industrial,WH003,North Warehouse 003,North,583,71,769.15,83,1,2026-05-24T00:00:00+07:00
INV-000722,SKU-0222,Electronics Item 0222,Electronics,WH003,North Warehouse 003,North,206,35,1134.38,60,1,2026-05-24T00:00:00+07:00
INV-000723,SKU-0223,Home Item 0223,Home,WH003,North Warehouse 003,North,523,7,803.91,114,1,2026-05-24T00:00:00+07:00
INV-000724,SKU-0224,Grocery Item 0224,Grocery,WH003,North Warehouse 003,North,206,16,1977.03,114,1,2026-05-24T00:00:00+07:00
INV-000725,SKU-0225,Fashion Item 0225,Fashion,WH003,North Warehouse 003,North,97,4,1217.63,86,1,2026-05-24T00:00:00+07:00
INV-000726,SKU-0226,Industrial Item 0226,Industrial,WH003,North Warehouse 003,North,682,58,97.41,51,1,2026-05-24T00:00:00+07:00
INV-000727,SKU-0227,Electronics Item 0227,Electronics,WH003,North Warehouse 003,North,620,52,424.40,69,1,2026-05-24T00:00:00+07:00
INV-000728,SKU-0228,Home Item 0228,Home,WH003,North Warehouse 003,North,517,75,845.23,65,1,2026-05-24T00:00:00+07:00
INV-000729,SKU-0229,Grocery Item 0229,Grocery,WH003,North Warehouse 003,North,495,71,1579.84,31,1,2026-05-24T00:00:00+07:00
INV-000730,SKU-0230,Fashion Item 0230,Fashion,WH003,North Warehouse 003,North,183,44,276.79,77,1,2026-05-24T00:00:00+07:00
INV-000731,SKU-0231,Industrial Item 0231,Industrial,WH003,North Warehouse 003,North,145,9,1980.51,41,1,2026-05-24T00:00:00+07:00
INV-000732,SKU-0232,Electronics Item 0232,Electronics,WH003,North Warehouse 003,North,197,12,1522.41,34,1,2026-05-24T00:00:00+07:00
INV-000733,SKU-0233,Home Item 0233,Home,WH003,North Warehouse 003,North,679,76,1916.10,25,1,2026-05-24T00:00:00+07:00
INV-000734,SKU-0234,Grocery Item 0234,Grocery,WH003,North Warehouse 003,North,566,50,1045.16,105,1,2026-05-24T00:00:00+07:00
INV-000735,SKU-0235,Fashion Item 0235,Fashion,WH003,North Warehouse 003,North,123,7,1241.98,66,1,2026-05-24T00:00:00+07:00
INV-000736,SKU-0236,Industrial Item 0236,Industrial,WH003,North Warehouse 003,North,390,7,1899.67,63,1,2026-05-24T00:00:00+07:00
INV-000737,SKU-0237,Electronics Item 0237,Electronics,WH003,North Warehouse 003,North,716,56,1198.51,66,1,2026-05-24T00:00:00+07:00
INV-000738,SKU-0238,Home Item 0238,Home,WH003,North Warehouse 003,North,606,74,956.38,114,1,2026-05-24T00:00:00+07:00
INV-000739,SKU-0239,Grocery Item 0239,Grocery,WH003,North Warehouse 003,North,693,5,2251.55,111,1,2026-05-24T00:00:00+07:00
INV-000740,SKU-0240,Fashion Item 0240,Fashion,WH003,North Warehouse 003,North,391,60,1508.03,111,1,2026-05-24T00:00:00+07:00
INV-000741,SKU-0241,Industrial Item 0241,Industrial,WH003,North Warehouse 003,North,720,66,55.18,72,1,2026-05-24T00:00:00+07:00
INV-000742,SKU-0242,Electronics Item 0242,Electronics,WH003,North Warehouse 003,North,209,2,1163.96,111,1,2026-05-24T00:00:00+07:00
INV-000743,SKU-0243,Home Item 0243,Home,WH003,North Warehouse 003,North,148,12,1842.77,80,1,2026-05-24T00:00:00+07:00
INV-000744,SKU-0244,Grocery Item 0244,Grocery,WH003,North Warehouse 003,North,237,53,2371.68,71,1,2026-05-24T00:00:00+07:00
INV-000745,SKU-0245,Fashion Item 0245,Fashion,WH003,North Warehouse 003,North,293,65,1484.38,26,1,2026-05-24T00:00:00+07:00
INV-000746,SKU-0246,Industrial Item 0246,Industrial,WH003,North Warehouse 003,North,350,10,977.94,28,1,2026-05-24T00:00:00+07:00
INV-000747,SKU-0247,Electronics Item 0247,Electronics,WH003,North Warehouse 003,North,407,32,1671.35,67,1,2026-05-24T00:00:00+07:00
INV-000748,SKU-0248,Home Item 0248,Home,WH003,North Warehouse 003,North,121,26,2348.06,73,1,2026-05-24T00:00:00+07:00
INV-000749,SKU-0249,Grocery Item 0249,Grocery,WH003,North Warehouse 003,North,408,70,1985.03,107,1,2026-05-24T00:00:00+07:00
INV-000750,SKU-0250,Fashion Item 0250,Fashion,WH003,North Warehouse 003,North,443,14,547.15,103,1,2026-05-24T00:00:00+07:00
INV-000751,SKU-0001,Electronics Item 0001,Electronics,WH004,North Warehouse 004,North,128,22,1777.53,75,1,2026-05-24T00:00:00+07:00
INV-000752,SKU-0002,Home Item 0002,Home,WH004,North Warehouse 004,North,638,44,368.11,71,1,2026-05-24T00:00:00+07:00
INV-000753,SKU-0003,Grocery Item 0003,Grocery,WH004,North Warehouse 004,North,604,30,921.01,37,1,2026-05-24T00:00:00+07:00
INV-000754,SKU-0004,Fashion Item 0004,Fashion,WH004,North Warehouse 004,North,781,37,878.67,50,1,2026-05-24T00:00:00+07:00
INV-000755,SKU-0005,Industrial Item 0005,Industrial,WH004,North Warehouse 004,North,208,25,1634.22,40,1,2026-05-24T00:00:00+07:00
INV-000756,SKU-0006,Electronics Item 0006,Electronics,WH004,North Warehouse 004,North,176,38,1707.23,59,1,2026-05-24T00:00:00+07:00
INV-000757,SKU-0007,Home Item 0007,Home,WH004,North Warehouse 004,North,405,68,2401.57,92,1,2026-05-24T00:00:00+07:00
INV-000758,SKU-0008,Grocery Item 0008,Grocery,WH004,North Warehouse 004,North,583,80,337.83,99,1,2026-05-24T00:00:00+07:00
INV-000759,SKU-0009,Fashion Item 0009,Fashion,WH004,North Warehouse 004,North,419,57,2152.43,72,1,2026-05-24T00:00:00+07:00
INV-000760,SKU-0010,Industrial Item 0010,Industrial,WH004,North Warehouse 004,North,251,7,1174.65,45,1,2026-05-24T00:00:00+07:00
INV-000761,SKU-0011,Electronics Item 0011,Electronics,WH004,North Warehouse 004,North,377,7,1859.27,100,1,2026-05-24T00:00:00+07:00
INV-000762,SKU-0012,Home Item 0012,Home,WH004,North Warehouse 004,North,140,10,1275.41,120,1,2026-05-24T00:00:00+07:00
INV-000763,SKU-0013,Grocery Item 0013,Grocery,WH004,North Warehouse 004,North,306,10,115.80,54,1,2026-05-24T00:00:00+07:00
INV-000764,SKU-0014,Fashion Item 0014,Fashion,WH004,North Warehouse 004,North,172,4,1579.35,78,1,2026-05-24T00:00:00+07:00
INV-000765,SKU-0015,Industrial Item 0015,Industrial,WH004,North Warehouse 004,North,665,61,101.75,74,1,2026-05-24T00:00:00+07:00
INV-000766,SKU-0016,Electronics Item 0016,Electronics,WH004,North Warehouse 004,North,126,7,1720.80,91,1,2026-05-24T00:00:00+07:00
INV-000767,SKU-0017,Home Item 0017,Home,WH004,North Warehouse 004,North,268,45,1826.30,38,1,2026-05-24T00:00:00+07:00
INV-000768,SKU-0018,Grocery Item 0018,Grocery,WH004,North Warehouse 004,North,237,25,2014.12,53,1,2026-05-24T00:00:00+07:00
INV-000769,SKU-0019,Fashion Item 0019,Fashion,WH004,North Warehouse 004,North,529,14,1983.76,29,1,2026-05-24T00:00:00+07:00
INV-000770,SKU-0020,Industrial Item 0020,Industrial,WH004,North Warehouse 004,North,391,3,1784.42,102,1,2026-05-24T00:00:00+07:00
INV-000771,SKU-0021,Electronics Item 0021,Electronics,WH004,North Warehouse 004,North,615,21,111.83,57,1,2026-05-24T00:00:00+07:00
INV-000772,SKU-0022,Home Item 0022,Home,WH004,North Warehouse 004,North,289,71,492.70,59,1,2026-05-24T00:00:00+07:00
INV-000773,SKU-0023,Grocery Item 0023,Grocery,WH004,North Warehouse 004,North,339,60,961.08,56,1,2026-05-24T00:00:00+07:00
INV-000774,SKU-0024,Fashion Item 0024,Fashion,WH004,North Warehouse 004,North,176,22,340.10,56,1,2026-05-24T00:00:00+07:00
INV-000775,SKU-0025,Industrial Item 0025,Industrial,WH004,North Warehouse 004,North,441,80,1317.03,57,1,2026-05-24T00:00:00+07:00
INV-000776,SKU-0026,Electronics Item 0026,Electronics,WH004,North Warehouse 004,North,586,55,1958.19,34,1,2026-05-24T00:00:00+07:00
INV-000777,SKU-0027,Home Item 0027,Home,WH004,North Warehouse 004,North,755,33,2185.87,52,1,2026-05-24T00:00:00+07:00
INV-000778,SKU-0028,Grocery Item 0028,Grocery,WH004,North Warehouse 004,North,672,45,1707.15,79,1,2026-05-24T00:00:00+07:00
INV-000779,SKU-0029,Fashion Item 0029,Fashion,WH004,North Warehouse 004,North,460,45,385.53,38,1,2026-05-24T00:00:00+07:00
INV-000780,SKU-0030,Industrial Item 0030,Industrial,WH004,North Warehouse 004,North,288,30,2267.39,53,1,2026-05-24T00:00:00+07:00
INV-000781,SKU-0031,Electronics Item 0031,Electronics,WH004,North Warehouse 004,North,705,72,714.94,35,1,2026-05-24T00:00:00+07:00
INV-000782,SKU-0032,Home Item 0032,Home,WH004,North Warehouse 004,North,256,45,1192.73,97,1,2026-05-24T00:00:00+07:00
INV-000783,SKU-0033,Grocery Item 0033,Grocery,WH004,North Warehouse 004,North,197,35,46.92,68,1,2026-05-24T00:00:00+07:00
INV-000784,SKU-0034,Fashion Item 0034,Fashion,WH004,North Warehouse 004,North,488,31,2344.34,120,1,2026-05-24T00:00:00+07:00
INV-000785,SKU-0035,Industrial Item 0035,Industrial,WH004,North Warehouse 004,North,462,6,1059.35,71,1,2026-05-24T00:00:00+07:00
INV-000786,SKU-0036,Electronics Item 0036,Electronics,WH004,North Warehouse 004,North,563,29,2150.17,107,1,2026-05-24T00:00:00+07:00
INV-000787,SKU-0037,Home Item 0037,Home,WH004,North Warehouse 004,North,538,30,2450.66,96,1,2026-05-24T00:00:00+07:00
INV-000788,SKU-0038,Grocery Item 0038,Grocery,WH004,North Warehouse 004,North,202,22,1364.21,115,1,2026-05-24T00:00:00+07:00
INV-000789,SKU-0039,Fashion Item 0039,Fashion,WH004,North Warehouse 004,North,187,18,349.55,99,1,2026-05-24T00:00:00+07:00
INV-000790,SKU-0040,Industrial Item 0040,Industrial,WH004,North Warehouse 004,North,251,12,1147.75,99,1,2026-05-24T00:00:00+07:00
INV-000791,SKU-0041,Electronics Item 0041,Electronics,WH004,North Warehouse 004,North,91,9,516.73,109,1,2026-05-24T00:00:00+07:00
INV-000792,SKU-0042,Home Item 0042,Home,WH004,North Warehouse 004,North,252,46,1180.66,112,1,2026-05-24T00:00:00+07:00
INV-000793,SKU-0043,Grocery Item 0043,Grocery,WH004,North Warehouse 004,North,792,14,716.23,61,1,2026-05-24T00:00:00+07:00
INV-000794,SKU-0044,Fashion Item 0044,Fashion,WH004,North Warehouse 004,North,277,67,2312.35,40,1,2026-05-24T00:00:00+07:00
INV-000795,SKU-0045,Industrial Item 0045,Industrial,WH004,North Warehouse 004,North,604,58,2252.25,37,1,2026-05-24T00:00:00+07:00
INV-000796,SKU-0046,Electronics Item 0046,Electronics,WH004,North Warehouse 004,North,663,49,1987.48,61,1,2026-05-24T00:00:00+07:00
INV-000797,SKU-0047,Home Item 0047,Home,WH004,North Warehouse 004,North,627,19,561.31,52,1,2026-05-24T00:00:00+07:00
INV-000798,SKU-0048,Grocery Item 0048,Grocery,WH004,North Warehouse 004,North,138,10,399.52,65,1,2026-05-24T00:00:00+07:00
INV-000799,SKU-0049,Fashion Item 0049,Fashion,WH004,North Warehouse 004,North,721,8,2387.43,29,1,2026-05-24T00:00:00+07:00
INV-000800,SKU-0050,Industrial Item 0050,Industrial,WH004,North Warehouse 004,North,556,37,1334.00,99,1,2026-05-24T00:00:00+07:00
INV-000801,SKU-0051,Electronics Item 0051,Electronics,WH004,North Warehouse 004,North,403,79,2081.01,31,1,2026-05-24T00:00:00+07:00
INV-000802,SKU-0052,Home Item 0052,Home,WH004,North Warehouse 004,North,494,10,1748.18,104,1,2026-05-24T00:00:00+07:00
INV-000803,SKU-0053,Grocery Item 0053,Grocery,WH004,North Warehouse 004,North,591,21,128.90,73,1,2026-05-24T00:00:00+07:00
INV-000804,SKU-0054,Fashion Item 0054,Fashion,WH004,North Warehouse 004,North,654,55,394.70,115,1,2026-05-24T00:00:00+07:00
INV-000805,SKU-0055,Industrial Item 0055,Industrial,WH004,North Warehouse 004,North,181,0,897.27,65,1,2026-05-24T00:00:00+07:00
INV-000806,SKU-0056,Electronics Item 0056,Electronics,WH004,North Warehouse 004,North,513,68,7.48,75,1,2026-05-24T00:00:00+07:00
INV-000807,SKU-0057,Home Item 0057,Home,WH004,North Warehouse 004,North,111,21,2382.66,92,1,2026-05-24T00:00:00+07:00
INV-000808,SKU-0058,Grocery Item 0058,Grocery,WH004,North Warehouse 004,North,447,69,928.07,55,1,2026-05-24T00:00:00+07:00
INV-000809,SKU-0059,Fashion Item 0059,Fashion,WH004,North Warehouse 004,North,631,9,790.43,69,1,2026-05-24T00:00:00+07:00
INV-000810,SKU-0060,Industrial Item 0060,Industrial,WH004,North Warehouse 004,North,104,11,1633.98,84,1,2026-05-24T00:00:00+07:00
INV-000811,SKU-0061,Electronics Item 0061,Electronics,WH004,North Warehouse 004,North,256,2,1286.47,105,1,2026-05-24T00:00:00+07:00
INV-000812,SKU-0062,Home Item 0062,Home,WH004,North Warehouse 004,North,753,26,719.46,89,1,2026-05-24T00:00:00+07:00
INV-000813,SKU-0063,Grocery Item 0063,Grocery,WH004,North Warehouse 004,North,598,47,1829.39,74,1,2026-05-24T00:00:00+07:00
INV-000814,SKU-0064,Fashion Item 0064,Fashion,WH004,North Warehouse 004,North,254,8,1663.54,77,1,2026-05-24T00:00:00+07:00
INV-000815,SKU-0065,Industrial Item 0065,Industrial,WH004,North Warehouse 004,North,203,20,2061.14,110,1,2026-05-24T00:00:00+07:00
INV-000816,SKU-0066,Electronics Item 0066,Electronics,WH004,North Warehouse 004,North,591,17,2085.77,49,1,2026-05-24T00:00:00+07:00
INV-000817,SKU-0067,Home Item 0067,Home,WH004,North Warehouse 004,North,488,53,730.53,48,1,2026-05-24T00:00:00+07:00
INV-000818,SKU-0068,Grocery Item 0068,Grocery,WH004,North Warehouse 004,North,763,19,1147.92,77,1,2026-05-24T00:00:00+07:00
INV-000819,SKU-0069,Fashion Item 0069,Fashion,WH004,North Warehouse 004,North,553,62,1895.93,37,1,2026-05-24T00:00:00+07:00
INV-000820,SKU-0070,Industrial Item 0070,Industrial,WH004,North Warehouse 004,North,261,32,1972.05,49,1,2026-05-24T00:00:00+07:00
INV-000821,SKU-0071,Electronics Item 0071,Electronics,WH004,North Warehouse 004,North,279,38,1446.78,43,1,2026-05-24T00:00:00+07:00
INV-000822,SKU-0072,Home Item 0072,Home,WH004,North Warehouse 004,North,531,80,2144.12,69,1,2026-05-24T00:00:00+07:00
INV-000823,SKU-0073,Grocery Item 0073,Grocery,WH004,North Warehouse 004,North,524,8,461.14,28,1,2026-05-24T00:00:00+07:00
INV-000824,SKU-0074,Fashion Item 0074,Fashion,WH004,North Warehouse 004,North,706,14,831.39,82,1,2026-05-24T00:00:00+07:00
INV-000825,SKU-0075,Industrial Item 0075,Industrial,WH004,North Warehouse 004,North,475,64,873.37,90,1,2026-05-24T00:00:00+07:00
INV-000826,SKU-0076,Electronics Item 0076,Electronics,WH004,North Warehouse 004,North,190,2,1943.04,53,1,2026-05-24T00:00:00+07:00
INV-000827,SKU-0077,Home Item 0077,Home,WH004,North Warehouse 004,North,109,2,49.44,63,1,2026-05-24T00:00:00+07:00
INV-000828,SKU-0078,Grocery Item 0078,Grocery,WH004,North Warehouse 004,North,640,53,1251.42,92,1,2026-05-24T00:00:00+07:00
INV-000829,SKU-0079,Fashion Item 0079,Fashion,WH004,North Warehouse 004,North,399,80,1764.69,90,1,2026-05-24T00:00:00+07:00
INV-000830,SKU-0080,Industrial Item 0080,Industrial,WH004,North Warehouse 004,North,779,70,1169.52,65,1,2026-05-24T00:00:00+07:00
INV-000831,SKU-0081,Electronics Item 0081,Electronics,WH004,North Warehouse 004,North,565,16,2098.95,93,1,2026-05-24T00:00:00+07:00
INV-000832,SKU-0082,Home Item 0082,Home,WH004,North Warehouse 004,North,133,24,384.32,56,1,2026-05-24T00:00:00+07:00
INV-000833,SKU-0083,Grocery Item 0083,Grocery,WH004,North Warehouse 004,North,626,13,1591.98,84,1,2026-05-24T00:00:00+07:00
INV-000834,SKU-0084,Fashion Item 0084,Fashion,WH004,North Warehouse 004,North,489,50,1228.05,48,1,2026-05-24T00:00:00+07:00
INV-000835,SKU-0085,Industrial Item 0085,Industrial,WH004,North Warehouse 004,North,400,35,1810.41,99,1,2026-05-24T00:00:00+07:00
INV-000836,SKU-0086,Electronics Item 0086,Electronics,WH004,North Warehouse 004,North,279,25,289.91,112,1,2026-05-24T00:00:00+07:00
INV-000837,SKU-0087,Home Item 0087,Home,WH004,North Warehouse 004,North,179,34,1121.04,94,1,2026-05-24T00:00:00+07:00
INV-000838,SKU-0088,Grocery Item 0088,Grocery,WH004,North Warehouse 004,North,614,26,1812.62,70,1,2026-05-24T00:00:00+07:00
INV-000839,SKU-0089,Fashion Item 0089,Fashion,WH004,North Warehouse 004,North,488,55,611.87,109,1,2026-05-24T00:00:00+07:00
INV-000840,SKU-0090,Industrial Item 0090,Industrial,WH004,North Warehouse 004,North,515,7,2186.82,115,1,2026-05-24T00:00:00+07:00
INV-000841,SKU-0091,Electronics Item 0091,Electronics,WH004,North Warehouse 004,North,510,62,1159.94,42,1,2026-05-24T00:00:00+07:00
INV-000842,SKU-0092,Home Item 0092,Home,WH004,North Warehouse 004,North,754,71,432.34,80,1,2026-05-24T00:00:00+07:00
INV-000843,SKU-0093,Grocery Item 0093,Grocery,WH004,North Warehouse 004,North,505,15,553.38,115,1,2026-05-24T00:00:00+07:00
INV-000844,SKU-0094,Fashion Item 0094,Fashion,WH004,North Warehouse 004,North,256,23,2201.82,53,1,2026-05-24T00:00:00+07:00
INV-000845,SKU-0095,Industrial Item 0095,Industrial,WH004,North Warehouse 004,North,170,28,818.34,84,1,2026-05-24T00:00:00+07:00
INV-000846,SKU-0096,Electronics Item 0096,Electronics,WH004,North Warehouse 004,North,721,45,1289.55,49,1,2026-05-24T00:00:00+07:00
INV-000847,SKU-0097,Home Item 0097,Home,WH004,North Warehouse 004,North,128,29,395.29,107,1,2026-05-24T00:00:00+07:00
INV-000848,SKU-0098,Grocery Item 0098,Grocery,WH004,North Warehouse 004,North,710,75,1687.76,41,1,2026-05-24T00:00:00+07:00
INV-000849,SKU-0099,Fashion Item 0099,Fashion,WH004,North Warehouse 004,North,495,71,1149.64,63,1,2026-05-24T00:00:00+07:00
INV-000850,SKU-0100,Industrial Item 0100,Industrial,WH004,North Warehouse 004,North,195,12,2121.39,112,1,2026-05-24T00:00:00+07:00
INV-000851,SKU-0101,Electronics Item 0101,Electronics,WH004,North Warehouse 004,North,612,63,787.16,106,1,2026-05-24T00:00:00+07:00
INV-000852,SKU-0102,Home Item 0102,Home,WH004,North Warehouse 004,North,512,68,605.08,51,1,2026-05-24T00:00:00+07:00
INV-000853,SKU-0103,Grocery Item 0103,Grocery,WH004,North Warehouse 004,North,674,37,1806.00,61,1,2026-05-24T00:00:00+07:00
INV-000854,SKU-0104,Fashion Item 0104,Fashion,WH004,North Warehouse 004,North,149,11,1578.28,36,1,2026-05-24T00:00:00+07:00
INV-000855,SKU-0105,Industrial Item 0105,Industrial,WH004,North Warehouse 004,North,772,7,2168.23,86,1,2026-05-24T00:00:00+07:00
INV-000856,SKU-0106,Electronics Item 0106,Electronics,WH004,North Warehouse 004,North,650,73,1141.78,48,1,2026-05-24T00:00:00+07:00
INV-000857,SKU-0107,Home Item 0107,Home,WH004,North Warehouse 004,North,639,36,903.54,66,1,2026-05-24T00:00:00+07:00
INV-000858,SKU-0108,Grocery Item 0108,Grocery,WH004,North Warehouse 004,North,578,1,647.84,105,1,2026-05-24T00:00:00+07:00
INV-000859,SKU-0109,Fashion Item 0109,Fashion,WH004,North Warehouse 004,North,438,70,1633.87,67,1,2026-05-24T00:00:00+07:00
INV-000860,SKU-0110,Industrial Item 0110,Industrial,WH004,North Warehouse 004,North,85,7,1415.15,66,1,2026-05-24T00:00:00+07:00
INV-000861,SKU-0111,Electronics Item 0111,Electronics,WH004,North Warehouse 004,North,733,32,1122.38,112,1,2026-05-24T00:00:00+07:00
INV-000862,SKU-0112,Home Item 0112,Home,WH004,North Warehouse 004,North,468,79,2301.59,115,1,2026-05-24T00:00:00+07:00
INV-000863,SKU-0113,Grocery Item 0113,Grocery,WH004,North Warehouse 004,North,800,56,2181.50,88,1,2026-05-24T00:00:00+07:00
INV-000864,SKU-0114,Fashion Item 0114,Fashion,WH004,North Warehouse 004,North,479,15,1319.15,63,1,2026-05-24T00:00:00+07:00
INV-000865,SKU-0115,Industrial Item 0115,Industrial,WH004,North Warehouse 004,North,760,29,6.92,86,1,2026-05-24T00:00:00+07:00
INV-000866,SKU-0116,Electronics Item 0116,Electronics,WH004,North Warehouse 004,North,325,61,1093.49,72,1,2026-05-24T00:00:00+07:00
INV-000867,SKU-0117,Home Item 0117,Home,WH004,North Warehouse 004,North,245,13,275.54,49,1,2026-05-24T00:00:00+07:00
INV-000868,SKU-0118,Grocery Item 0118,Grocery,WH004,North Warehouse 004,North,292,34,1851.73,46,1,2026-05-24T00:00:00+07:00
INV-000869,SKU-0119,Fashion Item 0119,Fashion,WH004,North Warehouse 004,North,460,15,482.63,109,1,2026-05-24T00:00:00+07:00
INV-000870,SKU-0120,Industrial Item 0120,Industrial,WH004,North Warehouse 004,North,552,70,1411.87,46,1,2026-05-24T00:00:00+07:00
INV-000871,SKU-0121,Electronics Item 0121,Electronics,WH004,North Warehouse 004,North,540,27,532.21,94,1,2026-05-24T00:00:00+07:00
INV-000872,SKU-0122,Home Item 0122,Home,WH004,North Warehouse 004,North,595,59,1567.43,43,1,2026-05-24T00:00:00+07:00
INV-000873,SKU-0123,Grocery Item 0123,Grocery,WH004,North Warehouse 004,North,146,24,1225.05,30,1,2026-05-24T00:00:00+07:00
INV-000874,SKU-0124,Fashion Item 0124,Fashion,WH004,North Warehouse 004,North,529,21,711.86,35,1,2026-05-24T00:00:00+07:00
INV-000875,SKU-0125,Industrial Item 0125,Industrial,WH004,North Warehouse 004,North,325,60,2003.95,34,1,2026-05-24T00:00:00+07:00
INV-000876,SKU-0126,Electronics Item 0126,Electronics,WH004,North Warehouse 004,North,243,21,1410.32,83,1,2026-05-24T00:00:00+07:00
INV-000877,SKU-0127,Home Item 0127,Home,WH004,North Warehouse 004,North,405,19,1473.34,42,1,2026-05-24T00:00:00+07:00
INV-000878,SKU-0128,Grocery Item 0128,Grocery,WH004,North Warehouse 004,North,733,6,1297.84,92,1,2026-05-24T00:00:00+07:00
INV-000879,SKU-0129,Fashion Item 0129,Fashion,WH004,North Warehouse 004,North,154,29,1487.92,101,1,2026-05-24T00:00:00+07:00
INV-000880,SKU-0130,Industrial Item 0130,Industrial,WH004,North Warehouse 004,North,703,80,269.78,95,1,2026-05-24T00:00:00+07:00
INV-000881,SKU-0131,Electronics Item 0131,Electronics,WH004,North Warehouse 004,North,680,60,2233.57,97,1,2026-05-24T00:00:00+07:00
INV-000882,SKU-0132,Home Item 0132,Home,WH004,North Warehouse 004,North,249,11,1766.54,95,1,2026-05-24T00:00:00+07:00
INV-000883,SKU-0133,Grocery Item 0133,Grocery,WH004,North Warehouse 004,North,352,36,408.74,67,1,2026-05-24T00:00:00+07:00
INV-000884,SKU-0134,Fashion Item 0134,Fashion,WH004,North Warehouse 004,North,780,34,747.37,91,1,2026-05-24T00:00:00+07:00
INV-000885,SKU-0135,Industrial Item 0135,Industrial,WH004,North Warehouse 004,North,285,46,2133.35,112,1,2026-05-24T00:00:00+07:00
INV-000886,SKU-0136,Electronics Item 0136,Electronics,WH004,North Warehouse 004,North,408,33,1554.16,72,1,2026-05-24T00:00:00+07:00
INV-000887,SKU-0137,Home Item 0137,Home,WH004,North Warehouse 004,North,450,74,1339.71,101,1,2026-05-24T00:00:00+07:00
INV-000888,SKU-0138,Grocery Item 0138,Grocery,WH004,North Warehouse 004,North,424,59,1256.97,65,1,2026-05-24T00:00:00+07:00
INV-000889,SKU-0139,Fashion Item 0139,Fashion,WH004,North Warehouse 004,North,477,62,2267.96,45,1,2026-05-24T00:00:00+07:00
INV-000890,SKU-0140,Industrial Item 0140,Industrial,WH004,North Warehouse 004,North,100,24,1820.98,37,1,2026-05-24T00:00:00+07:00
INV-000891,SKU-0141,Electronics Item 0141,Electronics,WH004,North Warehouse 004,North,748,31,348.19,54,1,2026-05-24T00:00:00+07:00
INV-000892,SKU-0142,Home Item 0142,Home,WH004,North Warehouse 004,North,133,5,306.23,59,1,2026-05-24T00:00:00+07:00
INV-000893,SKU-0143,Grocery Item 0143,Grocery,WH004,North Warehouse 004,North,658,45,2032.09,78,1,2026-05-24T00:00:00+07:00
INV-000894,SKU-0144,Fashion Item 0144,Fashion,WH004,North Warehouse 004,North,302,61,1791.75,34,1,2026-05-24T00:00:00+07:00
INV-000895,SKU-0145,Industrial Item 0145,Industrial,WH004,North Warehouse 004,North,727,62,694.44,95,1,2026-05-24T00:00:00+07:00
INV-000896,SKU-0146,Electronics Item 0146,Electronics,WH004,North Warehouse 004,North,783,49,1821.49,75,1,2026-05-24T00:00:00+07:00
INV-000897,SKU-0147,Home Item 0147,Home,WH004,North Warehouse 004,North,478,60,280.47,99,1,2026-05-24T00:00:00+07:00
INV-000898,SKU-0148,Grocery Item 0148,Grocery,WH004,North Warehouse 004,North,327,8,765.62,103,1,2026-05-24T00:00:00+07:00
INV-000899,SKU-0149,Fashion Item 0149,Fashion,WH004,North Warehouse 004,North,275,57,1711.22,81,1,2026-05-24T00:00:00+07:00
INV-000900,SKU-0150,Industrial Item 0150,Industrial,WH004,North Warehouse 004,North,537,15,1630.47,35,1,2026-05-24T00:00:00+07:00
INV-000901,SKU-0151,Electronics Item 0151,Electronics,WH004,North Warehouse 004,North,457,39,182.78,42,1,2026-05-24T00:00:00+07:00
INV-000902,SKU-0152,Home Item 0152,Home,WH004,North Warehouse 004,North,781,16,766.19,41,1,2026-05-24T00:00:00+07:00
INV-000903,SKU-0153,Grocery Item 0153,Grocery,WH004,North Warehouse 004,North,116,5,2194.09,48,1,2026-05-24T00:00:00+07:00
INV-000904,SKU-0154,Fashion Item 0154,Fashion,WH004,North Warehouse 004,North,170,40,1899.45,68,1,2026-05-24T00:00:00+07:00
INV-000905,SKU-0155,Industrial Item 0155,Industrial,WH004,North Warehouse 004,North,454,24,2144.60,51,1,2026-05-24T00:00:00+07:00
INV-000906,SKU-0156,Electronics Item 0156,Electronics,WH004,North Warehouse 004,North,459,0,211.76,52,1,2026-05-24T00:00:00+07:00
INV-000907,SKU-0157,Home Item 0157,Home,WH004,North Warehouse 004,North,635,9,597.44,107,1,2026-05-24T00:00:00+07:00
INV-000908,SKU-0158,Grocery Item 0158,Grocery,WH004,North Warehouse 004,North,647,62,1715.19,75,1,2026-05-24T00:00:00+07:00
INV-000909,SKU-0159,Fashion Item 0159,Fashion,WH004,North Warehouse 004,North,102,5,409.05,64,1,2026-05-24T00:00:00+07:00
INV-000910,SKU-0160,Industrial Item 0160,Industrial,WH004,North Warehouse 004,North,220,28,1270.17,55,1,2026-05-24T00:00:00+07:00
INV-000911,SKU-0161,Electronics Item 0161,Electronics,WH004,North Warehouse 004,North,689,46,1187.58,78,1,2026-05-24T00:00:00+07:00
INV-000912,SKU-0162,Home Item 0162,Home,WH004,North Warehouse 004,North,237,29,2312.68,33,1,2026-05-24T00:00:00+07:00
INV-000913,SKU-0163,Grocery Item 0163,Grocery,WH004,North Warehouse 004,North,780,16,1703.34,96,1,2026-05-24T00:00:00+07:00
INV-000914,SKU-0164,Fashion Item 0164,Fashion,WH004,North Warehouse 004,North,302,33,112.62,46,1,2026-05-24T00:00:00+07:00
INV-000915,SKU-0165,Industrial Item 0165,Industrial,WH004,North Warehouse 004,North,494,62,446.40,65,1,2026-05-24T00:00:00+07:00
INV-000916,SKU-0166,Electronics Item 0166,Electronics,WH004,North Warehouse 004,North,103,7,2243.93,90,1,2026-05-24T00:00:00+07:00
INV-000917,SKU-0167,Home Item 0167,Home,WH004,North Warehouse 004,North,567,52,2098.04,94,1,2026-05-24T00:00:00+07:00
INV-000918,SKU-0168,Grocery Item 0168,Grocery,WH004,North Warehouse 004,North,332,77,815.49,53,1,2026-05-24T00:00:00+07:00
INV-000919,SKU-0169,Fashion Item 0169,Fashion,WH004,North Warehouse 004,North,474,33,1600.31,80,1,2026-05-24T00:00:00+07:00
INV-000920,SKU-0170,Industrial Item 0170,Industrial,WH004,North Warehouse 004,North,160,3,2372.69,31,1,2026-05-24T00:00:00+07:00
INV-000921,SKU-0171,Electronics Item 0171,Electronics,WH004,North Warehouse 004,North,648,48,2046.94,33,1,2026-05-24T00:00:00+07:00
INV-000922,SKU-0172,Home Item 0172,Home,WH004,North Warehouse 004,North,754,24,1514.39,79,1,2026-05-24T00:00:00+07:00
INV-000923,SKU-0173,Grocery Item 0173,Grocery,WH004,North Warehouse 004,North,541,11,751.58,119,1,2026-05-24T00:00:00+07:00
INV-000924,SKU-0174,Fashion Item 0174,Fashion,WH004,North Warehouse 004,North,750,14,1952.72,53,1,2026-05-24T00:00:00+07:00
INV-000925,SKU-0175,Industrial Item 0175,Industrial,WH004,North Warehouse 004,North,346,53,308.77,105,1,2026-05-24T00:00:00+07:00
INV-000926,SKU-0176,Electronics Item 0176,Electronics,WH004,North Warehouse 004,North,715,9,154.86,114,1,2026-05-24T00:00:00+07:00
INV-000927,SKU-0177,Home Item 0177,Home,WH004,North Warehouse 004,North,501,0,802.84,73,1,2026-05-24T00:00:00+07:00
INV-000928,SKU-0178,Grocery Item 0178,Grocery,WH004,North Warehouse 004,North,597,61,999.76,67,1,2026-05-24T00:00:00+07:00
INV-000929,SKU-0179,Fashion Item 0179,Fashion,WH004,North Warehouse 004,North,622,33,2389.43,74,1,2026-05-24T00:00:00+07:00
INV-000930,SKU-0180,Industrial Item 0180,Industrial,WH004,North Warehouse 004,North,346,67,1661.42,104,1,2026-05-24T00:00:00+07:00
INV-000931,SKU-0181,Electronics Item 0181,Electronics,WH004,North Warehouse 004,North,205,26,2182.51,60,1,2026-05-24T00:00:00+07:00
INV-000932,SKU-0182,Home Item 0182,Home,WH004,North Warehouse 004,North,320,62,1995.17,82,1,2026-05-24T00:00:00+07:00
INV-000933,SKU-0183,Grocery Item 0183,Grocery,WH004,North Warehouse 004,North,167,12,351.62,39,1,2026-05-24T00:00:00+07:00
INV-000934,SKU-0184,Fashion Item 0184,Fashion,WH004,North Warehouse 004,North,637,10,1214.50,28,1,2026-05-24T00:00:00+07:00
INV-000935,SKU-0185,Industrial Item 0185,Industrial,WH004,North Warehouse 004,North,440,35,1508.04,98,1,2026-05-24T00:00:00+07:00
INV-000936,SKU-0186,Electronics Item 0186,Electronics,WH004,North Warehouse 004,North,768,76,2138.25,120,1,2026-05-24T00:00:00+07:00
INV-000937,SKU-0187,Home Item 0187,Home,WH004,North Warehouse 004,North,232,50,230.26,41,1,2026-05-24T00:00:00+07:00
INV-000938,SKU-0188,Grocery Item 0188,Grocery,WH004,North Warehouse 004,North,237,2,1592.26,48,1,2026-05-24T00:00:00+07:00
INV-000939,SKU-0189,Fashion Item 0189,Fashion,WH004,North Warehouse 004,North,708,47,391.42,66,1,2026-05-24T00:00:00+07:00
INV-000940,SKU-0190,Industrial Item 0190,Industrial,WH004,North Warehouse 004,North,443,2,638.78,79,1,2026-05-24T00:00:00+07:00
INV-000941,SKU-0191,Electronics Item 0191,Electronics,WH004,North Warehouse 004,North,334,24,2273.17,31,1,2026-05-24T00:00:00+07:00
INV-000942,SKU-0192,Home Item 0192,Home,WH004,North Warehouse 004,North,785,35,2089.41,112,1,2026-05-24T00:00:00+07:00
INV-000943,SKU-0193,Grocery Item 0193,Grocery,WH004,North Warehouse 004,North,601,67,752.51,81,1,2026-05-24T00:00:00+07:00
INV-000944,SKU-0194,Fashion Item 0194,Fashion,WH004,North Warehouse 004,North,279,44,1021.39,47,1,2026-05-24T00:00:00+07:00
INV-000945,SKU-0195,Industrial Item 0195,Industrial,WH004,North Warehouse 004,North,494,78,947.88,32,1,2026-05-24T00:00:00+07:00
INV-000946,SKU-0196,Electronics Item 0196,Electronics,WH004,North Warehouse 004,North,214,19,1610.35,96,1,2026-05-24T00:00:00+07:00
INV-000947,SKU-0197,Home Item 0197,Home,WH004,North Warehouse 004,North,165,7,1598.07,80,1,2026-05-24T00:00:00+07:00
INV-000948,SKU-0198,Grocery Item 0198,Grocery,WH004,North Warehouse 004,North,129,16,2253.44,92,1,2026-05-24T00:00:00+07:00
INV-000949,SKU-0199,Fashion Item 0199,Fashion,WH004,North Warehouse 004,North,737,53,2449.32,36,1,2026-05-24T00:00:00+07:00
INV-000950,SKU-0200,Industrial Item 0200,Industrial,WH004,North Warehouse 004,North,662,60,1020.41,76,1,2026-05-24T00:00:00+07:00
INV-000951,SKU-0201,Electronics Item 0201,Electronics,WH004,North Warehouse 004,North,356,68,1088.23,35,1,2026-05-24T00:00:00+07:00
INV-000952,SKU-0202,Home Item 0202,Home,WH004,North Warehouse 004,North,430,35,1630.62,103,1,2026-05-24T00:00:00+07:00
INV-000953,SKU-0203,Grocery Item 0203,Grocery,WH004,North Warehouse 004,North,749,77,1226.19,63,1,2026-05-24T00:00:00+07:00
INV-000954,SKU-0204,Fashion Item 0204,Fashion,WH004,North Warehouse 004,North,608,23,1040.12,54,1,2026-05-24T00:00:00+07:00
INV-000955,SKU-0205,Industrial Item 0205,Industrial,WH004,North Warehouse 004,North,128,16,1282.90,51,1,2026-05-24T00:00:00+07:00
INV-000956,SKU-0206,Electronics Item 0206,Electronics,WH004,North Warehouse 004,North,580,40,397.51,98,1,2026-05-24T00:00:00+07:00
INV-000957,SKU-0207,Home Item 0207,Home,WH004,North Warehouse 004,North,436,62,690.51,118,1,2026-05-24T00:00:00+07:00
INV-000958,SKU-0208,Grocery Item 0208,Grocery,WH004,North Warehouse 004,North,226,8,555.93,98,1,2026-05-24T00:00:00+07:00
INV-000959,SKU-0209,Fashion Item 0209,Fashion,WH004,North Warehouse 004,North,717,9,1000.54,50,1,2026-05-24T00:00:00+07:00
INV-000960,SKU-0210,Industrial Item 0210,Industrial,WH004,North Warehouse 004,North,164,16,2444.52,64,1,2026-05-24T00:00:00+07:00
INV-000961,SKU-0211,Electronics Item 0211,Electronics,WH004,North Warehouse 004,North,544,60,1738.53,53,1,2026-05-24T00:00:00+07:00
INV-000962,SKU-0212,Home Item 0212,Home,WH004,North Warehouse 004,North,376,17,1722.98,119,1,2026-05-24T00:00:00+07:00
INV-000963,SKU-0213,Grocery Item 0213,Grocery,WH004,North Warehouse 004,North,387,77,1014.34,76,1,2026-05-24T00:00:00+07:00
INV-000964,SKU-0214,Fashion Item 0214,Fashion,WH004,North Warehouse 004,North,259,51,787.97,79,1,2026-05-24T00:00:00+07:00
INV-000965,SKU-0215,Industrial Item 0215,Industrial,WH004,North Warehouse 004,North,756,74,950.18,25,1,2026-05-24T00:00:00+07:00
INV-000966,SKU-0216,Electronics Item 0216,Electronics,WH004,North Warehouse 004,North,744,62,1742.93,81,1,2026-05-24T00:00:00+07:00
INV-000967,SKU-0217,Home Item 0217,Home,WH004,North Warehouse 004,North,514,78,1751.83,88,1,2026-05-24T00:00:00+07:00
INV-000968,SKU-0218,Grocery Item 0218,Grocery,WH004,North Warehouse 004,North,241,22,398.83,70,1,2026-05-24T00:00:00+07:00
INV-000969,SKU-0219,Fashion Item 0219,Fashion,WH004,North Warehouse 004,North,399,53,2091.71,82,1,2026-05-24T00:00:00+07:00
INV-000970,SKU-0220,Industrial Item 0220,Industrial,WH004,North Warehouse 004,North,778,64,849.54,48,1,2026-05-24T00:00:00+07:00
INV-000971,SKU-0221,Electronics Item 0221,Electronics,WH004,North Warehouse 004,North,739,39,1015.63,53,1,2026-05-24T00:00:00+07:00
INV-000972,SKU-0222,Home Item 0222,Home,WH004,North Warehouse 004,North,789,31,112.17,96,1,2026-05-24T00:00:00+07:00
INV-000973,SKU-0223,Grocery Item 0223,Grocery,WH004,North Warehouse 004,North,330,40,1873.20,69,1,2026-05-24T00:00:00+07:00
INV-000974,SKU-0224,Fashion Item 0224,Fashion,WH004,North Warehouse 004,North,653,39,1172.28,89,1,2026-05-24T00:00:00+07:00
INV-000975,SKU-0225,Industrial Item 0225,Industrial,WH004,North Warehouse 004,North,87,13,1779.15,115,1,2026-05-24T00:00:00+07:00
INV-000976,SKU-0226,Electronics Item 0226,Electronics,WH004,North Warehouse 004,North,780,30,902.61,31,1,2026-05-24T00:00:00+07:00
INV-000977,SKU-0227,Home Item 0227,Home,WH004,North Warehouse 004,North,152,12,1112.99,46,1,2026-05-24T00:00:00+07:00
INV-000978,SKU-0228,Grocery Item 0228,Grocery,WH004,North Warehouse 004,North,319,70,1588.63,32,1,2026-05-24T00:00:00+07:00
INV-000979,SKU-0229,Fashion Item 0229,Fashion,WH004,North Warehouse 004,North,673,50,71.19,55,1,2026-05-24T00:00:00+07:00
INV-000980,SKU-0230,Industrial Item 0230,Industrial,WH004,North Warehouse 004,North,417,27,943.06,101,1,2026-05-24T00:00:00+07:00
INV-000981,SKU-0231,Electronics Item 0231,Electronics,WH004,North Warehouse 004,North,789,41,1608.10,35,1,2026-05-24T00:00:00+07:00
INV-000982,SKU-0232,Home Item 0232,Home,WH004,North Warehouse 004,North,746,67,1641.36,84,1,2026-05-24T00:00:00+07:00
INV-000983,SKU-0233,Grocery Item 0233,Grocery,WH004,North Warehouse 004,North,354,37,387.24,115,1,2026-05-24T00:00:00+07:00
INV-000984,SKU-0234,Fashion Item 0234,Fashion,WH004,North Warehouse 004,North,81,2,1406.53,30,1,2026-05-24T00:00:00+07:00
INV-000985,SKU-0235,Industrial Item 0235,Industrial,WH004,North Warehouse 004,North,380,33,1897.57,28,1,2026-05-24T00:00:00+07:00
INV-000986,SKU-0236,Electronics Item 0236,Electronics,WH004,North Warehouse 004,North,653,61,2269.55,34,1,2026-05-24T00:00:00+07:00
INV-000987,SKU-0237,Home Item 0237,Home,WH004,North Warehouse 004,North,414,0,1293.79,57,1,2026-05-24T00:00:00+07:00
INV-000988,SKU-0238,Grocery Item 0238,Grocery,WH004,North Warehouse 004,North,334,66,2116.49,55,1,2026-05-24T00:00:00+07:00
INV-000989,SKU-0239,Fashion Item 0239,Fashion,WH004,North Warehouse 004,North,638,15,1067.92,49,1,2026-05-24T00:00:00+07:00
INV-000990,SKU-0240,Industrial Item 0240,Industrial,WH004,North Warehouse 004,North,625,31,843.78,116,1,2026-05-24T00:00:00+07:00
INV-000991,SKU-0241,Electronics Item 0241,Electronics,WH004,North Warehouse 004,North,341,14,247.34,108,1,2026-05-24T00:00:00+07:00
INV-000992,SKU-0242,Home Item 0242,Home,WH004,North Warehouse 004,North,527,46,655.86,92,1,2026-05-24T00:00:00+07:00
INV-000993,SKU-0243,Grocery Item 0243,Grocery,WH004,North Warehouse 004,North,254,5,1754.18,45,1,2026-05-24T00:00:00+07:00
INV-000994,SKU-0244,Fashion Item 0244,Fashion,WH004,North Warehouse 004,North,211,13,441.43,79,1,2026-05-24T00:00:00+07:00
INV-000995,SKU-0245,Industrial Item 0245,Industrial,WH004,North Warehouse 004,North,418,6,1182.92,110,1,2026-05-24T00:00:00+07:00
INV-000996,SKU-0246,Electronics Item 0246,Electronics,WH004,North Warehouse 004,North,169,21,2208.42,117,1,2026-05-24T00:00:00+07:00
INV-000997,SKU-0247,Home Item 0247,Home,WH004,North Warehouse 004,North,182,21,2062.77,73,1,2026-05-24T00:00:00+07:00
INV-000998,SKU-0248,Grocery Item 0248,Grocery,WH004,North Warehouse 004,North,152,34,1582.71,120,1,2026-05-24T00:00:00+07:00
INV-000999,SKU-0249,Fashion Item 0249,Fashion,WH004,North Warehouse 004,North,681,26,442.66,86,1,2026-05-24T00:00:00+07:00
INV-001000,SKU-0250,Industrial Item 0250,Industrial,WH004,North Warehouse 004,North,723,47,1573.97,112,1,2026-05-24T00:00:00+07:00
INV-001001,SKU-0001,Home Item 0001,Home,WH005,North Warehouse 005,North,283,57,2383.50,61,1,2026-05-24T00:00:00+07:00
INV-001002,SKU-0002,Grocery Item 0002,Grocery,WH005,North Warehouse 005,North,428,10,2146.89,107,1,2026-05-24T00:00:00+07:00
INV-001003,SKU-0003,Fashion Item 0003,Fashion,WH005,North Warehouse 005,North,672,61,2068.99,110,1,2026-05-24T00:00:00+07:00
INV-001004,SKU-0004,Industrial Item 0004,Industrial,WH005,North Warehouse 005,North,402,21,148.03,103,1,2026-05-24T00:00:00+07:00
INV-001005,SKU-0005,Electronics Item 0005,Electronics,WH005,North Warehouse 005,North,126,24,2312.66,35,1,2026-05-24T00:00:00+07:00
INV-001006,SKU-0006,Home Item 0006,Home,WH005,North Warehouse 005,North,194,8,2463.50,48,1,2026-05-24T00:00:00+07:00
INV-001007,SKU-0007,Grocery Item 0007,Grocery,WH005,North Warehouse 005,North,337,2,808.23,73,1,2026-05-24T00:00:00+07:00
INV-001008,SKU-0008,Fashion Item 0008,Fashion,WH005,North Warehouse 005,North,338,17,1686.57,41,1,2026-05-24T00:00:00+07:00
INV-001009,SKU-0009,Industrial Item 0009,Industrial,WH005,North Warehouse 005,North,428,26,14.47,68,1,2026-05-24T00:00:00+07:00
INV-001010,SKU-0010,Electronics Item 0010,Electronics,WH005,North Warehouse 005,North,364,4,1312.97,114,1,2026-05-24T00:00:00+07:00
INV-001011,SKU-0011,Home Item 0011,Home,WH005,North Warehouse 005,North,247,60,1391.92,69,1,2026-05-24T00:00:00+07:00
INV-001012,SKU-0012,Grocery Item 0012,Grocery,WH005,North Warehouse 005,North,341,49,954.52,51,1,2026-05-24T00:00:00+07:00
INV-001013,SKU-0013,Fashion Item 0013,Fashion,WH005,North Warehouse 005,North,721,10,360.78,89,1,2026-05-24T00:00:00+07:00
INV-001014,SKU-0014,Industrial Item 0014,Industrial,WH005,North Warehouse 005,North,603,61,185.53,105,1,2026-05-24T00:00:00+07:00
INV-001015,SKU-0015,Electronics Item 0015,Electronics,WH005,North Warehouse 005,North,188,4,1978.33,100,1,2026-05-24T00:00:00+07:00
INV-001016,SKU-0016,Home Item 0016,Home,WH005,North Warehouse 005,North,241,4,1674.86,85,1,2026-05-24T00:00:00+07:00
INV-001017,SKU-0017,Grocery Item 0017,Grocery,WH005,North Warehouse 005,North,179,6,1483.07,37,1,2026-05-24T00:00:00+07:00
INV-001018,SKU-0018,Fashion Item 0018,Fashion,WH005,North Warehouse 005,North,273,14,1054.37,42,1,2026-05-24T00:00:00+07:00
INV-001019,SKU-0019,Industrial Item 0019,Industrial,WH005,North Warehouse 005,North,334,20,1776.13,66,1,2026-05-24T00:00:00+07:00
INV-001020,SKU-0020,Electronics Item 0020,Electronics,WH005,North Warehouse 005,North,559,77,12.99,90,1,2026-05-24T00:00:00+07:00
INV-001021,SKU-0021,Home Item 0021,Home,WH005,North Warehouse 005,North,373,52,1424.65,93,1,2026-05-24T00:00:00+07:00
INV-001022,SKU-0022,Grocery Item 0022,Grocery,WH005,North Warehouse 005,North,466,32,2371.29,41,1,2026-05-24T00:00:00+07:00
INV-001023,SKU-0023,Fashion Item 0023,Fashion,WH005,North Warehouse 005,North,486,1,2153.75,84,1,2026-05-24T00:00:00+07:00
INV-001024,SKU-0024,Industrial Item 0024,Industrial,WH005,North Warehouse 005,North,793,24,641.16,120,1,2026-05-24T00:00:00+07:00
INV-001025,SKU-0025,Electronics Item 0025,Electronics,WH005,North Warehouse 005,North,410,19,1509.25,106,1,2026-05-24T00:00:00+07:00
INV-001026,SKU-0026,Home Item 0026,Home,WH005,North Warehouse 005,North,736,19,2197.10,43,1,2026-05-24T00:00:00+07:00
INV-001027,SKU-0027,Grocery Item 0027,Grocery,WH005,North Warehouse 005,North,223,16,1767.15,86,1,2026-05-24T00:00:00+07:00
INV-001028,SKU-0028,Fashion Item 0028,Fashion,WH005,North Warehouse 005,North,326,32,1010.96,94,1,2026-05-24T00:00:00+07:00
INV-001029,SKU-0029,Industrial Item 0029,Industrial,WH005,North Warehouse 005,North,655,61,1208.44,84,1,2026-05-24T00:00:00+07:00
INV-001030,SKU-0030,Electronics Item 0030,Electronics,WH005,North Warehouse 005,North,696,12,1797.80,85,1,2026-05-24T00:00:00+07:00
INV-001031,SKU-0031,Home Item 0031,Home,WH005,North Warehouse 005,North,505,46,1232.22,73,1,2026-05-24T00:00:00+07:00
INV-001032,SKU-0032,Grocery Item 0032,Grocery,WH005,North Warehouse 005,North,621,18,525.97,46,1,2026-05-24T00:00:00+07:00
INV-001033,SKU-0033,Fashion Item 0033,Fashion,WH005,North Warehouse 005,North,231,10,2036.12,46,1,2026-05-24T00:00:00+07:00
INV-001034,SKU-0034,Industrial Item 0034,Industrial,WH005,North Warehouse 005,North,776,44,1727.65,46,1,2026-05-24T00:00:00+07:00
INV-001035,SKU-0035,Electronics Item 0035,Electronics,WH005,North Warehouse 005,North,730,28,33.03,115,1,2026-05-24T00:00:00+07:00
INV-001036,SKU-0036,Home Item 0036,Home,WH005,North Warehouse 005,North,387,0,2105.60,111,1,2026-05-24T00:00:00+07:00
INV-001037,SKU-0037,Grocery Item 0037,Grocery,WH005,North Warehouse 005,North,211,30,209.62,103,1,2026-05-24T00:00:00+07:00
INV-001038,SKU-0038,Fashion Item 0038,Fashion,WH005,North Warehouse 005,North,125,4,1653.25,107,1,2026-05-24T00:00:00+07:00
INV-001039,SKU-0039,Industrial Item 0039,Industrial,WH005,North Warehouse 005,North,297,8,2317.30,94,1,2026-05-24T00:00:00+07:00
INV-001040,SKU-0040,Electronics Item 0040,Electronics,WH005,North Warehouse 005,North,709,4,1228.61,71,1,2026-05-24T00:00:00+07:00
INV-001041,SKU-0041,Home Item 0041,Home,WH005,North Warehouse 005,North,310,75,1644.61,59,1,2026-05-24T00:00:00+07:00
INV-001042,SKU-0042,Grocery Item 0042,Grocery,WH005,North Warehouse 005,North,212,11,2352.39,38,1,2026-05-24T00:00:00+07:00
INV-001043,SKU-0043,Fashion Item 0043,Fashion,WH005,North Warehouse 005,North,285,69,1840.46,115,1,2026-05-24T00:00:00+07:00
INV-001044,SKU-0044,Industrial Item 0044,Industrial,WH005,North Warehouse 005,North,541,50,513.91,120,1,2026-05-24T00:00:00+07:00
INV-001045,SKU-0045,Electronics Item 0045,Electronics,WH005,North Warehouse 005,North,178,24,587.31,51,1,2026-05-24T00:00:00+07:00
INV-001046,SKU-0046,Home Item 0046,Home,WH005,North Warehouse 005,North,676,0,1563.20,73,1,2026-05-24T00:00:00+07:00
INV-001047,SKU-0047,Grocery Item 0047,Grocery,WH005,North Warehouse 005,North,702,49,124.84,72,1,2026-05-24T00:00:00+07:00
INV-001048,SKU-0048,Fashion Item 0048,Fashion,WH005,North Warehouse 005,North,255,38,1522.17,31,1,2026-05-24T00:00:00+07:00
INV-001049,SKU-0049,Industrial Item 0049,Industrial,WH005,North Warehouse 005,North,375,64,829.58,116,1,2026-05-24T00:00:00+07:00
INV-001050,SKU-0050,Electronics Item 0050,Electronics,WH005,North Warehouse 005,North,578,28,1752.78,86,1,2026-05-24T00:00:00+07:00
INV-001051,SKU-0051,Home Item 0051,Home,WH005,North Warehouse 005,North,506,54,750.92,40,1,2026-05-24T00:00:00+07:00
INV-001052,SKU-0052,Grocery Item 0052,Grocery,WH005,North Warehouse 005,North,467,41,2024.64,29,1,2026-05-24T00:00:00+07:00
INV-001053,SKU-0053,Fashion Item 0053,Fashion,WH005,North Warehouse 005,North,192,41,1613.96,94,1,2026-05-24T00:00:00+07:00
INV-001054,SKU-0054,Industrial Item 0054,Industrial,WH005,North Warehouse 005,North,674,64,225.61,71,1,2026-05-24T00:00:00+07:00
INV-001055,SKU-0055,Electronics Item 0055,Electronics,WH005,North Warehouse 005,North,684,71,896.38,59,1,2026-05-24T00:00:00+07:00
INV-001056,SKU-0056,Home Item 0056,Home,WH005,North Warehouse 005,North,532,45,992.12,87,1,2026-05-24T00:00:00+07:00
INV-001057,SKU-0057,Grocery Item 0057,Grocery,WH005,North Warehouse 005,North,172,13,2400.20,76,1,2026-05-24T00:00:00+07:00
INV-001058,SKU-0058,Fashion Item 0058,Fashion,WH005,North Warehouse 005,North,533,72,557.67,31,1,2026-05-24T00:00:00+07:00
INV-001059,SKU-0059,Industrial Item 0059,Industrial,WH005,North Warehouse 005,North,231,7,1167.61,101,1,2026-05-24T00:00:00+07:00
INV-001060,SKU-0060,Electronics Item 0060,Electronics,WH005,North Warehouse 005,North,145,33,1352.85,53,1,2026-05-24T00:00:00+07:00
INV-001061,SKU-0061,Home Item 0061,Home,WH005,North Warehouse 005,North,797,1,1663.09,65,1,2026-05-24T00:00:00+07:00
INV-001062,SKU-0062,Grocery Item 0062,Grocery,WH005,North Warehouse 005,North,541,50,411.59,74,1,2026-05-24T00:00:00+07:00
INV-001063,SKU-0063,Fashion Item 0063,Fashion,WH005,North Warehouse 005,North,180,7,1099.46,42,1,2026-05-24T00:00:00+07:00
INV-001064,SKU-0064,Industrial Item 0064,Industrial,WH005,North Warehouse 005,North,101,5,1048.98,61,1,2026-05-24T00:00:00+07:00
INV-001065,SKU-0065,Electronics Item 0065,Electronics,WH005,North Warehouse 005,North,755,42,2298.31,108,1,2026-05-24T00:00:00+07:00
INV-001066,SKU-0066,Home Item 0066,Home,WH005,North Warehouse 005,North,502,13,557.34,109,1,2026-05-24T00:00:00+07:00
INV-001067,SKU-0067,Grocery Item 0067,Grocery,WH005,North Warehouse 005,North,177,33,260.77,102,1,2026-05-24T00:00:00+07:00
INV-001068,SKU-0068,Fashion Item 0068,Fashion,WH005,North Warehouse 005,North,374,63,1380.68,57,1,2026-05-24T00:00:00+07:00
INV-001069,SKU-0069,Industrial Item 0069,Industrial,WH005,North Warehouse 005,North,415,28,465.27,67,1,2026-05-24T00:00:00+07:00
INV-001070,SKU-0070,Electronics Item 0070,Electronics,WH005,North Warehouse 005,North,368,72,1061.44,68,1,2026-05-24T00:00:00+07:00
INV-001071,SKU-0071,Home Item 0071,Home,WH005,North Warehouse 005,North,491,44,2370.99,38,1,2026-05-24T00:00:00+07:00
INV-001072,SKU-0072,Grocery Item 0072,Grocery,WH005,North Warehouse 005,North,683,79,283.21,31,1,2026-05-24T00:00:00+07:00
INV-001073,SKU-0073,Fashion Item 0073,Fashion,WH005,North Warehouse 005,North,587,80,551.12,113,1,2026-05-24T00:00:00+07:00
INV-001074,SKU-0074,Industrial Item 0074,Industrial,WH005,North Warehouse 005,North,647,6,1321.21,112,1,2026-05-24T00:00:00+07:00
INV-001075,SKU-0075,Electronics Item 0075,Electronics,WH005,North Warehouse 005,North,620,52,482.97,53,1,2026-05-24T00:00:00+07:00
INV-001076,SKU-0076,Home Item 0076,Home,WH005,North Warehouse 005,North,445,73,1686.32,57,1,2026-05-24T00:00:00+07:00
INV-001077,SKU-0077,Grocery Item 0077,Grocery,WH005,North Warehouse 005,North,703,0,1454.56,81,1,2026-05-24T00:00:00+07:00
INV-001078,SKU-0078,Fashion Item 0078,Fashion,WH005,North Warehouse 005,North,410,63,1368.39,88,1,2026-05-24T00:00:00+07:00
INV-001079,SKU-0079,Industrial Item 0079,Industrial,WH005,North Warehouse 005,North,734,9,873.57,69,1,2026-05-24T00:00:00+07:00
INV-001080,SKU-0080,Electronics Item 0080,Electronics,WH005,North Warehouse 005,North,396,42,399.32,29,1,2026-05-24T00:00:00+07:00
INV-001081,SKU-0081,Home Item 0081,Home,WH005,North Warehouse 005,North,131,6,1317.44,68,1,2026-05-24T00:00:00+07:00
INV-001082,SKU-0082,Grocery Item 0082,Grocery,WH005,North Warehouse 005,North,304,30,1146.10,55,1,2026-05-24T00:00:00+07:00
INV-001083,SKU-0083,Fashion Item 0083,Fashion,WH005,North Warehouse 005,North,653,29,1620.91,91,1,2026-05-24T00:00:00+07:00
INV-001084,SKU-0084,Industrial Item 0084,Industrial,WH005,North Warehouse 005,North,758,30,905.72,59,1,2026-05-24T00:00:00+07:00
INV-001085,SKU-0085,Electronics Item 0085,Electronics,WH005,North Warehouse 005,North,153,17,126.83,118,1,2026-05-24T00:00:00+07:00
INV-001086,SKU-0086,Home Item 0086,Home,WH005,North Warehouse 005,North,792,35,2449.05,96,1,2026-05-24T00:00:00+07:00
INV-001087,SKU-0087,Grocery Item 0087,Grocery,WH005,North Warehouse 005,North,540,52,2372.42,109,1,2026-05-24T00:00:00+07:00
INV-001088,SKU-0088,Fashion Item 0088,Fashion,WH005,North Warehouse 005,North,287,27,2450.92,51,1,2026-05-24T00:00:00+07:00
INV-001089,SKU-0089,Industrial Item 0089,Industrial,WH005,North Warehouse 005,North,675,34,2408.26,83,1,2026-05-24T00:00:00+07:00
INV-001090,SKU-0090,Electronics Item 0090,Electronics,WH005,North Warehouse 005,North,659,73,114.87,107,1,2026-05-24T00:00:00+07:00
INV-001091,SKU-0091,Home Item 0091,Home,WH005,North Warehouse 005,North,349,65,953.57,76,1,2026-05-24T00:00:00+07:00
INV-001092,SKU-0092,Grocery Item 0092,Grocery,WH005,North Warehouse 005,North,295,5,2098.16,79,1,2026-05-24T00:00:00+07:00
INV-001093,SKU-0093,Fashion Item 0093,Fashion,WH005,North Warehouse 005,North,768,62,756.90,47,1,2026-05-24T00:00:00+07:00
INV-001094,SKU-0094,Industrial Item 0094,Industrial,WH005,North Warehouse 005,North,683,12,1784.00,49,1,2026-05-24T00:00:00+07:00
INV-001095,SKU-0095,Electronics Item 0095,Electronics,WH005,North Warehouse 005,North,630,0,492.84,35,1,2026-05-24T00:00:00+07:00
INV-001096,SKU-0096,Home Item 0096,Home,WH005,North Warehouse 005,North,110,23,381.61,55,1,2026-05-24T00:00:00+07:00
INV-001097,SKU-0097,Grocery Item 0097,Grocery,WH005,North Warehouse 005,North,328,18,1606.35,33,1,2026-05-24T00:00:00+07:00
INV-001098,SKU-0098,Fashion Item 0098,Fashion,WH005,North Warehouse 005,North,179,24,2227.00,33,1,2026-05-24T00:00:00+07:00
INV-001099,SKU-0099,Industrial Item 0099,Industrial,WH005,North Warehouse 005,North,777,14,2371.75,77,1,2026-05-24T00:00:00+07:00
INV-001100,SKU-0100,Electronics Item 0100,Electronics,WH005,North Warehouse 005,North,705,56,2208.14,96,1,2026-05-24T00:00:00+07:00
INV-001101,SKU-0101,Home Item 0101,Home,WH005,North Warehouse 005,North,731,57,553.80,26,1,2026-05-24T00:00:00+07:00
INV-001102,SKU-0102,Grocery Item 0102,Grocery,WH005,North Warehouse 005,North,707,27,795.47,79,1,2026-05-24T00:00:00+07:00
INV-001103,SKU-0103,Fashion Item 0103,Fashion,WH005,North Warehouse 005,North,473,60,2422.27,40,1,2026-05-24T00:00:00+07:00
INV-001104,SKU-0104,Industrial Item 0104,Industrial,WH005,North Warehouse 005,North,594,58,2241.04,50,1,2026-05-24T00:00:00+07:00
INV-001105,SKU-0105,Electronics Item 0105,Electronics,WH005,North Warehouse 005,North,383,78,1034.90,47,1,2026-05-24T00:00:00+07:00
INV-001106,SKU-0106,Home Item 0106,Home,WH005,North Warehouse 005,North,785,5,1152.07,86,1,2026-05-24T00:00:00+07:00
INV-001107,SKU-0107,Grocery Item 0107,Grocery,WH005,North Warehouse 005,North,758,43,522.22,66,1,2026-05-24T00:00:00+07:00
INV-001108,SKU-0108,Fashion Item 0108,Fashion,WH005,North Warehouse 005,North,125,3,1952.06,70,1,2026-05-24T00:00:00+07:00
INV-001109,SKU-0109,Industrial Item 0109,Industrial,WH005,North Warehouse 005,North,581,59,1027.60,30,1,2026-05-24T00:00:00+07:00
INV-001110,SKU-0110,Electronics Item 0110,Electronics,WH005,North Warehouse 005,North,514,61,2216.86,27,1,2026-05-24T00:00:00+07:00
INV-001111,SKU-0111,Home Item 0111,Home,WH005,North Warehouse 005,North,191,22,931.75,111,1,2026-05-24T00:00:00+07:00
INV-001112,SKU-0112,Grocery Item 0112,Grocery,WH005,North Warehouse 005,North,459,48,331.34,98,1,2026-05-24T00:00:00+07:00
INV-001113,SKU-0113,Fashion Item 0113,Fashion,WH005,North Warehouse 005,North,246,10,1101.89,116,1,2026-05-24T00:00:00+07:00
INV-001114,SKU-0114,Industrial Item 0114,Industrial,WH005,North Warehouse 005,North,292,32,639.08,106,1,2026-05-24T00:00:00+07:00
INV-001115,SKU-0115,Electronics Item 0115,Electronics,WH005,North Warehouse 005,North,599,32,1679.33,107,1,2026-05-24T00:00:00+07:00
INV-001116,SKU-0116,Home Item 0116,Home,WH005,North Warehouse 005,North,636,54,1553.55,35,1,2026-05-24T00:00:00+07:00
INV-001117,SKU-0117,Grocery Item 0117,Grocery,WH005,North Warehouse 005,North,420,56,1199.10,93,1,2026-05-24T00:00:00+07:00
INV-001118,SKU-0118,Fashion Item 0118,Fashion,WH005,North Warehouse 005,North,103,1,1520.42,77,1,2026-05-24T00:00:00+07:00
INV-001119,SKU-0119,Industrial Item 0119,Industrial,WH005,North Warehouse 005,North,339,27,988.53,74,1,2026-05-24T00:00:00+07:00
INV-001120,SKU-0120,Electronics Item 0120,Electronics,WH005,North Warehouse 005,North,270,52,994.28,118,1,2026-05-24T00:00:00+07:00
INV-001121,SKU-0121,Home Item 0121,Home,WH005,North Warehouse 005,North,132,14,940.27,107,1,2026-05-24T00:00:00+07:00
INV-001122,SKU-0122,Grocery Item 0122,Grocery,WH005,North Warehouse 005,North,441,67,670.63,33,1,2026-05-24T00:00:00+07:00
INV-001123,SKU-0123,Fashion Item 0123,Fashion,WH005,North Warehouse 005,North,232,52,210.90,37,1,2026-05-24T00:00:00+07:00
INV-001124,SKU-0124,Industrial Item 0124,Industrial,WH005,North Warehouse 005,North,125,9,197.79,73,1,2026-05-24T00:00:00+07:00
INV-001125,SKU-0125,Electronics Item 0125,Electronics,WH005,North Warehouse 005,North,295,45,363.00,71,1,2026-05-24T00:00:00+07:00
INV-001126,SKU-0126,Home Item 0126,Home,WH005,North Warehouse 005,North,684,57,802.17,77,1,2026-05-24T00:00:00+07:00
INV-001127,SKU-0127,Grocery Item 0127,Grocery,WH005,North Warehouse 005,North,765,4,477.42,53,1,2026-05-24T00:00:00+07:00
INV-001128,SKU-0128,Fashion Item 0128,Fashion,WH005,North Warehouse 005,North,289,61,486.03,116,1,2026-05-24T00:00:00+07:00
INV-001129,SKU-0129,Industrial Item 0129,Industrial,WH005,North Warehouse 005,North,141,2,125.17,106,1,2026-05-24T00:00:00+07:00
INV-001130,SKU-0130,Electronics Item 0130,Electronics,WH005,North Warehouse 005,North,88,13,232.83,56,1,2026-05-24T00:00:00+07:00
INV-001131,SKU-0131,Home Item 0131,Home,WH005,North Warehouse 005,North,323,18,385.92,82,1,2026-05-24T00:00:00+07:00
INV-001132,SKU-0132,Grocery Item 0132,Grocery,WH005,North Warehouse 005,North,550,55,638.34,90,1,2026-05-24T00:00:00+07:00
INV-001133,SKU-0133,Fashion Item 0133,Fashion,WH005,North Warehouse 005,North,776,34,1372.73,87,1,2026-05-24T00:00:00+07:00
INV-001134,SKU-0134,Industrial Item 0134,Industrial,WH005,North Warehouse 005,North,169,1,2204.20,60,1,2026-05-24T00:00:00+07:00
INV-001135,SKU-0135,Electronics Item 0135,Electronics,WH005,North Warehouse 005,North,184,34,2175.43,99,1,2026-05-24T00:00:00+07:00
INV-001136,SKU-0136,Home Item 0136,Home,WH005,North Warehouse 005,North,435,63,215.03,82,1,2026-05-24T00:00:00+07:00
INV-001137,SKU-0137,Grocery Item 0137,Grocery,WH005,North Warehouse 005,North,485,3,1089.14,51,1,2026-05-24T00:00:00+07:00
INV-001138,SKU-0138,Fashion Item 0138,Fashion,WH005,North Warehouse 005,North,448,61,2022.77,46,1,2026-05-24T00:00:00+07:00
INV-001139,SKU-0139,Industrial Item 0139,Industrial,WH005,North Warehouse 005,North,349,8,379.66,76,1,2026-05-24T00:00:00+07:00
INV-001140,SKU-0140,Electronics Item 0140,Electronics,WH005,North Warehouse 005,North,325,64,1623.45,47,1,2026-05-24T00:00:00+07:00
INV-001141,SKU-0141,Home Item 0141,Home,WH005,North Warehouse 005,North,139,34,133.03,42,1,2026-05-24T00:00:00+07:00
INV-001142,SKU-0142,Grocery Item 0142,Grocery,WH005,North Warehouse 005,North,615,61,1133.20,106,1,2026-05-24T00:00:00+07:00
INV-001143,SKU-0143,Fashion Item 0143,Fashion,WH005,North Warehouse 005,North,633,65,141.96,51,1,2026-05-24T00:00:00+07:00
INV-001144,SKU-0144,Industrial Item 0144,Industrial,WH005,North Warehouse 005,North,792,64,2458.16,103,1,2026-05-24T00:00:00+07:00
INV-001145,SKU-0145,Electronics Item 0145,Electronics,WH005,North Warehouse 005,North,538,31,36.95,38,1,2026-05-24T00:00:00+07:00
INV-001146,SKU-0146,Home Item 0146,Home,WH005,North Warehouse 005,North,352,10,1898.23,34,1,2026-05-24T00:00:00+07:00
INV-001147,SKU-0147,Grocery Item 0147,Grocery,WH005,North Warehouse 005,North,445,37,141.89,102,1,2026-05-24T00:00:00+07:00
INV-001148,SKU-0148,Fashion Item 0148,Fashion,WH005,North Warehouse 005,North,675,11,1086.17,50,1,2026-05-24T00:00:00+07:00
INV-001149,SKU-0149,Industrial Item 0149,Industrial,WH005,North Warehouse 005,North,548,7,1408.37,115,1,2026-05-24T00:00:00+07:00
INV-001150,SKU-0150,Electronics Item 0150,Electronics,WH005,North Warehouse 005,North,760,7,1065.89,89,1,2026-05-24T00:00:00+07:00
INV-001151,SKU-0151,Home Item 0151,Home,WH005,North Warehouse 005,North,509,13,592.00,40,1,2026-05-24T00:00:00+07:00
INV-001152,SKU-0152,Grocery Item 0152,Grocery,WH005,North Warehouse 005,North,691,23,1677.54,42,1,2026-05-24T00:00:00+07:00
INV-001153,SKU-0153,Fashion Item 0153,Fashion,WH005,North Warehouse 005,North,363,9,311.63,120,1,2026-05-24T00:00:00+07:00
INV-001154,SKU-0154,Industrial Item 0154,Industrial,WH005,North Warehouse 005,North,349,45,339.71,63,1,2026-05-24T00:00:00+07:00
INV-001155,SKU-0155,Electronics Item 0155,Electronics,WH005,North Warehouse 005,North,270,47,1531.56,54,1,2026-05-24T00:00:00+07:00
INV-001156,SKU-0156,Home Item 0156,Home,WH005,North Warehouse 005,North,609,59,2134.36,97,1,2026-05-24T00:00:00+07:00
INV-001157,SKU-0157,Grocery Item 0157,Grocery,WH005,North Warehouse 005,North,479,47,1018.96,50,1,2026-05-24T00:00:00+07:00
INV-001158,SKU-0158,Fashion Item 0158,Fashion,WH005,North Warehouse 005,North,273,5,1164.99,110,1,2026-05-24T00:00:00+07:00
INV-001159,SKU-0159,Industrial Item 0159,Industrial,WH005,North Warehouse 005,North,560,13,1363.04,76,1,2026-05-24T00:00:00+07:00
INV-001160,SKU-0160,Electronics Item 0160,Electronics,WH005,North Warehouse 005,North,160,33,2406.33,39,1,2026-05-24T00:00:00+07:00
INV-001161,SKU-0161,Home Item 0161,Home,WH005,North Warehouse 005,North,639,34,1490.07,53,1,2026-05-24T00:00:00+07:00
INV-001162,SKU-0162,Grocery Item 0162,Grocery,WH005,North Warehouse 005,North,370,68,2086.62,56,1,2026-05-24T00:00:00+07:00
INV-001163,SKU-0163,Fashion Item 0163,Fashion,WH005,North Warehouse 005,North,380,6,1307.02,50,1,2026-05-24T00:00:00+07:00
INV-001164,SKU-0164,Industrial Item 0164,Industrial,WH005,North Warehouse 005,North,601,44,1638.73,97,1,2026-05-24T00:00:00+07:00
INV-001165,SKU-0165,Electronics Item 0165,Electronics,WH005,North Warehouse 005,North,720,45,1963.10,44,1,2026-05-24T00:00:00+07:00
INV-001166,SKU-0166,Home Item 0166,Home,WH005,North Warehouse 005,North,103,24,155.93,102,1,2026-05-24T00:00:00+07:00
INV-001167,SKU-0167,Grocery Item 0167,Grocery,WH005,North Warehouse 005,North,510,60,2480.11,69,1,2026-05-24T00:00:00+07:00
INV-001168,SKU-0168,Fashion Item 0168,Fashion,WH005,North Warehouse 005,North,476,39,2390.11,32,1,2026-05-24T00:00:00+07:00
INV-001169,SKU-0169,Industrial Item 0169,Industrial,WH005,North Warehouse 005,North,545,11,277.01,91,1,2026-05-24T00:00:00+07:00
INV-001170,SKU-0170,Electronics Item 0170,Electronics,WH005,North Warehouse 005,North,417,24,236.48,26,1,2026-05-24T00:00:00+07:00
INV-001171,SKU-0171,Home Item 0171,Home,WH005,North Warehouse 005,North,550,55,1620.91,83,1,2026-05-24T00:00:00+07:00
INV-001172,SKU-0172,Grocery Item 0172,Grocery,WH005,North Warehouse 005,North,488,71,379.48,51,1,2026-05-24T00:00:00+07:00
INV-001173,SKU-0173,Fashion Item 0173,Fashion,WH005,North Warehouse 005,North,329,31,1044.30,119,1,2026-05-24T00:00:00+07:00
INV-001174,SKU-0174,Industrial Item 0174,Industrial,WH005,North Warehouse 005,North,609,16,836.87,60,1,2026-05-24T00:00:00+07:00
INV-001175,SKU-0175,Electronics Item 0175,Electronics,WH005,North Warehouse 005,North,329,74,1786.39,117,1,2026-05-24T00:00:00+07:00
INV-001176,SKU-0176,Home Item 0176,Home,WH005,North Warehouse 005,North,273,68,1981.69,86,1,2026-05-24T00:00:00+07:00
INV-001177,SKU-0177,Grocery Item 0177,Grocery,WH005,North Warehouse 005,North,587,22,1200.19,37,1,2026-05-24T00:00:00+07:00
INV-001178,SKU-0178,Fashion Item 0178,Fashion,WH005,North Warehouse 005,North,682,51,472.40,93,1,2026-05-24T00:00:00+07:00
INV-001179,SKU-0179,Industrial Item 0179,Industrial,WH005,North Warehouse 005,North,505,31,1267.25,59,1,2026-05-24T00:00:00+07:00
INV-001180,SKU-0180,Electronics Item 0180,Electronics,WH005,North Warehouse 005,North,92,3,1510.71,94,1,2026-05-24T00:00:00+07:00
INV-001181,SKU-0181,Home Item 0181,Home,WH005,North Warehouse 005,North,257,39,77.52,116,1,2026-05-24T00:00:00+07:00
INV-001182,SKU-0182,Grocery Item 0182,Grocery,WH005,North Warehouse 005,North,183,30,1578.76,100,1,2026-05-24T00:00:00+07:00
INV-001183,SKU-0183,Fashion Item 0183,Fashion,WH005,North Warehouse 005,North,616,55,1404.60,58,1,2026-05-24T00:00:00+07:00
INV-001184,SKU-0184,Industrial Item 0184,Industrial,WH005,North Warehouse 005,North,400,29,974.47,76,1,2026-05-24T00:00:00+07:00
INV-001185,SKU-0185,Electronics Item 0185,Electronics,WH005,North Warehouse 005,North,534,8,342.39,104,1,2026-05-24T00:00:00+07:00
INV-001186,SKU-0186,Home Item 0186,Home,WH005,North Warehouse 005,North,226,36,2167.82,57,1,2026-05-24T00:00:00+07:00
INV-001187,SKU-0187,Grocery Item 0187,Grocery,WH005,North Warehouse 005,North,248,56,214.49,33,1,2026-05-24T00:00:00+07:00
INV-001188,SKU-0188,Fashion Item 0188,Fashion,WH005,North Warehouse 005,North,361,4,718.20,110,1,2026-05-24T00:00:00+07:00
INV-001189,SKU-0189,Industrial Item 0189,Industrial,WH005,North Warehouse 005,North,122,28,311.63,28,1,2026-05-24T00:00:00+07:00
INV-001190,SKU-0190,Electronics Item 0190,Electronics,WH005,North Warehouse 005,North,290,17,714.25,27,1,2026-05-24T00:00:00+07:00
INV-001191,SKU-0191,Home Item 0191,Home,WH005,North Warehouse 005,North,468,61,141.24,113,1,2026-05-24T00:00:00+07:00
INV-001192,SKU-0192,Grocery Item 0192,Grocery,WH005,North Warehouse 005,North,443,58,781.42,47,1,2026-05-24T00:00:00+07:00
INV-001193,SKU-0193,Fashion Item 0193,Fashion,WH005,North Warehouse 005,North,683,8,885.42,119,1,2026-05-24T00:00:00+07:00
INV-001194,SKU-0194,Industrial Item 0194,Industrial,WH005,North Warehouse 005,North,788,6,672.97,71,1,2026-05-24T00:00:00+07:00
INV-001195,SKU-0195,Electronics Item 0195,Electronics,WH005,North Warehouse 005,North,538,8,1521.80,36,1,2026-05-24T00:00:00+07:00
INV-001196,SKU-0196,Home Item 0196,Home,WH005,North Warehouse 005,North,124,12,2283.57,97,1,2026-05-24T00:00:00+07:00
INV-001197,SKU-0197,Grocery Item 0197,Grocery,WH005,North Warehouse 005,North,331,50,279.05,36,1,2026-05-24T00:00:00+07:00
INV-001198,SKU-0198,Fashion Item 0198,Fashion,WH005,North Warehouse 005,North,534,26,837.08,41,1,2026-05-24T00:00:00+07:00
INV-001199,SKU-0199,Industrial Item 0199,Industrial,WH005,North Warehouse 005,North,211,32,552.73,38,1,2026-05-24T00:00:00+07:00
INV-001200,SKU-0200,Electronics Item 0200,Electronics,WH005,North Warehouse 005,North,183,1,90.72,27,1,2026-05-24T00:00:00+07:00
INV-001201,SKU-0201,Home Item 0201,Home,WH005,North Warehouse 005,North,749,50,691.43,63,1,2026-05-24T00:00:00+07:00
INV-001202,SKU-0202,Grocery Item 0202,Grocery,WH005,North Warehouse 005,North,276,36,94.22,119,1,2026-05-24T00:00:00+07:00
INV-001203,SKU-0203,Fashion Item 0203,Fashion,WH005,North Warehouse 005,North,376,43,30.53,82,1,2026-05-24T00:00:00+07:00
INV-001204,SKU-0204,Industrial Item 0204,Industrial,WH005,North Warehouse 005,North,268,44,578.96,66,1,2026-05-24T00:00:00+07:00
INV-001205,SKU-0205,Electronics Item 0205,Electronics,WH005,North Warehouse 005,North,211,33,1679.53,38,1,2026-05-24T00:00:00+07:00
INV-001206,SKU-0206,Home Item 0206,Home,WH005,North Warehouse 005,North,759,42,1823.71,114,1,2026-05-24T00:00:00+07:00
INV-001207,SKU-0207,Grocery Item 0207,Grocery,WH005,North Warehouse 005,North,102,1,1656.82,75,1,2026-05-24T00:00:00+07:00
INV-001208,SKU-0208,Fashion Item 0208,Fashion,WH005,North Warehouse 005,North,267,18,1361.68,60,1,2026-05-24T00:00:00+07:00
INV-001209,SKU-0209,Industrial Item 0209,Industrial,WH005,North Warehouse 005,North,264,55,1919.31,108,1,2026-05-24T00:00:00+07:00
INV-001210,SKU-0210,Electronics Item 0210,Electronics,WH005,North Warehouse 005,North,331,58,730.29,56,1,2026-05-24T00:00:00+07:00
INV-001211,SKU-0211,Home Item 0211,Home,WH005,North Warehouse 005,North,240,48,1553.93,53,1,2026-05-24T00:00:00+07:00
INV-001212,SKU-0212,Grocery Item 0212,Grocery,WH005,North Warehouse 005,North,364,72,374.85,25,1,2026-05-24T00:00:00+07:00
INV-001213,SKU-0213,Fashion Item 0213,Fashion,WH005,North Warehouse 005,North,750,28,1063.15,99,1,2026-05-24T00:00:00+07:00
INV-001214,SKU-0214,Industrial Item 0214,Industrial,WH005,North Warehouse 005,North,343,68,572.87,88,1,2026-05-24T00:00:00+07:00
INV-001215,SKU-0215,Electronics Item 0215,Electronics,WH005,North Warehouse 005,North,334,53,1532.89,114,1,2026-05-24T00:00:00+07:00
INV-001216,SKU-0216,Home Item 0216,Home,WH005,North Warehouse 005,North,116,13,2427.61,26,1,2026-05-24T00:00:00+07:00
INV-001217,SKU-0217,Grocery Item 0217,Grocery,WH005,North Warehouse 005,North,205,15,855.99,101,1,2026-05-24T00:00:00+07:00
INV-001218,SKU-0218,Fashion Item 0218,Fashion,WH005,North Warehouse 005,North,183,42,1860.38,99,1,2026-05-24T00:00:00+07:00
INV-001219,SKU-0219,Industrial Item 0219,Industrial,WH005,North Warehouse 005,North,787,14,664.12,56,1,2026-05-24T00:00:00+07:00
INV-001220,SKU-0220,Electronics Item 0220,Electronics,WH005,North Warehouse 005,North,183,20,191.42,33,1,2026-05-24T00:00:00+07:00
INV-001221,SKU-0221,Home Item 0221,Home,WH005,North Warehouse 005,North,569,46,146.79,62,1,2026-05-24T00:00:00+07:00
INV-001222,SKU-0222,Grocery Item 0222,Grocery,WH005,North Warehouse 005,North,189,45,1856.71,79,1,2026-05-24T00:00:00+07:00
INV-001223,SKU-0223,Fashion Item 0223,Fashion,WH005,North Warehouse 005,North,634,73,107.51,75,1,2026-05-24T00:00:00+07:00
INV-001224,SKU-0224,Industrial Item 0224,Industrial,WH005,North Warehouse 005,North,779,55,1596.12,76,1,2026-05-24T00:00:00+07:00
INV-001225,SKU-0225,Electronics Item 0225,Electronics,WH005,North Warehouse 005,North,799,51,1634.36,94,1,2026-05-24T00:00:00+07:00
INV-001226,SKU-0226,Home Item 0226,Home,WH005,North Warehouse 005,North,271,6,296.62,48,1,2026-05-24T00:00:00+07:00
INV-001227,SKU-0227,Grocery Item 0227,Grocery,WH005,North Warehouse 005,North,138,5,964.82,106,1,2026-05-24T00:00:00+07:00
INV-001228,SKU-0228,Fashion Item 0228,Fashion,WH005,North Warehouse 005,North,164,5,1826.96,82,1,2026-05-24T00:00:00+07:00
INV-001229,SKU-0229,Industrial Item 0229,Industrial,WH005,North Warehouse 005,North,228,56,1026.79,112,1,2026-05-24T00:00:00+07:00
INV-001230,SKU-0230,Electronics Item 0230,Electronics,WH005,North Warehouse 005,North,629,7,638.33,43,1,2026-05-24T00:00:00+07:00
INV-001231,SKU-0231,Home Item 0231,Home,WH005,North Warehouse 005,North,336,54,354.60,28,1,2026-05-24T00:00:00+07:00
INV-001232,SKU-0232,Grocery Item 0232,Grocery,WH005,North Warehouse 005,North,153,34,87.28,91,1,2026-05-24T00:00:00+07:00
INV-001233,SKU-0233,Fashion Item 0233,Fashion,WH005,North Warehouse 005,North,388,6,164.96,62,1,2026-05-24T00:00:00+07:00
INV-001234,SKU-0234,Industrial Item 0234,Industrial,WH005,North Warehouse 005,North,750,12,1378.17,38,1,2026-05-24T00:00:00+07:00
INV-001235,SKU-0235,Electronics Item 0235,Electronics,WH005,North Warehouse 005,North,222,35,398.04,82,1,2026-05-24T00:00:00+07:00
INV-001236,SKU-0236,Home Item 0236,Home,WH005,North Warehouse 005,North,344,38,923.11,33,1,2026-05-24T00:00:00+07:00
INV-001237,SKU-0237,Grocery Item 0237,Grocery,WH005,North Warehouse 005,North,567,62,433.10,99,1,2026-05-24T00:00:00+07:00
INV-001238,SKU-0238,Fashion Item 0238,Fashion,WH005,North Warehouse 005,North,550,33,186.31,63,1,2026-05-24T00:00:00+07:00
INV-001239,SKU-0239,Industrial Item 0239,Industrial,WH005,North Warehouse 005,North,641,64,1046.77,101,1,2026-05-24T00:00:00+07:00
INV-001240,SKU-0240,Electronics Item 0240,Electronics,WH005,North Warehouse 005,North,685,70,1353.40,91,1,2026-05-24T00:00:00+07:00
INV-001241,SKU-0241,Home Item 0241,Home,WH005,North Warehouse 005,North,387,67,1716.35,46,1,2026-05-24T00:00:00+07:00
INV-001242,SKU-0242,Grocery Item 0242,Grocery,WH005,North Warehouse 005,North,417,63,754.80,27,1,2026-05-24T00:00:00+07:00
INV-001243,SKU-0243,Fashion Item 0243,Fashion,WH005,North Warehouse 005,North,196,40,1767.47,112,1,2026-05-24T00:00:00+07:00
INV-001244,SKU-0244,Industrial Item 0244,Industrial,WH005,North Warehouse 005,North,202,49,1991.57,52,1,2026-05-24T00:00:00+07:00
INV-001245,SKU-0245,Electronics Item 0245,Electronics,WH005,North Warehouse 005,North,724,41,2487.72,55,1,2026-05-24T00:00:00+07:00
INV-001246,SKU-0246,Home Item 0246,Home,WH005,North Warehouse 005,North,783,11,2247.47,109,1,2026-05-24T00:00:00+07:00
INV-001247,SKU-0247,Grocery Item 0247,Grocery,WH005,North Warehouse 005,North,403,24,608.79,77,1,2026-05-24T00:00:00+07:00
INV-001248,SKU-0248,Fashion Item 0248,Fashion,WH005,North Warehouse 005,North,245,48,1056.50,63,1,2026-05-24T00:00:00+07:00
INV-001249,SKU-0249,Industrial Item 0249,Industrial,WH005,North Warehouse 005,North,542,47,363.84,89,1,2026-05-24T00:00:00+07:00
INV-001250,SKU-0250,Electronics Item 0250,Electronics,WH005,North Warehouse 005,North,650,9,1384.24,52,1,2026-05-24T00:00:00+07:00
