inventory_id,sku,product_name,category,warehouse_id,warehouse_name,region,quantity_available,reserved_quantity,unit_cost,reorder_level,version,updated_at
INV-002501,SKU-0001,Grocery Item 0001,Grocery,WH011,SouthEast Warehouse 011,SouthEast,443,0,1108.45,92,1,2026-05-24T00:00:00+07:00
INV-002502,SKU-0002,Fashion Item 0002,Fashion,WH011,SouthEast Warehouse 011,SouthEast,234,52,523.17,29,1,2026-05-24T00:00:00+07:00
INV-002503,SKU-0003,Industrial Item 0003,Industrial,WH011,SouthEast Warehouse 011,SouthEast,640,53,2003.79,44,1,2026-05-24T00:00:00+07:00
INV-002504,SKU-0004,Electronics Item 0004,Electronics,WH011,SouthEast Warehouse 011,SouthEast,621,49,636.70,115,1,2026-05-24T00:00:00+07:00
INV-002505,SKU-0005,Home Item 0005,Home,WH011,SouthEast Warehouse 011,SouthEast,210,36,382.60,90,1,2026-05-24T00:00:00+07:00
INV-002506,SKU-0006,Grocery Item 0006,Grocery,WH011,SouthEast Warehouse 011,SouthEast,453,32,2035.13,116,1,2026-05-24T00:00:00+07:00
INV-002507,SKU-0007,Fashion Item 0007,Fashion,WH011,SouthEast Warehouse 011,SouthEast,353,44,1833.25,38,1,2026-05-24T00:00:00+07:00
INV-002508,SKU-0008,Industrial Item 0008,Industrial,WH011,SouthEast Warehouse 011,SouthEast,227,21,2183.88,105,1,2026-05-24T00:00:00+07:00
INV-002509,SKU-0009,Electronics Item 0009,Electronics,WH011,SouthEast Warehouse 011,SouthEast,201,6,2323.29,97,1,2026-05-24T00:00:00+07:00
INV-002510,SKU-0010,Home Item 0010,Home,WH011,SouthEast Warehouse 011,SouthEast,721,72,1634.96,97,1,2026-05-24T00:00:00+07:00
INV-002511,SKU-0011,Grocery Item 0011,Grocery,WH011,SouthEast Warehouse 011,SouthEast,332,11,315.19,68,1,2026-05-24T00:00:00+07:00
INV-002512,SKU-0012,Fashion Item 0012,Fashion,WH011,SouthEast Warehouse 011,SouthEast,731,6,1894.59,54,1,2026-05-24T00:00:00+07:00
INV-002513,SKU-0013,Industrial Item 0013,Industrial,WH011,SouthEast Warehouse 011,SouthEast,745,5,1369.94,70,1,2026-05-24T00:00:00+07:00
INV-002514,SKU-0014,Electronics Item 0014,Electronics,WH011,SouthEast Warehouse 011,SouthEast,92,16,1909.77,51,1,2026-05-24T00:00:00+07:00
INV-002515,SKU-0015,Home Item 0015,Home,WH011,SouthEast Warehouse 011,SouthEast,474,54,1879.58,52,1,2026-05-24T00:00:00+07:00
INV-002516,SKU-0016,Grocery Item 0016,Grocery,WH011,SouthEast Warehouse 011,SouthEast,430,75,2424.84,63,1,2026-05-24T00:00:00+07:00
INV-002517,SKU-0017,Fashion Item 0017,Fashion,WH011,SouthEast Warehouse 011,SouthEast,104,14,341.93,113,1,2026-05-24T00:00:00+07:00
INV-002518,SKU-0018,Industrial Item 0018,Industrial,WH011,SouthEast Warehouse 011,SouthEast,629,13,1981.42,98,1,2026-05-24T00:00:00+07:00
INV-002519,SKU-0019,Electronics Item 0019,Electronics,WH011,SouthEast Warehouse 011,SouthEast,417,62,2265.11,79,1,2026-05-24T00:00:00+07:00
INV-002520,SKU-0020,Home Item 0020,Home,WH011,SouthEast Warehouse 011,SouthEast,156,26,2140.84,68,1,2026-05-24T00:00:00+07:00
INV-002521,SKU-0021,Grocery Item 0021,Grocery,WH011,SouthEast Warehouse 011,SouthEast,318,26,2384.19,37,1,2026-05-24T00:00:00+07:00
INV-002522,SKU-0022,Fashion Item 0022,Fashion,WH011,SouthEast Warehouse 011,SouthEast,393,8,250.58,38,1,2026-05-24T00:00:00+07:00
INV-002523,SKU-0023,Industrial Item 0023,Industrial,WH011,SouthEast Warehouse 011,SouthEast,425,77,1081.11,49,1,2026-05-24T00:00:00+07:00
INV-002524,SKU-0024,Electronics Item 0024,Electronics,WH011,SouthEast Warehouse 011,SouthEast,266,16,2403.83,50,1,2026-05-24T00:00:00+07:00
INV-002525,SKU-0025,Home Item 0025,Home,WH011,SouthEast Warehouse 011,SouthEast,211,45,973.06,101,1,2026-05-24T00:00:00+07:00
INV-002526,SKU-0026,Grocery Item 0026,Grocery,WH011,SouthEast Warehouse 011,SouthEast,414,46,2082.30,71,1,2026-05-24T00:00:00+07:00
INV-002527,SKU-0027,Fashion Item 0027,Fashion,WH011,SouthEast Warehouse 011,SouthEast,732,42,1241.27,25,1,2026-05-24T00:00:00+07:00
INV-002528,SKU-0028,Industrial Item 0028,Industrial,WH011,SouthEast Warehouse 011,SouthEast,781,18,2130.32,100,1,2026-05-24T00:00:00+07:00
INV-002529,SKU-0029,Electronics Item 0029,Electronics,WH011,SouthEast Warehouse 011,SouthEast,526,35,670.18,84,1,2026-05-24T00:00:00+07:00
INV-002530,SKU-0030,Home Item 0030,Home,WH011,SouthEast Warehouse 011,SouthEast,199,13,2226.44,63,1,2026-05-24T00:00:00+07:00
INV-002531,SKU-0031,Grocery Item 0031,Grocery,WH011,SouthEast Warehouse 011,SouthEast,572,26,736.65,26,1,2026-05-24T00:00:00+07:00
INV-002532,SKU-0032,Fashion Item 0032,Fashion,WH011,SouthEast Warehouse 011,SouthEast,342,6,789.90,77,1,2026-05-24T00:00:00+07:00
INV-002533,SKU-0033,Industrial Item 0033,Industrial,WH011,SouthEast Warehouse 011,SouthEast,423,4,2295.45,63,1,2026-05-24T00:00:00+07:00
INV-002534,SKU-0034,Electronics Item 0034,Electronics,WH011,SouthEast Warehouse 011,SouthEast,716,70,1020.17,113,1,2026-05-24T00:00:00+07:00
INV-002535,SKU-0035,Home Item 0035,Home,WH011,SouthEast Warehouse 011,SouthEast,627,3,2432.33,111,1,2026-05-24T00:00:00+07:00
INV-002536,SKU-0036,Grocery Item 0036,Grocery,WH011,SouthEast Warehouse 011,SouthEast,690,17,624.35,72,1,2026-05-24T00:00:00+07:00
INV-002537,SKU-0037,Fashion Item 0037,Fashion,WH011,SouthEast Warehouse 011,SouthEast,135,28,209.46,76,1,2026-05-24T00:00:00+07:00
INV-002538,SKU-0038,Industrial Item 0038,Industrial,WH011,SouthEast Warehouse 011,SouthEast,199,6,2043.50,118,1,2026-05-24T00:00:00+07:00
INV-002539,SKU-0039,Electronics Item 0039,Electronics,WH011,SouthEast Warehouse 011,SouthEast,258,64,1589.12,79,1,2026-05-24T00:00:00+07:00
INV-002540,SKU-0040,Home Item 0040,Home,WH011,SouthEast Warehouse 011,SouthEast,763,72,551.73,119,1,2026-05-24T00:00:00+07:00
INV-002541,SKU-0041,Grocery Item 0041,Grocery,WH011,SouthEast Warehouse 011,SouthEast,262,7,1007.02,77,1,2026-05-24T00:00:00+07:00
INV-002542,SKU-0042,Fashion Item 0042,Fashion,WH011,SouthEast Warehouse 011,SouthEast,122,24,1631.30,86,1,2026-05-24T00:00:00+07:00
INV-002543,SKU-0043,Industrial Item 0043,Industrial,WH011,SouthEast Warehouse 011,SouthEast,294,30,364.87,115,1,2026-05-24T00:00:00+07:00
INV-002544,SKU-0044,Electronics Item 0044,Electronics,WH011,SouthEast Warehouse 011,SouthEast,497,30,1006.71,97,1,2026-05-24T00:00:00+07:00
INV-002545,SKU-0045,Home Item 0045,Home,WH011,SouthEast Warehouse 011,SouthEast,287,9,666.32,33,1,2026-05-24T00:00:00+07:00
INV-002546,SKU-0046,Grocery Item 0046,Grocery,WH011,SouthEast Warehouse 011,SouthEast,525,14,891.73,69,1,2026-05-24T00:00:00+07:00
INV-002547,SKU-0047,Fashion Item 0047,Fashion,WH011,SouthEast Warehouse 011,SouthEast,442,14,682.67,63,1,2026-05-24T00:00:00+07:00
INV-002548,SKU-0048,Industrial Item 0048,Industrial,WH011,SouthEast Warehouse 011,SouthEast,299,41,1859.01,57,1,2026-05-24T00:00:00+07:00
INV-002549,SKU-0049,Electronics Item 0049,Electronics,WH011,SouthEast Warehouse 011,SouthEast,465,2,2371.21,110,1,2026-05-24T00:00:00+07:00
INV-002550,SKU-0050,Home Item 0050,Home,WH011,SouthEast Warehouse 011,SouthEast,763,39,2329.94,104,1,2026-05-24T00:00:00+07:00
INV-002551,SKU-0051,Grocery Item 0051,Grocery,WH011,SouthEast Warehouse 011,SouthEast,655,59,832.40,77,1,2026-05-24T00:00:00+07:00
INV-002552,SKU-0052,Fashion Item 0052,Fashion,WH011,SouthEast Warehouse 011,SouthEast,209,45,2237.13,92,1,2026-05-24T00:00:00+07:00
INV-002553,SKU-0053,Industrial Item 0053,Industrial,WH011,SouthEast Warehouse 011,SouthEast,541,43,298.21,90,1,2026-05-24T00:00:00+07:00
INV-002554,SKU-0054,Electronics Item 0054,Electronics,WH011,SouthEast Warehouse 011,SouthEast,85,13,1313.83,115,1,2026-05-24T00:00:00+07:00
INV-002555,SKU-0055,Home Item 0055,Home,WH011,SouthEast Warehouse 011,SouthEast,663,2,230.26,108,1,2026-05-24T00:00:00+07:00
INV-002556,SKU-0056,Grocery Item 0056,Grocery,WH011,SouthEast Warehouse 011,SouthEast,434,24,14.67,120,1,2026-05-24T00:00:00+07:00
INV-002557,SKU-0057,Fashion Item 0057,Fashion,WH011,SouthEast Warehouse 011,SouthEast,220,2,506.49,82,1,2026-05-24T00:00:00+07:00
INV-002558,SKU-0058,Industrial Item 0058,Industrial,WH011,SouthEast Warehouse 011,SouthEast,623,14,833.33,75,1,2026-05-24T00:00:00+07:00
INV-002559,SKU-0059,Electronics Item 0059,Electronics,WH011,SouthEast Warehouse 011,SouthEast,97,10,1108.94,61,1,2026-05-24T00:00:00+07:00
INV-002560,SKU-0060,Home Item 0060,Home,WH011,SouthEast Warehouse 011,SouthEast,653,67,186.79,30,1,2026-05-24T00:00:00+07:00
INV-002561,SKU-0061,Grocery Item 0061,Grocery,WH011,SouthEast Warehouse 011,SouthEast,229,32,321.29,37,1,2026-05-24T00:00:00+07:00
INV-002562,SKU-0062,Fashion Item 0062,Fashion,WH011,SouthEast Warehouse 011,SouthEast,344,46,1746.47,99,1,2026-05-24T00:00:00+07:00
INV-002563,SKU-0063,Industrial Item 0063,Industrial,WH011,SouthEast Warehouse 011,SouthEast,128,16,2112.09,78,1,2026-05-24T00:00:00+07:00
INV-002564,SKU-0064,Electronics Item 0064,Electronics,WH011,SouthEast Warehouse 011,SouthEast,478,46,1038.44,54,1,2026-05-24T00:00:00+07:00
INV-002565,SKU-0065,Home Item 0065,Home,WH011,SouthEast Warehouse 011,SouthEast,448,70,2139.28,49,1,2026-05-24T00:00:00+07:00
INV-002566,SKU-0066,Grocery Item 0066,Grocery,WH011,SouthEast Warehouse 011,SouthEast,414,29,1793.76,106,1,2026-05-24T00:00:00+07:00
INV-002567,SKU-0067,Fashion Item 0067,Fashion,WH011,SouthEast Warehouse 011,SouthEast,785,79,1221.78,84,1,2026-05-24T00:00:00+07:00
INV-002568,SKU-0068,Industrial Item 0068,Industrial,WH011,SouthEast Warehouse 011,SouthEast,730,10,2118.30,60,1,2026-05-24T00:00:00+07:00
INV-002569,SKU-0069,Electronics Item 0069,Electronics,WH011,SouthEast Warehouse 011,SouthEast,416,74,2461.06,117,1,2026-05-24T00:00:00+07:00
INV-002570,SKU-0070,Home Item 0070,Home,WH011,SouthEast Warehouse 011,SouthEast,500,78,1039.68,97,1,2026-05-24T00:00:00+07:00
INV-002571,SKU-0071,Grocery Item 0071,Grocery,WH011,SouthEast Warehouse 011,SouthEast,365,15,2360.02,91,1,2026-05-24T00:00:00+07:00
INV-002572,SKU-0072,Fashion Item 0072,Fashion,WH011,SouthEast Warehouse 011,SouthEast,365,45,1918.25,88,1,2026-05-24T00:00:00+07:00
INV-002573,SKU-0073,Industrial Item 0073,Industrial,WH011,SouthEast Warehouse 011,SouthEast,638,58,785.65,74,1,2026-05-24T00:00:00+07:00
INV-002574,SKU-0074,Electronics Item 0074,Electronics,WH011,SouthEast Warehouse 011,SouthEast,701,51,12.30,62,1,2026-05-24T00:00:00+07:00
INV-002575,SKU-0075,Home Item 0075,Home,WH011,SouthEast Warehouse 011,SouthEast,238,36,566.76,60,1,2026-05-24T00:00:00+07:00
INV-002576,SKU-0076,Grocery Item 0076,Grocery,WH011,SouthEast Warehouse 011,SouthEast,755,30,630.80,100,1,2026-05-24T00:00:00+07:00
INV-002577,SKU-0077,Fashion Item 0077,Fashion,WH011,SouthEast Warehouse 011,SouthEast,273,2,2470.09,90,1,2026-05-24T00:00:00+07:00
INV-002578,SKU-0078,Industrial Item 0078,Industrial,WH011,SouthEast Warehouse 011,SouthEast,248,20,959.74,80,1,2026-05-24T00:00:00+07:00
INV-002579,SKU-0079,Electronics Item 0079,Electronics,WH011,SouthEast Warehouse 011,SouthEast,467,72,1275.45,84,1,2026-05-24T00:00:00+07:00
INV-002580,SKU-0080,Home Item 0080,Home,WH011,SouthEast Warehouse 011,SouthEast,715,33,269.02,111,1,2026-05-24T00:00:00+07:00
INV-002581,SKU-0081,Grocery Item 0081,Grocery,WH011,SouthEast Warehouse 011,SouthEast,174,40,1342.36,50,1,2026-05-24T00:00:00+07:00
INV-002582,SKU-0082,Fashion Item 0082,Fashion,WH011,SouthEast Warehouse 011,SouthEast,466,41,1361.33,93,1,2026-05-24T00:00:00+07:00
INV-002583,SKU-0083,Industrial Item 0083,Industrial,WH011,SouthEast Warehouse 011,SouthEast,202,15,29.24,116,1,2026-05-24T00:00:00+07:00
INV-002584,SKU-0084,Electronics Item 0084,Electronics,WH011,SouthEast Warehouse 011,SouthEast,383,40,553.55,117,1,2026-05-24T00:00:00+07:00
INV-002585,SKU-0085,Home Item 0085,Home,WH011,SouthEast Warehouse 011,SouthEast,218,42,1501.73,46,1,2026-05-24T00:00:00+07:00
INV-002586,SKU-0086,Grocery Item 0086,Grocery,WH011,SouthEast Warehouse 011,SouthEast,276,51,874.59,120,1,2026-05-24T00:00:00+07:00
INV-002587,SKU-0087,Fashion Item 0087,Fashion,WH011,SouthEast Warehouse 011,SouthEast,217,25,1131.17,48,1,2026-05-24T00:00:00+07:00
INV-002588,SKU-0088,Industrial Item 0088,Industrial,WH011,SouthEast Warehouse 011,SouthEast,243,2,414.10,94,1,2026-05-24T00:00:00+07:00
INV-002589,SKU-0089,Electronics Item 0089,Electronics,WH011,SouthEast Warehouse 011,SouthEast,494,56,1369.57,74,1,2026-05-24T00:00:00+07:00
INV-002590,SKU-0090,Home Item 0090,Home,WH011,SouthEast Warehouse 011,SouthEast,333,69,161.12,36,1,2026-05-24T00:00:00+07:00
INV-002591,SKU-0091,Grocery Item 0091,Grocery,WH011,SouthEast Warehouse 011,SouthEast,200,29,581.84,37,1,2026-05-24T00:00:00+07:00
INV-002592,SKU-0092,Fashion Item 0092,Fashion,WH011,SouthEast Warehouse 011,SouthEast,331,71,793.87,116,1,2026-05-24T00:00:00+07:00
INV-002593,SKU-0093,Industrial Item 0093,Industrial,WH011,SouthEast Warehouse 011,SouthEast,175,14,6.24,86,1,2026-05-24T00:00:00+07:00
INV-002594,SKU-0094,Electronics Item 0094,Electronics,WH011,SouthEast Warehouse 011,SouthEast,689,67,1136.70,91,1,2026-05-24T00:00:00+07:00
INV-002595,SKU-0095,Home Item 0095,Home,WH011,SouthEast Warehouse 011,SouthEast,449,66,2394.37,73,1,2026-05-24T00:00:00+07:00
INV-002596,SKU-0096,Grocery Item 0096,Grocery,WH011,SouthEast Warehouse 011,SouthEast,551,18,1993.48,118,1,2026-05-24T00:00:00+07:00
INV-002597,SKU-0097,Fashion Item 0097,Fashion,WH011,SouthEast Warehouse 011,SouthEast,343,46,2126.67,43,1,2026-05-24T00:00:00+07:00
INV-002598,SKU-0098,Industrial Item 0098,Industrial,WH011,SouthEast Warehouse 011,SouthEast,122,24,1205.84,70,1,2026-05-24T00:00:00+07:00
INV-002599,SKU-0099,Electronics Item 0099,Electronics,WH011,SouthEast Warehouse 011,SouthEast,439,22,103.03,43,1,2026-05-24T00:00:00+07:00
INV-002600,SKU-0100,Home Item 0100,Home,WH011,SouthEast Warehouse 011,SouthEast,716,25,2009.61,35,1,2026-05-24T00:00:00+07:00
INV-002601,SKU-0101,Grocery Item 0101,Grocery,WH011,SouthEast Warehouse 011,SouthEast,109,13,935.46,27,1,2026-05-24T00:00:00+07:00
INV-002602,SKU-0102,Fashion Item 0102,Fashion,WH011,SouthEast Warehouse 011,SouthEast,139,7,2494.11,114,1,2026-05-24T00:00:00+07:00
INV-002603,SKU-0103,Industrial Item 0103,Industrial,WH011,SouthEast Warehouse 011,SouthEast,290,32,1727.65,96,1,2026-05-24T00:00:00+07:00
INV-002604,SKU-0104,Electronics Item 0104,Electronics,WH011,SouthEast Warehouse 011,SouthEast,540,11,2420.70,104,1,2026-05-24T00:00:00+07:00
INV-002605,SKU-0105,Home Item 0105,Home,WH011,SouthEast Warehouse 011,SouthEast,680,67,1666.18,85,1,2026-05-24T00:00:00+07:00
INV-002606,SKU-0106,Grocery Item 0106,Grocery,WH011,SouthEast Warehouse 011,SouthEast,705,45,1277.48,38,1,2026-05-24T00:00:00+07:00
INV-002607,SKU-0107,Fashion Item 0107,Fashion,WH011,SouthEast Warehouse 011,SouthEast,441,4,2315.18,31,1,2026-05-24T00:00:00+07:00
INV-002608,SKU-0108,Industrial Item 0108,Industrial,WH011,SouthEast Warehouse 011,SouthEast,720,45,474.78,30,1,2026-05-24T00:00:00+07:00
INV-002609,SKU-0109,Electronics Item 0109,Electronics,WH011,SouthEast Warehouse 011,SouthEast,90,22,1994.34,53,1,2026-05-24T00:00:00+07:00
INV-002610,SKU-0110,Home Item 0110,Home,WH011,SouthEast Warehouse 011,SouthEast,128,1,1677.80,58,1,2026-05-24T00:00:00+07:00
INV-002611,SKU-0111,Grocery Item 0111,Grocery,WH011,SouthEast Warehouse 011,SouthEast,662,75,91.30,117,1,2026-05-24T00:00:00+07:00
INV-002612,SKU-0112,Fashion Item 0112,Fashion,WH011,SouthEast Warehouse 011,SouthEast,559,3,2452.16,120,1,2026-05-24T00:00:00+07:00
INV-002613,SKU-0113,Industrial Item 0113,Industrial,WH011,SouthEast Warehouse 011,SouthEast,195,13,2274.11,85,1,2026-05-24T00:00:00+07:00
INV-002614,SKU-0114,Electronics Item 0114,Electronics,WH011,SouthEast Warehouse 011,SouthEast,82,20,764.84,35,1,2026-05-24T00:00:00+07:00
INV-002615,SKU-0115,Home Item 0115,Home,WH011,SouthEast Warehouse 011,SouthEast,147,35,1800.93,85,1,2026-05-24T00:00:00+07:00
INV-002616,SKU-0116,Grocery Item 0116,Grocery,WH011,SouthEast Warehouse 011,SouthEast,103,12,1172.03,89,1,2026-05-24T00:00:00+07:00
INV-002617,SKU-0117,Fashion Item 0117,Fashion,WH011,SouthEast Warehouse 011,SouthEast,386,16,1461.85,61,1,2026-05-24T00:00:00+07:00
INV-002618,SKU-0118,Industrial Item 0118,Industrial,WH011,SouthEast Warehouse 011,SouthEast,537,31,869.05,46,1,2026-05-24T00:00:00+07:00
INV-002619,SKU-0119,Electronics Item 0119,Electronics,WH011,SouthEast Warehouse 011,SouthEast,647,3,781.11,62,1,2026-05-24T00:00:00+07:00
INV-002620,SKU-0120,Home Item 0120,Home,WH011,SouthEast Warehouse 011,SouthEast,269,25,1886.00,85,1,2026-05-24T00:00:00+07:00
INV-002621,SKU-0121,Grocery Item 0121,Grocery,WH011,SouthEast Warehouse 011,SouthEast,667,13,866.57,37,1,2026-05-24T00:00:00+07:00
INV-002622,SKU-0122,Fashion Item 0122,Fashion,WH011,SouthEast Warehouse 011,SouthEast,503,44,2100.64,54,1,2026-05-24T00:00:00+07:00
INV-002623,SKU-0123,Industrial Item 0123,Industrial,WH011,SouthEast Warehouse 011,SouthEast,313,43,1523.46,55,1,2026-05-24T00:00:00+07:00
INV-002624,SKU-0124,Electronics Item 0124,Electronics,WH011,SouthEast Warehouse 011,SouthEast,373,54,1075.54,50,1,2026-05-24T00:00:00+07:00
INV-002625,SKU-0125,Home Item 0125,Home,WH011,SouthEast Warehouse 011,SouthEast,704,12,702.97,46,1,2026-05-24T00:00:00+07:00
INV-002626,SKU-0126,Grocery Item 0126,Grocery,WH011,SouthEast Warehouse 011,SouthEast,555,42,846.03,29,1,2026-05-24T00:00:00+07:00
INV-002627,SKU-0127,Fashion Item 0127,Fashion,WH011,SouthEast Warehouse 011,SouthEast,780,53,2384.20,35,1,2026-05-24T00:00:00+07:00
INV-002628,SKU-0128,Industrial Item 0128,Industrial,WH011,SouthEast Warehouse 011,SouthEast,687,17,1004.13,87,1,2026-05-24T00:00:00+07:00
INV-002629,SKU-0129,Electronics Item 0129,Electronics,WH011,SouthEast Warehouse 011,SouthEast,673,49,2280.65,99,1,2026-05-24T00:00:00+07:00
INV-002630,SKU-0130,Home Item 0130,Home,WH011,SouthEast Warehouse 011,SouthEast,292,8,492.62,82,1,2026-05-24T00:00:00+07:00
INV-002631,SKU-0131,Grocery Item 0131,Grocery,WH011,SouthEast Warehouse 011,SouthEast,612,59,2082.37,59,1,2026-05-24T00:00:00+07:00
INV-002632,SKU-0132,Fashion Item 0132,Fashion,WH011,SouthEast Warehouse 011,SouthEast,757,78,2161.67,61,1,2026-05-24T00:00:00+07:00
INV-002633,SKU-0133,Industrial Item 0133,Industrial,WH011,SouthEast Warehouse 011,SouthEast,653,1,2303.59,37,1,2026-05-24T00:00:00+07:00
INV-002634,SKU-0134,Electronics Item 0134,Electronics,WH011,SouthEast Warehouse 011,SouthEast,651,80,1736.02,111,1,2026-05-24T00:00:00+07:00
INV-002635,SKU-0135,Home Item 0135,Home,WH011,SouthEast Warehouse 011,SouthEast,576,21,2499.81,71,1,2026-05-24T00:00:00+07:00
INV-002636,SKU-0136,Grocery Item 0136,Grocery,WH011,SouthEast Warehouse 011,SouthEast,111,19,824.04,100,1,2026-05-24T00:00:00+07:00
INV-002637,SKU-0137,Fashion Item 0137,Fashion,WH011,SouthEast Warehouse 011,SouthEast,318,33,283.89,118,1,2026-05-24T00:00:00+07:00
INV-002638,SKU-0138,Industrial Item 0138,Industrial,WH011,SouthEast Warehouse 011,SouthEast,695,44,570.98,63,1,2026-05-24T00:00:00+07:00
INV-002639,SKU-0139,Electronics Item 0139,Electronics,WH011,SouthEast Warehouse 011,SouthEast,542,7,2441.57,33,1,2026-05-24T00:00:00+07:00
INV-002640,SKU-0140,Home Item 0140,Home,WH011,SouthEast Warehouse 011,SouthEast,167,3,1149.24,64,1,2026-05-24T00:00:00+07:00
INV-002641,SKU-0141,Grocery Item 0141,Grocery,WH011,SouthEast Warehouse 011,SouthEast,259,40,70.96,57,1,2026-05-24T00:00:00+07:00
INV-002642,SKU-0142,Fashion Item 0142,Fashion,WH011,SouthEast Warehouse 011,SouthEast,696,77,1750.55,74,1,2026-05-24T00:00:00+07:00
INV-002643,SKU-0143,Industrial Item 0143,Industrial,WH011,SouthEast Warehouse 011,SouthEast,157,16,2150.88,82,1,2026-05-24T00:00:00+07:00
INV-002644,SKU-0144,Electronics Item 0144,Electronics,WH011,SouthEast Warehouse 011,SouthEast,630,34,1262.03,100,1,2026-05-24T00:00:00+07:00
INV-002645,SKU-0145,Home Item 0145,Home,WH011,SouthEast Warehouse 011,SouthEast,116,0,2291.56,91,1,2026-05-24T00:00:00+07:00
INV-002646,SKU-0146,Grocery Item 0146,Grocery,WH011,SouthEast Warehouse 011,SouthEast,230,37,1478.15,31,1,2026-05-24T00:00:00+07:00
INV-002647,SKU-0147,Fashion Item 0147,Fashion,WH011,SouthEast Warehouse 011,SouthEast,83,10,2366.69,29,1,2026-05-24T00:00:00+07:00
INV-002648,SKU-0148,Industrial Item 0148,Industrial,WH011,SouthEast Warehouse 011,SouthEast,290,36,1111.71,35,1,2026-05-24T00:00:00+07:00
INV-002649,SKU-0149,Electronics Item 0149,Electronics,WH011,SouthEast Warehouse 011,SouthEast,207,4,2269.94,57,1,2026-05-24T00:00:00+07:00
INV-002650,SKU-0150,Home Item 0150,Home,WH011,SouthEast Warehouse 011,SouthEast,153,37,470.79,56,1,2026-05-24T00:00:00+07:00
INV-002651,SKU-0151,Grocery Item 0151,Grocery,WH011,SouthEast Warehouse 011,SouthEast,92,2,963.82,62,1,2026-05-24T00:00:00+07:00
INV-002652,SKU-0152,Fashion Item 0152,Fashion,WH011,SouthEast Warehouse 011,SouthEast,114,7,2450.38,43,1,2026-05-24T00:00:00+07:00
INV-002653,SKU-0153,Industrial Item 0153,Industrial,WH011,SouthEast Warehouse 011,SouthEast,356,24,1212.01,36,1,2026-05-24T00:00:00+07:00
INV-002654,SKU-0154,Electronics Item 0154,Electronics,WH011,SouthEast Warehouse 011,SouthEast,541,22,575.93,30,1,2026-05-24T00:00:00+07:00
INV-002655,SKU-0155,Home Item 0155,Home,WH011,SouthEast Warehouse 011,SouthEast,127,10,2480.91,48,1,2026-05-24T00:00:00+07:00
INV-002656,SKU-0156,Grocery Item 0156,Grocery,WH011,SouthEast Warehouse 011,SouthEast,378,39,382.58,51,1,2026-05-24T00:00:00+07:00
INV-002657,SKU-0157,Fashion Item 0157,Fashion,WH011,SouthEast Warehouse 011,SouthEast,296,7,250.23,70,1,2026-05-24T00:00:00+07:00
INV-002658,SKU-0158,Industrial Item 0158,Industrial,WH011,SouthEast Warehouse 011,SouthEast,315,25,2208.86,95,1,2026-05-24T00:00:00+07:00
INV-002659,SKU-0159,Electronics Item 0159,Electronics,WH011,SouthEast Warehouse 011,SouthEast,236,21,1367.63,94,1,2026-05-24T00:00:00+07:00
INV-002660,SKU-0160,Home Item 0160,Home,WH011,SouthEast Warehouse 011,SouthEast,473,77,2283.14,83,1,2026-05-24T00:00:00+07:00
INV-002661,SKU-0161,Grocery Item 0161,Grocery,WH011,SouthEast Warehouse 011,SouthEast,467,19,1025.12,110,1,2026-05-24T00:00:00+07:00
INV-002662,SKU-0162,Fashion Item 0162,Fashion,WH011,SouthEast Warehouse 011,SouthEast,396,34,2313.87,34,1,2026-05-24T00:00:00+07:00
INV-002663,SKU-0163,Industrial Item 0163,Industrial,WH011,SouthEast Warehouse 011,SouthEast,154,10,2250.00,29,1,2026-05-24T00:00:00+07:00
INV-002664,SKU-0164,Electronics Item 0164,Electronics,WH011,SouthEast Warehouse 011,SouthEast,287,10,2209.38,78,1,2026-05-24T00:00:00+07:00
INV-002665,SKU-0165,Home Item 0165,Home,WH011,SouthEast Warehouse 011,SouthEast,609,68,1790.77,27,1,2026-05-24T00:00:00+07:00
INV-002666,SKU-0166,Grocery Item 0166,Grocery,WH011,SouthEast Warehouse 011,SouthEast,694,14,145.57,26,1,2026-05-24T00:00:00+07:00
INV-002667,SKU-0167,Fashion Item 0167,Fashion,WH011,SouthEast Warehouse 011,SouthEast,332,3,2396.75,117,1,2026-05-24T00:00:00+07:00
INV-002668,SKU-0168,Industrial Item 0168,Industrial,WH011,SouthEast Warehouse 011,SouthEast,470,4,1628.19,62,1,2026-05-24T00:00:00+07:00
INV-002669,SKU-0169,Electronics Item 0169,Electronics,WH011,SouthEast Warehouse 011,SouthEast,515,33,817.22,87,1,2026-05-24T00:00:00+07:00
INV-002670,SKU-0170,Home Item 0170,Home,WH011,SouthEast Warehouse 011,SouthEast,238,35,34.23,63,1,2026-05-24T00:00:00+07:00
INV-002671,SKU-0171,Grocery Item 0171,Grocery,WH011,SouthEast Warehouse 011,SouthEast,556,61,8.39,43,1,2026-05-24T00:00:00+07:00
INV-002672,SKU-0172,Fashion Item 0172,Fashion,WH011,SouthEast Warehouse 011,SouthEast,186,2,512.86,108,1,2026-05-24T00:00:00+07:00
INV-002673,SKU-0173,Industrial Item 0173,Industrial,WH011,SouthEast Warehouse 011,SouthEast,456,20,933.70,57,1,2026-05-24T00:00:00+07:00
INV-002674,SKU-0174,Electronics Item 0174,Electronics,WH011,SouthEast Warehouse 011,SouthEast,613,60,396.50,113,1,2026-05-24T00:00:00+07:00
INV-002675,SKU-0175,Home Item 0175,Home,WH011,SouthEast Warehouse 011,SouthEast,387,4,217.64,63,1,2026-05-24T00:00:00+07:00
INV-002676,SKU-0176,Grocery Item 0176,Grocery,WH011,SouthEast Warehouse 011,SouthEast,366,46,2292.08,61,1,2026-05-24T00:00:00+07:00
INV-002677,SKU-0177,Fashion Item 0177,Fashion,WH011,SouthEast Warehouse 011,SouthEast,629,30,2043.26,43,1,2026-05-24T00:00:00+07:00
INV-002678,SKU-0178,Industrial Item 0178,Industrial,WH011,SouthEast Warehouse 011,SouthEast,183,19,1519.51,76,1,2026-05-24T00:00:00+07:00
INV-002679,SKU-0179,Electronics Item 0179,Electronics,WH011,SouthEast Warehouse 011,SouthEast,649,42,1604.25,41,1,2026-05-24T00:00:00+07:00
INV-002680,SKU-0180,Home Item 0180,Home,WH011,SouthEast Warehouse 011,SouthEast,691,24,663.89,65,1,2026-05-24T00:00:00+07:00
INV-002681,SKU-0181,Grocery Item 0181,Grocery,WH011,SouthEast Warehouse 011,SouthEast,358,7,363.02,77,1,2026-05-24T00:00:00+07:00
INV-002682,SKU-0182,Fashion Item 0182,Fashion,WH011,SouthEast Warehouse 011,SouthEast,114,5,1987.45,99,1,2026-05-24T00:00:00+07:00
INV-002683,SKU-0183,Industrial Item 0183,Industrial,WH011,SouthEast Warehouse 011,SouthEast,752,53,2308.79,65,1,2026-05-24T00:00:00+07:00
INV-002684,SKU-0184,Electronics Item 0184,Electronics,WH011,SouthEast Warehouse 011,SouthEast,744,3,830.85,47,1,2026-05-24T00:00:00+07:00
INV-002685,SKU-0185,Home Item 0185,Home,WH011,SouthEast Warehouse 011,SouthEast,427,44,15.44,94,1,2026-05-24T00:00:00+07:00
INV-002686,SKU-0186,Grocery Item 0186,Grocery,WH011,SouthEast Warehouse 011,SouthEast,418,10,359.86,47,1,2026-05-24T00:00:00+07:00
INV-002687,SKU-0187,Fashion Item 0187,Fashion,WH011,SouthEast Warehouse 011,SouthEast,796,12,1675.76,97,1,2026-05-24T00:00:00+07:00
INV-002688,SKU-0188,Industrial Item 0188,Industrial,WH011,SouthEast Warehouse 011,SouthEast,663,18,1029.96,109,1,2026-05-24T00:00:00+07:00
INV-002689,SKU-0189,Electronics Item 0189,Electronics,WH011,SouthEast Warehouse 011,SouthEast,521,21,1893.15,65,1,2026-05-24T00:00:00+07:00
INV-002690,SKU-0190,Home Item 0190,Home,WH011,SouthEast Warehouse 011,SouthEast,658,57,851.29,57,1,2026-05-24T00:00:00+07:00
INV-002691,SKU-0191,Grocery Item 0191,Grocery,WH011,SouthEast Warehouse 011,SouthEast,567,27,1782.74,104,1,2026-05-24T00:00:00+07:00
INV-002692,SKU-0192,Fashion Item 0192,Fashion,WH011,SouthEast Warehouse 011,SouthEast,340,3,437.06,56,1,2026-05-24T00:00:00+07:00
INV-002693,SKU-0193,Industrial Item 0193,Industrial,WH011,SouthEast Warehouse 011,SouthEast,302,38,1092.96,26,1,2026-05-24T00:00:00+07:00
INV-002694,SKU-0194,Electronics Item 0194,Electronics,WH011,SouthEast Warehouse 011,SouthEast,521,73,701.07,88,1,2026-05-24T00:00:00+07:00
INV-002695,SKU-0195,Home Item 0195,Home,WH011,SouthEast Warehouse 011,SouthEast,295,27,1003.00,57,1,2026-05-24T00:00:00+07:00
INV-002696,SKU-0196,Grocery Item 0196,Grocery,WH011,SouthEast Warehouse 011,SouthEast,142,35,758.25,106,1,2026-05-24T00:00:00+07:00
INV-002697,SKU-0197,Fashion Item 0197,Fashion,WH011,SouthEast Warehouse 011,SouthEast,667,35,1162.75,70,1,2026-05-24T00:00:00+07:00
INV-002698,SKU-0198,Industrial Item 0198,Industrial,WH011,SouthEast Warehouse 011,SouthEast,685,40,931.34,55,1,2026-05-24T00:00:00+07:00
INV-002699,SKU-0199,Electronics Item 0199,Electronics,WH011,SouthEast Warehouse 011,SouthEast,284,23,2304.83,61,1,2026-05-24T00:00:00+07:00
INV-002700,SKU-0200,Home Item 0200,Home,WH011,SouthEast Warehouse 011,SouthEast,282,49,325.53,41,1,2026-05-24T00:00:00+07:00
INV-002701,SKU-0201,Grocery Item 0201,Grocery,WH011,SouthEast Warehouse 011,SouthEast,207,49,438.43,50,1,2026-05-24T00:00:00+07:00
INV-002702,SKU-0202,Fashion Item 0202,Fashion,WH011,SouthEast Warehouse 011,SouthEast,361,43,2363.08,58,1,2026-05-24T00:00:00+07:00
INV-002703,SKU-0203,Industrial Item 0203,Industrial,WH011,SouthEast Warehouse 011,SouthEast,596,40,989.16,111,1,2026-05-24T00:00:00+07:00
INV-002704,SKU-0204,Electronics Item 0204,Electronics,WH011,SouthEast Warehouse 011,SouthEast,410,69,303.62,54,1,2026-05-24T00:00:00+07:00
INV-002705,SKU-0205,Home Item 0205,Home,WH011,SouthEast Warehouse 011,SouthEast,363,72,1103.62,59,1,2026-05-24T00:00:00+07:00
INV-002706,SKU-0206,Grocery Item 0206,Grocery,WH011,SouthEast Warehouse 011,SouthEast,289,33,646.55,109,1,2026-05-24T00:00:00+07:00
INV-002707,SKU-0207,Fashion Item 0207,Fashion,WH011,SouthEast Warehouse 011,SouthEast,633,45,1678.71,61,1,2026-05-24T00:00:00+07:00
INV-002708,SKU-0208,Industrial Item 0208,Industrial,WH011,SouthEast Warehouse 011,SouthEast,589,44,220.57,51,1,2026-05-24T00:00:00+07:00
INV-002709,SKU-0209,Electronics Item 0209,Electronics,WH011,SouthEast Warehouse 011,SouthEast,763,56,852.35,76,1,2026-05-24T00:00:00+07:00
INV-002710,SKU-0210,Home Item 0210,Home,WH011,SouthEast Warehouse 011,SouthEast,294,71,1323.78,61,1,2026-05-24T00:00:00+07:00
INV-002711,SKU-0211,Grocery Item 0211,Grocery,WH011,SouthEast Warehouse 011,SouthEast,241,35,2183.54,105,1,2026-05-24T00:00:00+07:00
INV-002712,SKU-0212,Fashion Item 0212,Fashion,WH011,SouthEast Warehouse 011,SouthEast,167,17,289.90,78,1,2026-05-24T00:00:00+07:00
INV-002713,SKU-0213,Industrial Item 0213,Industrial,WH011,SouthEast Warehouse 011,SouthEast,214,50,1627.75,28,1,2026-05-24T00:00:00+07:00
INV-002714,SKU-0214,Electronics Item 0214,Electronics,WH011,SouthEast Warehouse 011,SouthEast,575,18,588.07,40,1,2026-05-24T00:00:00+07:00
INV-002715,SKU-0215,Home Item 0215,Home,WH011,SouthEast Warehouse 011,SouthEast,329,64,1551.46,41,1,2026-05-24T00:00:00+07:00
INV-002716,SKU-0216,Grocery Item 0216,Grocery,WH011,SouthEast Warehouse 011,SouthEast,234,53,2490.08,51,1,2026-05-24T00:00:00+07:00
INV-002717,SKU-0217,Fashion Item 0217,Fashion,WH011,SouthEast Warehouse 011,SouthEast,344,0,1238.94,116,1,2026-05-24T00:00:00+07:00
INV-002718,SKU-0218,Industrial Item 0218,Industrial,WH011,SouthEast Warehouse 011,SouthEast,115,14,1748.17,36,1,2026-05-24T00:00:00+07:00
INV-002719,SKU-0219,Electronics Item 0219,Electronics,WH011,SouthEast Warehouse 011,SouthEast,484,51,1232.95,58,1,2026-05-24T00:00:00+07:00
INV-002720,SKU-0220,Home Item 0220,Home,WH011,SouthEast Warehouse 011,SouthEast,548,15,1597.82,109,1,2026-05-24T00:00:00+07:00
INV-002721,SKU-0221,Grocery Item 0221,Grocery,WH011,SouthEast Warehouse 011,SouthEast,603,56,2366.25,88,1,2026-05-24T00:00:00+07:00
INV-002722,SKU-0222,Fashion Item 0222,Fashion,WH011,SouthEast Warehouse 011,SouthEast,602,12,1869.48,31,1,2026-05-24T00:00:00+07:00
INV-002723,SKU-0223,Industrial Item 0223,Industrial,WH011,SouthEast Warehouse 011,SouthEast,124,20,432.85,63,1,2026-05-24T00:00:00+07:00
INV-002724,SKU-0224,Electronics Item 0224,Electronics,WH011,SouthEast Warehouse 011,SouthEast,507,64,380.87,74,1,2026-05-24T00:00:00+07:00
INV-002725,SKU-0225,Home Item 0225,Home,WH011,SouthEast Warehouse 011,SouthEast,552,70,807.01,64,1,2026-05-24T00:00:00+07:00
INV-002726,SKU-0226,Grocery Item 0226,Grocery,WH011,SouthEast Warehouse 011,SouthEast,159,31,354.08,83,1,2026-05-24T00:00:00+07:00
INV-002727,SKU-0227,Fashion Item 0227,Fashion,WH011,SouthEast Warehouse 011,SouthEast,759,76,2007.56,31,1,2026-05-24T00:00:00+07:00
INV-002728,SKU-0228,Industrial Item 0228,Industrial,WH011,SouthEast Warehouse 011,SouthEast,282,15,1444.83,67,1,2026-05-24T00:00:00+07:00
INV-002729,SKU-0229,Electronics Item 0229,Electronics,WH011,SouthEast Warehouse 011,SouthEast,484,62,90.94,63,1,2026-05-24T00:00:00+07:00
INV-002730,SKU-0230,Home Item 0230,Home,WH011,SouthEast Warehouse 011,SouthEast,696,17,1294.38,45,1,2026-05-24T00:00:00+07:00
INV-002731,SKU-0231,Grocery Item 0231,Grocery,WH011,SouthEast Warehouse 011,SouthEast,566,6,269.83,45,1,2026-05-24T00:00:00+07:00
INV-002732,SKU-0232,Fashion Item 0232,Fashion,WH011,SouthEast Warehouse 011,SouthEast,436,65,118.79,75,1,2026-05-24T00:00:00+07:00
INV-002733,SKU-0233,Industrial Item 0233,Industrial,WH011,SouthEast Warehouse 011,SouthEast,195,23,2124.75,99,1,2026-05-24T00:00:00+07:00
INV-002734,SKU-0234,Electronics Item 0234,Electronics,WH011,SouthEast Warehouse 011,SouthEast,752,65,1943.58,97,1,2026-05-24T00:00:00+07:00
INV-002735,SKU-0235,Home Item 0235,Home,WH011,SouthEast Warehouse 011,SouthEast,331,80,1248.73,81,1,2026-05-24T00:00:00+07:00
INV-002736,SKU-0236,Grocery Item 0236,Grocery,WH011,SouthEast Warehouse 011,SouthEast,302,69,1174.22,65,1,2026-05-24T00:00:00+07:00
INV-002737,SKU-0237,Fashion Item 0237,Fashion,WH011,SouthEast Warehouse 011,SouthEast,754,39,2436.91,90,1,2026-05-24T00:00:00+07:00
INV-002738,SKU-0238,Industrial Item 0238,Industrial,WH011,SouthEast Warehouse 011,SouthEast,116,29,2358.79,106,1,2026-05-24T00:00:00+07:00
INV-002739,SKU-0239,Electronics Item 0239,Electronics,WH011,SouthEast Warehouse 011,SouthEast,347,70,915.43,106,1,2026-05-24T00:00:00+07:00
INV-002740,SKU-0240,Home Item 0240,Home,WH011,SouthEast Warehouse 011,SouthEast,601,76,1525.56,102,1,2026-05-24T00:00:00+07:00
INV-002741,SKU-0241,Grocery Item 0241,Grocery,WH011,SouthEast Warehouse 011,SouthEast,786,8,2082.97,79,1,2026-05-24T00:00:00+07:00
INV-002742,SKU-0242,Fashion Item 0242,Fashion,WH011,SouthEast Warehouse 011,SouthEast,696,70,944.25,93,1,2026-05-24T00:00:00+07:00
INV-002743,SKU-0243,Industrial Item 0243,Industrial,WH011,SouthEast Warehouse 011,SouthEast,219,34,1551.00,86,1,2026-05-24T00:00:00+07:00
INV-002744,SKU-0244,Electronics Item 0244,Electronics,WH011,SouthEast Warehouse 011,SouthEast,95,11,74.46,66,1,2026-05-24T00:00:00+07:00
INV-002745,SKU-0245,Home Item 0245,Home,WH011,SouthEast Warehouse 011,SouthEast,363,40,563.31,54,1,2026-05-24T00:00:00+07:00
INV-002746,SKU-0246,Grocery Item 0246,Grocery,WH011,SouthEast Warehouse 011,SouthEast,495,3,478.77,113,1,2026-05-24T00:00:00+07:00
INV-002747,SKU-0247,Fashion Item 0247,Fashion,WH011,SouthEast Warehouse 011,SouthEast,788,7,1523.19,74,1,2026-05-24T00:00:00+07:00
INV-002748,SKU-0248,Industrial Item 0248,Industrial,WH011,SouthEast Warehouse 011,SouthEast,402,79,1510.81,74,1,2026-05-24T00:00:00+07:00
INV-002749,SKU-0249,Electronics Item 0249,Electronics,WH011,SouthEast Warehouse 011,SouthEast,415,10,1781.85,83,1,2026-05-24T00:00:00+07:00
INV-002750,SKU-0250,Home Item 0250,Home,WH011,SouthEast Warehouse 011,SouthEast,316,34,607.71,57,1,2026-05-24T00:00:00+07:00
INV-002751,SKU-0001,Fashion Item 0001,Fashion,WH012,SouthEast Warehouse 012,SouthEast,357,25,2397.65,38,1,2026-05-24T00:00:00+07:00
INV-002752,SKU-0002,Industrial Item 0002,Industrial,WH012,SouthEast Warehouse 012,SouthEast,202,32,2387.13,101,1,2026-05-24T00:00:00+07:00
INV-002753,SKU-0003,Electronics Item 0003,Electronics,WH012,SouthEast Warehouse 012,SouthEast,769,40,104.48,28,1,2026-05-24T00:00:00+07:00
INV-002754,SKU-0004,Home Item 0004,Home,WH012,SouthEast Warehouse 012,SouthEast,662,35,1946.14,56,1,2026-05-24T00:00:00+07:00
INV-002755,SKU-0005,Grocery Item 0005,Grocery,WH012,SouthEast Warehouse 012,SouthEast,633,16,1761.63,84,1,2026-05-24T00:00:00+07:00
INV-002756,SKU-0006,Fashion Item 0006,Fashion,WH012,SouthEast Warehouse 012,SouthEast,291,58,1463.00,98,1,2026-05-24T00:00:00+07:00
INV-002757,SKU-0007,Industrial Item 0007,Industrial,WH012,SouthEast Warehouse 012,SouthEast,526,20,1604.15,57,1,2026-05-24T00:00:00+07:00
INV-002758,SKU-0008,Electronics Item 0008,Electronics,WH012,SouthEast Warehouse 012,SouthEast,604,19,2049.97,35,1,2026-05-24T00:00:00+07:00
INV-002759,SKU-0009,Home Item 0009,Home,WH012,SouthEast Warehouse 012,SouthEast,365,27,703.03,63,1,2026-05-24T00:00:00+07:00
INV-002760,SKU-0010,Grocery Item 0010,Grocery,WH012,SouthEast Warehouse 012,SouthEast,251,6,915.80,59,1,2026-05-24T00:00:00+07:00
INV-002761,SKU-0011,Fashion Item 0011,Fashion,WH012,SouthEast Warehouse 012,SouthEast,633,0,83.41,26,1,2026-05-24T00:00:00+07:00
INV-002762,SKU-0012,Industrial Item 0012,Industrial,WH012,SouthEast Warehouse 012,SouthEast,629,37,1325.13,61,1,2026-05-24T00:00:00+07:00
INV-002763,SKU-0013,Electronics Item 0013,Electronics,WH012,SouthEast Warehouse 012,SouthEast,239,7,1627.72,26,1,2026-05-24T00:00:00+07:00
INV-002764,SKU-0014,Home Item 0014,Home,WH012,SouthEast Warehouse 012,SouthEast,369,50,484.68,110,1,2026-05-24T00:00:00+07:00
INV-002765,SKU-0015,Grocery Item 0015,Grocery,WH012,SouthEast Warehouse 012,SouthEast,517,0,330.05,76,1,2026-05-24T00:00:00+07:00
INV-002766,SKU-0016,Fashion Item 0016,Fashion,WH012,SouthEast Warehouse 012,SouthEast,160,2,1379.86,41,1,2026-05-24T00:00:00+07:00
INV-002767,SKU-0017,Industrial Item 0017,Industrial,WH012,SouthEast Warehouse 012,SouthEast,593,22,239.22,120,1,2026-05-24T00:00:00+07:00
INV-002768,SKU-0018,Electronics Item 0018,Electronics,WH012,SouthEast Warehouse 012,SouthEast,682,43,594.56,120,1,2026-05-24T00:00:00+07:00
INV-002769,SKU-0019,Home Item 0019,Home,WH012,SouthEast Warehouse 012,SouthEast,785,45,422.22,95,1,2026-05-24T00:00:00+07:00
INV-002770,SKU-0020,Grocery Item 0020,Grocery,WH012,SouthEast Warehouse 012,SouthEast,700,36,708.33,82,1,2026-05-24T00:00:00+07:00
INV-002771,SKU-0021,Fashion Item 0021,Fashion,WH012,SouthEast Warehouse 012,SouthEast,266,55,1047.09,67,1,2026-05-24T00:00:00+07:00
INV-002772,SKU-0022,Industrial Item 0022,Industrial,WH012,SouthEast Warehouse 012,SouthEast,638,28,213.07,115,1,2026-05-24T00:00:00+07:00
INV-002773,SKU-0023,Electronics Item 0023,Electronics,WH012,SouthEast Warehouse 012,SouthEast,332,48,94.91,56,1,2026-05-24T00:00:00+07:00
INV-002774,SKU-0024,Home Item 0024,Home,WH012,SouthEast Warehouse 012,SouthEast,502,32,832.38,119,1,2026-05-24T00:00:00+07:00
INV-002775,SKU-0025,Grocery Item 0025,Grocery,WH012,SouthEast Warehouse 012,SouthEast,80,5,602.74,94,1,2026-05-24T00:00:00+07:00
INV-002776,SKU-0026,Fashion Item 0026,Fashion,WH012,SouthEast Warehouse 012,SouthEast,537,47,297.34,28,1,2026-05-24T00:00:00+07:00
INV-002777,SKU-0027,Industrial Item 0027,Industrial,WH012,SouthEast Warehouse 012,SouthEast,588,40,664.82,35,1,2026-05-24T00:00:00+07:00
INV-002778,SKU-0028,Electronics Item 0028,Electronics,WH012,SouthEast Warehouse 012,SouthEast,407,79,1215.32,71,1,2026-05-24T00:00:00+07:00
INV-002779,SKU-0029,Home Item 0029,Home,WH012,SouthEast Warehouse 012,SouthEast,418,57,1549.93,68,1,2026-05-24T00:00:00+07:00
INV-002780,SKU-0030,Grocery Item 0030,Grocery,WH012,SouthEast Warehouse 012,SouthEast,427,52,1832.15,119,1,2026-05-24T00:00:00+07:00
INV-002781,SKU-0031,Fashion Item 0031,Fashion,WH012,SouthEast Warehouse 012,SouthEast,738,38,2324.53,29,1,2026-05-24T00:00:00+07:00
INV-002782,SKU-0032,Industrial Item 0032,Industrial,WH012,SouthEast Warehouse 012,SouthEast,423,10,931.08,106,1,2026-05-24T00:00:00+07:00
INV-002783,SKU-0033,Electronics Item 0033,Electronics,WH012,SouthEast Warehouse 012,SouthEast,762,28,1879.06,110,1,2026-05-24T00:00:00+07:00
INV-002784,SKU-0034,Home Item 0034,Home,WH012,SouthEast Warehouse 012,SouthEast,313,5,722.07,67,1,2026-05-24T00:00:00+07:00
INV-002785,SKU-0035,Grocery Item 0035,Grocery,WH012,SouthEast Warehouse 012,SouthEast,141,28,662.79,26,1,2026-05-24T00:00:00+07:00
INV-002786,SKU-0036,Fashion Item 0036,Fashion,WH012,SouthEast Warehouse 012,SouthEast,242,24,614.19,106,1,2026-05-24T00:00:00+07:00
INV-002787,SKU-0037,Industrial Item 0037,Industrial,WH012,SouthEast Warehouse 012,SouthEast,713,76,588.53,27,1,2026-05-24T00:00:00+07:00
INV-002788,SKU-0038,Electronics Item 0038,Electronics,WH012,SouthEast Warehouse 012,SouthEast,191,9,447.45,59,1,2026-05-24T00:00:00+07:00
INV-002789,SKU-0039,Home Item 0039,Home,WH012,SouthEast Warehouse 012,SouthEast,763,34,528.30,38,1,2026-05-24T00:00:00+07:00
INV-002790,SKU-0040,Grocery Item 0040,Grocery,WH012,SouthEast Warehouse 012,SouthEast,605,38,1179.73,83,1,2026-05-24T00:00:00+07:00
INV-002791,SKU-0041,Fashion Item 0041,Fashion,WH012,SouthEast Warehouse 012,SouthEast,572,20,1733.84,73,1,2026-05-24T00:00:00+07:00
INV-002792,SKU-0042,Industrial Item 0042,Industrial,WH012,SouthEast Warehouse 012,SouthEast,565,43,415.45,25,1,2026-05-24T00:00:00+07:00
INV-002793,SKU-0043,Electronics Item 0043,Electronics,WH012,SouthEast Warehouse 012,SouthEast,637,61,2018.44,86,1,2026-05-24T00:00:00+07:00
INV-002794,SKU-0044,Home Item 0044,Home,WH012,SouthEast Warehouse 012,SouthEast,354,32,1059.76,48,1,2026-05-24T00:00:00+07:00
INV-002795,SKU-0045,Grocery Item 0045,Grocery,WH012,SouthEast Warehouse 012,SouthEast,418,31,403.26,29,1,2026-05-24T00:00:00+07:00
INV-002796,SKU-0046,Fashion Item 0046,Fashion,WH012,SouthEast Warehouse 012,SouthEast,733,25,1469.71,32,1,2026-05-24T00:00:00+07:00
INV-002797,SKU-0047,Industrial Item 0047,Industrial,WH012,SouthEast Warehouse 012,SouthEast,576,61,472.65,106,1,2026-05-24T00:00:00+07:00
INV-002798,SKU-0048,Electronics Item 0048,Electronics,WH012,SouthEast Warehouse 012,SouthEast,415,15,2316.10,105,1,2026-05-24T00:00:00+07:00
INV-002799,SKU-0049,Home Item 0049,Home,WH012,SouthEast Warehouse 012,SouthEast,756,56,925.65,25,1,2026-05-24T00:00:00+07:00
INV-002800,SKU-0050,Grocery Item 0050,Grocery,WH012,SouthEast Warehouse 012,SouthEast,104,24,2349.12,44,1,2026-05-24T00:00:00+07:00
INV-002801,SKU-0051,Fashion Item 0051,Fashion,WH012,SouthEast Warehouse 012,SouthEast,296,45,1487.50,71,1,2026-05-24T00:00:00+07:00
INV-002802,SKU-0052,Industrial Item 0052,Industrial,WH012,SouthEast Warehouse 012,SouthEast,320,58,868.80,30,1,2026-05-24T00:00:00+07:00
INV-002803,SKU-0053,Electronics Item 0053,Electronics,WH012,SouthEast Warehouse 012,SouthEast,338,64,2453.17,41,1,2026-05-24T00:00:00+07:00
INV-002804,SKU-0054,Home Item 0054,Home,WH012,SouthEast Warehouse 012,SouthEast,147,11,1926.97,105,1,2026-05-24T00:00:00+07:00
INV-002805,SKU-0055,Grocery Item 0055,Grocery,WH012,SouthEast Warehouse 012,SouthEast,363,68,221.07,35,1,2026-05-24T00:00:00+07:00
INV-002806,SKU-0056,Fashion Item 0056,Fashion,WH012,SouthEast Warehouse 012,SouthEast,398,62,1698.91,111,1,2026-05-24T00:00:00+07:00
INV-002807,SKU-0057,Industrial Item 0057,Industrial,WH012,SouthEast Warehouse 012,SouthEast,320,2,1440.94,25,1,2026-05-24T00:00:00+07:00
INV-002808,SKU-0058,Electronics Item 0058,Electronics,WH012,SouthEast Warehouse 012,SouthEast,235,18,1590.05,120,1,2026-05-24T00:00:00+07:00
INV-002809,SKU-0059,Home Item 0059,Home,WH012,SouthEast Warehouse 012,SouthEast,117,15,1633.66,118,1,2026-05-24T00:00:00+07:00
INV-002810,SKU-0060,Grocery Item 0060,Grocery,WH012,SouthEast Warehouse 012,SouthEast,661,60,658.82,38,1,2026-05-24T00:00:00+07:00
INV-002811,SKU-0061,Fashion Item 0061,Fashion,WH012,SouthEast Warehouse 012,SouthEast,498,9,516.30,62,1,2026-05-24T00:00:00+07:00
INV-002812,SKU-0062,Industrial Item 0062,Industrial,WH012,SouthEast Warehouse 012,SouthEast,695,33,2095.17,99,1,2026-05-24T00:00:00+07:00
INV-002813,SKU-0063,Electronics Item 0063,Electronics,WH012,SouthEast Warehouse 012,SouthEast,500,39,624.01,82,1,2026-05-24T00:00:00+07:00
INV-002814,SKU-0064,Home Item 0064,Home,WH012,SouthEast Warehouse 012,SouthEast,390,43,1277.79,96,1,2026-05-24T00:00:00+07:00
INV-002815,SKU-0065,Grocery Item 0065,Grocery,WH012,SouthEast Warehouse 012,SouthEast,775,13,552.76,41,1,2026-05-24T00:00:00+07:00
INV-002816,SKU-0066,Fashion Item 0066,Fashion,WH012,SouthEast Warehouse 012,SouthEast,88,14,520.76,96,1,2026-05-24T00:00:00+07:00
INV-002817,SKU-0067,Industrial Item 0067,Industrial,WH012,SouthEast Warehouse 012,SouthEast,133,3,65.23,64,1,2026-05-24T00:00:00+07:00
INV-002818,SKU-0068,Electronics Item 0068,Electronics,WH012,SouthEast Warehouse 012,SouthEast,214,26,1023.68,25,1,2026-05-24T00:00:00+07:00
INV-002819,SKU-0069,Home Item 0069,Home,WH012,SouthEast Warehouse 012,SouthEast,121,4,47.01,30,1,2026-05-24T00:00:00+07:00
INV-002820,SKU-0070,Grocery Item 0070,Grocery,WH012,SouthEast Warehouse 012,SouthEast,91,11,1849.34,55,1,2026-05-24T00:00:00+07:00
INV-002821,SKU-0071,Fashion Item 0071,Fashion,WH012,SouthEast Warehouse 012,SouthEast,579,61,2072.78,74,1,2026-05-24T00:00:00+07:00
INV-002822,SKU-0072,Industrial Item 0072,Industrial,WH012,SouthEast Warehouse 012,SouthEast,272,44,2120.09,80,1,2026-05-24T00:00:00+07:00
INV-002823,SKU-0073,Electronics Item 0073,Electronics,WH012,SouthEast Warehouse 012,SouthEast,631,73,1521.59,106,1,2026-05-24T00:00:00+07:00
INV-002824,SKU-0074,Home Item 0074,Home,WH012,SouthEast Warehouse 012,SouthEast,718,26,55.50,33,1,2026-05-24T00:00:00+07:00
INV-002825,SKU-0075,Grocery Item 0075,Grocery,WH012,SouthEast Warehouse 012,SouthEast,709,26,22.36,102,1,2026-05-24T00:00:00+07:00
INV-002826,SKU-0076,Fashion Item 0076,Fashion,WH012,SouthEast Warehouse 012,SouthEast,789,62,461.80,59,1,2026-05-24T00:00:00+07:00
INV-002827,SKU-0077,Industrial Item 0077,Industrial,WH012,SouthEast Warehouse 012,SouthEast,601,57,1056.50,107,1,2026-05-24T00:00:00+07:00
INV-002828,SKU-0078,Electronics Item 0078,Electronics,WH012,SouthEast Warehouse 012,SouthEast,561,44,1929.21,26,1,2026-05-24T00:00:00+07:00
INV-002829,SKU-0079,Home Item 0079,Home,WH012,SouthEast Warehouse 012,SouthEast,417,24,672.95,64,1,2026-05-24T00:00:00+07:00
INV-002830,SKU-0080,Grocery Item 0080,Grocery,WH012,SouthEast Warehouse 012,SouthEast,195,9,2358.11,101,1,2026-05-24T00:00:00+07:00
INV-002831,SKU-0081,Fashion Item 0081,Fashion,WH012,SouthEast Warehouse 012,SouthEast,525,4,1895.31,95,1,2026-05-24T00:00:00+07:00
INV-002832,SKU-0082,Industrial Item 0082,Industrial,WH012,SouthEast Warehouse 012,SouthEast,380,66,2125.52,97,1,2026-05-24T00:00:00+07:00
INV-002833,SKU-0083,Electronics Item 0083,Electronics,WH012,SouthEast Warehouse 012,SouthEast,766,32,191.85,68,1,2026-05-24T00:00:00+07:00
INV-002834,SKU-0084,Home Item 0084,Home,WH012,SouthEast Warehouse 012,SouthEast,482,77,1281.13,87,1,2026-05-24T00:00:00+07:00
INV-002835,SKU-0085,Grocery Item 0085,Grocery,WH012,SouthEast Warehouse 012,SouthEast,363,45,1663.20,108,1,2026-05-24T00:00:00+07:00
INV-002836,SKU-0086,Fashion Item 0086,Fashion,WH012,SouthEast Warehouse 012,SouthEast,538,61,1067.27,112,1,2026-05-24T00:00:00+07:00
INV-002837,SKU-0087,Industrial Item 0087,Industrial,WH012,SouthEast Warehouse 012,SouthEast,750,49,176.98,89,1,2026-05-24T00:00:00+07:00
INV-002838,SKU-0088,Electronics Item 0088,Electronics,WH012,SouthEast Warehouse 012,SouthEast,322,64,973.71,31,1,2026-05-24T00:00:00+07:00
INV-002839,SKU-0089,Home Item 0089,Home,WH012,SouthEast Warehouse 012,SouthEast,723,68,1051.92,112,1,2026-05-24T00:00:00+07:00
INV-002840,SKU-0090,Grocery Item 0090,Grocery,WH012,SouthEast Warehouse 012,SouthEast,375,79,2412.05,27,1,2026-05-24T00:00:00+07:00
INV-002841,SKU-0091,Fashion Item 0091,Fashion,WH012,SouthEast Warehouse 012,SouthEast,499,46,1431.90,39,1,2026-05-24T00:00:00+07:00
INV-002842,SKU-0092,Industrial Item 0092,Industrial,WH012,SouthEast Warehouse 012,SouthEast,259,3,1451.92,113,1,2026-05-24T00:00:00+07:00
INV-002843,SKU-0093,Electronics Item 0093,Electronics,WH012,SouthEast Warehouse 012,SouthEast,233,43,613.74,116,1,2026-05-24T00:00:00+07:00
INV-002844,SKU-0094,Home Item 0094,Home,WH012,SouthEast Warehouse 012,SouthEast,223,39,1101.63,91,1,2026-05-24T00:00:00+07:00
INV-002845,SKU-0095,Grocery Item 0095,Grocery,WH012,SouthEast Warehouse 012,SouthEast,529,60,1584.74,48,1,2026-05-24T00:00:00+07:00
INV-002846,SKU-0096,Fashion Item 0096,Fashion,WH012,SouthEast Warehouse 012,SouthEast,246,0,1815.79,49,1,2026-05-24T00:00:00+07:00
INV-002847,SKU-0097,Industrial Item 0097,Industrial,WH012,SouthEast Warehouse 012,SouthEast,308,39,915.03,71,1,2026-05-24T00:00:00+07:00
INV-002848,SKU-0098,Electronics Item 0098,Electronics,WH012,SouthEast Warehouse 012,SouthEast,203,12,1639.27,92,1,2026-05-24T00:00:00+07:00
INV-002849,SKU-0099,Home Item 0099,Home,WH012,SouthEast Warehouse 012,SouthEast,108,1,327.98,70,1,2026-05-24T00:00:00+07:00
INV-002850,SKU-0100,Grocery Item 0100,Grocery,WH012,SouthEast Warehouse 012,SouthEast,535,13,2090.56,86,1,2026-05-24T00:00:00+07:00
INV-002851,SKU-0101,Fashion Item 0101,Fashion,WH012,SouthEast Warehouse 012,SouthEast,493,33,2489.73,30,1,2026-05-24T00:00:00+07:00
INV-002852,SKU-0102,Industrial Item 0102,Industrial,WH012,SouthEast Warehouse 012,SouthEast,120,22,1949.79,28,1,2026-05-24T00:00:00+07:00
INV-002853,SKU-0103,Electronics Item 0103,Electronics,WH012,SouthEast Warehouse 012,SouthEast,554,29,1289.41,43,1,2026-05-24T00:00:00+07:00
INV-002854,SKU-0104,Home Item 0104,Home,WH012,SouthEast Warehouse 012,SouthEast,197,23,2087.67,98,1,2026-05-24T00:00:00+07:00
INV-002855,SKU-0105,Grocery Item 0105,Grocery,WH012,SouthEast Warehouse 012,SouthEast,125,28,513.74,76,1,2026-05-24T00:00:00+07:00
INV-002856,SKU-0106,Fashion Item 0106,Fashion,WH012,SouthEast Warehouse 012,SouthEast,713,7,391.43,40,1,2026-05-24T00:00:00+07:00
INV-002857,SKU-0107,Industrial Item 0107,Industrial,WH012,SouthEast Warehouse 012,SouthEast,150,34,2092.15,105,1,2026-05-24T00:00:00+07:00
INV-002858,SKU-0108,Electronics Item 0108,Electronics,WH012,SouthEast Warehouse 012,SouthEast,753,79,659.33,42,1,2026-05-24T00:00:00+07:00
INV-002859,SKU-0109,Home Item 0109,Home,WH012,SouthEast Warehouse 012,SouthEast,129,30,1937.20,70,1,2026-05-24T00:00:00+07:00
INV-002860,SKU-0110,Grocery Item 0110,Grocery,WH012,SouthEast Warehouse 012,SouthEast,563,46,914.23,118,1,2026-05-24T00:00:00+07:00
INV-002861,SKU-0111,Fashion Item 0111,Fashion,WH012,SouthEast Warehouse 012,SouthEast,374,58,268.99,107,1,2026-05-24T00:00:00+07:00
INV-002862,SKU-0112,Industrial Item 0112,Industrial,WH012,SouthEast Warehouse 012,SouthEast,174,18,657.66,97,1,2026-05-24T00:00:00+07:00
INV-002863,SKU-0113,Electronics Item 0113,Electronics,WH012,SouthEast Warehouse 012,SouthEast,321,61,957.40,105,1,2026-05-24T00:00:00+07:00
INV-002864,SKU-0114,Home Item 0114,Home,WH012,SouthEast Warehouse 012,SouthEast,427,48,629.50,73,1,2026-05-24T00:00:00+07:00
INV-002865,SKU-0115,Grocery Item 0115,Grocery,WH012,SouthEast Warehouse 012,SouthEast,328,15,1195.74,48,1,2026-05-24T00:00:00+07:00
INV-002866,SKU-0116,Fashion Item 0116,Fashion,WH012,SouthEast Warehouse 012,SouthEast,547,25,2467.15,76,1,2026-05-24T00:00:00+07:00
INV-002867,SKU-0117,Industrial Item 0117,Industrial,WH012,SouthEast Warehouse 012,SouthEast,767,43,620.79,32,1,2026-05-24T00:00:00+07:00
INV-002868,SKU-0118,Electronics Item 0118,Electronics,WH012,SouthEast Warehouse 012,SouthEast,283,58,1360.23,71,1,2026-05-24T00:00:00+07:00
INV-002869,SKU-0119,Home Item 0119,Home,WH012,SouthEast Warehouse 012,SouthEast,483,54,2050.61,50,1,2026-05-24T00:00:00+07:00
INV-002870,SKU-0120,Grocery Item 0120,Grocery,WH012,SouthEast Warehouse 012,SouthEast,178,1,1531.04,66,1,2026-05-24T00:00:00+07:00
INV-002871,SKU-0121,Fashion Item 0121,Fashion,WH012,SouthEast Warehouse 012,SouthEast,323,2,558.94,75,1,2026-05-24T00:00:00+07:00
INV-002872,SKU-0122,Industrial Item 0122,Industrial,WH012,SouthEast Warehouse 012,SouthEast,655,67,833.89,97,1,2026-05-24T00:00:00+07:00
INV-002873,SKU-0123,Electronics Item 0123,Electronics,WH012,SouthEast Warehouse 012,SouthEast,502,79,121.44,91,1,2026-05-24T00:00:00+07:00
INV-002874,SKU-0124,Home Item 0124,Home,WH012,SouthEast Warehouse 012,SouthEast,484,38,1287.25,45,1,2026-05-24T00:00:00+07:00
INV-002875,SKU-0125,Grocery Item 0125,Grocery,WH012,SouthEast Warehouse 012,SouthEast,151,28,59.22,32,1,2026-05-24T00:00:00+07:00
INV-002876,SKU-0126,Fashion Item 0126,Fashion,WH012,SouthEast Warehouse 012,SouthEast,331,2,1588.37,113,1,2026-05-24T00:00:00+07:00
INV-002877,SKU-0127,Industrial Item 0127,Industrial,WH012,SouthEast Warehouse 012,SouthEast,593,1,268.07,71,1,2026-05-24T00:00:00+07:00
INV-002878,SKU-0128,Electronics Item 0128,Electronics,WH012,SouthEast Warehouse 012,SouthEast,335,6,1846.05,57,1,2026-05-24T00:00:00+07:00
INV-002879,SKU-0129,Home Item 0129,Home,WH012,SouthEast Warehouse 012,SouthEast,747,61,1016.30,72,1,2026-05-24T00:00:00+07:00
INV-002880,SKU-0130,Grocery Item 0130,Grocery,WH012,SouthEast Warehouse 012,SouthEast,192,1,610.51,31,1,2026-05-24T00:00:00+07:00
INV-002881,SKU-0131,Fashion Item 0131,Fashion,WH012,SouthEast Warehouse 012,SouthEast,403,57,864.62,49,1,2026-05-24T00:00:00+07:00
INV-002882,SKU-0132,Industrial Item 0132,Industrial,WH012,SouthEast Warehouse 012,SouthEast,307,19,1773.85,83,1,2026-05-24T00:00:00+07:00
INV-002883,SKU-0133,Electronics Item 0133,Electronics,WH012,SouthEast Warehouse 012,SouthEast,153,0,490.95,108,1,2026-05-24T00:00:00+07:00
INV-002884,SKU-0134,Home Item 0134,Home,WH012,SouthEast Warehouse 012,SouthEast,92,9,512.11,114,1,2026-05-24T00:00:00+07:00
INV-002885,SKU-0135,Grocery Item 0135,Grocery,WH012,SouthEast Warehouse 012,SouthEast,133,10,1811.42,102,1,2026-05-24T00:00:00+07:00
INV-002886,SKU-0136,Fashion Item 0136,Fashion,WH012,SouthEast Warehouse 012,SouthEast,623,27,1721.85,96,1,2026-05-24T00:00:00+07:00
INV-002887,SKU-0137,Industrial Item 0137,Industrial,WH012,SouthEast Warehouse 012,SouthEast,361,65,1850.71,82,1,2026-05-24T00:00:00+07:00
INV-002888,SKU-0138,Electronics Item 0138,Electronics,WH012,SouthEast Warehouse 012,SouthEast,409,67,660.83,103,1,2026-05-24T00:00:00+07:00
INV-002889,SKU-0139,Home Item 0139,Home,WH012,SouthEast Warehouse 012,SouthEast,577,28,2237.08,29,1,2026-05-24T00:00:00+07:00
INV-002890,SKU-0140,Grocery Item 0140,Grocery,WH012,SouthEast Warehouse 012,SouthEast,346,70,1971.52,80,1,2026-05-24T00:00:00+07:00
INV-002891,SKU-0141,Fashion Item 0141,Fashion,WH012,SouthEast Warehouse 012,SouthEast,225,15,654.06,100,1,2026-05-24T00:00:00+07:00
INV-002892,SKU-0142,Industrial Item 0142,Industrial,WH012,SouthEast Warehouse 012,SouthEast,270,64,2305.06,70,1,2026-05-24T00:00:00+07:00
INV-002893,SKU-0143,Electronics Item 0143,Electronics,WH012,SouthEast Warehouse 012,SouthEast,227,11,1191.30,58,1,2026-05-24T00:00:00+07:00
INV-002894,SKU-0144,Home Item 0144,Home,WH012,SouthEast Warehouse 012,SouthEast,689,12,1618.64,73,1,2026-05-24T00:00:00+07:00
INV-002895,SKU-0145,Grocery Item 0145,Grocery,WH012,SouthEast Warehouse 012,SouthEast,87,18,509.36,115,1,2026-05-24T00:00:00+07:00
INV-002896,SKU-0146,Fashion Item 0146,Fashion,WH012,SouthEast Warehouse 012,SouthEast,305,43,1214.04,76,1,2026-05-24T00:00:00+07:00
INV-002897,SKU-0147,Industrial Item 0147,Industrial,WH012,SouthEast Warehouse 012,SouthEast,683,60,732.23,112,1,2026-05-24T00:00:00+07:00
INV-002898,SKU-0148,Electronics Item 0148,Electronics,WH012,SouthEast Warehouse 012,SouthEast,476,43,582.72,27,1,2026-05-24T00:00:00+07:00
INV-002899,SKU-0149,Home Item 0149,Home,WH012,SouthEast Warehouse 012,SouthEast,442,56,2338.32,103,1,2026-05-24T00:00:00+07:00
INV-002900,SKU-0150,Grocery Item 0150,Grocery,WH012,SouthEast Warehouse 012,SouthEast,710,64,83.61,40,1,2026-05-24T00:00:00+07:00
INV-002901,SKU-0151,Fashion Item 0151,Fashion,WH012,SouthEast Warehouse 012,SouthEast,257,53,1135.81,63,1,2026-05-24T00:00:00+07:00
INV-002902,SKU-0152,Industrial Item 0152,Industrial,WH012,SouthEast Warehouse 012,SouthEast,612,78,1306.84,81,1,2026-05-24T00:00:00+07:00
INV-002903,SKU-0153,Electronics Item 0153,Electronics,WH012,SouthEast Warehouse 012,SouthEast,199,4,2317.03,92,1,2026-05-24T00:00:00+07:00
INV-002904,SKU-0154,Home Item 0154,Home,WH012,SouthEast Warehouse 012,SouthEast,125,14,337.59,111,1,2026-05-24T00:00:00+07:00
INV-002905,SKU-0155,Grocery Item 0155,Grocery,WH012,SouthEast Warehouse 012,SouthEast,172,33,875.02,53,1,2026-05-24T00:00:00+07:00
INV-002906,SKU-0156,Fashion Item 0156,Fashion,WH012,SouthEast Warehouse 012,SouthEast,676,77,993.21,68,1,2026-05-24T00:00:00+07:00
INV-002907,SKU-0157,Industrial Item 0157,Industrial,WH012,SouthEast Warehouse 012,SouthEast,786,49,1972.98,27,1,2026-05-24T00:00:00+07:00
INV-002908,SKU-0158,Electronics Item 0158,Electronics,WH012,SouthEast Warehouse 012,SouthEast,343,34,1968.37,84,1,2026-05-24T00:00:00+07:00
INV-002909,SKU-0159,Home Item 0159,Home,WH012,SouthEast Warehouse 012,SouthEast,546,34,67.95,84,1,2026-05-24T00:00:00+07:00
INV-002910,SKU-0160,Grocery Item 0160,Grocery,WH012,SouthEast Warehouse 012,SouthEast,653,28,1744.66,68,1,2026-05-24T00:00:00+07:00
INV-002911,SKU-0161,Fashion Item 0161,Fashion,WH012,SouthEast Warehouse 012,SouthEast,185,42,1750.48,101,1,2026-05-24T00:00:00+07:00
INV-002912,SKU-0162,Industrial Item 0162,Industrial,WH012,SouthEast Warehouse 012,SouthEast,301,71,2216.96,82,1,2026-05-24T00:00:00+07:00
INV-002913,SKU-0163,Electronics Item 0163,Electronics,WH012,SouthEast Warehouse 012,SouthEast,242,2,2082.83,26,1,2026-05-24T00:00:00+07:00
INV-002914,SKU-0164,Home Item 0164,Home,WH012,SouthEast Warehouse 012,SouthEast,746,24,1910.53,63,1,2026-05-24T00:00:00+07:00
INV-002915,SKU-0165,Grocery Item 0165,Grocery,WH012,SouthEast Warehouse 012,SouthEast,290,39,1136.21,62,1,2026-05-24T00:00:00+07:00
INV-002916,SKU-0166,Fashion Item 0166,Fashion,WH012,SouthEast Warehouse 012,SouthEast,549,7,777.44,27,1,2026-05-24T00:00:00+07:00
INV-002917,SKU-0167,Industrial Item 0167,Industrial,WH012,SouthEast Warehouse 012,SouthEast,718,21,271.34,30,1,2026-05-24T00:00:00+07:00
INV-002918,SKU-0168,Electronics Item 0168,Electronics,WH012,SouthEast Warehouse 012,SouthEast,624,24,2394.67,86,1,2026-05-24T00:00:00+07:00
INV-002919,SKU-0169,Home Item 0169,Home,WH012,SouthEast Warehouse 012,SouthEast,553,67,348.63,78,1,2026-05-24T00:00:00+07:00
INV-002920,SKU-0170,Grocery Item 0170,Grocery,WH012,SouthEast Warehouse 012,SouthEast,422,15,1185.84,82,1,2026-05-24T00:00:00+07:00
INV-002921,SKU-0171,Fashion Item 0171,Fashion,WH012,SouthEast Warehouse 012,SouthEast,569,61,615.27,75,1,2026-05-24T00:00:00+07:00
INV-002922,SKU-0172,Industrial Item 0172,Industrial,WH012,SouthEast Warehouse 012,SouthEast,226,35,273.36,37,1,2026-05-24T00:00:00+07:00
INV-002923,SKU-0173,Electronics Item 0173,Electronics,WH012,SouthEast Warehouse 012,SouthEast,271,56,710.45,89,1,2026-05-24T00:00:00+07:00
INV-002924,SKU-0174,Home Item 0174,Home,WH012,SouthEast Warehouse 012,SouthEast,596,71,1307.48,119,1,2026-05-24T00:00:00+07:00
INV-002925,SKU-0175,Grocery Item 0175,Grocery,WH012,SouthEast Warehouse 012,SouthEast,701,56,2219.96,51,1,2026-05-24T00:00:00+07:00
INV-002926,SKU-0176,Fashion Item 0176,Fashion,WH012,SouthEast Warehouse 012,SouthEast,334,40,1819.06,84,1,2026-05-24T00:00:00+07:00
INV-002927,SKU-0177,Industrial Item 0177,Industrial,WH012,SouthEast Warehouse 012,SouthEast,786,25,1634.98,118,1,2026-05-24T00:00:00+07:00
INV-002928,SKU-0178,Electronics Item 0178,Electronics,WH012,SouthEast Warehouse 012,SouthEast,354,72,1226.42,60,1,2026-05-24T00:00:00+07:00
INV-002929,SKU-0179,Home Item 0179,Home,WH012,SouthEast Warehouse 012,SouthEast,186,14,779.16,119,1,2026-05-24T00:00:00+07:00
INV-002930,SKU-0180,Grocery Item 0180,Grocery,WH012,SouthEast Warehouse 012,SouthEast,268,1,2439.67,29,1,2026-05-24T00:00:00+07:00
INV-002931,SKU-0181,Fashion Item 0181,Fashion,WH012,SouthEast Warehouse 012,SouthEast,476,9,1377.06,78,1,2026-05-24T00:00:00+07:00
INV-002932,SKU-0182,Industrial Item 0182,Industrial,WH012,SouthEast Warehouse 012,SouthEast,95,11,2120.13,92,1,2026-05-24T00:00:00+07:00
INV-002933,SKU-0183,Electronics Item 0183,Electronics,WH012,SouthEast Warehouse 012,SouthEast,204,22,2068.45,57,1,2026-05-24T00:00:00+07:00
INV-002934,SKU-0184,Home Item 0184,Home,WH012,SouthEast Warehouse 012,SouthEast,704,28,351.31,78,1,2026-05-24T00:00:00+07:00
INV-002935,SKU-0185,Grocery Item 0185,Grocery,WH012,SouthEast Warehouse 012,SouthEast,605,43,1976.05,54,1,2026-05-24T00:00:00+07:00
INV-002936,SKU-0186,Fashion Item 0186,Fashion,WH012,SouthEast Warehouse 012,SouthEast,317,61,1632.18,45,1,2026-05-24T00:00:00+07:00
INV-002937,SKU-0187,Industrial Item 0187,Industrial,WH012,SouthEast Warehouse 012,SouthEast,364,52,1661.98,62,1,2026-05-24T00:00:00+07:00
INV-002938,SKU-0188,Electronics Item 0188,Electronics,WH012,SouthEast Warehouse 012,SouthEast,87,17,1193.53,82,1,2026-05-24T00:00:00+07:00
INV-002939,SKU-0189,Home Item 0189,Home,WH012,SouthEast Warehouse 012,SouthEast,231,6,1121.34,85,1,2026-05-24T00:00:00+07:00
INV-002940,SKU-0190,Grocery Item 0190,Grocery,WH012,SouthEast Warehouse 012,SouthEast,672,67,1904.76,57,1,2026-05-24T00:00:00+07:00
INV-002941,SKU-0191,Fashion Item 0191,Fashion,WH012,SouthEast Warehouse 012,SouthEast,98,16,1741.44,103,1,2026-05-24T00:00:00+07:00
INV-002942,SKU-0192,Industrial Item 0192,Industrial,WH012,SouthEast Warehouse 012,SouthEast,461,50,149.52,94,1,2026-05-24T00:00:00+07:00
INV-002943,SKU-0193,Electronics Item 0193,Electronics,WH012,SouthEast Warehouse 012,SouthEast,699,78,1815.32,113,1,2026-05-24T00:00:00+07:00
INV-002944,SKU-0194,Home Item 0194,Home,WH012,SouthEast Warehouse 012,SouthEast,643,25,860.64,105,1,2026-05-24T00:00:00+07:00
INV-002945,SKU-0195,Grocery Item 0195,Grocery,WH012,SouthEast Warehouse 012,SouthEast,107,24,1408.35,85,1,2026-05-24T00:00:00+07:00
INV-002946,SKU-0196,Fashion Item 0196,Fashion,WH012,SouthEast Warehouse 012,SouthEast,564,41,1404.99,110,1,2026-05-24T00:00:00+07:00
INV-002947,SKU-0197,Industrial Item 0197,Industrial,WH012,SouthEast Warehouse 012,SouthEast,443,57,2096.25,103,1,2026-05-24T00:00:00+07:00
INV-002948,SKU-0198,Electronics Item 0198,Electronics,WH012,SouthEast Warehouse 012,SouthEast,376,3,1678.61,59,1,2026-05-24T00:00:00+07:00
INV-002949,SKU-0199,Home Item 0199,Home,WH012,SouthEast Warehouse 012,SouthEast,639,65,209.90,48,1,2026-05-24T00:00:00+07:00
INV-002950,SKU-0200,Grocery Item 0200,Grocery,WH012,SouthEast Warehouse 012,SouthEast,679,38,1079.87,86,1,2026-05-24T00:00:00+07:00
INV-002951,SKU-0201,Fashion Item 0201,Fashion,WH012,SouthEast Warehouse 012,SouthEast,395,61,2466.19,85,1,2026-05-24T00:00:00+07:00
INV-002952,SKU-0202,Industrial Item 0202,Industrial,WH012,SouthEast Warehouse 012,SouthEast,768,46,723.25,44,1,2026-05-24T00:00:00+07:00
INV-002953,SKU-0203,Electronics Item 0203,Electronics,WH012,SouthEast Warehouse 012,SouthEast,608,60,2073.11,82,1,2026-05-24T00:00:00+07:00
INV-002954,SKU-0204,Home Item 0204,Home,WH012,SouthEast Warehouse 012,SouthEast,404,75,1812.90,112,1,2026-05-24T00:00:00+07:00
INV-002955,SKU-0205,Grocery Item 0205,Grocery,WH012,SouthEast Warehouse 012,SouthEast,775,65,1926.28,120,1,2026-05-24T00:00:00+07:00
INV-002956,SKU-0206,Fashion Item 0206,Fashion,WH012,SouthEast Warehouse 012,SouthEast,455,16,278.03,120,1,2026-05-24T00:00:00+07:00
INV-002957,SKU-0207,Industrial Item 0207,Industrial,WH012,SouthEast Warehouse 012,SouthEast,109,23,659.70,33,1,2026-05-24T00:00:00+07:00
INV-002958,SKU-0208,Electronics Item 0208,Electronics,WH012,SouthEast Warehouse 012,SouthEast,361,7,970.67,74,1,2026-05-24T00:00:00+07:00
INV-002959,SKU-0209,Home Item 0209,Home,WH012,SouthEast Warehouse 012,SouthEast,379,18,1718.35,60,1,2026-05-24T00:00:00+07:00
INV-002960,SKU-0210,Grocery Item 0210,Grocery,WH012,SouthEast Warehouse 012,SouthEast,306,11,607.79,37,1,2026-05-24T00:00:00+07:00
INV-002961,SKU-0211,Fashion Item 0211,Fashion,WH012,SouthEast Warehouse 012,SouthEast,613,0,1382.55,36,1,2026-05-24T00:00:00+07:00
INV-002962,SKU-0212,Industrial Item 0212,Industrial,WH012,SouthEast Warehouse 012,SouthEast,100,19,688.61,73,1,2026-05-24T00:00:00+07:00
INV-002963,SKU-0213,Electronics Item 0213,Electronics,WH012,SouthEast Warehouse 012,SouthEast,163,11,879.67,109,1,2026-05-24T00:00:00+07:00
INV-002964,SKU-0214,Home Item 0214,Home,WH012,SouthEast Warehouse 012,SouthEast,93,0,1204.42,104,1,2026-05-24T00:00:00+07:00
INV-002965,SKU-0215,Grocery Item 0215,Grocery,WH012,SouthEast Warehouse 012,SouthEast,749,38,1467.67,103,1,2026-05-24T00:00:00+07:00
INV-002966,SKU-0216,Fashion Item 0216,Fashion,WH012,SouthEast Warehouse 012,SouthEast,698,9,1493.39,26,1,2026-05-24T00:00:00+07:00
INV-002967,SKU-0217,Industrial Item 0217,Industrial,WH012,SouthEast Warehouse 012,SouthEast,352,54,1048.01,88,1,2026-05-24T00:00:00+07:00
INV-002968,SKU-0218,Electronics Item 0218,Electronics,WH012,SouthEast Warehouse 012,SouthEast,779,56,2466.40,86,1,2026-05-24T00:00:00+07:00
INV-002969,SKU-0219,Home Item 0219,Home,WH012,SouthEast Warehouse 012,SouthEast,149,36,1533.09,111,1,2026-05-24T00:00:00+07:00
INV-002970,SKU-0220,Grocery Item 0220,Grocery,WH012,SouthEast Warehouse 012,SouthEast,592,59,2447.07,52,1,2026-05-24T00:00:00+07:00
INV-002971,SKU-0221,Fashion Item 0221,Fashion,WH012,SouthEast Warehouse 012,SouthEast,561,74,1056.91,115,1,2026-05-24T00:00:00+07:00
INV-002972,SKU-0222,Industrial Item 0222,Industrial,WH012,SouthEast Warehouse 012,SouthEast,427,19,1362.62,104,1,2026-05-24T00:00:00+07:00
INV-002973,SKU-0223,Electronics Item 0223,Electronics,WH012,SouthEast Warehouse 012,SouthEast,118,10,2244.58,109,1,2026-05-24T00:00:00+07:00
INV-002974,SKU-0224,Home Item 0224,Home,WH012,SouthEast Warehouse 012,SouthEast,301,6,2124.24,29,1,2026-05-24T00:00:00+07:00
INV-002975,SKU-0225,Grocery Item 0225,Grocery,WH012,SouthEast Warehouse 012,SouthEast,503,36,828.00,99,1,2026-05-24T00:00:00+07:00
INV-002976,SKU-0226,Fashion Item 0226,Fashion,WH012,SouthEast Warehouse 012,SouthEast,244,9,1424.90,52,1,2026-05-24T00:00:00+07:00
INV-002977,SKU-0227,Industrial Item 0227,Industrial,WH012,SouthEast Warehouse 012,SouthEast,549,60,1754.06,76,1,2026-05-24T00:00:00+07:00
INV-002978,SKU-0228,Electronics Item 0228,Electronics,WH012,SouthEast Warehouse 012,SouthEast,256,7,146.92,64,1,2026-05-24T00:00:00+07:00
INV-002979,SKU-0229,Home Item 0229,Home,WH012,SouthEast Warehouse 012,SouthEast,317,30,1841.35,93,1,2026-05-24T00:00:00+07:00
INV-002980,SKU-0230,Grocery Item 0230,Grocery,WH012,SouthEast Warehouse 012,SouthEast,432,5,1589.94,106,1,2026-05-24T00:00:00+07:00
INV-002981,SKU-0231,Fashion Item 0231,Fashion,WH012,SouthEast Warehouse 012,SouthEast,725,31,1631.93,57,1,2026-05-24T00:00:00+07:00
INV-002982,SKU-0232,Industrial Item 0232,Industrial,WH012,SouthEast Warehouse 012,SouthEast,691,73,1289.39,92,1,2026-05-24T00:00:00+07:00
INV-002983,SKU-0233,Electronics Item 0233,Electronics,WH012,SouthEast Warehouse 012,SouthEast,659,5,82.26,95,1,2026-05-24T00:00:00+07:00
INV-002984,SKU-0234,Home Item 0234,Home,WH012,SouthEast Warehouse 012,SouthEast,410,32,2359.48,117,1,2026-05-24T00:00:00+07:00
INV-002985,SKU-0235,Grocery Item 0235,Grocery,WH012,SouthEast Warehouse 012,SouthEast,94,9,1236.51,95,1,2026-05-24T00:00:00+07:00
INV-002986,SKU-0236,Fashion Item 0236,Fashion,WH012,SouthEast Warehouse 012,SouthEast,264,35,240.39,29,1,2026-05-24T00:00:00+07:00
INV-002987,SKU-0237,Industrial Item 0237,Industrial,WH012,SouthEast Warehouse 012,SouthEast,468,72,1180.19,30,1,2026-05-24T00:00:00+07:00
INV-002988,SKU-0238,Electronics Item 0238,Electronics,WH012,SouthEast Warehouse 012,SouthEast,351,20,1389.49,98,1,2026-05-24T00:00:00+07:00
INV-002989,SKU-0239,Home Item 0239,Home,WH012,SouthEast Warehouse 012,SouthEast,145,36,1144.95,119,1,2026-05-24T00:00:00+07:00
INV-002990,SKU-0240,Grocery Item 0240,Grocery,WH012,SouthEast Warehouse 012,SouthEast,274,13,460.17,37,1,2026-05-24T00:00:00+07:00
INV-002991,SKU-0241,Fashion Item 0241,Fashion,WH012,SouthEast Warehouse 012,SouthEast,638,3,2157.61,76,1,2026-05-24T00:00:00+07:00
INV-002992,SKU-0242,Industrial Item 0242,Industrial,WH012,SouthEast Warehouse 012,SouthEast,239,17,750.84,86,1,2026-05-24T00:00:00+07:00
INV-002993,SKU-0243,Electronics Item 0243,Electronics,WH012,SouthEast Warehouse 012,SouthEast,465,31,158.33,52,1,2026-05-24T00:00:00+07:00
INV-002994,SKU-0244,Home Item 0244,Home,WH012,SouthEast Warehouse 012,SouthEast,205,45,2240.89,54,1,2026-05-24T00:00:00+07:00
INV-002995,SKU-0245,Grocery Item 0245,Grocery,WH012,SouthEast Warehouse 012,SouthEast,282,70,812.16,41,1,2026-05-24T00:00:00+07:00
INV-002996,SKU-0246,Fashion Item 0246,Fashion,WH012,SouthEast Warehouse 012,SouthEast,370,41,664.78,28,1,2026-05-24T00:00:00+07:00
INV-002997,SKU-0247,Industrial Item 0247,Industrial,WH012,SouthEast Warehouse 012,SouthEast,414,26,2055.87,94,1,2026-05-24T00:00:00+07:00
INV-002998,SKU-0248,Electronics Item 0248,Electronics,WH012,SouthEast Warehouse 012,SouthEast,612,11,597.43,49,1,2026-05-24T00:00:00+07:00
INV-002999,SKU-0249,Home Item 0249,Home,WH012,SouthEast Warehouse 012,SouthEast,183,30,2007.18,85,1,2026-05-24T00:00:00+07:00
INV-003000,SKU-0250,Grocery Item 0250,Grocery,WH012,SouthEast Warehouse 012,SouthEast,600,32,1191.10,101,1,2026-05-24T00:00:00+07:00
INV-003001,SKU-0001,Industrial Item 0001,Industrial,WH013,SouthEast Warehouse 013,SouthEast,218,7,1462.14,88,1,2026-05-24T00:00:00+07:00
INV-003002,SKU-0002,Electronics Item 0002,Electronics,WH013,SouthEast Warehouse 013,SouthEast,570,61,23.21,84,1,2026-05-24T00:00:00+07:00
INV-003003,SKU-0003,Home Item 0003,Home,WH013,SouthEast Warehouse 013,SouthEast,158,34,139.88,87,1,2026-05-24T00:00:00+07:00
INV-003004,SKU-0004,Grocery Item 0004,Grocery,WH013,SouthEast Warehouse 013,SouthEast,445,47,215.39,94,1,2026-05-24T00:00:00+07:00
INV-003005,SKU-0005,Fashion Item 0005,Fashion,WH013,SouthEast Warehouse 013,SouthEast,578,45,34.47,115,1,2026-05-24T00:00:00+07:00
INV-003006,SKU-0006,Industrial Item 0006,Industrial,WH013,SouthEast Warehouse 013,SouthEast,313,8,114.28,38,1,2026-05-24T00:00:00+07:00
INV-003007,SKU-0007,Electronics Item 0007,Electronics,WH013,SouthEast Warehouse 013,SouthEast,723,36,281.43,103,1,2026-05-24T00:00:00+07:00
INV-003008,SKU-0008,Home Item 0008,Home,WH013,SouthEast Warehouse 013,SouthEast,554,66,1143.47,61,1,2026-05-24T00:00:00+07:00
INV-003009,SKU-0009,Grocery Item 0009,Grocery,WH013,SouthEast Warehouse 013,SouthEast,485,0,1092.98,61,1,2026-05-24T00:00:00+07:00
INV-003010,SKU-0010,Fashion Item 0010,Fashion,WH013,SouthEast Warehouse 013,SouthEast,489,65,1166.32,110,1,2026-05-24T00:00:00+07:00
INV-003011,SKU-0011,Industrial Item 0011,Industrial,WH013,SouthEast Warehouse 013,SouthEast,555,69,1315.21,84,1,2026-05-24T00:00:00+07:00
INV-003012,SKU-0012,Electronics Item 0012,Electronics,WH013,SouthEast Warehouse 013,SouthEast,791,78,1247.00,33,1,2026-05-24T00:00:00+07:00
INV-003013,SKU-0013,Home Item 0013,Home,WH013,SouthEast Warehouse 013,SouthEast,390,39,2241.89,25,1,2026-05-24T00:00:00+07:00
INV-003014,SKU-0014,Grocery Item 0014,Grocery,WH013,SouthEast Warehouse 013,SouthEast,503,29,2392.76,103,1,2026-05-24T00:00:00+07:00
INV-003015,SKU-0015,Fashion Item 0015,Fashion,WH013,SouthEast Warehouse 013,SouthEast,136,31,149.84,87,1,2026-05-24T00:00:00+07:00
INV-003016,SKU-0016,Industrial Item 0016,Industrial,WH013,SouthEast Warehouse 013,SouthEast,248,14,2391.82,71,1,2026-05-24T00:00:00+07:00
INV-003017,SKU-0017,Electronics Item 0017,Electronics,WH013,SouthEast Warehouse 013,SouthEast,110,10,648.27,97,1,2026-05-24T00:00:00+07:00
INV-003018,SKU-0018,Home Item 0018,Home,WH013,SouthEast Warehouse 013,SouthEast,563,8,421.51,104,1,2026-05-24T00:00:00+07:00
INV-003019,SKU-0019,Grocery Item 0019,Grocery,WH013,SouthEast Warehouse 013,SouthEast,370,74,463.86,97,1,2026-05-24T00:00:00+07:00
INV-003020,SKU-0020,Fashion Item 0020,Fashion,WH013,SouthEast Warehouse 013,SouthEast,212,15,2059.16,92,1,2026-05-24T00:00:00+07:00
INV-003021,SKU-0021,Industrial Item 0021,Industrial,WH013,SouthEast Warehouse 013,SouthEast,173,19,1672.81,91,1,2026-05-24T00:00:00+07:00
INV-003022,SKU-0022,Electronics Item 0022,Electronics,WH013,SouthEast Warehouse 013,SouthEast,192,37,446.39,37,1,2026-05-24T00:00:00+07:00
INV-003023,SKU-0023,Home Item 0023,Home,WH013,SouthEast Warehouse 013,SouthEast,100,17,107.91,110,1,2026-05-24T00:00:00+07:00
INV-003024,SKU-0024,Grocery Item 0024,Grocery,WH013,SouthEast Warehouse 013,SouthEast,403,34,237.89,67,1,2026-05-24T00:00:00+07:00
INV-003025,SKU-0025,Fashion Item 0025,Fashion,WH013,SouthEast Warehouse 013,SouthEast,96,12,2315.62,62,1,2026-05-24T00:00:00+07:00
INV-003026,SKU-0026,Industrial Item 0026,Industrial,WH013,SouthEast Warehouse 013,SouthEast,677,10,2308.45,58,1,2026-05-24T00:00:00+07:00
INV-003027,SKU-0027,Electronics Item 0027,Electronics,WH013,SouthEast Warehouse 013,SouthEast,799,73,2076.56,102,1,2026-05-24T00:00:00+07:00
INV-003028,SKU-0028,Home Item 0028,Home,WH013,SouthEast Warehouse 013,SouthEast,294,24,1176.12,59,1,2026-05-24T00:00:00+07:00
INV-003029,SKU-0029,Grocery Item 0029,Grocery,WH013,SouthEast Warehouse 013,SouthEast,410,49,2445.33,29,1,2026-05-24T00:00:00+07:00
INV-003030,SKU-0030,Fashion Item 0030,Fashion,WH013,SouthEast Warehouse 013,SouthEast,719,26,653.51,32,1,2026-05-24T00:00:00+07:00
INV-003031,SKU-0031,Industrial Item 0031,Industrial,WH013,SouthEast Warehouse 013,SouthEast,713,47,710.46,52,1,2026-05-24T00:00:00+07:00
INV-003032,SKU-0032,Electronics Item 0032,Electronics,WH013,SouthEast Warehouse 013,SouthEast,484,12,1973.48,28,1,2026-05-24T00:00:00+07:00
INV-003033,SKU-0033,Home Item 0033,Home,WH013,SouthEast Warehouse 013,SouthEast,199,3,1100.93,108,1,2026-05-24T00:00:00+07:00
INV-003034,SKU-0034,Grocery Item 0034,Grocery,WH013,SouthEast Warehouse 013,SouthEast,535,73,1904.57,55,1,2026-05-24T00:00:00+07:00
INV-003035,SKU-0035,Fashion Item 0035,Fashion,WH013,SouthEast Warehouse 013,SouthEast,686,59,1123.94,77,1,2026-05-24T00:00:00+07:00
INV-003036,SKU-0036,Industrial Item 0036,Industrial,WH013,SouthEast Warehouse 013,SouthEast,225,12,2496.25,103,1,2026-05-24T00:00:00+07:00
INV-003037,SKU-0037,Electronics Item 0037,Electronics,WH013,SouthEast Warehouse 013,SouthEast,661,9,1879.35,28,1,2026-05-24T00:00:00+07:00
INV-003038,SKU-0038,Home Item 0038,Home,WH013,SouthEast Warehouse 013,SouthEast,554,76,251.60,102,1,2026-05-24T00:00:00+07:00
INV-003039,SKU-0039,Grocery Item 0039,Grocery,WH013,SouthEast Warehouse 013,SouthEast,523,8,829.91,97,1,2026-05-24T00:00:00+07:00
INV-003040,SKU-0040,Fashion Item 0040,Fashion,WH013,SouthEast Warehouse 013,SouthEast,589,2,1299.01,72,1,2026-05-24T00:00:00+07:00
INV-003041,SKU-0041,Industrial Item 0041,Industrial,WH013,SouthEast Warehouse 013,SouthEast,517,26,2380.68,51,1,2026-05-24T00:00:00+07:00
INV-003042,SKU-0042,Electronics Item 0042,Electronics,WH013,SouthEast Warehouse 013,SouthEast,466,63,1836.76,30,1,2026-05-24T00:00:00+07:00
INV-003043,SKU-0043,Home Item 0043,Home,WH013,SouthEast Warehouse 013,SouthEast,153,7,1226.52,63,1,2026-05-24T00:00:00+07:00
INV-003044,SKU-0044,Grocery Item 0044,Grocery,WH013,SouthEast Warehouse 013,SouthEast,744,22,1265.72,30,1,2026-05-24T00:00:00+07:00
INV-003045,SKU-0045,Fashion Item 0045,Fashion,WH013,SouthEast Warehouse 013,SouthEast,114,24,144.30,52,1,2026-05-24T00:00:00+07:00
INV-003046,SKU-0046,Industrial Item 0046,Industrial,WH013,SouthEast Warehouse 013,SouthEast,351,12,1850.16,31,1,2026-05-24T00:00:00+07:00
INV-003047,SKU-0047,Electronics Item 0047,Electronics,WH013,SouthEast Warehouse 013,SouthEast,593,42,945.73,61,1,2026-05-24T00:00:00+07:00
INV-003048,SKU-0048,Home Item 0048,Home,WH013,SouthEast Warehouse 013,SouthEast,106,16,741.16,95,1,2026-05-24T00:00:00+07:00
INV-003049,SKU-0049,Grocery Item 0049,Grocery,WH013,SouthEast Warehouse 013,SouthEast,615,76,2059.39,95,1,2026-05-24T00:00:00+07:00
INV-003050,SKU-0050,Fashion Item 0050,Fashion,WH013,SouthEast Warehouse 013,SouthEast,586,74,236.50,44,1,2026-05-24T00:00:00+07:00
INV-003051,SKU-0051,Industrial Item 0051,Industrial,WH013,SouthEast Warehouse 013,SouthEast,721,66,1383.19,95,1,2026-05-24T00:00:00+07:00
INV-003052,SKU-0052,Electronics Item 0052,Electronics,WH013,SouthEast Warehouse 013,SouthEast,183,0,1442.31,46,1,2026-05-24T00:00:00+07:00
INV-003053,SKU-0053,Home Item 0053,Home,WH013,SouthEast Warehouse 013,SouthEast,691,70,25.42,39,1,2026-05-24T00:00:00+07:00
INV-003054,SKU-0054,Grocery Item 0054,Grocery,WH013,SouthEast Warehouse 013,SouthEast,110,8,1034.74,85,1,2026-05-24T00:00:00+07:00
INV-003055,SKU-0055,Fashion Item 0055,Fashion,WH013,SouthEast Warehouse 013,SouthEast,192,30,1855.40,34,1,2026-05-24T00:00:00+07:00
INV-003056,SKU-0056,Industrial Item 0056,Industrial,WH013,SouthEast Warehouse 013,SouthEast,262,45,1420.84,111,1,2026-05-24T00:00:00+07:00
INV-003057,SKU-0057,Electronics Item 0057,Electronics,WH013,SouthEast Warehouse 013,SouthEast,253,13,2390.56,34,1,2026-05-24T00:00:00+07:00
INV-003058,SKU-0058,Home Item 0058,Home,WH013,SouthEast Warehouse 013,SouthEast,736,0,1395.93,29,1,2026-05-24T00:00:00+07:00
INV-003059,SKU-0059,Grocery Item 0059,Grocery,WH013,SouthEast Warehouse 013,SouthEast,370,33,871.91,85,1,2026-05-24T00:00:00+07:00
INV-003060,SKU-0060,Fashion Item 0060,Fashion,WH013,SouthEast Warehouse 013,SouthEast,677,19,2465.13,73,1,2026-05-24T00:00:00+07:00
INV-003061,SKU-0061,Industrial Item 0061,Industrial,WH013,SouthEast Warehouse 013,SouthEast,579,32,2058.69,95,1,2026-05-24T00:00:00+07:00
INV-003062,SKU-0062,Electronics Item 0062,Electronics,WH013,SouthEast Warehouse 013,SouthEast,232,34,1457.06,51,1,2026-05-24T00:00:00+07:00
INV-003063,SKU-0063,Home Item 0063,Home,WH013,SouthEast Warehouse 013,SouthEast,80,14,2185.24,94,1,2026-05-24T00:00:00+07:00
INV-003064,SKU-0064,Grocery Item 0064,Grocery,WH013,SouthEast Warehouse 013,SouthEast,658,61,2205.48,35,1,2026-05-24T00:00:00+07:00
INV-003065,SKU-0065,Fashion Item 0065,Fashion,WH013,SouthEast Warehouse 013,SouthEast,277,68,2416.16,95,1,2026-05-24T00:00:00+07:00
INV-003066,SKU-0066,Industrial Item 0066,Industrial,WH013,SouthEast Warehouse 013,SouthEast,97,2,458.20,73,1,2026-05-24T00:00:00+07:00
INV-003067,SKU-0067,Electronics Item 0067,Electronics,WH013,SouthEast Warehouse 013,SouthEast,228,18,1244.38,108,1,2026-05-24T00:00:00+07:00
INV-003068,SKU-0068,Home Item 0068,Home,WH013,SouthEast Warehouse 013,SouthEast,153,1,1198.19,27,1,2026-05-24T00:00:00+07:00
INV-003069,SKU-0069,Grocery Item 0069,Grocery,WH013,SouthEast Warehouse 013,SouthEast,450,45,250.68,110,1,2026-05-24T00:00:00+07:00
INV-003070,SKU-0070,Fashion Item 0070,Fashion,WH013,SouthEast Warehouse 013,SouthEast,497,26,567.49,83,1,2026-05-24T00:00:00+07:00
INV-003071,SKU-0071,Industrial Item 0071,Industrial,WH013,SouthEast Warehouse 013,SouthEast,238,20,432.20,33,1,2026-05-24T00:00:00+07:00
INV-003072,SKU-0072,Electronics Item 0072,Electronics,WH013,SouthEast Warehouse 013,SouthEast,621,67,1503.23,118,1,2026-05-24T00:00:00+07:00
INV-003073,SKU-0073,Home Item 0073,Home,WH013,SouthEast Warehouse 013,SouthEast,798,21,2209.57,105,1,2026-05-24T00:00:00+07:00
INV-003074,SKU-0074,Grocery Item 0074,Grocery,WH013,SouthEast Warehouse 013,SouthEast,468,66,184.48,32,1,2026-05-24T00:00:00+07:00
INV-003075,SKU-0075,Fashion Item 0075,Fashion,WH013,SouthEast Warehouse 013,SouthEast,727,72,1648.19,42,1,2026-05-24T00:00:00+07:00
INV-003076,SKU-0076,Industrial Item 0076,Industrial,WH013,SouthEast Warehouse 013,SouthEast,445,32,2408.18,51,1,2026-05-24T00:00:00+07:00
INV-003077,SKU-0077,Electronics Item 0077,Electronics,WH013,SouthEast Warehouse 013,SouthEast,547,52,1422.06,60,1,2026-05-24T00:00:00+07:00
INV-003078,SKU-0078,Home Item 0078,Home,WH013,SouthEast Warehouse 013,SouthEast,168,29,1406.52,101,1,2026-05-24T00:00:00+07:00
INV-003079,SKU-0079,Grocery Item 0079,Grocery,WH013,SouthEast Warehouse 013,SouthEast,674,78,2376.77,82,1,2026-05-24T00:00:00+07:00
INV-003080,SKU-0080,Fashion Item 0080,Fashion,WH013,SouthEast Warehouse 013,SouthEast,243,32,2181.24,94,1,2026-05-24T00:00:00+07:00
INV-003081,SKU-0081,Industrial Item 0081,Industrial,WH013,SouthEast Warehouse 013,SouthEast,793,34,803.16,38,1,2026-05-24T00:00:00+07:00
INV-003082,SKU-0082,Electronics Item 0082,Electronics,WH013,SouthEast Warehouse 013,SouthEast,232,20,714.38,108,1,2026-05-24T00:00:00+07:00
INV-003083,SKU-0083,Home Item 0083,Home,WH013,SouthEast Warehouse 013,SouthEast,710,63,870.90,98,1,2026-05-24T00:00:00+07:00
INV-003084,SKU-0084,Grocery Item 0084,Grocery,WH013,SouthEast Warehouse 013,SouthEast,738,33,2151.73,30,1,2026-05-24T00:00:00+07:00
INV-003085,SKU-0085,Fashion Item 0085,Fashion,WH013,SouthEast Warehouse 013,SouthEast,636,17,1129.73,51,1,2026-05-24T00:00:00+07:00
INV-003086,SKU-0086,Industrial Item 0086,Industrial,WH013,SouthEast Warehouse 013,SouthEast,452,51,647.22,113,1,2026-05-24T00:00:00+07:00
INV-003087,SKU-0087,Electronics Item 0087,Electronics,WH013,SouthEast Warehouse 013,SouthEast,551,26,481.91,107,1,2026-05-24T00:00:00+07:00
INV-003088,SKU-0088,Home Item 0088,Home,WH013,SouthEast Warehouse 013,SouthEast,599,51,1652.62,34,1,2026-05-24T00:00:00+07:00
INV-003089,SKU-0089,Grocery Item 0089,Grocery,WH013,SouthEast Warehouse 013,SouthEast,331,61,1332.42,45,1,2026-05-24T00:00:00+07:00
INV-003090,SKU-0090,Fashion Item 0090,Fashion,WH013,SouthEast Warehouse 013,SouthEast,116,23,685.48,69,1,2026-05-24T00:00:00+07:00
INV-003091,SKU-0091,Industrial Item 0091,Industrial,WH013,SouthEast Warehouse 013,SouthEast,139,25,2414.52,65,1,2026-05-24T00:00:00+07:00
INV-003092,SKU-0092,Electronics Item 0092,Electronics,WH013,SouthEast Warehouse 013,SouthEast,650,73,373.52,114,1,2026-05-24T00:00:00+07:00
INV-003093,SKU-0093,Home Item 0093,Home,WH013,SouthEast Warehouse 013,SouthEast,795,3,405.60,112,1,2026-05-24T00:00:00+07:00
INV-003094,SKU-0094,Grocery Item 0094,Grocery,WH013,SouthEast Warehouse 013,SouthEast,777,25,260.44,67,1,2026-05-24T00:00:00+07:00
INV-003095,SKU-0095,Fashion Item 0095,Fashion,WH013,SouthEast Warehouse 013,SouthEast,594,48,1119.51,96,1,2026-05-24T00:00:00+07:00
INV-003096,SKU-0096,Industrial Item 0096,Industrial,WH013,SouthEast Warehouse 013,SouthEast,281,1,502.84,55,1,2026-05-24T00:00:00+07:00
INV-003097,SKU-0097,Electronics Item 0097,Electronics,WH013,SouthEast Warehouse 013,SouthEast,427,29,1374.10,76,1,2026-05-24T00:00:00+07:00
INV-003098,SKU-0098,Home Item 0098,Home,WH013,SouthEast Warehouse 013,SouthEast,533,66,816.00,106,1,2026-05-24T00:00:00+07:00
INV-003099,SKU-0099,Grocery Item 0099,Grocery,WH013,SouthEast Warehouse 013,SouthEast,366,60,1423.80,30,1,2026-05-24T00:00:00+07:00
INV-003100,SKU-0100,Fashion Item 0100,Fashion,WH013,SouthEast Warehouse 013,SouthEast,639,47,1116.77,35,1,2026-05-24T00:00:00+07:00
INV-003101,SKU-0101,Industrial Item 0101,Industrial,WH013,SouthEast Warehouse 013,SouthEast,495,35,1917.60,39,1,2026-05-24T00:00:00+07:00
INV-003102,SKU-0102,Electronics Item 0102,Electronics,WH013,SouthEast Warehouse 013,SouthEast,541,77,349.63,31,1,2026-05-24T00:00:00+07:00
INV-003103,SKU-0103,Home Item 0103,Home,WH013,SouthEast Warehouse 013,SouthEast,209,9,2201.24,50,1,2026-05-24T00:00:00+07:00
INV-003104,SKU-0104,Grocery Item 0104,Grocery,WH013,SouthEast Warehouse 013,SouthEast,663,66,1530.99,61,1,2026-05-24T00:00:00+07:00
INV-003105,SKU-0105,Fashion Item 0105,Fashion,WH013,SouthEast Warehouse 013,SouthEast,272,41,1626.04,114,1,2026-05-24T00:00:00+07:00
INV-003106,SKU-0106,Industrial Item 0106,Industrial,WH013,SouthEast Warehouse 013,SouthEast,309,60,1167.82,93,1,2026-05-24T00:00:00+07:00
INV-003107,SKU-0107,Electronics Item 0107,Electronics,WH013,SouthEast Warehouse 013,SouthEast,389,14,876.53,44,1,2026-05-24T00:00:00+07:00
INV-003108,SKU-0108,Home Item 0108,Home,WH013,SouthEast Warehouse 013,SouthEast,430,6,1827.92,47,1,2026-05-24T00:00:00+07:00
INV-003109,SKU-0109,Grocery Item 0109,Grocery,WH013,SouthEast Warehouse 013,SouthEast,113,10,814.08,82,1,2026-05-24T00:00:00+07:00
INV-003110,SKU-0110,Fashion Item 0110,Fashion,WH013,SouthEast Warehouse 013,SouthEast,583,54,2103.34,115,1,2026-05-24T00:00:00+07:00
INV-003111,SKU-0111,Industrial Item 0111,Industrial,WH013,SouthEast Warehouse 013,SouthEast,192,42,1012.35,41,1,2026-05-24T00:00:00+07:00
INV-003112,SKU-0112,Electronics Item 0112,Electronics,WH013,SouthEast Warehouse 013,SouthEast,658,70,420.60,53,1,2026-05-24T00:00:00+07:00
INV-003113,SKU-0113,Home Item 0113,Home,WH013,SouthEast Warehouse 013,SouthEast,249,42,887.61,89,1,2026-05-24T00:00:00+07:00
INV-003114,SKU-0114,Grocery Item 0114,Grocery,WH013,SouthEast Warehouse 013,SouthEast,153,22,857.28,41,1,2026-05-24T00:00:00+07:00
INV-003115,SKU-0115,Fashion Item 0115,Fashion,WH013,SouthEast Warehouse 013,SouthEast,129,15,1811.12,61,1,2026-05-24T00:00:00+07:00
INV-003116,SKU-0116,Industrial Item 0116,Industrial,WH013,SouthEast Warehouse 013,SouthEast,602,62,432.50,113,1,2026-05-24T00:00:00+07:00
INV-003117,SKU-0117,Electronics Item 0117,Electronics,WH013,SouthEast Warehouse 013,SouthEast,200,14,2294.28,107,1,2026-05-24T00:00:00+07:00
INV-003118,SKU-0118,Home Item 0118,Home,WH013,SouthEast Warehouse 013,SouthEast,586,46,1589.72,85,1,2026-05-24T00:00:00+07:00
INV-003119,SKU-0119,Grocery Item 0119,Grocery,WH013,SouthEast Warehouse 013,SouthEast,349,55,394.39,40,1,2026-05-24T00:00:00+07:00
INV-003120,SKU-0120,Fashion Item 0120,Fashion,WH013,SouthEast Warehouse 013,SouthEast,579,51,1725.74,118,1,2026-05-24T00:00:00+07:00
INV-003121,SKU-0121,Industrial Item 0121,Industrial,WH013,SouthEast Warehouse 013,SouthEast,176,29,154.48,27,1,2026-05-24T00:00:00+07:00
INV-003122,SKU-0122,Electronics Item 0122,Electronics,WH013,SouthEast Warehouse 013,SouthEast,105,2,1241.94,66,1,2026-05-24T00:00:00+07:00
INV-003123,SKU-0123,Home Item 0123,Home,WH013,SouthEast Warehouse 013,SouthEast,197,36,1590.55,104,1,2026-05-24T00:00:00+07:00
INV-003124,SKU-0124,Grocery Item 0124,Grocery,WH013,SouthEast Warehouse 013,SouthEast,750,26,1962.06,97,1,2026-05-24T00:00:00+07:00
INV-003125,SKU-0125,Fashion Item 0125,Fashion,WH013,SouthEast Warehouse 013,SouthEast,534,73,969.68,65,1,2026-05-24T00:00:00+07:00
INV-003126,SKU-0126,Industrial Item 0126,Industrial,WH013,SouthEast Warehouse 013,SouthEast,446,34,1872.19,113,1,2026-05-24T00:00:00+07:00
INV-003127,SKU-0127,Electronics Item 0127,Electronics,WH013,SouthEast Warehouse 013,SouthEast,781,40,279.80,93,1,2026-05-24T00:00:00+07:00
INV-003128,SKU-0128,Home Item 0128,Home,WH013,SouthEast Warehouse 013,SouthEast,185,15,670.57,41,1,2026-05-24T00:00:00+07:00
INV-003129,SKU-0129,Grocery Item 0129,Grocery,WH013,SouthEast Warehouse 013,SouthEast,341,3,2276.96,116,1,2026-05-24T00:00:00+07:00
INV-003130,SKU-0130,Fashion Item 0130,Fashion,WH013,SouthEast Warehouse 013,SouthEast,662,18,2317.33,29,1,2026-05-24T00:00:00+07:00
INV-003131,SKU-0131,Industrial Item 0131,Industrial,WH013,SouthEast Warehouse 013,SouthEast,420,44,630.99,42,1,2026-05-24T00:00:00+07:00
INV-003132,SKU-0132,Electronics Item 0132,Electronics,WH013,SouthEast Warehouse 013,SouthEast,632,40,105.69,105,1,2026-05-24T00:00:00+07:00
INV-003133,SKU-0133,Home Item 0133,Home,WH013,SouthEast Warehouse 013,SouthEast,784,16,1705.72,101,1,2026-05-24T00:00:00+07:00
INV-003134,SKU-0134,Grocery Item 0134,Grocery,WH013,SouthEast Warehouse 013,SouthEast,452,23,1547.04,105,1,2026-05-24T00:00:00+07:00
INV-003135,SKU-0135,Fashion Item 0135,Fashion,WH013,SouthEast Warehouse 013,SouthEast,410,67,2233.78,78,1,2026-05-24T00:00:00+07:00
INV-003136,SKU-0136,Industrial Item 0136,Industrial,WH013,SouthEast Warehouse 013,SouthEast,673,38,1414.02,49,1,2026-05-24T00:00:00+07:00
INV-003137,SKU-0137,Electronics Item 0137,Electronics,WH013,SouthEast Warehouse 013,SouthEast,549,32,303.27,115,1,2026-05-24T00:00:00+07:00
INV-003138,SKU-0138,Home Item 0138,Home,WH013,SouthEast Warehouse 013,SouthEast,482,42,506.66,114,1,2026-05-24T00:00:00+07:00
INV-003139,SKU-0139,Grocery Item 0139,Grocery,WH013,SouthEast Warehouse 013,SouthEast,580,32,300.32,37,1,2026-05-24T00:00:00+07:00
INV-003140,SKU-0140,Fashion Item 0140,Fashion,WH013,SouthEast Warehouse 013,SouthEast,184,23,60.90,47,1,2026-05-24T00:00:00+07:00
INV-003141,SKU-0141,Industrial Item 0141,Industrial,WH013,SouthEast Warehouse 013,SouthEast,393,34,1719.70,41,1,2026-05-24T00:00:00+07:00
INV-003142,SKU-0142,Electronics Item 0142,Electronics,WH013,SouthEast Warehouse 013,SouthEast,458,23,1420.75,41,1,2026-05-24T00:00:00+07:00
INV-003143,SKU-0143,Home Item 0143,Home,WH013,SouthEast Warehouse 013,SouthEast,86,14,2098.90,42,1,2026-05-24T00:00:00+07:00
INV-003144,SKU-0144,Grocery Item 0144,Grocery,WH013,SouthEast Warehouse 013,SouthEast,295,66,1827.42,39,1,2026-05-24T00:00:00+07:00
INV-003145,SKU-0145,Fashion Item 0145,Fashion,WH013,SouthEast Warehouse 013,SouthEast,691,14,1890.83,120,1,2026-05-24T00:00:00+07:00
INV-003146,SKU-0146,Industrial Item 0146,Industrial,WH013,SouthEast Warehouse 013,SouthEast,466,2,1902.74,67,1,2026-05-24T00:00:00+07:00
INV-003147,SKU-0147,Electronics Item 0147,Electronics,WH013,SouthEast Warehouse 013,SouthEast,200,7,2475.19,100,1,2026-05-24T00:00:00+07:00
INV-003148,SKU-0148,Home Item 0148,Home,WH013,SouthEast Warehouse 013,SouthEast,515,40,1777.51,38,1,2026-05-24T00:00:00+07:00
INV-003149,SKU-0149,Grocery Item 0149,Grocery,WH013,SouthEast Warehouse 013,SouthEast,631,32,1099.25,32,1,2026-05-24T00:00:00+07:00
INV-003150,SKU-0150,Fashion Item 0150,Fashion,WH013,SouthEast Warehouse 013,SouthEast,172,37,1762.96,91,1,2026-05-24T00:00:00+07:00
INV-003151,SKU-0151,Industrial Item 0151,Industrial,WH013,SouthEast Warehouse 013,SouthEast,584,31,447.52,33,1,2026-05-24T00:00:00+07:00
INV-003152,SKU-0152,Electronics Item 0152,Electronics,WH013,SouthEast Warehouse 013,SouthEast,488,36,75.85,92,1,2026-05-24T00:00:00+07:00
INV-003153,SKU-0153,Home Item 0153,Home,WH013,SouthEast Warehouse 013,SouthEast,88,10,2067.66,42,1,2026-05-24T00:00:00+07:00
INV-003154,SKU-0154,Grocery Item 0154,Grocery,WH013,SouthEast Warehouse 013,SouthEast,343,7,569.36,108,1,2026-05-24T00:00:00+07:00
INV-003155,SKU-0155,Fashion Item 0155,Fashion,WH013,SouthEast Warehouse 013,SouthEast,662,18,632.19,76,1,2026-05-24T00:00:00+07:00
INV-003156,SKU-0156,Industrial Item 0156,Industrial,WH013,SouthEast Warehouse 013,SouthEast,248,59,1648.25,111,1,2026-05-24T00:00:00+07:00
INV-003157,SKU-0157,Electronics Item 0157,Electronics,WH013,SouthEast Warehouse 013,SouthEast,216,28,1011.74,117,1,2026-05-24T00:00:00+07:00
INV-003158,SKU-0158,Home Item 0158,Home,WH013,SouthEast Warehouse 013,SouthEast,219,28,1856.52,44,1,2026-05-24T00:00:00+07:00
INV-003159,SKU-0159,Grocery Item 0159,Grocery,WH013,SouthEast Warehouse 013,SouthEast,659,4,615.56,109,1,2026-05-24T00:00:00+07:00
INV-003160,SKU-0160,Fashion Item 0160,Fashion,WH013,SouthEast Warehouse 013,SouthEast,633,75,2212.64,75,1,2026-05-24T00:00:00+07:00
INV-003161,SKU-0161,Industrial Item 0161,Industrial,WH013,SouthEast Warehouse 013,SouthEast,629,77,2029.68,42,1,2026-05-24T00:00:00+07:00
INV-003162,SKU-0162,Electronics Item 0162,Electronics,WH013,SouthEast Warehouse 013,SouthEast,457,37,2252.01,105,1,2026-05-24T00:00:00+07:00
INV-003163,SKU-0163,Home Item 0163,Home,WH013,SouthEast Warehouse 013,SouthEast,145,21,70.37,26,1,2026-05-24T00:00:00+07:00
INV-003164,SKU-0164,Grocery Item 0164,Grocery,WH013,SouthEast Warehouse 013,SouthEast,103,21,716.12,32,1,2026-05-24T00:00:00+07:00
INV-003165,SKU-0165,Fashion Item 0165,Fashion,WH013,SouthEast Warehouse 013,SouthEast,787,78,1349.73,34,1,2026-05-24T00:00:00+07:00
INV-003166,SKU-0166,Industrial Item 0166,Industrial,WH013,SouthEast Warehouse 013,SouthEast,688,20,15.10,82,1,2026-05-24T00:00:00+07:00
INV-003167,SKU-0167,Electronics Item 0167,Electronics,WH013,SouthEast Warehouse 013,SouthEast,800,52,618.88,90,1,2026-05-24T00:00:00+07:00
INV-003168,SKU-0168,Home Item 0168,Home,WH013,SouthEast Warehouse 013,SouthEast,164,20,702.63,103,1,2026-05-24T00:00:00+07:00
INV-003169,SKU-0169,Grocery Item 0169,Grocery,WH013,SouthEast Warehouse 013,SouthEast,731,16,1774.06,109,1,2026-05-24T00:00:00+07:00
INV-003170,SKU-0170,Fashion Item 0170,Fashion,WH013,SouthEast Warehouse 013,SouthEast,716,67,280.49,62,1,2026-05-24T00:00:00+07:00
INV-003171,SKU-0171,Industrial Item 0171,Industrial,WH013,SouthEast Warehouse 013,SouthEast,651,54,74.96,68,1,2026-05-24T00:00:00+07:00
INV-003172,SKU-0172,Electronics Item 0172,Electronics,WH013,SouthEast Warehouse 013,SouthEast,347,38,631.05,103,1,2026-05-24T00:00:00+07:00
INV-003173,SKU-0173,Home Item 0173,Home,WH013,SouthEast Warehouse 013,SouthEast,494,64,1617.10,30,1,2026-05-24T00:00:00+07:00
INV-003174,SKU-0174,Grocery Item 0174,Grocery,WH013,SouthEast Warehouse 013,SouthEast,152,21,1550.30,71,1,2026-05-24T00:00:00+07:00
INV-003175,SKU-0175,Fashion Item 0175,Fashion,WH013,SouthEast Warehouse 013,SouthEast,786,66,2066.46,61,1,2026-05-24T00:00:00+07:00
INV-003176,SKU-0176,Industrial Item 0176,Industrial,WH013,SouthEast Warehouse 013,SouthEast,555,34,322.80,105,1,2026-05-24T00:00:00+07:00
INV-003177,SKU-0177,Electronics Item 0177,Electronics,WH013,SouthEast Warehouse 013,SouthEast,379,1,1784.57,47,1,2026-05-24T00:00:00+07:00
INV-003178,SKU-0178,Home Item 0178,Home,WH013,SouthEast Warehouse 013,SouthEast,782,19,1694.52,107,1,2026-05-24T00:00:00+07:00
INV-003179,SKU-0179,Grocery Item 0179,Grocery,WH013,SouthEast Warehouse 013,SouthEast,462,22,1488.66,38,1,2026-05-24T00:00:00+07:00
INV-003180,SKU-0180,Fashion Item 0180,Fashion,WH013,SouthEast Warehouse 013,SouthEast,631,35,2348.66,118,1,2026-05-24T00:00:00+07:00
INV-003181,SKU-0181,Industrial Item 0181,Industrial,WH013,SouthEast Warehouse 013,SouthEast,237,40,2445.49,118,1,2026-05-24T00:00:00+07:00
INV-003182,SKU-0182,Electronics Item 0182,Electronics,WH013,SouthEast Warehouse 013,SouthEast,717,56,2143.97,37,1,2026-05-24T00:00:00+07:00
INV-003183,SKU-0183,Home Item 0183,Home,WH013,SouthEast Warehouse 013,SouthEast,84,15,1255.99,67,1,2026-05-24T00:00:00+07:00
INV-003184,SKU-0184,Grocery Item 0184,Grocery,WH013,SouthEast Warehouse 013,SouthEast,510,47,475.50,34,1,2026-05-24T00:00:00+07:00
INV-003185,SKU-0185,Fashion Item 0185,Fashion,WH013,SouthEast Warehouse 013,SouthEast,664,78,635.75,85,1,2026-05-24T00:00:00+07:00
INV-003186,SKU-0186,Industrial Item 0186,Industrial,WH013,SouthEast Warehouse 013,SouthEast,345,4,2358.84,38,1,2026-05-24T00:00:00+07:00
INV-003187,SKU-0187,Electronics Item 0187,Electronics,WH013,SouthEast Warehouse 013,SouthEast,549,15,915.29,89,1,2026-05-24T00:00:00+07:00
INV-003188,SKU-0188,Home Item 0188,Home,WH013,SouthEast Warehouse 013,SouthEast,425,34,824.78,48,1,2026-05-24T00:00:00+07:00
INV-003189,SKU-0189,Grocery Item 0189,Grocery,WH013,SouthEast Warehouse 013,SouthEast,160,0,2149.10,98,1,2026-05-24T00:00:00+07:00
INV-003190,SKU-0190,Fashion Item 0190,Fashion,WH013,SouthEast Warehouse 013,SouthEast,577,66,2498.49,71,1,2026-05-24T00:00:00+07:00
INV-003191,SKU-0191,Industrial Item 0191,Industrial,WH013,SouthEast Warehouse 013,SouthEast,173,43,1209.57,41,1,2026-05-24T00:00:00+07:00
INV-003192,SKU-0192,Electronics Item 0192,Electronics,WH013,SouthEast Warehouse 013,SouthEast,587,17,54.36,26,1,2026-05-24T00:00:00+07:00
INV-003193,SKU-0193,Home Item 0193,Home,WH013,SouthEast Warehouse 013,SouthEast,292,55,803.49,95,1,2026-05-24T00:00:00+07:00
INV-003194,SKU-0194,Grocery Item 0194,Grocery,WH013,SouthEast Warehouse 013,SouthEast,547,52,1925.58,27,1,2026-05-24T00:00:00+07:00
INV-003195,SKU-0195,Fashion Item 0195,Fashion,WH013,SouthEast Warehouse 013,SouthEast,205,44,1305.61,71,1,2026-05-24T00:00:00+07:00
INV-003196,SKU-0196,Industrial Item 0196,Industrial,WH013,SouthEast Warehouse 013,SouthEast,402,69,252.85,112,1,2026-05-24T00:00:00+07:00
INV-003197,SKU-0197,Electronics Item 0197,Electronics,WH013,SouthEast Warehouse 013,SouthEast,440,37,898.58,56,1,2026-05-24T00:00:00+07:00
INV-003198,SKU-0198,Home Item 0198,Home,WH013,SouthEast Warehouse 013,SouthEast,96,15,2086.32,28,1,2026-05-24T00:00:00+07:00
INV-003199,SKU-0199,Grocery Item 0199,Grocery,WH013,SouthEast Warehouse 013,SouthEast,294,58,457.90,78,1,2026-05-24T00:00:00+07:00
INV-003200,SKU-0200,Fashion Item 0200,Fashion,WH013,SouthEast Warehouse 013,SouthEast,368,10,2297.94,46,1,2026-05-24T00:00:00+07:00
INV-003201,SKU-0201,Industrial Item 0201,Industrial,WH013,SouthEast Warehouse 013,SouthEast,616,40,517.94,92,1,2026-05-24T00:00:00+07:00
INV-003202,SKU-0202,Electronics Item 0202,Electronics,WH013,SouthEast Warehouse 013,SouthEast,281,27,1127.30,34,1,2026-05-24T00:00:00+07:00
INV-003203,SKU-0203,Home Item 0203,Home,WH013,SouthEast Warehouse 013,SouthEast,293,18,169.07,83,1,2026-05-24T00:00:00+07:00
INV-003204,SKU-0204,Grocery Item 0204,Grocery,WH013,SouthEast Warehouse 013,SouthEast,237,31,379.19,38,1,2026-05-24T00:00:00+07:00
INV-003205,SKU-0205,Fashion Item 0205,Fashion,WH013,SouthEast Warehouse 013,SouthEast,390,26,197.49,39,1,2026-05-24T00:00:00+07:00
INV-003206,SKU-0206,Industrial Item 0206,Industrial,WH013,SouthEast Warehouse 013,SouthEast,431,57,935.62,45,1,2026-05-24T00:00:00+07:00
INV-003207,SKU-0207,Electronics Item 0207,Electronics,WH013,SouthEast Warehouse 013,SouthEast,654,60,371.00,95,1,2026-05-24T00:00:00+07:00
INV-003208,SKU-0208,Home Item 0208,Home,WH013,SouthEast Warehouse 013,SouthEast,639,25,1081.85,93,1,2026-05-24T00:00:00+07:00
INV-003209,SKU-0209,Grocery Item 0209,Grocery,WH013,SouthEast Warehouse 013,SouthEast,374,34,2484.81,109,1,2026-05-24T00:00:00+07:00
INV-003210,SKU-0210,Fashion Item 0210,Fashion,WH013,SouthEast Warehouse 013,SouthEast,531,78,32.26,49,1,2026-05-24T00:00:00+07:00
INV-003211,SKU-0211,Industrial Item 0211,Industrial,WH013,SouthEast Warehouse 013,SouthEast,174,22,39.85,74,1,2026-05-24T00:00:00+07:00
INV-003212,SKU-0212,Electronics Item 0212,Electronics,WH013,SouthEast Warehouse 013,SouthEast,263,43,1411.42,31,1,2026-05-24T00:00:00+07:00
INV-003213,SKU-0213,Home Item 0213,Home,WH013,SouthEast Warehouse 013,SouthEast,89,8,1817.61,54,1,2026-05-24T00:00:00+07:00
INV-003214,SKU-0214,Grocery Item 0214,Grocery,WH013,SouthEast Warehouse 013,SouthEast,343,77,1476.47,84,1,2026-05-24T00:00:00+07:00
INV-003215,SKU-0215,Fashion Item 0215,Fashion,WH013,SouthEast Warehouse 013,SouthEast,746,25,1973.55,56,1,2026-05-24T00:00:00+07:00
INV-003216,SKU-0216,Industrial Item 0216,Industrial,WH013,SouthEast Warehouse 013,SouthEast,308,25,1240.94,68,1,2026-05-24T00:00:00+07:00
INV-003217,SKU-0217,Electronics Item 0217,Electronics,WH013,SouthEast Warehouse 013,SouthEast,610,8,68.73,31,1,2026-05-24T00:00:00+07:00
INV-003218,SKU-0218,Home Item 0218,Home,WH013,SouthEast Warehouse 013,SouthEast,210,24,2193.38,48,1,2026-05-24T00:00:00+07:00
INV-003219,SKU-0219,Grocery Item 0219,Grocery,WH013,SouthEast Warehouse 013,SouthEast,282,32,2422.66,87,1,2026-05-24T00:00:00+07:00
INV-003220,SKU-0220,Fashion Item 0220,Fashion,WH013,SouthEast Warehouse 013,SouthEast,725,32,1882.43,49,1,2026-05-24T00:00:00+07:00
INV-003221,SKU-0221,Industrial Item 0221,Industrial,WH013,SouthEast Warehouse 013,SouthEast,661,36,1586.40,48,1,2026-05-24T00:00:00+07:00
INV-003222,SKU-0222,Electronics Item 0222,Electronics,WH013,SouthEast Warehouse 013,SouthEast,402,25,678.49,48,1,2026-05-24T00:00:00+07:00
INV-003223,SKU-0223,Home Item 0223,Home,WH013,SouthEast Warehouse 013,SouthEast,354,25,2483.90,34,1,2026-05-24T00:00:00+07:00
INV-003224,SKU-0224,Grocery Item 0224,Grocery,WH013,SouthEast Warehouse 013,SouthEast,201,32,1141.81,109,1,2026-05-24T00:00:00+07:00
INV-003225,SKU-0225,Fashion Item 0225,Fashion,WH013,SouthEast Warehouse 013,SouthEast,623,46,1992.01,69,1,2026-05-24T00:00:00+07:00
INV-003226,SKU-0226,Industrial Item 0226,Industrial,WH013,SouthEast Warehouse 013,SouthEast,290,31,1620.10,78,1,2026-05-24T00:00:00+07:00
INV-003227,SKU-0227,Electronics Item 0227,Electronics,WH013,SouthEast Warehouse 013,SouthEast,137,34,2403.28,78,1,2026-05-24T00:00:00+07:00
INV-003228,SKU-0228,Home Item 0228,Home,WH013,SouthEast Warehouse 013,SouthEast,242,46,2059.47,117,1,2026-05-24T00:00:00+07:00
INV-003229,SKU-0229,Grocery Item 0229,Grocery,WH013,SouthEast Warehouse 013,SouthEast,197,2,2011.36,88,1,2026-05-24T00:00:00+07:00
INV-003230,SKU-0230,Fashion Item 0230,Fashion,WH013,SouthEast Warehouse 013,SouthEast,686,10,909.22,61,1,2026-05-24T00:00:00+07:00
INV-003231,SKU-0231,Industrial Item 0231,Industrial,WH013,SouthEast Warehouse 013,SouthEast,443,1,962.41,54,1,2026-05-24T00:00:00+07:00
INV-003232,SKU-0232,Electronics Item 0232,Electronics,WH013,SouthEast Warehouse 013,SouthEast,771,37,2482.45,56,1,2026-05-24T00:00:00+07:00
INV-003233,SKU-0233,Home Item 0233,Home,WH013,SouthEast Warehouse 013,SouthEast,300,75,253.01,51,1,2026-05-24T00:00:00+07:00
INV-003234,SKU-0234,Grocery Item 0234,Grocery,WH013,SouthEast Warehouse 013,SouthEast,258,11,619.14,120,1,2026-05-24T00:00:00+07:00
INV-003235,SKU-0235,Fashion Item 0235,Fashion,WH013,SouthEast Warehouse 013,SouthEast,81,10,1082.52,75,1,2026-05-24T00:00:00+07:00
INV-003236,SKU-0236,Industrial Item 0236,Industrial,WH013,SouthEast Warehouse 013,SouthEast,348,32,1094.41,25,1,2026-05-24T00:00:00+07:00
INV-003237,SKU-0237,Electronics Item 0237,Electronics,WH013,SouthEast Warehouse 013,SouthEast,576,62,2415.36,66,1,2026-05-24T00:00:00+07:00
INV-003238,SKU-0238,Home Item 0238,Home,WH013,SouthEast Warehouse 013,SouthEast,653,61,967.97,26,1,2026-05-24T00:00:00+07:00
INV-003239,SKU-0239,Grocery Item 0239,Grocery,WH013,SouthEast Warehouse 013,SouthEast,105,17,1692.37,70,1,2026-05-24T00:00:00+07:00
INV-003240,SKU-0240,Fashion Item 0240,Fashion,WH013,SouthEast Warehouse 013,SouthEast,568,51,1479.07,80,1,2026-05-24T00:00:00+07:00
INV-003241,SKU-0241,Industrial Item 0241,Industrial,WH013,SouthEast Warehouse 013,SouthEast,185,22,1457.68,58,1,2026-05-24T00:00:00+07:00
INV-003242,SKU-0242,Electronics Item 0242,Electronics,WH013,SouthEast Warehouse 013,SouthEast,150,18,1724.43,56,1,2026-05-24T00:00:00+07:00
INV-003243,SKU-0243,Home Item 0243,Home,WH013,SouthEast Warehouse 013,SouthEast,253,57,1869.10,49,1,2026-05-24T00:00:00+07:00
INV-003244,SKU-0244,Grocery Item 0244,Grocery,WH013,SouthEast Warehouse 013,SouthEast,229,13,133.70,43,1,2026-05-24T00:00:00+07:00
INV-003245,SKU-0245,Fashion Item 0245,Fashion,WH013,SouthEast Warehouse 013,SouthEast,137,9,2491.31,89,1,2026-05-24T00:00:00+07:00
INV-003246,SKU-0246,Industrial Item 0246,Industrial,WH013,SouthEast Warehouse 013,SouthEast,610,2,1593.63,56,1,2026-05-24T00:00:00+07:00
INV-003247,SKU-0247,Electronics Item 0247,Electronics,WH013,SouthEast Warehouse 013,SouthEast,667,59,1220.91,37,1,2026-05-24T00:00:00+07:00
INV-003248,SKU-0248,Home Item 0248,Home,WH013,SouthEast Warehouse 013,SouthEast,263,8,691.77,80,1,2026-05-24T00:00:00+07:00
INV-003249,SKU-0249,Grocery Item 0249,Grocery,WH013,SouthEast Warehouse 013,SouthEast,585,61,944.40,70,1,2026-05-24T00:00:00+07:00
INV-003250,SKU-0250,Fashion Item 0250,Fashion,WH013,SouthEast Warehouse 013,SouthEast,769,34,1443.84,115,1,2026-05-24T00:00:00+07:00
INV-003251,SKU-0001,Electronics Item 0001,Electronics,WH014,SouthEast Warehouse 014,SouthEast,348,44,1146.79,28,1,2026-05-24T00:00:00+07:00
INV-003252,SKU-0002,Home Item 0002,Home,WH014,SouthEast Warehouse 014,SouthEast,286,13,1234.80,62,1,2026-05-24T00:00:00+07:00
INV-003253,SKU-0003,Grocery Item 0003,Grocery,WH014,SouthEast Warehouse 014,SouthEast,685,5,2395.51,76,1,2026-05-24T00:00:00+07:00
INV-003254,SKU-0004,Fashion Item 0004,Fashion,WH014,SouthEast Warehouse 014,SouthEast,263,20,121.92,103,1,2026-05-24T00:00:00+07:00
INV-003255,SKU-0005,Industrial Item 0005,Industrial,WH014,SouthEast Warehouse 014,SouthEast,755,60,170.05,39,1,2026-05-24T00:00:00+07:00
INV-003256,SKU-0006,Electronics Item 0006,Electronics,WH014,SouthEast Warehouse 014,SouthEast,257,64,648.99,119,1,2026-05-24T00:00:00+07:00
INV-003257,SKU-0007,Home Item 0007,Home,WH014,SouthEast Warehouse 014,SouthEast,537,59,29.59,27,1,2026-05-24T00:00:00+07:00
INV-003258,SKU-0008,Grocery Item 0008,Grocery,WH014,SouthEast Warehouse 014,SouthEast,391,29,1564.48,55,1,2026-05-24T00:00:00+07:00
INV-003259,SKU-0009,Fashion Item 0009,Fashion,WH014,SouthEast Warehouse 014,SouthEast,675,66,2053.45,58,1,2026-05-24T00:00:00+07:00
INV-003260,SKU-0010,Industrial Item 0010,Industrial,WH014,SouthEast Warehouse 014,SouthEast,662,69,804.58,78,1,2026-05-24T00:00:00+07:00
INV-003261,SKU-0011,Electronics Item 0011,Electronics,WH014,SouthEast Warehouse 014,SouthEast,683,65,1167.60,76,1,2026-05-24T00:00:00+07:00
INV-003262,SKU-0012,Home Item 0012,Home,WH014,SouthEast Warehouse 014,SouthEast,738,63,876.79,113,1,2026-05-24T00:00:00+07:00
INV-003263,SKU-0013,Grocery Item 0013,Grocery,WH014,SouthEast Warehouse 014,SouthEast,262,44,649.77,109,1,2026-05-24T00:00:00+07:00
INV-003264,SKU-0014,Fashion Item 0014,Fashion,WH014,SouthEast Warehouse 014,SouthEast,764,12,1698.39,30,1,2026-05-24T00:00:00+07:00
INV-003265,SKU-0015,Industrial Item 0015,Industrial,WH014,SouthEast Warehouse 014,SouthEast,353,13,176.39,32,1,2026-05-24T00:00:00+07:00
INV-003266,SKU-0016,Electronics Item 0016,Electronics,WH014,SouthEast Warehouse 014,SouthEast,735,15,2297.50,90,1,2026-05-24T00:00:00+07:00
INV-003267,SKU-0017,Home Item 0017,Home,WH014,SouthEast Warehouse 014,SouthEast,636,69,2334.03,105,1,2026-05-24T00:00:00+07:00
INV-003268,SKU-0018,Grocery Item 0018,Grocery,WH014,SouthEast Warehouse 014,SouthEast,588,56,305.56,32,1,2026-05-24T00:00:00+07:00
INV-003269,SKU-0019,Fashion Item 0019,Fashion,WH014,SouthEast Warehouse 014,SouthEast,335,20,210.78,56,1,2026-05-24T00:00:00+07:00
INV-003270,SKU-0020,Industrial Item 0020,Industrial,WH014,SouthEast Warehouse 014,SouthEast,700,20,2307.65,93,1,2026-05-24T00:00:00+07:00
INV-003271,SKU-0021,Electronics Item 0021,Electronics,WH014,SouthEast Warehouse 014,SouthEast,362,5,880.05,120,1,2026-05-24T00:00:00+07:00
INV-003272,SKU-0022,Home Item 0022,Home,WH014,SouthEast Warehouse 014,SouthEast,106,7,193.70,49,1,2026-05-24T00:00:00+07:00
INV-003273,SKU-0023,Grocery Item 0023,Grocery,WH014,SouthEast Warehouse 014,SouthEast,449,1,154.75,91,1,2026-05-24T00:00:00+07:00
INV-003274,SKU-0024,Fashion Item 0024,Fashion,WH014,SouthEast Warehouse 014,SouthEast,710,28,183.97,83,1,2026-05-24T00:00:00+07:00
INV-003275,SKU-0025,Industrial Item 0025,Industrial,WH014,SouthEast Warehouse 014,SouthEast,573,73,1219.75,41,1,2026-05-24T00:00:00+07:00
INV-003276,SKU-0026,Electronics Item 0026,Electronics,WH014,SouthEast Warehouse 014,SouthEast,404,48,1283.64,91,1,2026-05-24T00:00:00+07:00
INV-003277,SKU-0027,Home Item 0027,Home,WH014,SouthEast Warehouse 014,SouthEast,436,50,1016.96,118,1,2026-05-24T00:00:00+07:00
INV-003278,SKU-0028,Grocery Item 0028,Grocery,WH014,SouthEast Warehouse 014,SouthEast,457,26,606.78,30,1,2026-05-24T00:00:00+07:00
INV-003279,SKU-0029,Fashion Item 0029,Fashion,WH014,SouthEast Warehouse 014,SouthEast,250,11,579.91,72,1,2026-05-24T00:00:00+07:00
INV-003280,SKU-0030,Industrial Item 0030,Industrial,WH014,SouthEast Warehouse 014,SouthEast,96,17,1998.78,41,1,2026-05-24T00:00:00+07:00
INV-003281,SKU-0031,Electronics Item 0031,Electronics,WH014,SouthEast Warehouse 014,SouthEast,615,76,2283.49,92,1,2026-05-24T00:00:00+07:00
INV-003282,SKU-0032,Home Item 0032,Home,WH014,SouthEast Warehouse 014,SouthEast,234,35,1042.52,117,1,2026-05-24T00:00:00+07:00
INV-003283,SKU-0033,Grocery Item 0033,Grocery,WH014,SouthEast Warehouse 014,SouthEast,171,34,2485.13,81,1,2026-05-24T00:00:00+07:00
INV-003284,SKU-0034,Fashion Item 0034,Fashion,WH014,SouthEast Warehouse 014,SouthEast,354,19,2020.71,109,1,2026-05-24T00:00:00+07:00
INV-003285,SKU-0035,Industrial Item 0035,Industrial,WH014,SouthEast Warehouse 014,SouthEast,463,69,1521.60,44,1,2026-05-24T00:00:00+07:00
INV-003286,SKU-0036,Electronics Item 0036,Electronics,WH014,SouthEast Warehouse 014,SouthEast,341,19,1062.48,77,1,2026-05-24T00:00:00+07:00
INV-003287,SKU-0037,Home Item 0037,Home,WH014,SouthEast Warehouse 014,SouthEast,439,64,482.48,25,1,2026-05-24T00:00:00+07:00
INV-003288,SKU-0038,Grocery Item 0038,Grocery,WH014,SouthEast Warehouse 014,SouthEast,92,16,237.37,83,1,2026-05-24T00:00:00+07:00
INV-003289,SKU-0039,Fashion Item 0039,Fashion,WH014,SouthEast Warehouse 014,SouthEast,162,16,29.94,79,1,2026-05-24T00:00:00+07:00
INV-003290,SKU-0040,Industrial Item 0040,Industrial,WH014,SouthEast Warehouse 014,SouthEast,293,46,424.93,91,1,2026-05-24T00:00:00+07:00
INV-003291,SKU-0041,Electronics Item 0041,Electronics,WH014,SouthEast Warehouse 014,SouthEast,163,21,2353.49,75,1,2026-05-24T00:00:00+07:00
INV-003292,SKU-0042,Home Item 0042,Home,WH014,SouthEast Warehouse 014,SouthEast,707,59,11.96,104,1,2026-05-24T00:00:00+07:00
INV-003293,SKU-0043,Grocery Item 0043,Grocery,WH014,SouthEast Warehouse 014,SouthEast,774,33,465.50,76,1,2026-05-24T00:00:00+07:00
INV-003294,SKU-0044,Fashion Item 0044,Fashion,WH014,SouthEast Warehouse 014,SouthEast,427,11,1637.25,76,1,2026-05-24T00:00:00+07:00
INV-003295,SKU-0045,Industrial Item 0045,Industrial,WH014,SouthEast Warehouse 014,SouthEast,352,69,694.76,96,1,2026-05-24T00:00:00+07:00
INV-003296,SKU-0046,Electronics Item 0046,Electronics,WH014,SouthEast Warehouse 014,SouthEast,659,24,1527.60,78,1,2026-05-24T00:00:00+07:00
INV-003297,SKU-0047,Home Item 0047,Home,WH014,SouthEast Warehouse 014,SouthEast,737,5,2490.35,55,1,2026-05-24T00:00:00+07:00
INV-003298,SKU-0048,Grocery Item 0048,Grocery,WH014,SouthEast Warehouse 014,SouthEast,602,46,1478.84,35,1,2026-05-24T00:00:00+07:00
INV-003299,SKU-0049,Fashion Item 0049,Fashion,WH014,SouthEast Warehouse 014,SouthEast,777,60,1616.46,46,1,2026-05-24T00:00:00+07:00
INV-003300,SKU-0050,Industrial Item 0050,Industrial,WH014,SouthEast Warehouse 014,SouthEast,511,30,1272.41,48,1,2026-05-24T00:00:00+07:00
INV-003301,SKU-0051,Electronics Item 0051,Electronics,WH014,SouthEast Warehouse 014,SouthEast,104,16,1559.62,92,1,2026-05-24T00:00:00+07:00
INV-003302,SKU-0052,Home Item 0052,Home,WH014,SouthEast Warehouse 014,SouthEast,192,35,373.20,107,1,2026-05-24T00:00:00+07:00
INV-003303,SKU-0053,Grocery Item 0053,Grocery,WH014,SouthEast Warehouse 014,SouthEast,423,3,2133.84,102,1,2026-05-24T00:00:00+07:00
INV-003304,SKU-0054,Fashion Item 0054,Fashion,WH014,SouthEast Warehouse 014,SouthEast,288,31,941.41,30,1,2026-05-24T00:00:00+07:00
INV-003305,SKU-0055,Industrial Item 0055,Industrial,WH014,SouthEast Warehouse 014,SouthEast,482,51,577.22,75,1,2026-05-24T00:00:00+07:00
INV-003306,SKU-0056,Electronics Item 0056,Electronics,WH014,SouthEast Warehouse 014,SouthEast,594,30,1509.13,80,1,2026-05-24T00:00:00+07:00
INV-003307,SKU-0057,Home Item 0057,Home,WH014,SouthEast Warehouse 014,SouthEast,135,8,981.55,114,1,2026-05-24T00:00:00+07:00
INV-003308,SKU-0058,Grocery Item 0058,Grocery,WH014,SouthEast Warehouse 014,SouthEast,711,35,1761.04,113,1,2026-05-24T00:00:00+07:00
INV-003309,SKU-0059,Fashion Item 0059,Fashion,WH014,SouthEast Warehouse 014,SouthEast,227,56,1917.11,44,1,2026-05-24T00:00:00+07:00
INV-003310,SKU-0060,Industrial Item 0060,Industrial,WH014,SouthEast Warehouse 014,SouthEast,569,56,763.46,102,1,2026-05-24T00:00:00+07:00
INV-003311,SKU-0061,Electronics Item 0061,Electronics,WH014,SouthEast Warehouse 014,SouthEast,438,2,2460.81,115,1,2026-05-24T00:00:00+07:00
INV-003312,SKU-0062,Home Item 0062,Home,WH014,SouthEast Warehouse 014,SouthEast,197,16,255.58,89,1,2026-05-24T00:00:00+07:00
INV-003313,SKU-0063,Grocery Item 0063,Grocery,WH014,SouthEast Warehouse 014,SouthEast,257,45,555.75,42,1,2026-05-24T00:00:00+07:00
INV-003314,SKU-0064,Fashion Item 0064,Fashion,WH014,SouthEast Warehouse 014,SouthEast,457,45,209.14,115,1,2026-05-24T00:00:00+07:00
INV-003315,SKU-0065,Industrial Item 0065,Industrial,WH014,SouthEast Warehouse 014,SouthEast,239,15,1321.46,113,1,2026-05-24T00:00:00+07:00
INV-003316,SKU-0066,Electronics Item 0066,Electronics,WH014,SouthEast Warehouse 014,SouthEast,100,13,1501.07,65,1,2026-05-24T00:00:00+07:00
INV-003317,SKU-0067,Home Item 0067,Home,WH014,SouthEast Warehouse 014,SouthEast,515,13,2011.84,70,1,2026-05-24T00:00:00+07:00
INV-003318,SKU-0068,Grocery Item 0068,Grocery,WH014,SouthEast Warehouse 014,SouthEast,782,20,1911.64,72,1,2026-05-24T00:00:00+07:00
INV-003319,SKU-0069,Fashion Item 0069,Fashion,WH014,SouthEast Warehouse 014,SouthEast,379,38,1755.66,49,1,2026-05-24T00:00:00+07:00
INV-003320,SKU-0070,Industrial Item 0070,Industrial,WH014,SouthEast Warehouse 014,SouthEast,414,45,1038.50,90,1,2026-05-24T00:00:00+07:00
INV-003321,SKU-0071,Electronics Item 0071,Electronics,WH014,SouthEast Warehouse 014,SouthEast,380,3,315.02,61,1,2026-05-24T00:00:00+07:00
INV-003322,SKU-0072,Home Item 0072,Home,WH014,SouthEast Warehouse 014,SouthEast,501,23,1159.45,39,1,2026-05-24T00:00:00+07:00
INV-003323,SKU-0073,Grocery Item 0073,Grocery,WH014,SouthEast Warehouse 014,SouthEast,315,12,1061.54,118,1,2026-05-24T00:00:00+07:00
INV-003324,SKU-0074,Fashion Item 0074,Fashion,WH014,SouthEast Warehouse 014,SouthEast,429,18,659.38,85,1,2026-05-24T00:00:00+07:00
INV-003325,SKU-0075,Industrial Item 0075,Industrial,WH014,SouthEast Warehouse 014,SouthEast,473,55,542.70,97,1,2026-05-24T00:00:00+07:00
INV-003326,SKU-0076,Electronics Item 0076,Electronics,WH014,SouthEast Warehouse 014,SouthEast,227,15,1244.85,57,1,2026-05-24T00:00:00+07:00
INV-003327,SKU-0077,Home Item 0077,Home,WH014,SouthEast Warehouse 014,SouthEast,130,10,2305.14,60,1,2026-05-24T00:00:00+07:00
INV-003328,SKU-0078,Grocery Item 0078,Grocery,WH014,SouthEast Warehouse 014,SouthEast,329,67,719.28,84,1,2026-05-24T00:00:00+07:00
INV-003329,SKU-0079,Fashion Item 0079,Fashion,WH014,SouthEast Warehouse 014,SouthEast,632,65,753.01,44,1,2026-05-24T00:00:00+07:00
INV-003330,SKU-0080,Industrial Item 0080,Industrial,WH014,SouthEast Warehouse 014,SouthEast,447,4,943.80,50,1,2026-05-24T00:00:00+07:00
INV-003331,SKU-0081,Electronics Item 0081,Electronics,WH014,SouthEast Warehouse 014,SouthEast,426,16,374.02,102,1,2026-05-24T00:00:00+07:00
INV-003332,SKU-0082,Home Item 0082,Home,WH014,SouthEast Warehouse 014,SouthEast,660,54,1930.86,37,1,2026-05-24T00:00:00+07:00
INV-003333,SKU-0083,Grocery Item 0083,Grocery,WH014,SouthEast Warehouse 014,SouthEast,100,23,2492.15,44,1,2026-05-24T00:00:00+07:00
INV-003334,SKU-0084,Fashion Item 0084,Fashion,WH014,SouthEast Warehouse 014,SouthEast,200,34,609.29,93,1,2026-05-24T00:00:00+07:00
INV-003335,SKU-0085,Industrial Item 0085,Industrial,WH014,SouthEast Warehouse 014,SouthEast,471,58,59.98,57,1,2026-05-24T00:00:00+07:00
INV-003336,SKU-0086,Electronics Item 0086,Electronics,WH014,SouthEast Warehouse 014,SouthEast,112,20,542.03,90,1,2026-05-24T00:00:00+07:00
INV-003337,SKU-0087,Home Item 0087,Home,WH014,SouthEast Warehouse 014,SouthEast,465,8,2087.67,36,1,2026-05-24T00:00:00+07:00
INV-003338,SKU-0088,Grocery Item 0088,Grocery,WH014,SouthEast Warehouse 014,SouthEast,113,28,1962.28,103,1,2026-05-24T00:00:00+07:00
INV-003339,SKU-0089,Fashion Item 0089,Fashion,WH014,SouthEast Warehouse 014,SouthEast,279,64,2170.11,77,1,2026-05-24T00:00:00+07:00
INV-003340,SKU-0090,Industrial Item 0090,Industrial,WH014,SouthEast Warehouse 014,SouthEast,318,5,2338.73,30,1,2026-05-24T00:00:00+07:00
INV-003341,SKU-0091,Electronics Item 0091,Electronics,WH014,SouthEast Warehouse 014,SouthEast,609,46,341.90,117,1,2026-05-24T00:00:00+07:00
INV-003342,SKU-0092,Home Item 0092,Home,WH014,SouthEast Warehouse 014,SouthEast,372,41,914.12,55,1,2026-05-24T00:00:00+07:00
INV-003343,SKU-0093,Grocery Item 0093,Grocery,WH014,SouthEast Warehouse 014,SouthEast,760,53,1046.51,83,1,2026-05-24T00:00:00+07:00
INV-003344,SKU-0094,Fashion Item 0094,Fashion,WH014,SouthEast Warehouse 014,SouthEast,254,47,850.85,75,1,2026-05-24T00:00:00+07:00
INV-003345,SKU-0095,Industrial Item 0095,Industrial,WH014,SouthEast Warehouse 014,SouthEast,760,56,1924.33,99,1,2026-05-24T00:00:00+07:00
INV-003346,SKU-0096,Electronics Item 0096,Electronics,WH014,SouthEast Warehouse 014,SouthEast,758,50,1793.69,90,1,2026-05-24T00:00:00+07:00
INV-003347,SKU-0097,Home Item 0097,Home,WH014,SouthEast Warehouse 014,SouthEast,764,57,2071.22,34,1,2026-05-24T00:00:00+07:00
INV-003348,SKU-0098,Grocery Item 0098,Grocery,WH014,SouthEast Warehouse 014,SouthEast,499,19,1745.53,42,1,2026-05-24T00:00:00+07:00
INV-003349,SKU-0099,Fashion Item 0099,Fashion,WH014,SouthEast Warehouse 014,SouthEast,122,28,740.47,63,1,2026-05-24T00:00:00+07:00
INV-003350,SKU-0100,Industrial Item 0100,Industrial,WH014,SouthEast Warehouse 014,SouthEast,437,3,2491.18,112,1,2026-05-24T00:00:00+07:00
INV-003351,SKU-0101,Electronics Item 0101,Electronics,WH014,SouthEast Warehouse 014,SouthEast,692,43,1549.15,102,1,2026-05-24T00:00:00+07:00
INV-003352,SKU-0102,Home Item 0102,Home,WH014,SouthEast Warehouse 014,SouthEast,651,7,1374.78,52,1,2026-05-24T00:00:00+07:00
INV-003353,SKU-0103,Grocery Item 0103,Grocery,WH014,SouthEast Warehouse 014,SouthEast,136,28,1413.20,83,1,2026-05-24T00:00:00+07:00
INV-003354,SKU-0104,Fashion Item 0104,Fashion,WH014,SouthEast Warehouse 014,SouthEast,96,9,1300.45,84,1,2026-05-24T00:00:00+07:00
INV-003355,SKU-0105,Industrial Item 0105,Industrial,WH014,SouthEast Warehouse 014,SouthEast,334,28,198.55,108,1,2026-05-24T00:00:00+07:00
INV-003356,SKU-0106,Electronics Item 0106,Electronics,WH014,SouthEast Warehouse 014,SouthEast,94,6,627.70,118,1,2026-05-24T00:00:00+07:00
INV-003357,SKU-0107,Home Item 0107,Home,WH014,SouthEast Warehouse 014,SouthEast,278,22,444.35,110,1,2026-05-24T00:00:00+07:00
INV-003358,SKU-0108,Grocery Item 0108,Grocery,WH014,SouthEast Warehouse 014,SouthEast,177,16,502.75,25,1,2026-05-24T00:00:00+07:00
INV-003359,SKU-0109,Fashion Item 0109,Fashion,WH014,SouthEast Warehouse 014,SouthEast,283,33,1657.47,69,1,2026-05-24T00:00:00+07:00
INV-003360,SKU-0110,Industrial Item 0110,Industrial,WH014,SouthEast Warehouse 014,SouthEast,587,48,2207.19,81,1,2026-05-24T00:00:00+07:00
INV-003361,SKU-0111,Electronics Item 0111,Electronics,WH014,SouthEast Warehouse 014,SouthEast,482,66,1307.21,115,1,2026-05-24T00:00:00+07:00
INV-003362,SKU-0112,Home Item 0112,Home,WH014,SouthEast Warehouse 014,SouthEast,419,68,2086.03,41,1,2026-05-24T00:00:00+07:00
INV-003363,SKU-0113,Grocery Item 0113,Grocery,WH014,SouthEast Warehouse 014,SouthEast,394,26,1265.14,26,1,2026-05-24T00:00:00+07:00
INV-003364,SKU-0114,Fashion Item 0114,Fashion,WH014,SouthEast Warehouse 014,SouthEast,270,24,1775.97,30,1,2026-05-24T00:00:00+07:00
INV-003365,SKU-0115,Industrial Item 0115,Industrial,WH014,SouthEast Warehouse 014,SouthEast,795,37,1535.11,118,1,2026-05-24T00:00:00+07:00
INV-003366,SKU-0116,Electronics Item 0116,Electronics,WH014,SouthEast Warehouse 014,SouthEast,486,39,283.05,77,1,2026-05-24T00:00:00+07:00
INV-003367,SKU-0117,Home Item 0117,Home,WH014,SouthEast Warehouse 014,SouthEast,250,31,1663.90,84,1,2026-05-24T00:00:00+07:00
INV-003368,SKU-0118,Grocery Item 0118,Grocery,WH014,SouthEast Warehouse 014,SouthEast,685,5,2292.83,29,1,2026-05-24T00:00:00+07:00
INV-003369,SKU-0119,Fashion Item 0119,Fashion,WH014,SouthEast Warehouse 014,SouthEast,81,4,632.42,73,1,2026-05-24T00:00:00+07:00
INV-003370,SKU-0120,Industrial Item 0120,Industrial,WH014,SouthEast Warehouse 014,SouthEast,605,11,1146.41,78,1,2026-05-24T00:00:00+07:00
INV-003371,SKU-0121,Electronics Item 0121,Electronics,WH014,SouthEast Warehouse 014,SouthEast,426,80,1699.58,55,1,2026-05-24T00:00:00+07:00
INV-003372,SKU-0122,Home Item 0122,Home,WH014,SouthEast Warehouse 014,SouthEast,573,17,683.29,39,1,2026-05-24T00:00:00+07:00
INV-003373,SKU-0123,Grocery Item 0123,Grocery,WH014,SouthEast Warehouse 014,SouthEast,324,20,2259.01,70,1,2026-05-24T00:00:00+07:00
INV-003374,SKU-0124,Fashion Item 0124,Fashion,WH014,SouthEast Warehouse 014,SouthEast,372,58,2463.84,82,1,2026-05-24T00:00:00+07:00
INV-003375,SKU-0125,Industrial Item 0125,Industrial,WH014,SouthEast Warehouse 014,SouthEast,331,42,2196.63,58,1,2026-05-24T00:00:00+07:00
INV-003376,SKU-0126,Electronics Item 0126,Electronics,WH014,SouthEast Warehouse 014,SouthEast,455,68,440.67,67,1,2026-05-24T00:00:00+07:00
INV-003377,SKU-0127,Home Item 0127,Home,WH014,SouthEast Warehouse 014,SouthEast,732,44,1164.42,78,1,2026-05-24T00:00:00+07:00
INV-003378,SKU-0128,Grocery Item 0128,Grocery,WH014,SouthEast Warehouse 014,SouthEast,338,73,1091.85,56,1,2026-05-24T00:00:00+07:00
INV-003379,SKU-0129,Fashion Item 0129,Fashion,WH014,SouthEast Warehouse 014,SouthEast,725,25,2000.84,41,1,2026-05-24T00:00:00+07:00
INV-003380,SKU-0130,Industrial Item 0130,Industrial,WH014,SouthEast Warehouse 014,SouthEast,549,73,1570.46,38,1,2026-05-24T00:00:00+07:00
INV-003381,SKU-0131,Electronics Item 0131,Electronics,WH014,SouthEast Warehouse 014,SouthEast,316,5,1062.78,39,1,2026-05-24T00:00:00+07:00
INV-003382,SKU-0132,Home Item 0132,Home,WH014,SouthEast Warehouse 014,SouthEast,341,14,173.85,54,1,2026-05-24T00:00:00+07:00
INV-003383,SKU-0133,Grocery Item 0133,Grocery,WH014,SouthEast Warehouse 014,SouthEast,153,38,1579.41,84,1,2026-05-24T00:00:00+07:00
INV-003384,SKU-0134,Fashion Item 0134,Fashion,WH014,SouthEast Warehouse 014,SouthEast,148,14,397.24,104,1,2026-05-24T00:00:00+07:00
INV-003385,SKU-0135,Industrial Item 0135,Industrial,WH014,SouthEast Warehouse 014,SouthEast,769,13,2081.22,54,1,2026-05-24T00:00:00+07:00
INV-003386,SKU-0136,Electronics Item 0136,Electronics,WH014,SouthEast Warehouse 014,SouthEast,180,19,1657.15,76,1,2026-05-24T00:00:00+07:00
INV-003387,SKU-0137,Home Item 0137,Home,WH014,SouthEast Warehouse 014,SouthEast,282,25,522.12,37,1,2026-05-24T00:00:00+07:00
INV-003388,SKU-0138,Grocery Item 0138,Grocery,WH014,SouthEast Warehouse 014,SouthEast,222,41,815.00,76,1,2026-05-24T00:00:00+07:00
INV-003389,SKU-0139,Fashion Item 0139,Fashion,WH014,SouthEast Warehouse 014,SouthEast,386,75,1016.66,54,1,2026-05-24T00:00:00+07:00
INV-003390,SKU-0140,Industrial Item 0140,Industrial,WH014,SouthEast Warehouse 014,SouthEast,637,20,2006.61,114,1,2026-05-24T00:00:00+07:00
INV-003391,SKU-0141,Electronics Item 0141,Electronics,WH014,SouthEast Warehouse 014,SouthEast,732,45,2477.23,74,1,2026-05-24T00:00:00+07:00
INV-003392,SKU-0142,Home Item 0142,Home,WH014,SouthEast Warehouse 014,SouthEast,98,5,13.04,25,1,2026-05-24T00:00:00+07:00
INV-003393,SKU-0143,Grocery Item 0143,Grocery,WH014,SouthEast Warehouse 014,SouthEast,231,48,1452.39,66,1,2026-05-24T00:00:00+07:00
INV-003394,SKU-0144,Fashion Item 0144,Fashion,WH014,SouthEast Warehouse 014,SouthEast,336,42,495.65,115,1,2026-05-24T00:00:00+07:00
INV-003395,SKU-0145,Industrial Item 0145,Industrial,WH014,SouthEast Warehouse 014,SouthEast,624,22,1958.90,112,1,2026-05-24T00:00:00+07:00
INV-003396,SKU-0146,Electronics Item 0146,Electronics,WH014,SouthEast Warehouse 014,SouthEast,170,26,2134.35,45,1,2026-05-24T00:00:00+07:00
INV-003397,SKU-0147,Home Item 0147,Home,WH014,SouthEast Warehouse 014,SouthEast,608,57,1273.12,36,1,2026-05-24T00:00:00+07:00
INV-003398,SKU-0148,Grocery Item 0148,Grocery,WH014,SouthEast Warehouse 014,SouthEast,308,62,2013.73,105,1,2026-05-24T00:00:00+07:00
INV-003399,SKU-0149,Fashion Item 0149,Fashion,WH014,SouthEast Warehouse 014,SouthEast,543,6,1145.79,32,1,2026-05-24T00:00:00+07:00
INV-003400,SKU-0150,Industrial Item 0150,Industrial,WH014,SouthEast Warehouse 014,SouthEast,289,56,273.24,108,1,2026-05-24T00:00:00+07:00
INV-003401,SKU-0151,Electronics Item 0151,Electronics,WH014,SouthEast Warehouse 014,SouthEast,241,25,1973.78,99,1,2026-05-24T00:00:00+07:00
INV-003402,SKU-0152,Home Item 0152,Home,WH014,SouthEast Warehouse 014,SouthEast,734,61,1326.54,70,1,2026-05-24T00:00:00+07:00
INV-003403,SKU-0153,Grocery Item 0153,Grocery,WH014,SouthEast Warehouse 014,SouthEast,200,7,524.70,98,1,2026-05-24T00:00:00+07:00
INV-003404,SKU-0154,Fashion Item 0154,Fashion,WH014,SouthEast Warehouse 014,SouthEast,710,14,1787.61,101,1,2026-05-24T00:00:00+07:00
INV-003405,SKU-0155,Industrial Item 0155,Industrial,WH014,SouthEast Warehouse 014,SouthEast,225,6,2082.95,94,1,2026-05-24T00:00:00+07:00
INV-003406,SKU-0156,Electronics Item 0156,Electronics,WH014,SouthEast Warehouse 014,SouthEast,434,5,1206.84,76,1,2026-05-24T00:00:00+07:00
INV-003407,SKU-0157,Home Item 0157,Home,WH014,SouthEast Warehouse 014,SouthEast,779,56,866.82,42,1,2026-05-24T00:00:00+07:00
INV-003408,SKU-0158,Grocery Item 0158,Grocery,WH014,SouthEast Warehouse 014,SouthEast,320,18,1937.93,46,1,2026-05-24T00:00:00+07:00
INV-003409,SKU-0159,Fashion Item 0159,Fashion,WH014,SouthEast Warehouse 014,SouthEast,641,34,900.39,45,1,2026-05-24T00:00:00+07:00
INV-003410,SKU-0160,Industrial Item 0160,Industrial,WH014,SouthEast Warehouse 014,SouthEast,300,24,627.12,82,1,2026-05-24T00:00:00+07:00
INV-003411,SKU-0161,Electronics Item 0161,Electronics,WH014,SouthEast Warehouse 014,SouthEast,676,40,2261.64,60,1,2026-05-24T00:00:00+07:00
INV-003412,SKU-0162,Home Item 0162,Home,WH014,SouthEast Warehouse 014,SouthEast,123,26,125.34,116,1,2026-05-24T00:00:00+07:00
INV-003413,SKU-0163,Grocery Item 0163,Grocery,WH014,SouthEast Warehouse 014,SouthEast,694,66,540.00,69,1,2026-05-24T00:00:00+07:00
INV-003414,SKU-0164,Fashion Item 0164,Fashion,WH014,SouthEast Warehouse 014,SouthEast,541,17,1166.64,78,1,2026-05-24T00:00:00+07:00
INV-003415,SKU-0165,Industrial Item 0165,Industrial,WH014,SouthEast Warehouse 014,SouthEast,241,11,2448.05,55,1,2026-05-24T00:00:00+07:00
INV-003416,SKU-0166,Electronics Item 0166,Electronics,WH014,SouthEast Warehouse 014,SouthEast,365,41,791.83,98,1,2026-05-24T00:00:00+07:00
INV-003417,SKU-0167,Home Item 0167,Home,WH014,SouthEast Warehouse 014,SouthEast,100,25,1803.78,61,1,2026-05-24T00:00:00+07:00
INV-003418,SKU-0168,Grocery Item 0168,Grocery,WH014,SouthEast Warehouse 014,SouthEast,771,66,1619.91,79,1,2026-05-24T00:00:00+07:00
INV-003419,SKU-0169,Fashion Item 0169,Fashion,WH014,SouthEast Warehouse 014,SouthEast,728,19,1152.41,68,1,2026-05-24T00:00:00+07:00
INV-003420,SKU-0170,Industrial Item 0170,Industrial,WH014,SouthEast Warehouse 014,SouthEast,130,9,2146.59,46,1,2026-05-24T00:00:00+07:00
INV-003421,SKU-0171,Electronics Item 0171,Electronics,WH014,SouthEast Warehouse 014,SouthEast,736,34,1455.38,28,1,2026-05-24T00:00:00+07:00
INV-003422,SKU-0172,Home Item 0172,Home,WH014,SouthEast Warehouse 014,SouthEast,550,21,109.11,69,1,2026-05-24T00:00:00+07:00
INV-003423,SKU-0173,Grocery Item 0173,Grocery,WH014,SouthEast Warehouse 014,SouthEast,552,42,1013.20,88,1,2026-05-24T00:00:00+07:00
INV-003424,SKU-0174,Fashion Item 0174,Fashion,WH014,SouthEast Warehouse 014,SouthEast,579,15,2196.67,42,1,2026-05-24T00:00:00+07:00
INV-003425,SKU-0175,Industrial Item 0175,Industrial,WH014,SouthEast Warehouse 014,SouthEast,546,4,1619.42,28,1,2026-05-24T00:00:00+07:00
INV-003426,SKU-0176,Electronics Item 0176,Electronics,WH014,SouthEast Warehouse 014,SouthEast,611,47,1605.98,84,1,2026-05-24T00:00:00+07:00
INV-003427,SKU-0177,Home Item 0177,Home,WH014,SouthEast Warehouse 014,SouthEast,792,33,1825.68,103,1,2026-05-24T00:00:00+07:00
INV-003428,SKU-0178,Grocery Item 0178,Grocery,WH014,SouthEast Warehouse 014,SouthEast,743,54,514.84,100,1,2026-05-24T00:00:00+07:00
INV-003429,SKU-0179,Fashion Item 0179,Fashion,WH014,SouthEast Warehouse 014,SouthEast,494,11,716.12,34,1,2026-05-24T00:00:00+07:00
INV-003430,SKU-0180,Industrial Item 0180,Industrial,WH014,SouthEast Warehouse 014,SouthEast,221,29,1865.71,48,1,2026-05-24T00:00:00+07:00
INV-003431,SKU-0181,Electronics Item 0181,Electronics,WH014,SouthEast Warehouse 014,SouthEast,559,5,1496.27,30,1,2026-05-24T00:00:00+07:00
INV-003432,SKU-0182,Home Item 0182,Home,WH014,SouthEast Warehouse 014,SouthEast,202,17,661.03,88,1,2026-05-24T00:00:00+07:00
INV-003433,SKU-0183,Grocery Item 0183,Grocery,WH014,SouthEast Warehouse 014,SouthEast,235,35,1291.72,42,1,2026-05-24T00:00:00+07:00
INV-003434,SKU-0184,Fashion Item 0184,Fashion,WH014,SouthEast Warehouse 014,SouthEast,558,73,1488.96,78,1,2026-05-24T00:00:00+07:00
INV-003435,SKU-0185,Industrial Item 0185,Industrial,WH014,SouthEast Warehouse 014,SouthEast,570,22,1661.92,104,1,2026-05-24T00:00:00+07:00
INV-003436,SKU-0186,Electronics Item 0186,Electronics,WH014,SouthEast Warehouse 014,SouthEast,95,21,528.09,68,1,2026-05-24T00:00:00+07:00
INV-003437,SKU-0187,Home Item 0187,Home,WH014,SouthEast Warehouse 014,SouthEast,527,21,2220.99,49,1,2026-05-24T00:00:00+07:00
INV-003438,SKU-0188,Grocery Item 0188,Grocery,WH014,SouthEast Warehouse 014,SouthEast,679,3,2323.63,49,1,2026-05-24T00:00:00+07:00
INV-003439,SKU-0189,Fashion Item 0189,Fashion,WH014,SouthEast Warehouse 014,SouthEast,681,57,1376.25,46,1,2026-05-24T00:00:00+07:00
INV-003440,SKU-0190,Industrial Item 0190,Industrial,WH014,SouthEast Warehouse 014,SouthEast,211,52,298.96,26,1,2026-05-24T00:00:00+07:00
INV-003441,SKU-0191,Electronics Item 0191,Electronics,WH014,SouthEast Warehouse 014,SouthEast,496,78,604.63,90,1,2026-05-24T00:00:00+07:00
INV-003442,SKU-0192,Home Item 0192,Home,WH014,SouthEast Warehouse 014,SouthEast,202,46,1847.99,67,1,2026-05-24T00:00:00+07:00
INV-003443,SKU-0193,Grocery Item 0193,Grocery,WH014,SouthEast Warehouse 014,SouthEast,754,8,1476.57,99,1,2026-05-24T00:00:00+07:00
INV-003444,SKU-0194,Fashion Item 0194,Fashion,WH014,SouthEast Warehouse 014,SouthEast,88,0,123.99,94,1,2026-05-24T00:00:00+07:00
INV-003445,SKU-0195,Industrial Item 0195,Industrial,WH014,SouthEast Warehouse 014,SouthEast,399,66,858.55,87,1,2026-05-24T00:00:00+07:00
INV-003446,SKU-0196,Electronics Item 0196,Electronics,WH014,SouthEast Warehouse 014,SouthEast,154,18,165.06,59,1,2026-05-24T00:00:00+07:00
INV-003447,SKU-0197,Home Item 0197,Home,WH014,SouthEast Warehouse 014,SouthEast,314,62,306.66,71,1,2026-05-24T00:00:00+07:00
INV-003448,SKU-0198,Grocery Item 0198,Grocery,WH014,SouthEast Warehouse 014,SouthEast,242,0,2138.41,51,1,2026-05-24T00:00:00+07:00
INV-003449,SKU-0199,Fashion Item 0199,Fashion,WH014,SouthEast Warehouse 014,SouthEast,123,4,308.85,115,1,2026-05-24T00:00:00+07:00
INV-003450,SKU-0200,Industrial Item 0200,Industrial,WH014,SouthEast Warehouse 014,SouthEast,205,27,2328.73,73,1,2026-05-24T00:00:00+07:00
INV-003451,SKU-0201,Electronics Item 0201,Electronics,WH014,SouthEast Warehouse 014,SouthEast,285,21,1290.34,58,1,2026-05-24T00:00:00+07:00
INV-003452,SKU-0202,Home Item 0202,Home,WH014,SouthEast Warehouse 014,SouthEast,524,35,688.49,109,1,2026-05-24T00:00:00+07:00
INV-003453,SKU-0203,Grocery Item 0203,Grocery,WH014,SouthEast Warehouse 014,SouthEast,267,6,74.50,88,1,2026-05-24T00:00:00+07:00
INV-003454,SKU-0204,Fashion Item 0204,Fashion,WH014,SouthEast Warehouse 014,SouthEast,205,50,1459.26,116,1,2026-05-24T00:00:00+07:00
INV-003455,SKU-0205,Industrial Item 0205,Industrial,WH014,SouthEast Warehouse 014,SouthEast,370,34,1066.45,109,1,2026-05-24T00:00:00+07:00
INV-003456,SKU-0206,Electronics Item 0206,Electronics,WH014,SouthEast Warehouse 014,SouthEast,450,25,1933.19,27,1,2026-05-24T00:00:00+07:00
INV-003457,SKU-0207,Home Item 0207,Home,WH014,SouthEast Warehouse 014,SouthEast,529,19,1853.53,70,1,2026-05-24T00:00:00+07:00
INV-003458,SKU-0208,Grocery Item 0208,Grocery,WH014,SouthEast Warehouse 014,SouthEast,269,55,1293.04,48,1,2026-05-24T00:00:00+07:00
INV-003459,SKU-0209,Fashion Item 0209,Fashion,WH014,SouthEast Warehouse 014,SouthEast,346,49,1976.11,35,1,2026-05-24T00:00:00+07:00
INV-003460,SKU-0210,Industrial Item 0210,Industrial,WH014,SouthEast Warehouse 014,SouthEast,670,17,1822.22,32,1,2026-05-24T00:00:00+07:00
INV-003461,SKU-0211,Electronics Item 0211,Electronics,WH014,SouthEast Warehouse 014,SouthEast,430,16,902.13,96,1,2026-05-24T00:00:00+07:00
INV-003462,SKU-0212,Home Item 0212,Home,WH014,SouthEast Warehouse 014,SouthEast,691,48,600.40,117,1,2026-05-24T00:00:00+07:00
INV-003463,SKU-0213,Grocery Item 0213,Grocery,WH014,SouthEast Warehouse 014,SouthEast,526,32,49.48,41,1,2026-05-24T00:00:00+07:00
INV-003464,SKU-0214,Fashion Item 0214,Fashion,WH014,SouthEast Warehouse 014,SouthEast,794,69,1401.00,98,1,2026-05-24T00:00:00+07:00
INV-003465,SKU-0215,Industrial Item 0215,Industrial,WH014,SouthEast Warehouse 014,SouthEast,266,58,1633.02,61,1,2026-05-24T00:00:00+07:00
INV-003466,SKU-0216,Electronics Item 0216,Electronics,WH014,SouthEast Warehouse 014,SouthEast,596,32,1993.05,36,1,2026-05-24T00:00:00+07:00
INV-003467,SKU-0217,Home Item 0217,Home,WH014,SouthEast Warehouse 014,SouthEast,323,15,1180.97,25,1,2026-05-24T00:00:00+07:00
INV-003468,SKU-0218,Grocery Item 0218,Grocery,WH014,SouthEast Warehouse 014,SouthEast,438,72,399.10,95,1,2026-05-24T00:00:00+07:00
INV-003469,SKU-0219,Fashion Item 0219,Fashion,WH014,SouthEast Warehouse 014,SouthEast,744,19,1500.74,72,1,2026-05-24T00:00:00+07:00
INV-003470,SKU-0220,Industrial Item 0220,Industrial,WH014,SouthEast Warehouse 014,SouthEast,481,54,1971.50,63,1,2026-05-24T00:00:00+07:00
INV-003471,SKU-0221,Electronics Item 0221,Electronics,WH014,SouthEast Warehouse 014,SouthEast,513,52,2396.79,41,1,2026-05-24T00:00:00+07:00
INV-003472,SKU-0222,Home Item 0222,Home,WH014,SouthEast Warehouse 014,SouthEast,259,14,754.00,108,1,2026-05-24T00:00:00+07:00
INV-003473,SKU-0223,Grocery Item 0223,Grocery,WH014,SouthEast Warehouse 014,SouthEast,323,80,2190.53,73,1,2026-05-24T00:00:00+07:00
INV-003474,SKU-0224,Fashion Item 0224,Fashion,WH014,SouthEast Warehouse 014,SouthEast,239,19,795.85,50,1,2026-05-24T00:00:00+07:00
INV-003475,SKU-0225,Industrial Item 0225,Industrial,WH014,SouthEast Warehouse 014,SouthEast,781,62,1335.53,36,1,2026-05-24T00:00:00+07:00
INV-003476,SKU-0226,Electronics Item 0226,Electronics,WH014,SouthEast Warehouse 014,SouthEast,490,52,1395.11,79,1,2026-05-24T00:00:00+07:00
INV-003477,SKU-0227,Home Item 0227,Home,WH014,SouthEast Warehouse 014,SouthEast,708,61,1379.06,60,1,2026-05-24T00:00:00+07:00
INV-003478,SKU-0228,Grocery Item 0228,Grocery,WH014,SouthEast Warehouse 014,SouthEast,725,32,2496.36,80,1,2026-05-24T00:00:00+07:00
INV-003479,SKU-0229,Fashion Item 0229,Fashion,WH014,SouthEast Warehouse 014,SouthEast,400,13,787.87,66,1,2026-05-24T00:00:00+07:00
INV-003480,SKU-0230,Industrial Item 0230,Industrial,WH014,SouthEast Warehouse 014,SouthEast,793,14,1766.54,75,1,2026-05-24T00:00:00+07:00
INV-003481,SKU-0231,Electronics Item 0231,Electronics,WH014,SouthEast Warehouse 014,SouthEast,454,71,2160.33,62,1,2026-05-24T00:00:00+07:00
INV-003482,SKU-0232,Home Item 0232,Home,WH014,SouthEast Warehouse 014,SouthEast,574,50,2085.64,100,1,2026-05-24T00:00:00+07:00
INV-003483,SKU-0233,Grocery Item 0233,Grocery,WH014,SouthEast Warehouse 014,SouthEast,198,8,2280.83,110,1,2026-05-24T00:00:00+07:00
INV-003484,SKU-0234,Fashion Item 0234,Fashion,WH014,SouthEast Warehouse 014,SouthEast,753,2,468.75,86,1,2026-05-24T00:00:00+07:00
INV-003485,SKU-0235,Industrial Item 0235,Industrial,WH014,SouthEast Warehouse 014,SouthEast,479,67,2143.04,115,1,2026-05-24T00:00:00+07:00
INV-003486,SKU-0236,Electronics Item 0236,Electronics,WH014,SouthEast Warehouse 014,SouthEast,207,11,33.08,118,1,2026-05-24T00:00:00+07:00
INV-003487,SKU-0237,Home Item 0237,Home,WH014,SouthEast Warehouse 014,SouthEast,733,13,634.67,105,1,2026-05-24T00:00:00+07:00
INV-003488,SKU-0238,Grocery Item 0238,Grocery,WH014,SouthEast Warehouse 014,SouthEast,425,75,404.74,95,1,2026-05-24T00:00:00+07:00
INV-003489,SKU-0239,Fashion Item 0239,Fashion,WH014,SouthEast Warehouse 014,SouthEast,683,79,790.24,104,1,2026-05-24T00:00:00+07:00
INV-003490,SKU-0240,Industrial Item 0240,Industrial,WH014,SouthEast Warehouse 014,SouthEast,321,35,2129.61,41,1,2026-05-24T00:00:00+07:00
INV-003491,SKU-0241,Electronics Item 0241,Electronics,WH014,SouthEast Warehouse 014,SouthEast,616,24,1485.22,88,1,2026-05-24T00:00:00+07:00
INV-003492,SKU-0242,Home Item 0242,Home,WH014,SouthEast Warehouse 014,SouthEast,401,25,951.55,106,1,2026-05-24T00:00:00+07:00
INV-003493,SKU-0243,Grocery Item 0243,Grocery,WH014,SouthEast Warehouse 014,SouthEast,347,64,266.84,84,1,2026-05-24T00:00:00+07:00
INV-003494,SKU-0244,Fashion Item 0244,Fashion,WH014,SouthEast Warehouse 014,SouthEast,546,68,2321.58,67,1,2026-05-24T00:00:00+07:00
INV-003495,SKU-0245,Industrial Item 0245,Industrial,WH014,SouthEast Warehouse 014,SouthEast,791,43,1614.81,78,1,2026-05-24T00:00:00+07:00
INV-003496,SKU-0246,Electronics Item 0246,Electronics,WH014,SouthEast Warehouse 014,SouthEast,720,7,2089.91,92,1,2026-05-24T00:00:00+07:00
INV-003497,SKU-0247,Home Item 0247,Home,WH014,SouthEast Warehouse 014,SouthEast,164,7,785.90,67,1,2026-05-24T00:00:00+07:00
INV-003498,SKU-0248,Grocery Item 0248,Grocery,WH014,SouthEast Warehouse 014,SouthEast,620,2,1263.55,32,1,2026-05-24T00:00:00+07:00
INV-003499,SKU-0249,Fashion Item 0249,Fashion,WH014,SouthEast Warehouse 014,SouthEast,585,15,686.35,103,1,2026-05-24T00:00:00+07:00
INV-003500,SKU-0250,Industrial Item 0250,Industrial,WH014,SouthEast Warehouse 014,SouthEast,241,41,1472.06,50,1,2026-05-24T00:00:00+07:00
INV-003501,SKU-0001,Home Item 0001,Home,WH015,SouthEast Warehouse 015,SouthEast,137,11,1040.76,36,1,2026-05-24T00:00:00+07:00
INV-003502,SKU-0002,Grocery Item 0002,Grocery,WH015,SouthEast Warehouse 015,SouthEast,706,39,1763.75,26,1,2026-05-24T00:00:00+07:00
INV-003503,SKU-0003,Fashion Item 0003,Fashion,WH015,SouthEast Warehouse 015,SouthEast,151,12,399.11,98,1,2026-05-24T00:00:00+07:00
INV-003504,SKU-0004,Industrial Item 0004,Industrial,WH015,SouthEast Warehouse 015,SouthEast,291,35,681.34,77,1,2026-05-24T00:00:00+07:00
INV-003505,SKU-0005,Electronics Item 0005,Electronics,WH015,SouthEast Warehouse 015,SouthEast,400,79,1001.03,100,1,2026-05-24T00:00:00+07:00
INV-003506,SKU-0006,Home Item 0006,Home,WH015,SouthEast Warehouse 015,SouthEast,300,34,526.44,86,1,2026-05-24T00:00:00+07:00
INV-003507,SKU-0007,Grocery Item 0007,Grocery,WH015,SouthEast Warehouse 015,SouthEast,409,25,2087.20,80,1,2026-05-24T00:00:00+07:00
INV-003508,SKU-0008,Fashion Item 0008,Fashion,WH015,SouthEast Warehouse 015,SouthEast,271,0,1845.31,43,1,2026-05-24T00:00:00+07:00
INV-003509,SKU-0009,Industrial Item 0009,Industrial,WH015,SouthEast Warehouse 015,SouthEast,613,50,1108.50,86,1,2026-05-24T00:00:00+07:00
INV-003510,SKU-0010,Electronics Item 0010,Electronics,WH015,SouthEast Warehouse 015,SouthEast,380,73,1126.45,84,1,2026-05-24T00:00:00+07:00
INV-003511,SKU-0011,Home Item 0011,Home,WH015,SouthEast Warehouse 015,SouthEast,555,24,1016.26,53,1,2026-05-24T00:00:00+07:00
INV-003512,SKU-0012,Grocery Item 0012,Grocery,WH015,SouthEast Warehouse 015,SouthEast,80,9,1991.94,35,1,2026-05-24T00:00:00+07:00
INV-003513,SKU-0013,Fashion Item 0013,Fashion,WH015,SouthEast Warehouse 015,SouthEast,361,57,2044.81,70,1,2026-05-24T00:00:00+07:00
INV-003514,SKU-0014,Industrial Item 0014,Industrial,WH015,SouthEast Warehouse 015,SouthEast,279,24,1622.89,38,1,2026-05-24T00:00:00+07:00
INV-003515,SKU-0015,Electronics Item 0015,Electronics,WH015,SouthEast Warehouse 015,SouthEast,457,68,1774.62,114,1,2026-05-24T00:00:00+07:00
INV-003516,SKU-0016,Home Item 0016,Home,WH015,SouthEast Warehouse 015,SouthEast,415,33,2344.76,62,1,2026-05-24T00:00:00+07:00
INV-003517,SKU-0017,Grocery Item 0017,Grocery,WH015,SouthEast Warehouse 015,SouthEast,475,78,1391.11,47,1,2026-05-24T00:00:00+07:00
INV-003518,SKU-0018,Fashion Item 0018,Fashion,WH015,SouthEast Warehouse 015,SouthEast,424,36,2401.68,119,1,2026-05-24T00:00:00+07:00
INV-003519,SKU-0019,Industrial Item 0019,Industrial,WH015,SouthEast Warehouse 015,SouthEast,117,23,937.28,47,1,2026-05-24T00:00:00+07:00
INV-003520,SKU-0020,Electronics Item 0020,Electronics,WH015,SouthEast Warehouse 015,SouthEast,479,11,1883.30,106,1,2026-05-24T00:00:00+07:00
INV-003521,SKU-0021,Home Item 0021,Home,WH015,SouthEast Warehouse 015,SouthEast,585,9,499.19,25,1,2026-05-24T00:00:00+07:00
INV-003522,SKU-0022,Grocery Item 0022,Grocery,WH015,SouthEast Warehouse 015,SouthEast,750,71,2359.43,49,1,2026-05-24T00:00:00+07:00
INV-003523,SKU-0023,Fashion Item 0023,Fashion,WH015,SouthEast Warehouse 015,SouthEast,330,77,1774.20,74,1,2026-05-24T00:00:00+07:00
INV-003524,SKU-0024,Industrial Item 0024,Industrial,WH015,SouthEast Warehouse 015,SouthEast,540,38,1953.13,41,1,2026-05-24T00:00:00+07:00
INV-003525,SKU-0025,Electronics Item 0025,Electronics,WH015,SouthEast Warehouse 015,SouthEast,214,32,1726.42,88,1,2026-05-24T00:00:00+07:00
INV-003526,SKU-0026,Home Item 0026,Home,WH015,SouthEast Warehouse 015,SouthEast,574,28,2197.35,77,1,2026-05-24T00:00:00+07:00
INV-003527,SKU-0027,Grocery Item 0027,Grocery,WH015,SouthEast Warehouse 015,SouthEast,212,41,1536.68,94,1,2026-05-24T00:00:00+07:00
INV-003528,SKU-0028,Fashion Item 0028,Fashion,WH015,SouthEast Warehouse 015,SouthEast,246,25,2273.93,63,1,2026-05-24T00:00:00+07:00
INV-003529,SKU-0029,Industrial Item 0029,Industrial,WH015,SouthEast Warehouse 015,SouthEast,528,18,1473.43,92,1,2026-05-24T00:00:00+07:00
INV-003530,SKU-0030,Electronics Item 0030,Electronics,WH015,SouthEast Warehouse 015,SouthEast,155,12,1306.23,62,1,2026-05-24T00:00:00+07:00
INV-003531,SKU-0031,Home Item 0031,Home,WH015,SouthEast Warehouse 015,SouthEast,112,1,1599.96,106,1,2026-05-24T00:00:00+07:00
INV-003532,SKU-0032,Grocery Item 0032,Grocery,WH015,SouthEast Warehouse 015,SouthEast,571,28,324.19,115,1,2026-05-24T00:00:00+07:00
INV-003533,SKU-0033,Fashion Item 0033,Fashion,WH015,SouthEast Warehouse 015,SouthEast,480,26,1058.61,99,1,2026-05-24T00:00:00+07:00
INV-003534,SKU-0034,Industrial Item 0034,Industrial,WH015,SouthEast Warehouse 015,SouthEast,742,0,1676.74,36,1,2026-05-24T00:00:00+07:00
INV-003535,SKU-0035,Electronics Item 0035,Electronics,WH015,SouthEast Warehouse 015,SouthEast,543,37,168.50,87,1,2026-05-24T00:00:00+07:00
INV-003536,SKU-0036,Home Item 0036,Home,WH015,SouthEast Warehouse 015,SouthEast,88,20,484.55,45,1,2026-05-24T00:00:00+07:00
INV-003537,SKU-0037,Grocery Item 0037,Grocery,WH015,SouthEast Warehouse 015,SouthEast,562,49,229.99,89,1,2026-05-24T00:00:00+07:00
INV-003538,SKU-0038,Fashion Item 0038,Fashion,WH015,SouthEast Warehouse 015,SouthEast,143,29,82.40,80,1,2026-05-24T00:00:00+07:00
INV-003539,SKU-0039,Industrial Item 0039,Industrial,WH015,SouthEast Warehouse 015,SouthEast,281,37,1054.48,86,1,2026-05-24T00:00:00+07:00
INV-003540,SKU-0040,Electronics Item 0040,Electronics,WH015,SouthEast Warehouse 015,SouthEast,189,19,629.26,39,1,2026-05-24T00:00:00+07:00
INV-003541,SKU-0041,Home Item 0041,Home,WH015,SouthEast Warehouse 015,SouthEast,93,17,2407.33,26,1,2026-05-24T00:00:00+07:00
INV-003542,SKU-0042,Grocery Item 0042,Grocery,WH015,SouthEast Warehouse 015,SouthEast,152,36,2475.76,76,1,2026-05-24T00:00:00+07:00
INV-003543,SKU-0043,Fashion Item 0043,Fashion,WH015,SouthEast Warehouse 015,SouthEast,129,24,765.03,73,1,2026-05-24T00:00:00+07:00
INV-003544,SKU-0044,Industrial Item 0044,Industrial,WH015,SouthEast Warehouse 015,SouthEast,297,27,1341.35,95,1,2026-05-24T00:00:00+07:00
INV-003545,SKU-0045,Electronics Item 0045,Electronics,WH015,SouthEast Warehouse 015,SouthEast,181,45,2122.05,48,1,2026-05-24T00:00:00+07:00
INV-003546,SKU-0046,Home Item 0046,Home,WH015,SouthEast Warehouse 015,SouthEast,170,5,2496.67,71,1,2026-05-24T00:00:00+07:00
INV-003547,SKU-0047,Grocery Item 0047,Grocery,WH015,SouthEast Warehouse 015,SouthEast,525,35,2019.57,95,1,2026-05-24T00:00:00+07:00
INV-003548,SKU-0048,Fashion Item 0048,Fashion,WH015,SouthEast Warehouse 015,SouthEast,612,19,1878.62,41,1,2026-05-24T00:00:00+07:00
INV-003549,SKU-0049,Industrial Item 0049,Industrial,WH015,SouthEast Warehouse 015,SouthEast,244,53,1767.74,100,1,2026-05-24T00:00:00+07:00
INV-003550,SKU-0050,Electronics Item 0050,Electronics,WH015,SouthEast Warehouse 015,SouthEast,406,10,1731.27,71,1,2026-05-24T00:00:00+07:00
INV-003551,SKU-0051,Home Item 0051,Home,WH015,SouthEast Warehouse 015,SouthEast,518,8,1538.85,107,1,2026-05-24T00:00:00+07:00
INV-003552,SKU-0052,Grocery Item 0052,Grocery,WH015,SouthEast Warehouse 015,SouthEast,530,64,507.93,118,1,2026-05-24T00:00:00+07:00
INV-003553,SKU-0053,Fashion Item 0053,Fashion,WH015,SouthEast Warehouse 015,SouthEast,595,33,1463.11,74,1,2026-05-24T00:00:00+07:00
INV-003554,SKU-0054,Industrial Item 0054,Industrial,WH015,SouthEast Warehouse 015,SouthEast,455,56,833.79,100,1,2026-05-24T00:00:00+07:00
INV-003555,SKU-0055,Electronics Item 0055,Electronics,WH015,SouthEast Warehouse 015,SouthEast,301,18,2391.25,39,1,2026-05-24T00:00:00+07:00
INV-003556,SKU-0056,Home Item 0056,Home,WH015,SouthEast Warehouse 015,SouthEast,523,39,31.83,34,1,2026-05-24T00:00:00+07:00
INV-003557,SKU-0057,Grocery Item 0057,Grocery,WH015,SouthEast Warehouse 015,SouthEast,733,23,2007.07,82,1,2026-05-24T00:00:00+07:00
INV-003558,SKU-0058,Fashion Item 0058,Fashion,WH015,SouthEast Warehouse 015,SouthEast,443,75,1838.33,65,1,2026-05-24T00:00:00+07:00
INV-003559,SKU-0059,Industrial Item 0059,Industrial,WH015,SouthEast Warehouse 015,SouthEast,186,28,1582.57,82,1,2026-05-24T00:00:00+07:00
INV-003560,SKU-0060,Electronics Item 0060,Electronics,WH015,SouthEast Warehouse 015,SouthEast,409,29,1479.93,71,1,2026-05-24T00:00:00+07:00
INV-003561,SKU-0061,Home Item 0061,Home,WH015,SouthEast Warehouse 015,SouthEast,553,80,164.09,68,1,2026-05-24T00:00:00+07:00
INV-003562,SKU-0062,Grocery Item 0062,Grocery,WH015,SouthEast Warehouse 015,SouthEast,343,71,333.91,72,1,2026-05-24T00:00:00+07:00
INV-003563,SKU-0063,Fashion Item 0063,Fashion,WH015,SouthEast Warehouse 015,SouthEast,555,78,2148.85,31,1,2026-05-24T00:00:00+07:00
INV-003564,SKU-0064,Industrial Item 0064,Industrial,WH015,SouthEast Warehouse 015,SouthEast,393,77,1068.41,81,1,2026-05-24T00:00:00+07:00
INV-003565,SKU-0065,Electronics Item 0065,Electronics,WH015,SouthEast Warehouse 015,SouthEast,750,80,1575.96,73,1,2026-05-24T00:00:00+07:00
INV-003566,SKU-0066,Home Item 0066,Home,WH015,SouthEast Warehouse 015,SouthEast,229,23,874.90,110,1,2026-05-24T00:00:00+07:00
INV-003567,SKU-0067,Grocery Item 0067,Grocery,WH015,SouthEast Warehouse 015,SouthEast,164,9,1018.78,58,1,2026-05-24T00:00:00+07:00
INV-003568,SKU-0068,Fashion Item 0068,Fashion,WH015,SouthEast Warehouse 015,SouthEast,795,79,891.10,80,1,2026-05-24T00:00:00+07:00
INV-003569,SKU-0069,Industrial Item 0069,Industrial,WH015,SouthEast Warehouse 015,SouthEast,106,24,1118.46,87,1,2026-05-24T00:00:00+07:00
INV-003570,SKU-0070,Electronics Item 0070,Electronics,WH015,SouthEast Warehouse 015,SouthEast,129,27,1786.92,55,1,2026-05-24T00:00:00+07:00
INV-003571,SKU-0071,Home Item 0071,Home,WH015,SouthEast Warehouse 015,SouthEast,464,72,218.85,53,1,2026-05-24T00:00:00+07:00
INV-003572,SKU-0072,Grocery Item 0072,Grocery,WH015,SouthEast Warehouse 015,SouthEast,560,64,15.04,67,1,2026-05-24T00:00:00+07:00
INV-003573,SKU-0073,Fashion Item 0073,Fashion,WH015,SouthEast Warehouse 015,SouthEast,644,31,5.64,113,1,2026-05-24T00:00:00+07:00
INV-003574,SKU-0074,Industrial Item 0074,Industrial,WH015,SouthEast Warehouse 015,SouthEast,84,10,1170.13,105,1,2026-05-24T00:00:00+07:00
INV-003575,SKU-0075,Electronics Item 0075,Electronics,WH015,SouthEast Warehouse 015,SouthEast,363,63,1390.08,112,1,2026-05-24T00:00:00+07:00
INV-003576,SKU-0076,Home Item 0076,Home,WH015,SouthEast Warehouse 015,SouthEast,746,35,1762.99,105,1,2026-05-24T00:00:00+07:00
INV-003577,SKU-0077,Grocery Item 0077,Grocery,WH015,SouthEast Warehouse 015,SouthEast,384,32,802.81,53,1,2026-05-24T00:00:00+07:00
INV-003578,SKU-0078,Fashion Item 0078,Fashion,WH015,SouthEast Warehouse 015,SouthEast,107,6,2309.31,75,1,2026-05-24T00:00:00+07:00
INV-003579,SKU-0079,Industrial Item 0079,Industrial,WH015,SouthEast Warehouse 015,SouthEast,723,6,1485.34,88,1,2026-05-24T00:00:00+07:00
INV-003580,SKU-0080,Electronics Item 0080,Electronics,WH015,SouthEast Warehouse 015,SouthEast,87,21,1541.63,70,1,2026-05-24T00:00:00+07:00
INV-003581,SKU-0081,Home Item 0081,Home,WH015,SouthEast Warehouse 015,SouthEast,799,17,2035.11,39,1,2026-05-24T00:00:00+07:00
INV-003582,SKU-0082,Grocery Item 0082,Grocery,WH015,SouthEast Warehouse 015,SouthEast,281,18,1594.67,35,1,2026-05-24T00:00:00+07:00
INV-003583,SKU-0083,Fashion Item 0083,Fashion,WH015,SouthEast Warehouse 015,SouthEast,568,25,1373.64,74,1,2026-05-24T00:00:00+07:00
INV-003584,SKU-0084,Industrial Item 0084,Industrial,WH015,SouthEast Warehouse 015,SouthEast,320,54,560.92,106,1,2026-05-24T00:00:00+07:00
INV-003585,SKU-0085,Electronics Item 0085,Electronics,WH015,SouthEast Warehouse 015,SouthEast,542,80,2088.09,33,1,2026-05-24T00:00:00+07:00
INV-003586,SKU-0086,Home Item 0086,Home,WH015,SouthEast Warehouse 015,SouthEast,621,60,283.16,111,1,2026-05-24T00:00:00+07:00
INV-003587,SKU-0087,Grocery Item 0087,Grocery,WH015,SouthEast Warehouse 015,SouthEast,584,12,1843.81,32,1,2026-05-24T00:00:00+07:00
INV-003588,SKU-0088,Fashion Item 0088,Fashion,WH015,SouthEast Warehouse 015,SouthEast,527,77,1629.35,98,1,2026-05-24T00:00:00+07:00
INV-003589,SKU-0089,Industrial Item 0089,Industrial,WH015,SouthEast Warehouse 015,SouthEast,253,61,1901.68,96,1,2026-05-24T00:00:00+07:00
INV-003590,SKU-0090,Electronics Item 0090,Electronics,WH015,SouthEast Warehouse 015,SouthEast,105,23,1916.94,51,1,2026-05-24T00:00:00+07:00
INV-003591,SKU-0091,Home Item 0091,Home,WH015,SouthEast Warehouse 015,SouthEast,339,37,770.17,37,1,2026-05-24T00:00:00+07:00
INV-003592,SKU-0092,Grocery Item 0092,Grocery,WH015,SouthEast Warehouse 015,SouthEast,602,59,2384.24,27,1,2026-05-24T00:00:00+07:00
INV-003593,SKU-0093,Fashion Item 0093,Fashion,WH015,SouthEast Warehouse 015,SouthEast,769,76,135.14,66,1,2026-05-24T00:00:00+07:00
INV-003594,SKU-0094,Industrial Item 0094,Industrial,WH015,SouthEast Warehouse 015,SouthEast,587,52,583.23,32,1,2026-05-24T00:00:00+07:00
INV-003595,SKU-0095,Electronics Item 0095,Electronics,WH015,SouthEast Warehouse 015,SouthEast,336,40,2160.01,107,1,2026-05-24T00:00:00+07:00
INV-003596,SKU-0096,Home Item 0096,Home,WH015,SouthEast Warehouse 015,SouthEast,347,50,1983.91,86,1,2026-05-24T00:00:00+07:00
INV-003597,SKU-0097,Grocery Item 0097,Grocery,WH015,SouthEast Warehouse 015,SouthEast,759,54,248.66,117,1,2026-05-24T00:00:00+07:00
INV-003598,SKU-0098,Fashion Item 0098,Fashion,WH015,SouthEast Warehouse 015,SouthEast,168,27,773.68,41,1,2026-05-24T00:00:00+07:00
INV-003599,SKU-0099,Industrial Item 0099,Industrial,WH015,SouthEast Warehouse 015,SouthEast,155,34,234.99,27,1,2026-05-24T00:00:00+07:00
INV-003600,SKU-0100,Electronics Item 0100,Electronics,WH015,SouthEast Warehouse 015,SouthEast,360,14,586.68,80,1,2026-05-24T00:00:00+07:00
INV-003601,SKU-0101,Home Item 0101,Home,WH015,SouthEast Warehouse 015,SouthEast,624,12,2154.68,73,1,2026-05-24T00:00:00+07:00
INV-003602,SKU-0102,Grocery Item 0102,Grocery,WH015,SouthEast Warehouse 015,SouthEast,794,54,1580.06,56,1,2026-05-24T00:00:00+07:00
INV-003603,SKU-0103,Fashion Item 0103,Fashion,WH015,SouthEast Warehouse 015,SouthEast,326,1,963.32,54,1,2026-05-24T00:00:00+07:00
INV-003604,SKU-0104,Industrial Item 0104,Industrial,WH015,SouthEast Warehouse 015,SouthEast,717,32,1875.86,85,1,2026-05-24T00:00:00+07:00
INV-003605,SKU-0105,Electronics Item 0105,Electronics,WH015,SouthEast Warehouse 015,SouthEast,505,4,626.66,82,1,2026-05-24T00:00:00+07:00
INV-003606,SKU-0106,Home Item 0106,Home,WH015,SouthEast Warehouse 015,SouthEast,250,32,1049.40,46,1,2026-05-24T00:00:00+07:00
INV-003607,SKU-0107,Grocery Item 0107,Grocery,WH015,SouthEast Warehouse 015,SouthEast,302,20,1620.53,101,1,2026-05-24T00:00:00+07:00
INV-003608,SKU-0108,Fashion Item 0108,Fashion,WH015,SouthEast Warehouse 015,SouthEast,549,9,1356.22,78,1,2026-05-24T00:00:00+07:00
INV-003609,SKU-0109,Industrial Item 0109,Industrial,WH015,SouthEast Warehouse 015,SouthEast,544,34,1657.09,82,1,2026-05-24T00:00:00+07:00
INV-003610,SKU-0110,Electronics Item 0110,Electronics,WH015,SouthEast Warehouse 015,SouthEast,167,9,853.43,34,1,2026-05-24T00:00:00+07:00
INV-003611,SKU-0111,Home Item 0111,Home,WH015,SouthEast Warehouse 015,SouthEast,475,43,852.37,96,1,2026-05-24T00:00:00+07:00
INV-003612,SKU-0112,Grocery Item 0112,Grocery,WH015,SouthEast Warehouse 015,SouthEast,700,63,1666.51,41,1,2026-05-24T00:00:00+07:00
INV-003613,SKU-0113,Fashion Item 0113,Fashion,WH015,SouthEast Warehouse 015,SouthEast,771,39,641.23,68,1,2026-05-24T00:00:00+07:00
INV-003614,SKU-0114,Industrial Item 0114,Industrial,WH015,SouthEast Warehouse 015,SouthEast,693,35,94.89,45,1,2026-05-24T00:00:00+07:00
INV-003615,SKU-0115,Electronics Item 0115,Electronics,WH015,SouthEast Warehouse 015,SouthEast,106,6,1983.50,68,1,2026-05-24T00:00:00+07:00
INV-003616,SKU-0116,Home Item 0116,Home,WH015,SouthEast Warehouse 015,SouthEast,554,38,392.10,100,1,2026-05-24T00:00:00+07:00
INV-003617,SKU-0117,Grocery Item 0117,Grocery,WH015,SouthEast Warehouse 015,SouthEast,567,46,1309.41,54,1,2026-05-24T00:00:00+07:00
INV-003618,SKU-0118,Fashion Item 0118,Fashion,WH015,SouthEast Warehouse 015,SouthEast,223,7,2485.65,58,1,2026-05-24T00:00:00+07:00
INV-003619,SKU-0119,Industrial Item 0119,Industrial,WH015,SouthEast Warehouse 015,SouthEast,744,58,1177.33,86,1,2026-05-24T00:00:00+07:00
INV-003620,SKU-0120,Electronics Item 0120,Electronics,WH015,SouthEast Warehouse 015,SouthEast,468,64,1225.31,105,1,2026-05-24T00:00:00+07:00
INV-003621,SKU-0121,Home Item 0121,Home,WH015,SouthEast Warehouse 015,SouthEast,133,9,356.14,45,1,2026-05-24T00:00:00+07:00
INV-003622,SKU-0122,Grocery Item 0122,Grocery,WH015,SouthEast Warehouse 015,SouthEast,172,11,1414.02,47,1,2026-05-24T00:00:00+07:00
INV-003623,SKU-0123,Fashion Item 0123,Fashion,WH015,SouthEast Warehouse 015,SouthEast,696,33,1399.71,43,1,2026-05-24T00:00:00+07:00
INV-003624,SKU-0124,Industrial Item 0124,Industrial,WH015,SouthEast Warehouse 015,SouthEast,435,47,1206.54,29,1,2026-05-24T00:00:00+07:00
INV-003625,SKU-0125,Electronics Item 0125,Electronics,WH015,SouthEast Warehouse 015,SouthEast,85,17,1391.18,97,1,2026-05-24T00:00:00+07:00
INV-003626,SKU-0126,Home Item 0126,Home,WH015,SouthEast Warehouse 015,SouthEast,570,66,1627.31,118,1,2026-05-24T00:00:00+07:00
INV-003627,SKU-0127,Grocery Item 0127,Grocery,WH015,SouthEast Warehouse 015,SouthEast,636,6,385.54,78,1,2026-05-24T00:00:00+07:00
INV-003628,SKU-0128,Fashion Item 0128,Fashion,WH015,SouthEast Warehouse 015,SouthEast,397,5,1776.05,45,1,2026-05-24T00:00:00+07:00
INV-003629,SKU-0129,Industrial Item 0129,Industrial,WH015,SouthEast Warehouse 015,SouthEast,503,12,1528.18,61,1,2026-05-24T00:00:00+07:00
INV-003630,SKU-0130,Electronics Item 0130,Electronics,WH015,SouthEast Warehouse 015,SouthEast,221,44,1091.91,46,1,2026-05-24T00:00:00+07:00
INV-003631,SKU-0131,Home Item 0131,Home,WH015,SouthEast Warehouse 015,SouthEast,454,44,950.28,114,1,2026-05-24T00:00:00+07:00
INV-003632,SKU-0132,Grocery Item 0132,Grocery,WH015,SouthEast Warehouse 015,SouthEast,528,51,597.06,72,1,2026-05-24T00:00:00+07:00
INV-003633,SKU-0133,Fashion Item 0133,Fashion,WH015,SouthEast Warehouse 015,SouthEast,217,17,2434.88,89,1,2026-05-24T00:00:00+07:00
INV-003634,SKU-0134,Industrial Item 0134,Industrial,WH015,SouthEast Warehouse 015,SouthEast,627,63,2486.73,100,1,2026-05-24T00:00:00+07:00
INV-003635,SKU-0135,Electronics Item 0135,Electronics,WH015,SouthEast Warehouse 015,SouthEast,538,78,717.91,60,1,2026-05-24T00:00:00+07:00
INV-003636,SKU-0136,Home Item 0136,Home,WH015,SouthEast Warehouse 015,SouthEast,755,44,434.57,64,1,2026-05-24T00:00:00+07:00
INV-003637,SKU-0137,Grocery Item 0137,Grocery,WH015,SouthEast Warehouse 015,SouthEast,112,10,2195.00,68,1,2026-05-24T00:00:00+07:00
INV-003638,SKU-0138,Fashion Item 0138,Fashion,WH015,SouthEast Warehouse 015,SouthEast,495,59,441.42,113,1,2026-05-24T00:00:00+07:00
INV-003639,SKU-0139,Industrial Item 0139,Industrial,WH015,SouthEast Warehouse 015,SouthEast,697,31,848.77,63,1,2026-05-24T00:00:00+07:00
INV-003640,SKU-0140,Electronics Item 0140,Electronics,WH015,SouthEast Warehouse 015,SouthEast,674,73,986.84,86,1,2026-05-24T00:00:00+07:00
INV-003641,SKU-0141,Home Item 0141,Home,WH015,SouthEast Warehouse 015,SouthEast,613,57,771.70,116,1,2026-05-24T00:00:00+07:00
INV-003642,SKU-0142,Grocery Item 0142,Grocery,WH015,SouthEast Warehouse 015,SouthEast,133,24,1702.03,92,1,2026-05-24T00:00:00+07:00
INV-003643,SKU-0143,Fashion Item 0143,Fashion,WH015,SouthEast Warehouse 015,SouthEast,406,45,533.61,116,1,2026-05-24T00:00:00+07:00
INV-003644,SKU-0144,Industrial Item 0144,Industrial,WH015,SouthEast Warehouse 015,SouthEast,600,54,1173.81,71,1,2026-05-24T00:00:00+07:00
INV-003645,SKU-0145,Electronics Item 0145,Electronics,WH015,SouthEast Warehouse 015,SouthEast,708,53,446.49,69,1,2026-05-24T00:00:00+07:00
INV-003646,SKU-0146,Home Item 0146,Home,WH015,SouthEast Warehouse 015,SouthEast,317,4,1726.79,41,1,2026-05-24T00:00:00+07:00
INV-003647,SKU-0147,Grocery Item 0147,Grocery,WH015,SouthEast Warehouse 015,SouthEast,256,27,922.30,57,1,2026-05-24T00:00:00+07:00
INV-003648,SKU-0148,Fashion Item 0148,Fashion,WH015,SouthEast Warehouse 015,SouthEast,268,17,873.74,41,1,2026-05-24T00:00:00+07:00
INV-003649,SKU-0149,Industrial Item 0149,Industrial,WH015,SouthEast Warehouse 015,SouthEast,742,67,501.80,26,1,2026-05-24T00:00:00+07:00
INV-003650,SKU-0150,Electronics Item 0150,Electronics,WH015,SouthEast Warehouse 015,SouthEast,432,11,46.89,105,1,2026-05-24T00:00:00+07:00
INV-003651,SKU-0151,Home Item 0151,Home,WH015,SouthEast Warehouse 015,SouthEast,799,29,2076.31,64,1,2026-05-24T00:00:00+07:00
INV-003652,SKU-0152,Grocery Item 0152,Grocery,WH015,SouthEast Warehouse 015,SouthEast,312,73,355.56,116,1,2026-05-24T00:00:00+07:00
INV-003653,SKU-0153,Fashion Item 0153,Fashion,WH015,SouthEast Warehouse 015,SouthEast,592,56,274.19,83,1,2026-05-24T00:00:00+07:00
INV-003654,SKU-0154,Industrial Item 0154,Industrial,WH015,SouthEast Warehouse 015,SouthEast,223,55,1159.70,51,1,2026-05-24T00:00:00+07:00
INV-003655,SKU-0155,Electronics Item 0155,Electronics,WH015,SouthEast Warehouse 015,SouthEast,214,2,1477.79,69,1,2026-05-24T00:00:00+07:00
INV-003656,SKU-0156,Home Item 0156,Home,WH015,SouthEast Warehouse 015,SouthEast,237,43,1764.21,106,1,2026-05-24T00:00:00+07:00
INV-003657,SKU-0157,Grocery Item 0157,Grocery,WH015,SouthEast Warehouse 015,SouthEast,708,3,906.01,104,1,2026-05-24T00:00:00+07:00
INV-003658,SKU-0158,Fashion Item 0158,Fashion,WH015,SouthEast Warehouse 015,SouthEast,799,59,1820.57,94,1,2026-05-24T00:00:00+07:00
INV-003659,SKU-0159,Industrial Item 0159,Industrial,WH015,SouthEast Warehouse 015,SouthEast,363,57,1155.94,119,1,2026-05-24T00:00:00+07:00
INV-003660,SKU-0160,Electronics Item 0160,Electronics,WH015,SouthEast Warehouse 015,SouthEast,676,52,1983.59,116,1,2026-05-24T00:00:00+07:00
INV-003661,SKU-0161,Home Item 0161,Home,WH015,SouthEast Warehouse 015,SouthEast,253,23,1974.64,27,1,2026-05-24T00:00:00+07:00
INV-003662,SKU-0162,Grocery Item 0162,Grocery,WH015,SouthEast Warehouse 015,SouthEast,556,20,1365.48,62,1,2026-05-24T00:00:00+07:00
INV-003663,SKU-0163,Fashion Item 0163,Fashion,WH015,SouthEast Warehouse 015,SouthEast,290,2,2390.92,102,1,2026-05-24T00:00:00+07:00
INV-003664,SKU-0164,Industrial Item 0164,Industrial,WH015,SouthEast Warehouse 015,SouthEast,456,7,823.16,36,1,2026-05-24T00:00:00+07:00
INV-003665,SKU-0165,Electronics Item 0165,Electronics,WH015,SouthEast Warehouse 015,SouthEast,650,57,752.07,32,1,2026-05-24T00:00:00+07:00
INV-003666,SKU-0166,Home Item 0166,Home,WH015,SouthEast Warehouse 015,SouthEast,252,45,580.30,44,1,2026-05-24T00:00:00+07:00
INV-003667,SKU-0167,Grocery Item 0167,Grocery,WH015,SouthEast Warehouse 015,SouthEast,387,34,165.31,71,1,2026-05-24T00:00:00+07:00
INV-003668,SKU-0168,Fashion Item 0168,Fashion,WH015,SouthEast Warehouse 015,SouthEast,278,43,1733.44,61,1,2026-05-24T00:00:00+07:00
INV-003669,SKU-0169,Industrial Item 0169,Industrial,WH015,SouthEast Warehouse 015,SouthEast,788,7,481.84,114,1,2026-05-24T00:00:00+07:00
INV-003670,SKU-0170,Electronics Item 0170,Electronics,WH015,SouthEast Warehouse 015,SouthEast,249,52,737.69,53,1,2026-05-24T00:00:00+07:00
INV-003671,SKU-0171,Home Item 0171,Home,WH015,SouthEast Warehouse 015,SouthEast,715,12,849.56,91,1,2026-05-24T00:00:00+07:00
INV-003672,SKU-0172,Grocery Item 0172,Grocery,WH015,SouthEast Warehouse 015,SouthEast,396,79,432.27,69,1,2026-05-24T00:00:00+07:00
INV-003673,SKU-0173,Fashion Item 0173,Fashion,WH015,SouthEast Warehouse 015,SouthEast,528,24,903.36,103,1,2026-05-24T00:00:00+07:00
INV-003674,SKU-0174,Industrial Item 0174,Industrial,WH015,SouthEast Warehouse 015,SouthEast,505,56,2184.22,51,1,2026-05-24T00:00:00+07:00
INV-003675,SKU-0175,Electronics Item 0175,Electronics,WH015,SouthEast Warehouse 015,SouthEast,412,33,2012.35,41,1,2026-05-24T00:00:00+07:00
INV-003676,SKU-0176,Home Item 0176,Home,WH015,SouthEast Warehouse 015,SouthEast,130,18,2205.91,100,1,2026-05-24T00:00:00+07:00
INV-003677,SKU-0177,Grocery Item 0177,Grocery,WH015,SouthEast Warehouse 015,SouthEast,420,63,91.35,95,1,2026-05-24T00:00:00+07:00
INV-003678,SKU-0178,Fashion Item 0178,Fashion,WH015,SouthEast Warehouse 015,SouthEast,459,42,1002.60,40,1,2026-05-24T00:00:00+07:00
INV-003679,SKU-0179,Industrial Item 0179,Industrial,WH015,SouthEast Warehouse 015,SouthEast,598,6,1295.53,117,1,2026-05-24T00:00:00+07:00
INV-003680,SKU-0180,Electronics Item 0180,Electronics,WH015,SouthEast Warehouse 015,SouthEast,651,13,1470.32,51,1,2026-05-24T00:00:00+07:00
INV-003681,SKU-0181,Home Item 0181,Home,WH015,SouthEast Warehouse 015,SouthEast,703,24,1464.43,74,1,2026-05-24T00:00:00+07:00
INV-003682,SKU-0182,Grocery Item 0182,Grocery,WH015,SouthEast Warehouse 015,SouthEast,452,73,1811.62,84,1,2026-05-24T00:00:00+07:00
INV-003683,SKU-0183,Fashion Item 0183,Fashion,WH015,SouthEast Warehouse 015,SouthEast,754,79,2368.36,34,1,2026-05-24T00:00:00+07:00
INV-003684,SKU-0184,Industrial Item 0184,Industrial,WH015,SouthEast Warehouse 015,SouthEast,757,76,2380.61,116,1,2026-05-24T00:00:00+07:00
INV-003685,SKU-0185,Electronics Item 0185,Electronics,WH015,SouthEast Warehouse 015,SouthEast,253,47,595.69,35,1,2026-05-24T00:00:00+07:00
INV-003686,SKU-0186,Home Item 0186,Home,WH015,SouthEast Warehouse 015,SouthEast,631,23,220.40,89,1,2026-05-24T00:00:00+07:00
INV-003687,SKU-0187,Grocery Item 0187,Grocery,WH015,SouthEast Warehouse 015,SouthEast,539,34,1344.04,80,1,2026-05-24T00:00:00+07:00
INV-003688,SKU-0188,Fashion Item 0188,Fashion,WH015,SouthEast Warehouse 015,SouthEast,463,30,1436.04,120,1,2026-05-24T00:00:00+07:00
INV-003689,SKU-0189,Industrial Item 0189,Industrial,WH015,SouthEast Warehouse 015,SouthEast,552,14,1376.13,98,1,2026-05-24T00:00:00+07:00
INV-003690,SKU-0190,Electronics Item 0190,Electronics,WH015,SouthEast Warehouse 015,SouthEast,573,23,528.89,30,1,2026-05-24T00:00:00+07:00
INV-003691,SKU-0191,Home Item 0191,Home,WH015,SouthEast Warehouse 015,SouthEast,429,9,1098.26,92,1,2026-05-24T00:00:00+07:00
INV-003692,SKU-0192,Grocery Item 0192,Grocery,WH015,SouthEast Warehouse 015,SouthEast,585,80,992.41,52,1,2026-05-24T00:00:00+07:00
INV-003693,SKU-0193,Fashion Item 0193,Fashion,WH015,SouthEast Warehouse 015,SouthEast,185,6,839.71,92,1,2026-05-24T00:00:00+07:00
INV-003694,SKU-0194,Industrial Item 0194,Industrial,WH015,SouthEast Warehouse 015,SouthEast,568,19,560.40,99,1,2026-05-24T00:00:00+07:00
INV-003695,SKU-0195,Electronics Item 0195,Electronics,WH015,SouthEast Warehouse 015,SouthEast,456,57,1862.60,113,1,2026-05-24T00:00:00+07:00
INV-003696,SKU-0196,Home Item 0196,Home,WH015,SouthEast Warehouse 015,SouthEast,305,45,80.77,107,1,2026-05-24T00:00:00+07:00
INV-003697,SKU-0197,Grocery Item 0197,Grocery,WH015,SouthEast Warehouse 015,SouthEast,627,14,1237.73,93,1,2026-05-24T00:00:00+07:00
INV-003698,SKU-0198,Fashion Item 0198,Fashion,WH015,SouthEast Warehouse 015,SouthEast,542,61,1146.81,91,1,2026-05-24T00:00:00+07:00
INV-003699,SKU-0199,Industrial Item 0199,Industrial,WH015,SouthEast Warehouse 015,SouthEast,518,45,85.81,93,1,2026-05-24T00:00:00+07:00
INV-003700,SKU-0200,Electronics Item 0200,Electronics,WH015,SouthEast Warehouse 015,SouthEast,120,27,1586.50,82,1,2026-05-24T00:00:00+07:00
INV-003701,SKU-0201,Home Item 0201,Home,WH015,SouthEast Warehouse 015,SouthEast,303,6,1951.33,30,1,2026-05-24T00:00:00+07:00
INV-003702,SKU-0202,Grocery Item 0202,Grocery,WH015,SouthEast Warehouse 015,SouthEast,517,44,1579.52,102,1,2026-05-24T00:00:00+07:00
INV-003703,SKU-0203,Fashion Item 0203,Fashion,WH015,SouthEast Warehouse 015,SouthEast,90,8,660.46,67,1,2026-05-24T00:00:00+07:00
INV-003704,SKU-0204,Industrial Item 0204,Industrial,WH015,SouthEast Warehouse 015,SouthEast,405,5,1385.14,112,1,2026-05-24T00:00:00+07:00
INV-003705,SKU-0205,Electronics Item 0205,Electronics,WH015,SouthEast Warehouse 015,SouthEast,741,27,1937.76,60,1,2026-05-24T00:00:00+07:00
INV-003706,SKU-0206,Home Item 0206,Home,WH015,SouthEast Warehouse 015,SouthEast,256,42,828.50,61,1,2026-05-24T00:00:00+07:00
INV-003707,SKU-0207,Grocery Item 0207,Grocery,WH015,SouthEast Warehouse 015,SouthEast,149,3,300.33,97,1,2026-05-24T00:00:00+07:00
INV-003708,SKU-0208,Fashion Item 0208,Fashion,WH015,SouthEast Warehouse 015,SouthEast,337,68,1294.95,35,1,2026-05-24T00:00:00+07:00
INV-003709,SKU-0209,Industrial Item 0209,Industrial,WH015,SouthEast Warehouse 015,SouthEast,564,8,467.61,39,1,2026-05-24T00:00:00+07:00
INV-003710,SKU-0210,Electronics Item 0210,Electronics,WH015,SouthEast Warehouse 015,SouthEast,502,65,1872.58,99,1,2026-05-24T00:00:00+07:00
INV-003711,SKU-0211,Home Item 0211,Home,WH015,SouthEast Warehouse 015,SouthEast,243,28,2189.71,93,1,2026-05-24T00:00:00+07:00
INV-003712,SKU-0212,Grocery Item 0212,Grocery,WH015,SouthEast Warehouse 015,SouthEast,100,8,1878.94,81,1,2026-05-24T00:00:00+07:00
INV-003713,SKU-0213,Fashion Item 0213,Fashion,WH015,SouthEast Warehouse 015,SouthEast,82,9,665.08,114,1,2026-05-24T00:00:00+07:00
INV-003714,SKU-0214,Industrial Item 0214,Industrial,WH015,SouthEast Warehouse 015,SouthEast,740,10,159.75,80,1,2026-05-24T00:00:00+07:00
INV-003715,SKU-0215,Electronics Item 0215,Electronics,WH015,SouthEast Warehouse 015,SouthEast,157,34,2018.82,91,1,2026-05-24T00:00:00+07:00
INV-003716,SKU-0216,Home Item 0216,Home,WH015,SouthEast Warehouse 015,SouthEast,792,69,992.98,28,1,2026-05-24T00:00:00+07:00
INV-003717,SKU-0217,Grocery Item 0217,Grocery,WH015,SouthEast Warehouse 015,SouthEast,337,5,1511.07,74,1,2026-05-24T00:00:00+07:00
INV-003718,SKU-0218,Fashion Item 0218,Fashion,WH015,SouthEast Warehouse 015,SouthEast,790,69,162.27,100,1,2026-05-24T00:00:00+07:00
INV-003719,SKU-0219,Industrial Item 0219,Industrial,WH015,SouthEast Warehouse 015,SouthEast,443,77,1162.20,54,1,2026-05-24T00:00:00+07:00
INV-003720,SKU-0220,Electronics Item 0220,Electronics,WH015,SouthEast Warehouse 015,SouthEast,742,6,1080.97,55,1,2026-05-24T00:00:00+07:00
INV-003721,SKU-0221,Home Item 0221,Home,WH015,SouthEast Warehouse 015,SouthEast,633,2,1896.12,89,1,2026-05-24T00:00:00+07:00
INV-003722,SKU-0222,Grocery Item 0222,Grocery,WH015,SouthEast Warehouse 015,SouthEast,351,45,1041.04,92,1,2026-05-24T00:00:00+07:00
INV-003723,SKU-0223,Fashion Item 0223,Fashion,WH015,SouthEast Warehouse 015,SouthEast,298,18,2456.17,83,1,2026-05-24T00:00:00+07:00
INV-003724,SKU-0224,Industrial Item 0224,Industrial,WH015,SouthEast Warehouse 015,SouthEast,698,68,1227.56,101,1,2026-05-24T00:00:00+07:00
INV-003725,SKU-0225,Electronics Item 0225,Electronics,WH015,SouthEast Warehouse 015,SouthEast,581,34,1064.68,87,1,2026-05-24T00:00:00+07:00
INV-003726,SKU-0226,Home Item 0226,Home,WH015,SouthEast Warehouse 015,SouthEast,325,45,1795.20,57,1,2026-05-24T00:00:00+07:00
INV-003727,SKU-0227,Grocery Item 0227,Grocery,WH015,SouthEast Warehouse 015,SouthEast,128,22,918.48,85,1,2026-05-24T00:00:00+07:00
INV-003728,SKU-0228,Fashion Item 0228,Fashion,WH015,SouthEast Warehouse 015,SouthEast,244,10,2118.11,25,1,2026-05-24T00:00:00+07:00
INV-003729,SKU-0229,Industrial Item 0229,Industrial,WH015,SouthEast Warehouse 015,SouthEast,615,65,1311.45,73,1,2026-05-24T00:00:00+07:00
INV-003730,SKU-0230,Electronics Item 0230,Electronics,WH015,SouthEast Warehouse 015,SouthEast,442,72,2268.44,94,1,2026-05-24T00:00:00+07:00
INV-003731,SKU-0231,Home Item 0231,Home,WH015,SouthEast Warehouse 015,SouthEast,740,76,809.83,75,1,2026-05-24T00:00:00+07:00
INV-003732,SKU-0232,Grocery Item 0232,Grocery,WH015,SouthEast Warehouse 015,SouthEast,533,57,50.32,120,1,2026-05-24T00:00:00+07:00
INV-003733,SKU-0233,Fashion Item 0233,Fashion,WH015,SouthEast Warehouse 015,SouthEast,792,69,1369.44,80,1,2026-05-24T00:00:00+07:00
INV-003734,SKU-0234,Industrial Item 0234,Industrial,WH015,SouthEast Warehouse 015,SouthEast,688,6,465.09,47,1,2026-05-24T00:00:00+07:00
INV-003735,SKU-0235,Electronics Item 0235,Electronics,WH015,SouthEast Warehouse 015,SouthEast,700,80,784.49,90,1,2026-05-24T00:00:00+07:00
INV-003736,SKU-0236,Home Item 0236,Home,WH015,SouthEast Warehouse 015,SouthEast,432,46,1834.30,104,1,2026-05-24T00:00:00+07:00
INV-003737,SKU-0237,Grocery Item 0237,Grocery,WH015,SouthEast Warehouse 015,SouthEast,378,32,2080.60,60,1,2026-05-24T00:00:00+07:00
INV-003738,SKU-0238,Fashion Item 0238,Fashion,WH015,SouthEast Warehouse 015,SouthEast,329,22,1703.64,66,1,2026-05-24T00:00:00+07:00
INV-003739,SKU-0239,Industrial Item 0239,Industrial,WH015,SouthEast Warehouse 015,SouthEast,605,65,1004.32,46,1,2026-05-24T00:00:00+07:00
INV-003740,SKU-0240,Electronics Item 0240,Electronics,WH015,SouthEast Warehouse 015,SouthEast,782,38,569.34,99,1,2026-05-24T00:00:00+07:00
INV-003741,SKU-0241,Home Item 0241,Home,WH015,SouthEast Warehouse 015,SouthEast,303,41,660.69,113,1,2026-05-24T00:00:00+07:00
INV-003742,SKU-0242,Grocery Item 0242,Grocery,WH015,SouthEast Warehouse 015,SouthEast,564,61,2493.88,87,1,2026-05-24T00:00:00+07:00
INV-003743,SKU-0243,Fashion Item 0243,Fashion,WH015,SouthEast Warehouse 015,SouthEast,518,76,630.28,82,1,2026-05-24T00:00:00+07:00
INV-003744,SKU-0244,Industrial Item 0244,Industrial,WH015,SouthEast Warehouse 015,SouthEast,630,47,1252.52,89,1,2026-05-24T00:00:00+07:00
INV-003745,SKU-0245,Electronics Item 0245,Electronics,WH015,SouthEast Warehouse 015,SouthEast,101,9,1137.08,119,1,2026-05-24T00:00:00+07:00
INV-003746,SKU-0246,Home Item 0246,Home,WH015,SouthEast Warehouse 015,SouthEast,327,54,889.69,92,1,2026-05-24T00:00:00+07:00
INV-003747,SKU-0247,Grocery Item 0247,Grocery,WH015,SouthEast Warehouse 015,SouthEast,275,33,1653.09,112,1,2026-05-24T00:00:00+07:00
INV-003748,SKU-0248,Fashion Item 0248,Fashion,WH015,SouthEast Warehouse 015,SouthEast,613,54,110.25,41,1,2026-05-24T00:00:00+07:00
INV-003749,SKU-0249,Industrial Item 0249,Industrial,WH015,SouthEast Warehouse 015,SouthEast,630,39,104.01,114,1,2026-05-24T00:00:00+07:00
INV-003750,SKU-0250,Electronics Item 0250,Electronics,WH015,SouthEast Warehouse 015,SouthEast,222,39,913.06,74,1,2026-05-24T00:00:00+07:00
