inventory_id,sku,product_name,category,warehouse_id,warehouse_name,region,quantity_available,reserved_quantity,unit_cost,reorder_level,version,updated_at
INV-001251,SKU-0001,Grocery Item 0001,Grocery,WH006,Central Warehouse 006,Central,106,11,580.56,63,1,2026-05-24T00:00:00+07:00
INV-001252,SKU-0002,Fashion Item 0002,Fashion,WH006,Central Warehouse 006,Central,111,16,2341.99,72,1,2026-05-24T00:00:00+07:00
INV-001253,SKU-0003,Industrial Item 0003,Industrial,WH006,Central Warehouse 006,Central,195,39,1315.33,54,1,2026-05-24T00:00:00+07:00
INV-001254,SKU-0004,Electronics Item 0004,Electronics,WH006,Central Warehouse 006,Central,627,37,2124.59,45,1,2026-05-24T00:00:00+07:00
INV-001255,SKU-0005,Home Item 0005,Home,WH006,Central Warehouse 006,Central,609,38,1937.65,81,1,2026-05-24T00:00:00+07:00
INV-001256,SKU-0006,Grocery Item 0006,Grocery,WH006,Central Warehouse 006,Central,205,41,1605.29,44,1,2026-05-24T00:00:00+07:00
INV-001257,SKU-0007,Fashion Item 0007,Fashion,WH006,Central Warehouse 006,Central,793,39,461.07,58,1,2026-05-24T00:00:00+07:00
INV-001258,SKU-0008,Industrial Item 0008,Industrial,WH006,Central Warehouse 006,Central,487,54,2148.19,51,1,2026-05-24T00:00:00+07:00
INV-001259,SKU-0009,Electronics Item 0009,Electronics,WH006,Central Warehouse 006,Central,516,29,103.42,83,1,2026-05-24T00:00:00+07:00
INV-001260,SKU-0010,Home Item 0010,Home,WH006,Central Warehouse 006,Central,668,29,2177.32,101,1,2026-05-24T00:00:00+07:00
INV-001261,SKU-0011,Grocery Item 0011,Grocery,WH006,Central Warehouse 006,Central,194,31,395.79,66,1,2026-05-24T00:00:00+07:00
INV-001262,SKU-0012,Fashion Item 0012,Fashion,WH006,Central Warehouse 006,Central,558,2,766.39,44,1,2026-05-24T00:00:00+07:00
INV-001263,SKU-0013,Industrial Item 0013,Industrial,WH006,Central Warehouse 006,Central,468,36,1924.04,83,1,2026-05-24T00:00:00+07:00
INV-001264,SKU-0014,Electronics Item 0014,Electronics,WH006,Central Warehouse 006,Central,329,77,132.69,34,1,2026-05-24T00:00:00+07:00
INV-001265,SKU-0015,Home Item 0015,Home,WH006,Central Warehouse 006,Central,214,32,1053.44,38,1,2026-05-24T00:00:00+07:00
INV-001266,SKU-0016,Grocery Item 0016,Grocery,WH006,Central Warehouse 006,Central,367,42,858.42,99,1,2026-05-24T00:00:00+07:00
INV-001267,SKU-0017,Fashion Item 0017,Fashion,WH006,Central Warehouse 006,Central,338,37,1545.81,28,1,2026-05-24T00:00:00+07:00
INV-001268,SKU-0018,Industrial Item 0018,Industrial,WH006,Central Warehouse 006,Central,606,13,1502.27,113,1,2026-05-24T00:00:00+07:00
INV-001269,SKU-0019,Electronics Item 0019,Electronics,WH006,Central Warehouse 006,Central,276,64,691.78,83,1,2026-05-24T00:00:00+07:00
INV-001270,SKU-0020,Home Item 0020,Home,WH006,Central Warehouse 006,Central,586,13,1973.88,79,1,2026-05-24T00:00:00+07:00
INV-001271,SKU-0021,Grocery Item 0021,Grocery,WH006,Central Warehouse 006,Central,388,69,891.54,100,1,2026-05-24T00:00:00+07:00
INV-001272,SKU-0022,Fashion Item 0022,Fashion,WH006,Central Warehouse 006,Central,635,15,2413.34,39,1,2026-05-24T00:00:00+07:00
INV-001273,SKU-0023,Industrial Item 0023,Industrial,WH006,Central Warehouse 006,Central,705,50,1390.37,118,1,2026-05-24T00:00:00+07:00
INV-001274,SKU-0024,Electronics Item 0024,Electronics,WH006,Central Warehouse 006,Central,372,25,1606.77,96,1,2026-05-24T00:00:00+07:00
INV-001275,SKU-0025,Home Item 0025,Home,WH006,Central Warehouse 006,Central,605,45,555.29,108,1,2026-05-24T00:00:00+07:00
INV-001276,SKU-0026,Grocery Item 0026,Grocery,WH006,Central Warehouse 006,Central,161,9,473.47,92,1,2026-05-24T00:00:00+07:00
INV-001277,SKU-0027,Fashion Item 0027,Fashion,WH006,Central Warehouse 006,Central,458,51,1319.36,42,1,2026-05-24T00:00:00+07:00
INV-001278,SKU-0028,Industrial Item 0028,Industrial,WH006,Central Warehouse 006,Central,132,3,1035.04,107,1,2026-05-24T00:00:00+07:00
INV-001279,SKU-0029,Electronics Item 0029,Electronics,WH006,Central Warehouse 006,Central,647,13,530.50,29,1,2026-05-24T00:00:00+07:00
INV-001280,SKU-0030,Home Item 0030,Home,WH006,Central Warehouse 006,Central,439,34,1893.46,96,1,2026-05-24T00:00:00+07:00
INV-001281,SKU-0031,Grocery Item 0031,Grocery,WH006,Central Warehouse 006,Central,633,56,1291.72,62,1,2026-05-24T00:00:00+07:00
INV-001282,SKU-0032,Fashion Item 0032,Fashion,WH006,Central Warehouse 006,Central,765,17,180.55,60,1,2026-05-24T00:00:00+07:00
INV-001283,SKU-0033,Industrial Item 0033,Industrial,WH006,Central Warehouse 006,Central,745,16,101.85,108,1,2026-05-24T00:00:00+07:00
INV-001284,SKU-0034,Electronics Item 0034,Electronics,WH006,Central Warehouse 006,Central,760,1,1305.76,111,1,2026-05-24T00:00:00+07:00
INV-001285,SKU-0035,Home Item 0035,Home,WH006,Central Warehouse 006,Central,231,10,2305.40,66,1,2026-05-24T00:00:00+07:00
INV-001286,SKU-0036,Grocery Item 0036,Grocery,WH006,Central Warehouse 006,Central,404,42,2220.58,63,1,2026-05-24T00:00:00+07:00
INV-001287,SKU-0037,Fashion Item 0037,Fashion,WH006,Central Warehouse 006,Central,481,9,28.82,54,1,2026-05-24T00:00:00+07:00
INV-001288,SKU-0038,Industrial Item 0038,Industrial,WH006,Central Warehouse 006,Central,170,19,2461.63,94,1,2026-05-24T00:00:00+07:00
INV-001289,SKU-0039,Electronics Item 0039,Electronics,WH006,Central Warehouse 006,Central,444,8,596.82,115,1,2026-05-24T00:00:00+07:00
INV-001290,SKU-0040,Home Item 0040,Home,WH006,Central Warehouse 006,Central,609,51,1078.16,109,1,2026-05-24T00:00:00+07:00
INV-001291,SKU-0041,Grocery Item 0041,Grocery,WH006,Central Warehouse 006,Central,624,59,1391.83,101,1,2026-05-24T00:00:00+07:00
INV-001292,SKU-0042,Fashion Item 0042,Fashion,WH006,Central Warehouse 006,Central,380,19,2355.34,88,1,2026-05-24T00:00:00+07:00
INV-001293,SKU-0043,Industrial Item 0043,Industrial,WH006,Central Warehouse 006,Central,305,71,121.33,48,1,2026-05-24T00:00:00+07:00
INV-001294,SKU-0044,Electronics Item 0044,Electronics,WH006,Central Warehouse 006,Central,175,43,855.78,38,1,2026-05-24T00:00:00+07:00
INV-001295,SKU-0045,Home Item 0045,Home,WH006,Central Warehouse 006,Central,172,29,674.79,56,1,2026-05-24T00:00:00+07:00
INV-001296,SKU-0046,Grocery Item 0046,Grocery,WH006,Central Warehouse 006,Central,497,80,717.60,39,1,2026-05-24T00:00:00+07:00
INV-001297,SKU-0047,Fashion Item 0047,Fashion,WH006,Central Warehouse 006,Central,331,28,1353.30,84,1,2026-05-24T00:00:00+07:00
INV-001298,SKU-0048,Industrial Item 0048,Industrial,WH006,Central Warehouse 006,Central,414,55,151.25,70,1,2026-05-24T00:00:00+07:00
INV-001299,SKU-0049,Electronics Item 0049,Electronics,WH006,Central Warehouse 006,Central,173,12,1469.43,66,1,2026-05-24T00:00:00+07:00
INV-001300,SKU-0050,Home Item 0050,Home,WH006,Central Warehouse 006,Central,447,77,554.77,45,1,2026-05-24T00:00:00+07:00
INV-001301,SKU-0051,Grocery Item 0051,Grocery,WH006,Central Warehouse 006,Central,576,7,366.51,114,1,2026-05-24T00:00:00+07:00
INV-001302,SKU-0052,Fashion Item 0052,Fashion,WH006,Central Warehouse 006,Central,737,53,1131.33,68,1,2026-05-24T00:00:00+07:00
INV-001303,SKU-0053,Industrial Item 0053,Industrial,WH006,Central Warehouse 006,Central,769,30,1657.67,78,1,2026-05-24T00:00:00+07:00
INV-001304,SKU-0054,Electronics Item 0054,Electronics,WH006,Central Warehouse 006,Central,239,13,948.29,56,1,2026-05-24T00:00:00+07:00
INV-001305,SKU-0055,Home Item 0055,Home,WH006,Central Warehouse 006,Central,133,18,1399.13,94,1,2026-05-24T00:00:00+07:00
INV-001306,SKU-0056,Grocery Item 0056,Grocery,WH006,Central Warehouse 006,Central,641,10,1408.39,31,1,2026-05-24T00:00:00+07:00
INV-001307,SKU-0057,Fashion Item 0057,Fashion,WH006,Central Warehouse 006,Central,309,29,824.53,89,1,2026-05-24T00:00:00+07:00
INV-001308,SKU-0058,Industrial Item 0058,Industrial,WH006,Central Warehouse 006,Central,246,19,409.71,90,1,2026-05-24T00:00:00+07:00
INV-001309,SKU-0059,Electronics Item 0059,Electronics,WH006,Central Warehouse 006,Central,284,48,1912.30,49,1,2026-05-24T00:00:00+07:00
INV-001310,SKU-0060,Home Item 0060,Home,WH006,Central Warehouse 006,Central,269,7,2028.87,55,1,2026-05-24T00:00:00+07:00
INV-001311,SKU-0061,Grocery Item 0061,Grocery,WH006,Central Warehouse 006,Central,402,71,1323.40,46,1,2026-05-24T00:00:00+07:00
INV-001312,SKU-0062,Fashion Item 0062,Fashion,WH006,Central Warehouse 006,Central,779,40,628.24,35,1,2026-05-24T00:00:00+07:00
INV-001313,SKU-0063,Industrial Item 0063,Industrial,WH006,Central Warehouse 006,Central,741,7,656.06,99,1,2026-05-24T00:00:00+07:00
INV-001314,SKU-0064,Electronics Item 0064,Electronics,WH006,Central Warehouse 006,Central,424,19,2336.43,111,1,2026-05-24T00:00:00+07:00
INV-001315,SKU-0065,Home Item 0065,Home,WH006,Central Warehouse 006,Central,745,72,1491.00,85,1,2026-05-24T00:00:00+07:00
INV-001316,SKU-0066,Grocery Item 0066,Grocery,WH006,Central Warehouse 006,Central,499,66,972.03,79,1,2026-05-24T00:00:00+07:00
INV-001317,SKU-0067,Fashion Item 0067,Fashion,WH006,Central Warehouse 006,Central,420,22,1525.15,95,1,2026-05-24T00:00:00+07:00
INV-001318,SKU-0068,Industrial Item 0068,Industrial,WH006,Central Warehouse 006,Central,780,60,1706.89,113,1,2026-05-24T00:00:00+07:00
INV-001319,SKU-0069,Electronics Item 0069,Electronics,WH006,Central Warehouse 006,Central,225,32,1192.07,60,1,2026-05-24T00:00:00+07:00
INV-001320,SKU-0070,Home Item 0070,Home,WH006,Central Warehouse 006,Central,394,17,1905.59,38,1,2026-05-24T00:00:00+07:00
INV-001321,SKU-0071,Grocery Item 0071,Grocery,WH006,Central Warehouse 006,Central,655,0,835.37,32,1,2026-05-24T00:00:00+07:00
INV-001322,SKU-0072,Fashion Item 0072,Fashion,WH006,Central Warehouse 006,Central,546,61,2170.68,60,1,2026-05-24T00:00:00+07:00
INV-001323,SKU-0073,Industrial Item 0073,Industrial,WH006,Central Warehouse 006,Central,378,33,2316.47,93,1,2026-05-24T00:00:00+07:00
INV-001324,SKU-0074,Electronics Item 0074,Electronics,WH006,Central Warehouse 006,Central,91,4,1209.33,90,1,2026-05-24T00:00:00+07:00
INV-001325,SKU-0075,Home Item 0075,Home,WH006,Central Warehouse 006,Central,719,29,1828.72,51,1,2026-05-24T00:00:00+07:00
INV-001326,SKU-0076,Grocery Item 0076,Grocery,WH006,Central Warehouse 006,Central,355,43,1948.54,99,1,2026-05-24T00:00:00+07:00
INV-001327,SKU-0077,Fashion Item 0077,Fashion,WH006,Central Warehouse 006,Central,241,60,662.47,84,1,2026-05-24T00:00:00+07:00
INV-001328,SKU-0078,Industrial Item 0078,Industrial,WH006,Central Warehouse 006,Central,281,15,1952.76,118,1,2026-05-24T00:00:00+07:00
INV-001329,SKU-0079,Electronics Item 0079,Electronics,WH006,Central Warehouse 006,Central,373,68,320.97,41,1,2026-05-24T00:00:00+07:00
INV-001330,SKU-0080,Home Item 0080,Home,WH006,Central Warehouse 006,Central,687,61,360.07,92,1,2026-05-24T00:00:00+07:00
INV-001331,SKU-0081,Grocery Item 0081,Grocery,WH006,Central Warehouse 006,Central,222,20,1743.80,92,1,2026-05-24T00:00:00+07:00
INV-001332,SKU-0082,Fashion Item 0082,Fashion,WH006,Central Warehouse 006,Central,98,14,2216.34,61,1,2026-05-24T00:00:00+07:00
INV-001333,SKU-0083,Industrial Item 0083,Industrial,WH006,Central Warehouse 006,Central,262,43,1363.01,54,1,2026-05-24T00:00:00+07:00
INV-001334,SKU-0084,Electronics Item 0084,Electronics,WH006,Central Warehouse 006,Central,104,14,1797.52,75,1,2026-05-24T00:00:00+07:00
INV-001335,SKU-0085,Home Item 0085,Home,WH006,Central Warehouse 006,Central,214,4,438.70,76,1,2026-05-24T00:00:00+07:00
INV-001336,SKU-0086,Grocery Item 0086,Grocery,WH006,Central Warehouse 006,Central,309,66,1865.98,51,1,2026-05-24T00:00:00+07:00
INV-001337,SKU-0087,Fashion Item 0087,Fashion,WH006,Central Warehouse 006,Central,469,54,1449.85,52,1,2026-05-24T00:00:00+07:00
INV-001338,SKU-0088,Industrial Item 0088,Industrial,WH006,Central Warehouse 006,Central,647,44,958.82,81,1,2026-05-24T00:00:00+07:00
INV-001339,SKU-0089,Electronics Item 0089,Electronics,WH006,Central Warehouse 006,Central,674,10,1768.85,89,1,2026-05-24T00:00:00+07:00
INV-001340,SKU-0090,Home Item 0090,Home,WH006,Central Warehouse 006,Central,767,44,2133.28,80,1,2026-05-24T00:00:00+07:00
INV-001341,SKU-0091,Grocery Item 0091,Grocery,WH006,Central Warehouse 006,Central,88,4,891.27,120,1,2026-05-24T00:00:00+07:00
INV-001342,SKU-0092,Fashion Item 0092,Fashion,WH006,Central Warehouse 006,Central,358,8,2390.89,65,1,2026-05-24T00:00:00+07:00
INV-001343,SKU-0093,Industrial Item 0093,Industrial,WH006,Central Warehouse 006,Central,126,23,1788.70,79,1,2026-05-24T00:00:00+07:00
INV-001344,SKU-0094,Electronics Item 0094,Electronics,WH006,Central Warehouse 006,Central,357,60,359.34,32,1,2026-05-24T00:00:00+07:00
INV-001345,SKU-0095,Home Item 0095,Home,WH006,Central Warehouse 006,Central,533,66,501.84,85,1,2026-05-24T00:00:00+07:00
INV-001346,SKU-0096,Grocery Item 0096,Grocery,WH006,Central Warehouse 006,Central,483,30,336.25,86,1,2026-05-24T00:00:00+07:00
INV-001347,SKU-0097,Fashion Item 0097,Fashion,WH006,Central Warehouse 006,Central,613,2,1805.83,103,1,2026-05-24T00:00:00+07:00
INV-001348,SKU-0098,Industrial Item 0098,Industrial,WH006,Central Warehouse 006,Central,126,10,214.27,71,1,2026-05-24T00:00:00+07:00
INV-001349,SKU-0099,Electronics Item 0099,Electronics,WH006,Central Warehouse 006,Central,136,13,1529.65,44,1,2026-05-24T00:00:00+07:00
INV-001350,SKU-0100,Home Item 0100,Home,WH006,Central Warehouse 006,Central,199,46,581.11,54,1,2026-05-24T00:00:00+07:00
INV-001351,SKU-0101,Grocery Item 0101,Grocery,WH006,Central Warehouse 006,Central,630,47,248.73,73,1,2026-05-24T00:00:00+07:00
INV-001352,SKU-0102,Fashion Item 0102,Fashion,WH006,Central Warehouse 006,Central,668,56,1571.97,27,1,2026-05-24T00:00:00+07:00
INV-001353,SKU-0103,Industrial Item 0103,Industrial,WH006,Central Warehouse 006,Central,267,59,2099.48,51,1,2026-05-24T00:00:00+07:00
INV-001354,SKU-0104,Electronics Item 0104,Electronics,WH006,Central Warehouse 006,Central,126,20,1601.53,103,1,2026-05-24T00:00:00+07:00
INV-001355,SKU-0105,Home Item 0105,Home,WH006,Central Warehouse 006,Central,701,32,115.34,39,1,2026-05-24T00:00:00+07:00
INV-001356,SKU-0106,Grocery Item 0106,Grocery,WH006,Central Warehouse 006,Central,379,78,905.30,52,1,2026-05-24T00:00:00+07:00
INV-001357,SKU-0107,Fashion Item 0107,Fashion,WH006,Central Warehouse 006,Central,383,35,1324.22,39,1,2026-05-24T00:00:00+07:00
INV-001358,SKU-0108,Industrial Item 0108,Industrial,WH006,Central Warehouse 006,Central,554,3,1269.33,93,1,2026-05-24T00:00:00+07:00
INV-001359,SKU-0109,Electronics Item 0109,Electronics,WH006,Central Warehouse 006,Central,649,65,381.09,71,1,2026-05-24T00:00:00+07:00
INV-001360,SKU-0110,Home Item 0110,Home,WH006,Central Warehouse 006,Central,509,16,1719.95,25,1,2026-05-24T00:00:00+07:00
INV-001361,SKU-0111,Grocery Item 0111,Grocery,WH006,Central Warehouse 006,Central,715,39,2115.54,29,1,2026-05-24T00:00:00+07:00
INV-001362,SKU-0112,Fashion Item 0112,Fashion,WH006,Central Warehouse 006,Central,83,18,288.48,33,1,2026-05-24T00:00:00+07:00
INV-001363,SKU-0113,Industrial Item 0113,Industrial,WH006,Central Warehouse 006,Central,633,51,881.69,32,1,2026-05-24T00:00:00+07:00
INV-001364,SKU-0114,Electronics Item 0114,Electronics,WH006,Central Warehouse 006,Central,534,70,1291.31,36,1,2026-05-24T00:00:00+07:00
INV-001365,SKU-0115,Home Item 0115,Home,WH006,Central Warehouse 006,Central,455,6,137.56,39,1,2026-05-24T00:00:00+07:00
INV-001366,SKU-0116,Grocery Item 0116,Grocery,WH006,Central Warehouse 006,Central,409,50,1370.49,120,1,2026-05-24T00:00:00+07:00
INV-001367,SKU-0117,Fashion Item 0117,Fashion,WH006,Central Warehouse 006,Central,86,11,232.80,66,1,2026-05-24T00:00:00+07:00
INV-001368,SKU-0118,Industrial Item 0118,Industrial,WH006,Central Warehouse 006,Central,371,7,490.31,74,1,2026-05-24T00:00:00+07:00
INV-001369,SKU-0119,Electronics Item 0119,Electronics,WH006,Central Warehouse 006,Central,683,58,362.31,107,1,2026-05-24T00:00:00+07:00
INV-001370,SKU-0120,Home Item 0120,Home,WH006,Central Warehouse 006,Central,237,16,896.66,78,1,2026-05-24T00:00:00+07:00
INV-001371,SKU-0121,Grocery Item 0121,Grocery,WH006,Central Warehouse 006,Central,666,11,459.02,80,1,2026-05-24T00:00:00+07:00
INV-001372,SKU-0122,Fashion Item 0122,Fashion,WH006,Central Warehouse 006,Central,682,66,481.84,111,1,2026-05-24T00:00:00+07:00
INV-001373,SKU-0123,Industrial Item 0123,Industrial,WH006,Central Warehouse 006,Central,764,26,1506.12,81,1,2026-05-24T00:00:00+07:00
INV-001374,SKU-0124,Electronics Item 0124,Electronics,WH006,Central Warehouse 006,Central,105,6,28.62,110,1,2026-05-24T00:00:00+07:00
INV-001375,SKU-0125,Home Item 0125,Home,WH006,Central Warehouse 006,Central,188,39,215.75,57,1,2026-05-24T00:00:00+07:00
INV-001376,SKU-0126,Grocery Item 0126,Grocery,WH006,Central Warehouse 006,Central,538,31,1996.08,94,1,2026-05-24T00:00:00+07:00
INV-001377,SKU-0127,Fashion Item 0127,Fashion,WH006,Central Warehouse 006,Central,730,26,2368.19,44,1,2026-05-24T00:00:00+07:00
INV-001378,SKU-0128,Industrial Item 0128,Industrial,WH006,Central Warehouse 006,Central,245,7,2050.04,79,1,2026-05-24T00:00:00+07:00
INV-001379,SKU-0129,Electronics Item 0129,Electronics,WH006,Central Warehouse 006,Central,282,49,1738.23,104,1,2026-05-24T00:00:00+07:00
INV-001380,SKU-0130,Home Item 0130,Home,WH006,Central Warehouse 006,Central,206,35,2169.19,45,1,2026-05-24T00:00:00+07:00
INV-001381,SKU-0131,Grocery Item 0131,Grocery,WH006,Central Warehouse 006,Central,274,55,1243.60,77,1,2026-05-24T00:00:00+07:00
INV-001382,SKU-0132,Fashion Item 0132,Fashion,WH006,Central Warehouse 006,Central,201,29,158.34,59,1,2026-05-24T00:00:00+07:00
INV-001383,SKU-0133,Industrial Item 0133,Industrial,WH006,Central Warehouse 006,Central,680,36,1220.69,52,1,2026-05-24T00:00:00+07:00
INV-001384,SKU-0134,Electronics Item 0134,Electronics,WH006,Central Warehouse 006,Central,223,35,1255.72,108,1,2026-05-24T00:00:00+07:00
INV-001385,SKU-0135,Home Item 0135,Home,WH006,Central Warehouse 006,Central,550,52,2262.34,104,1,2026-05-24T00:00:00+07:00
INV-001386,SKU-0136,Grocery Item 0136,Grocery,WH006,Central Warehouse 006,Central,624,74,841.29,90,1,2026-05-24T00:00:00+07:00
INV-001387,SKU-0137,Fashion Item 0137,Fashion,WH006,Central Warehouse 006,Central,416,2,1393.11,117,1,2026-05-24T00:00:00+07:00
INV-001388,SKU-0138,Industrial Item 0138,Industrial,WH006,Central Warehouse 006,Central,438,50,2490.17,70,1,2026-05-24T00:00:00+07:00
INV-001389,SKU-0139,Electronics Item 0139,Electronics,WH006,Central Warehouse 006,Central,413,48,176.29,64,1,2026-05-24T00:00:00+07:00
INV-001390,SKU-0140,Home Item 0140,Home,WH006,Central Warehouse 006,Central,449,18,353.33,109,1,2026-05-24T00:00:00+07:00
INV-001391,SKU-0141,Grocery Item 0141,Grocery,WH006,Central Warehouse 006,Central,675,0,1678.08,70,1,2026-05-24T00:00:00+07:00
INV-001392,SKU-0142,Fashion Item 0142,Fashion,WH006,Central Warehouse 006,Central,457,33,40.51,87,1,2026-05-24T00:00:00+07:00
INV-001393,SKU-0143,Industrial Item 0143,Industrial,WH006,Central Warehouse 006,Central,157,3,337.82,105,1,2026-05-24T00:00:00+07:00
INV-001394,SKU-0144,Electronics Item 0144,Electronics,WH006,Central Warehouse 006,Central,444,0,2447.30,70,1,2026-05-24T00:00:00+07:00
INV-001395,SKU-0145,Home Item 0145,Home,WH006,Central Warehouse 006,Central,111,19,1548.58,57,1,2026-05-24T00:00:00+07:00
INV-001396,SKU-0146,Grocery Item 0146,Grocery,WH006,Central Warehouse 006,Central,477,21,637.33,90,1,2026-05-24T00:00:00+07:00
INV-001397,SKU-0147,Fashion Item 0147,Fashion,WH006,Central Warehouse 006,Central,608,28,1382.23,57,1,2026-05-24T00:00:00+07:00
INV-001398,SKU-0148,Industrial Item 0148,Industrial,WH006,Central Warehouse 006,Central,699,6,2332.00,27,1,2026-05-24T00:00:00+07:00
INV-001399,SKU-0149,Electronics Item 0149,Electronics,WH006,Central Warehouse 006,Central,335,59,965.69,110,1,2026-05-24T00:00:00+07:00
INV-001400,SKU-0150,Home Item 0150,Home,WH006,Central Warehouse 006,Central,752,2,1097.62,68,1,2026-05-24T00:00:00+07:00
INV-001401,SKU-0151,Grocery Item 0151,Grocery,WH006,Central Warehouse 006,Central,184,17,146.73,39,1,2026-05-24T00:00:00+07:00
INV-001402,SKU-0152,Fashion Item 0152,Fashion,WH006,Central Warehouse 006,Central,625,24,1042.01,35,1,2026-05-24T00:00:00+07:00
INV-001403,SKU-0153,Industrial Item 0153,Industrial,WH006,Central Warehouse 006,Central,731,2,1804.00,75,1,2026-05-24T00:00:00+07:00
INV-001404,SKU-0154,Electronics Item 0154,Electronics,WH006,Central Warehouse 006,Central,758,24,1870.01,85,1,2026-05-24T00:00:00+07:00
INV-001405,SKU-0155,Home Item 0155,Home,WH006,Central Warehouse 006,Central,116,9,2450.83,36,1,2026-05-24T00:00:00+07:00
INV-001406,SKU-0156,Grocery Item 0156,Grocery,WH006,Central Warehouse 006,Central,780,74,2319.16,81,1,2026-05-24T00:00:00+07:00
INV-001407,SKU-0157,Fashion Item 0157,Fashion,WH006,Central Warehouse 006,Central,206,37,2382.98,105,1,2026-05-24T00:00:00+07:00
INV-001408,SKU-0158,Industrial Item 0158,Industrial,WH006,Central Warehouse 006,Central,540,77,2444.80,59,1,2026-05-24T00:00:00+07:00
INV-001409,SKU-0159,Electronics Item 0159,Electronics,WH006,Central Warehouse 006,Central,230,4,302.43,42,1,2026-05-24T00:00:00+07:00
INV-001410,SKU-0160,Home Item 0160,Home,WH006,Central Warehouse 006,Central,154,9,39.17,66,1,2026-05-24T00:00:00+07:00
INV-001411,SKU-0161,Grocery Item 0161,Grocery,WH006,Central Warehouse 006,Central,322,60,1912.77,102,1,2026-05-24T00:00:00+07:00
INV-001412,SKU-0162,Fashion Item 0162,Fashion,WH006,Central Warehouse 006,Central,491,57,277.48,54,1,2026-05-24T00:00:00+07:00
INV-001413,SKU-0163,Industrial Item 0163,Industrial,WH006,Central Warehouse 006,Central,638,50,2369.78,47,1,2026-05-24T00:00:00+07:00
INV-001414,SKU-0164,Electronics Item 0164,Electronics,WH006,Central Warehouse 006,Central,325,53,1170.29,107,1,2026-05-24T00:00:00+07:00
INV-001415,SKU-0165,Home Item 0165,Home,WH006,Central Warehouse 006,Central,690,17,183.82,60,1,2026-05-24T00:00:00+07:00
INV-001416,SKU-0166,Grocery Item 0166,Grocery,WH006,Central Warehouse 006,Central,546,19,818.32,103,1,2026-05-24T00:00:00+07:00
INV-001417,SKU-0167,Fashion Item 0167,Fashion,WH006,Central Warehouse 006,Central,566,43,2027.67,55,1,2026-05-24T00:00:00+07:00
INV-001418,SKU-0168,Industrial Item 0168,Industrial,WH006,Central Warehouse 006,Central,231,15,863.91,55,1,2026-05-24T00:00:00+07:00
INV-001419,SKU-0169,Electronics Item 0169,Electronics,WH006,Central Warehouse 006,Central,671,4,13.86,39,1,2026-05-24T00:00:00+07:00
INV-001420,SKU-0170,Home Item 0170,Home,WH006,Central Warehouse 006,Central,504,17,1537.75,55,1,2026-05-24T00:00:00+07:00
INV-001421,SKU-0171,Grocery Item 0171,Grocery,WH006,Central Warehouse 006,Central,374,4,101.48,32,1,2026-05-24T00:00:00+07:00
INV-001422,SKU-0172,Fashion Item 0172,Fashion,WH006,Central Warehouse 006,Central,456,36,1574.31,109,1,2026-05-24T00:00:00+07:00
INV-001423,SKU-0173,Industrial Item 0173,Industrial,WH006,Central Warehouse 006,Central,219,41,458.86,120,1,2026-05-24T00:00:00+07:00
INV-001424,SKU-0174,Electronics Item 0174,Electronics,WH006,Central Warehouse 006,Central,235,31,2490.64,98,1,2026-05-24T00:00:00+07:00
INV-001425,SKU-0175,Home Item 0175,Home,WH006,Central Warehouse 006,Central,637,23,2396.00,33,1,2026-05-24T00:00:00+07:00
INV-001426,SKU-0176,Grocery Item 0176,Grocery,WH006,Central Warehouse 006,Central,798,45,699.53,66,1,2026-05-24T00:00:00+07:00
INV-001427,SKU-0177,Fashion Item 0177,Fashion,WH006,Central Warehouse 006,Central,193,0,1177.55,112,1,2026-05-24T00:00:00+07:00
INV-001428,SKU-0178,Industrial Item 0178,Industrial,WH006,Central Warehouse 006,Central,365,28,1309.66,27,1,2026-05-24T00:00:00+07:00
INV-001429,SKU-0179,Electronics Item 0179,Electronics,WH006,Central Warehouse 006,Central,585,15,1708.96,103,1,2026-05-24T00:00:00+07:00
INV-001430,SKU-0180,Home Item 0180,Home,WH006,Central Warehouse 006,Central,655,45,2205.31,81,1,2026-05-24T00:00:00+07:00
INV-001431,SKU-0181,Grocery Item 0181,Grocery,WH006,Central Warehouse 006,Central,714,71,1516.18,52,1,2026-05-24T00:00:00+07:00
INV-001432,SKU-0182,Fashion Item 0182,Fashion,WH006,Central Warehouse 006,Central,587,5,2048.31,80,1,2026-05-24T00:00:00+07:00
INV-001433,SKU-0183,Industrial Item 0183,Industrial,WH006,Central Warehouse 006,Central,304,18,926.21,42,1,2026-05-24T00:00:00+07:00
INV-001434,SKU-0184,Electronics Item 0184,Electronics,WH006,Central Warehouse 006,Central,210,47,2455.34,63,1,2026-05-24T00:00:00+07:00
INV-001435,SKU-0185,Home Item 0185,Home,WH006,Central Warehouse 006,Central,641,11,896.38,33,1,2026-05-24T00:00:00+07:00
INV-001436,SKU-0186,Grocery Item 0186,Grocery,WH006,Central Warehouse 006,Central,181,12,1772.14,39,1,2026-05-24T00:00:00+07:00
INV-001437,SKU-0187,Fashion Item 0187,Fashion,WH006,Central Warehouse 006,Central,278,4,1227.70,90,1,2026-05-24T00:00:00+07:00
INV-001438,SKU-0188,Industrial Item 0188,Industrial,WH006,Central Warehouse 006,Central,715,5,1274.86,58,1,2026-05-24T00:00:00+07:00
INV-001439,SKU-0189,Electronics Item 0189,Electronics,WH006,Central Warehouse 006,Central,420,22,1991.61,76,1,2026-05-24T00:00:00+07:00
INV-001440,SKU-0190,Home Item 0190,Home,WH006,Central Warehouse 006,Central,382,23,802.78,88,1,2026-05-24T00:00:00+07:00
INV-001441,SKU-0191,Grocery Item 0191,Grocery,WH006,Central Warehouse 006,Central,261,48,2363.96,35,1,2026-05-24T00:00:00+07:00
INV-001442,SKU-0192,Fashion Item 0192,Fashion,WH006,Central Warehouse 006,Central,293,13,802.86,61,1,2026-05-24T00:00:00+07:00
INV-001443,SKU-0193,Industrial Item 0193,Industrial,WH006,Central Warehouse 006,Central,676,69,235.24,39,1,2026-05-24T00:00:00+07:00
INV-001444,SKU-0194,Electronics Item 0194,Electronics,WH006,Central Warehouse 006,Central,553,13,1400.68,57,1,2026-05-24T00:00:00+07:00
INV-001445,SKU-0195,Home Item 0195,Home,WH006,Central Warehouse 006,Central,448,34,282.68,100,1,2026-05-24T00:00:00+07:00
INV-001446,SKU-0196,Grocery Item 0196,Grocery,WH006,Central Warehouse 006,Central,577,41,857.16,87,1,2026-05-24T00:00:00+07:00
INV-001447,SKU-0197,Fashion Item 0197,Fashion,WH006,Central Warehouse 006,Central,622,79,1534.90,40,1,2026-05-24T00:00:00+07:00
INV-001448,SKU-0198,Industrial Item 0198,Industrial,WH006,Central Warehouse 006,Central,521,70,709.45,42,1,2026-05-24T00:00:00+07:00
INV-001449,SKU-0199,Electronics Item 0199,Electronics,WH006,Central Warehouse 006,Central,350,37,555.18,56,1,2026-05-24T00:00:00+07:00
INV-001450,SKU-0200,Home Item 0200,Home,WH006,Central Warehouse 006,Central,676,70,1445.19,56,1,2026-05-24T00:00:00+07:00
INV-001451,SKU-0201,Grocery Item 0201,Grocery,WH006,Central Warehouse 006,Central,697,70,1001.45,71,1,2026-05-24T00:00:00+07:00
INV-001452,SKU-0202,Fashion Item 0202,Fashion,WH006,Central Warehouse 006,Central,181,7,2311.61,54,1,2026-05-24T00:00:00+07:00
INV-001453,SKU-0203,Industrial Item 0203,Industrial,WH006,Central Warehouse 006,Central,122,10,1894.89,31,1,2026-05-24T00:00:00+07:00
INV-001454,SKU-0204,Electronics Item 0204,Electronics,WH006,Central Warehouse 006,Central,180,18,124.69,44,1,2026-05-24T00:00:00+07:00
INV-001455,SKU-0205,Home Item 0205,Home,WH006,Central Warehouse 006,Central,141,10,2399.39,57,1,2026-05-24T00:00:00+07:00
INV-001456,SKU-0206,Grocery Item 0206,Grocery,WH006,Central Warehouse 006,Central,163,27,2138.92,62,1,2026-05-24T00:00:00+07:00
INV-001457,SKU-0207,Fashion Item 0207,Fashion,WH006,Central Warehouse 006,Central,630,74,1333.06,85,1,2026-05-24T00:00:00+07:00
INV-001458,SKU-0208,Industrial Item 0208,Industrial,WH006,Central Warehouse 006,Central,459,19,1408.43,112,1,2026-05-24T00:00:00+07:00
INV-001459,SKU-0209,Electronics Item 0209,Electronics,WH006,Central Warehouse 006,Central,199,18,241.26,40,1,2026-05-24T00:00:00+07:00
INV-001460,SKU-0210,Home Item 0210,Home,WH006,Central Warehouse 006,Central,265,5,2168.08,55,1,2026-05-24T00:00:00+07:00
INV-001461,SKU-0211,Grocery Item 0211,Grocery,WH006,Central Warehouse 006,Central,126,17,1591.39,95,1,2026-05-24T00:00:00+07:00
INV-001462,SKU-0212,Fashion Item 0212,Fashion,WH006,Central Warehouse 006,Central,535,65,1971.88,32,1,2026-05-24T00:00:00+07:00
INV-001463,SKU-0213,Industrial Item 0213,Industrial,WH006,Central Warehouse 006,Central,407,35,627.00,118,1,2026-05-24T00:00:00+07:00
INV-001464,SKU-0214,Electronics Item 0214,Electronics,WH006,Central Warehouse 006,Central,793,42,1030.68,40,1,2026-05-24T00:00:00+07:00
INV-001465,SKU-0215,Home Item 0215,Home,WH006,Central Warehouse 006,Central,665,32,595.93,31,1,2026-05-24T00:00:00+07:00
INV-001466,SKU-0216,Grocery Item 0216,Grocery,WH006,Central Warehouse 006,Central,490,21,2153.60,27,1,2026-05-24T00:00:00+07:00
INV-001467,SKU-0217,Fashion Item 0217,Fashion,WH006,Central Warehouse 006,Central,629,21,1400.63,108,1,2026-05-24T00:00:00+07:00
INV-001468,SKU-0218,Industrial Item 0218,Industrial,WH006,Central Warehouse 006,Central,712,62,1695.42,52,1,2026-05-24T00:00:00+07:00
INV-001469,SKU-0219,Electronics Item 0219,Electronics,WH006,Central Warehouse 006,Central,210,26,1191.90,90,1,2026-05-24T00:00:00+07:00
INV-001470,SKU-0220,Home Item 0220,Home,WH006,Central Warehouse 006,Central,413,65,1624.38,41,1,2026-05-24T00:00:00+07:00
INV-001471,SKU-0221,Grocery Item 0221,Grocery,WH006,Central Warehouse 006,Central,99,1,694.10,26,1,2026-05-24T00:00:00+07:00
INV-001472,SKU-0222,Fashion Item 0222,Fashion,WH006,Central Warehouse 006,Central,582,71,2178.87,26,1,2026-05-24T00:00:00+07:00
INV-001473,SKU-0223,Industrial Item 0223,Industrial,WH006,Central Warehouse 006,Central,641,53,377.16,46,1,2026-05-24T00:00:00+07:00
INV-001474,SKU-0224,Electronics Item 0224,Electronics,WH006,Central Warehouse 006,Central,362,55,428.88,119,1,2026-05-24T00:00:00+07:00
INV-001475,SKU-0225,Home Item 0225,Home,WH006,Central Warehouse 006,Central,550,28,296.15,76,1,2026-05-24T00:00:00+07:00
INV-001476,SKU-0226,Grocery Item 0226,Grocery,WH006,Central Warehouse 006,Central,218,49,220.79,49,1,2026-05-24T00:00:00+07:00
INV-001477,SKU-0227,Fashion Item 0227,Fashion,WH006,Central Warehouse 006,Central,319,23,78.01,88,1,2026-05-24T00:00:00+07:00
INV-001478,SKU-0228,Industrial Item 0228,Industrial,WH006,Central Warehouse 006,Central,94,15,1250.27,85,1,2026-05-24T00:00:00+07:00
INV-001479,SKU-0229,Electronics Item 0229,Electronics,WH006,Central Warehouse 006,Central,380,76,774.72,102,1,2026-05-24T00:00:00+07:00
INV-001480,SKU-0230,Home Item 0230,Home,WH006,Central Warehouse 006,Central,82,5,926.06,25,1,2026-05-24T00:00:00+07:00
INV-001481,SKU-0231,Grocery Item 0231,Grocery,WH006,Central Warehouse 006,Central,462,67,749.21,45,1,2026-05-24T00:00:00+07:00
INV-001482,SKU-0232,Fashion Item 0232,Fashion,WH006,Central Warehouse 006,Central,202,24,682.86,118,1,2026-05-24T00:00:00+07:00
INV-001483,SKU-0233,Industrial Item 0233,Industrial,WH006,Central Warehouse 006,Central,405,10,450.86,87,1,2026-05-24T00:00:00+07:00
INV-001484,SKU-0234,Electronics Item 0234,Electronics,WH006,Central Warehouse 006,Central,402,77,515.08,100,1,2026-05-24T00:00:00+07:00
INV-001485,SKU-0235,Home Item 0235,Home,WH006,Central Warehouse 006,Central,611,19,1940.21,40,1,2026-05-24T00:00:00+07:00
INV-001486,SKU-0236,Grocery Item 0236,Grocery,WH006,Central Warehouse 006,Central,791,20,1454.42,111,1,2026-05-24T00:00:00+07:00
INV-001487,SKU-0237,Fashion Item 0237,Fashion,WH006,Central Warehouse 006,Central,571,53,692.96,33,1,2026-05-24T00:00:00+07:00
INV-001488,SKU-0238,Industrial Item 0238,Industrial,WH006,Central Warehouse 006,Central,145,4,870.34,40,1,2026-05-24T00:00:00+07:00
INV-001489,SKU-0239,Electronics Item 0239,Electronics,WH006,Central Warehouse 006,Central,297,34,2058.45,111,1,2026-05-24T00:00:00+07:00
INV-001490,SKU-0240,Home Item 0240,Home,WH006,Central Warehouse 006,Central,721,8,1512.78,83,1,2026-05-24T00:00:00+07:00
INV-001491,SKU-0241,Grocery Item 0241,Grocery,WH006,Central Warehouse 006,Central,565,24,2169.92,60,1,2026-05-24T00:00:00+07:00
INV-001492,SKU-0242,Fashion Item 0242,Fashion,WH006,Central Warehouse 006,Central,704,24,1727.00,39,1,2026-05-24T00:00:00+07:00
INV-001493,SKU-0243,Industrial Item 0243,Industrial,WH006,Central Warehouse 006,Central,173,6,1974.52,115,1,2026-05-24T00:00:00+07:00
INV-001494,SKU-0244,Electronics Item 0244,Electronics,WH006,Central Warehouse 006,Central,104,19,1583.86,57,1,2026-05-24T00:00:00+07:00
INV-001495,SKU-0245,Home Item 0245,Home,WH006,Central Warehouse 006,Central,217,42,673.43,117,1,2026-05-24T00:00:00+07:00
INV-001496,SKU-0246,Grocery Item 0246,Grocery,WH006,Central Warehouse 006,Central,302,20,2416.12,41,1,2026-05-24T00:00:00+07:00
INV-001497,SKU-0247,Fashion Item 0247,Fashion,WH006,Central Warehouse 006,Central,557,22,1095.99,112,1,2026-05-24T00:00:00+07:00
INV-001498,SKU-0248,Industrial Item 0248,Industrial,WH006,Central Warehouse 006,Central,362,30,2490.53,103,1,2026-05-24T00:00:00+07:00
INV-001499,SKU-0249,Electronics Item 0249,Electronics,WH006,Central Warehouse 006,Central,677,30,1716.62,116,1,2026-05-24T00:00:00+07:00
INV-001500,SKU-0250,Home Item 0250,Home,WH006,Central Warehouse 006,Central,122,0,2383.92,73,1,2026-05-24T00:00:00+07:00
INV-001501,SKU-0001,Fashion Item 0001,Fashion,WH007,Central Warehouse 007,Central,701,9,630.15,107,1,2026-05-24T00:00:00+07:00
INV-001502,SKU-0002,Industrial Item 0002,Industrial,WH007,Central Warehouse 007,Central,432,10,2005.47,90,1,2026-05-24T00:00:00+07:00
INV-001503,SKU-0003,Electronics Item 0003,Electronics,WH007,Central Warehouse 007,Central,434,29,1638.47,59,1,2026-05-24T00:00:00+07:00
INV-001504,SKU-0004,Home Item 0004,Home,WH007,Central Warehouse 007,Central,304,44,966.09,89,1,2026-05-24T00:00:00+07:00
INV-001505,SKU-0005,Grocery Item 0005,Grocery,WH007,Central Warehouse 007,Central,487,31,296.23,114,1,2026-05-24T00:00:00+07:00
INV-001506,SKU-0006,Fashion Item 0006,Fashion,WH007,Central Warehouse 007,Central,118,18,965.46,110,1,2026-05-24T00:00:00+07:00
INV-001507,SKU-0007,Industrial Item 0007,Industrial,WH007,Central Warehouse 007,Central,400,67,141.05,31,1,2026-05-24T00:00:00+07:00
INV-001508,SKU-0008,Electronics Item 0008,Electronics,WH007,Central Warehouse 007,Central,560,33,230.68,87,1,2026-05-24T00:00:00+07:00
INV-001509,SKU-0009,Home Item 0009,Home,WH007,Central Warehouse 007,Central,399,30,1705.55,88,1,2026-05-24T00:00:00+07:00
INV-001510,SKU-0010,Grocery Item 0010,Grocery,WH007,Central Warehouse 007,Central,475,36,1729.83,35,1,2026-05-24T00:00:00+07:00
INV-001511,SKU-0011,Fashion Item 0011,Fashion,WH007,Central Warehouse 007,Central,604,0,961.68,49,1,2026-05-24T00:00:00+07:00
INV-001512,SKU-0012,Industrial Item 0012,Industrial,WH007,Central Warehouse 007,Central,748,23,1913.67,51,1,2026-05-24T00:00:00+07:00
INV-001513,SKU-0013,Electronics Item 0013,Electronics,WH007,Central Warehouse 007,Central,675,58,222.88,85,1,2026-05-24T00:00:00+07:00
INV-001514,SKU-0014,Home Item 0014,Home,WH007,Central Warehouse 007,Central,747,3,1269.57,75,1,2026-05-24T00:00:00+07:00
INV-001515,SKU-0015,Grocery Item 0015,Grocery,WH007,Central Warehouse 007,Central,623,59,149.17,91,1,2026-05-24T00:00:00+07:00
INV-001516,SKU-0016,Fashion Item 0016,Fashion,WH007,Central Warehouse 007,Central,258,62,2267.21,54,1,2026-05-24T00:00:00+07:00
INV-001517,SKU-0017,Industrial Item 0017,Industrial,WH007,Central Warehouse 007,Central,102,22,962.33,94,1,2026-05-24T00:00:00+07:00
INV-001518,SKU-0018,Electronics Item 0018,Electronics,WH007,Central Warehouse 007,Central,243,52,353.20,51,1,2026-05-24T00:00:00+07:00
INV-001519,SKU-0019,Home Item 0019,Home,WH007,Central Warehouse 007,Central,277,67,537.07,89,1,2026-05-24T00:00:00+07:00
INV-001520,SKU-0020,Grocery Item 0020,Grocery,WH007,Central Warehouse 007,Central,295,67,1261.81,95,1,2026-05-24T00:00:00+07:00
INV-001521,SKU-0021,Fashion Item 0021,Fashion,WH007,Central Warehouse 007,Central,259,62,1655.50,97,1,2026-05-24T00:00:00+07:00
INV-001522,SKU-0022,Industrial Item 0022,Industrial,WH007,Central Warehouse 007,Central,216,43,213.76,100,1,2026-05-24T00:00:00+07:00
INV-001523,SKU-0023,Electronics Item 0023,Electronics,WH007,Central Warehouse 007,Central,732,46,1378.73,110,1,2026-05-24T00:00:00+07:00
INV-001524,SKU-0024,Home Item 0024,Home,WH007,Central Warehouse 007,Central,207,51,146.05,51,1,2026-05-24T00:00:00+07:00
INV-001525,SKU-0025,Grocery Item 0025,Grocery,WH007,Central Warehouse 007,Central,231,11,2285.78,79,1,2026-05-24T00:00:00+07:00
INV-001526,SKU-0026,Fashion Item 0026,Fashion,WH007,Central Warehouse 007,Central,405,3,317.42,76,1,2026-05-24T00:00:00+07:00
INV-001527,SKU-0027,Industrial Item 0027,Industrial,WH007,Central Warehouse 007,Central,395,46,1464.29,64,1,2026-05-24T00:00:00+07:00
INV-001528,SKU-0028,Electronics Item 0028,Electronics,WH007,Central Warehouse 007,Central,548,73,1542.14,86,1,2026-05-24T00:00:00+07:00
INV-001529,SKU-0029,Home Item 0029,Home,WH007,Central Warehouse 007,Central,690,28,501.44,30,1,2026-05-24T00:00:00+07:00
INV-001530,SKU-0030,Grocery Item 0030,Grocery,WH007,Central Warehouse 007,Central,489,41,48.91,35,1,2026-05-24T00:00:00+07:00
INV-001531,SKU-0031,Fashion Item 0031,Fashion,WH007,Central Warehouse 007,Central,501,26,1111.00,110,1,2026-05-24T00:00:00+07:00
INV-001532,SKU-0032,Industrial Item 0032,Industrial,WH007,Central Warehouse 007,Central,609,45,183.17,30,1,2026-05-24T00:00:00+07:00
INV-001533,SKU-0033,Electronics Item 0033,Electronics,WH007,Central Warehouse 007,Central,287,34,166.21,60,1,2026-05-24T00:00:00+07:00
INV-001534,SKU-0034,Home Item 0034,Home,WH007,Central Warehouse 007,Central,641,50,765.57,81,1,2026-05-24T00:00:00+07:00
INV-001535,SKU-0035,Grocery Item 0035,Grocery,WH007,Central Warehouse 007,Central,126,27,945.80,111,1,2026-05-24T00:00:00+07:00
INV-001536,SKU-0036,Fashion Item 0036,Fashion,WH007,Central Warehouse 007,Central,615,65,932.54,100,1,2026-05-24T00:00:00+07:00
INV-001537,SKU-0037,Industrial Item 0037,Industrial,WH007,Central Warehouse 007,Central,225,6,1576.25,106,1,2026-05-24T00:00:00+07:00
INV-001538,SKU-0038,Electronics Item 0038,Electronics,WH007,Central Warehouse 007,Central,108,16,2099.88,49,1,2026-05-24T00:00:00+07:00
INV-001539,SKU-0039,Home Item 0039,Home,WH007,Central Warehouse 007,Central,106,15,401.74,74,1,2026-05-24T00:00:00+07:00
INV-001540,SKU-0040,Grocery Item 0040,Grocery,WH007,Central Warehouse 007,Central,796,30,1572.55,117,1,2026-05-24T00:00:00+07:00
INV-001541,SKU-0041,Fashion Item 0041,Fashion,WH007,Central Warehouse 007,Central,387,5,372.07,109,1,2026-05-24T00:00:00+07:00
INV-001542,SKU-0042,Industrial Item 0042,Industrial,WH007,Central Warehouse 007,Central,432,79,2067.97,95,1,2026-05-24T00:00:00+07:00
INV-001543,SKU-0043,Electronics Item 0043,Electronics,WH007,Central Warehouse 007,Central,716,43,2093.13,98,1,2026-05-24T00:00:00+07:00
INV-001544,SKU-0044,Home Item 0044,Home,WH007,Central Warehouse 007,Central,609,39,1729.59,111,1,2026-05-24T00:00:00+07:00
INV-001545,SKU-0045,Grocery Item 0045,Grocery,WH007,Central Warehouse 007,Central,178,17,1368.15,81,1,2026-05-24T00:00:00+07:00
INV-001546,SKU-0046,Fashion Item 0046,Fashion,WH007,Central Warehouse 007,Central,524,70,1298.57,115,1,2026-05-24T00:00:00+07:00
INV-001547,SKU-0047,Industrial Item 0047,Industrial,WH007,Central Warehouse 007,Central,238,12,1917.75,66,1,2026-05-24T00:00:00+07:00
INV-001548,SKU-0048,Electronics Item 0048,Electronics,WH007,Central Warehouse 007,Central,160,3,2243.75,115,1,2026-05-24T00:00:00+07:00
INV-001549,SKU-0049,Home Item 0049,Home,WH007,Central Warehouse 007,Central,297,55,1729.23,96,1,2026-05-24T00:00:00+07:00
INV-001550,SKU-0050,Grocery Item 0050,Grocery,WH007,Central Warehouse 007,Central,246,34,318.11,42,1,2026-05-24T00:00:00+07:00
INV-001551,SKU-0051,Fashion Item 0051,Fashion,WH007,Central Warehouse 007,Central,503,22,266.30,43,1,2026-05-24T00:00:00+07:00
INV-001552,SKU-0052,Industrial Item 0052,Industrial,WH007,Central Warehouse 007,Central,694,20,1770.46,34,1,2026-05-24T00:00:00+07:00
INV-001553,SKU-0053,Electronics Item 0053,Electronics,WH007,Central Warehouse 007,Central,336,46,1823.86,74,1,2026-05-24T00:00:00+07:00
INV-001554,SKU-0054,Home Item 0054,Home,WH007,Central Warehouse 007,Central,160,10,328.47,34,1,2026-05-24T00:00:00+07:00
INV-001555,SKU-0055,Grocery Item 0055,Grocery,WH007,Central Warehouse 007,Central,598,20,2114.04,51,1,2026-05-24T00:00:00+07:00
INV-001556,SKU-0056,Fashion Item 0056,Fashion,WH007,Central Warehouse 007,Central,325,79,1843.25,118,1,2026-05-24T00:00:00+07:00
INV-001557,SKU-0057,Industrial Item 0057,Industrial,WH007,Central Warehouse 007,Central,319,59,1810.85,112,1,2026-05-24T00:00:00+07:00
INV-001558,SKU-0058,Electronics Item 0058,Electronics,WH007,Central Warehouse 007,Central,642,3,1556.13,28,1,2026-05-24T00:00:00+07:00
INV-001559,SKU-0059,Home Item 0059,Home,WH007,Central Warehouse 007,Central,169,34,566.80,111,1,2026-05-24T00:00:00+07:00
INV-001560,SKU-0060,Grocery Item 0060,Grocery,WH007,Central Warehouse 007,Central,334,0,1169.09,66,1,2026-05-24T00:00:00+07:00
INV-001561,SKU-0061,Fashion Item 0061,Fashion,WH007,Central Warehouse 007,Central,392,44,1350.97,102,1,2026-05-24T00:00:00+07:00
INV-001562,SKU-0062,Industrial Item 0062,Industrial,WH007,Central Warehouse 007,Central,103,0,2282.89,52,1,2026-05-24T00:00:00+07:00
INV-001563,SKU-0063,Electronics Item 0063,Electronics,WH007,Central Warehouse 007,Central,390,16,1490.88,105,1,2026-05-24T00:00:00+07:00
INV-001564,SKU-0064,Home Item 0064,Home,WH007,Central Warehouse 007,Central,417,27,740.62,62,1,2026-05-24T00:00:00+07:00
INV-001565,SKU-0065,Grocery Item 0065,Grocery,WH007,Central Warehouse 007,Central,483,18,39.95,25,1,2026-05-24T00:00:00+07:00
INV-001566,SKU-0066,Fashion Item 0066,Fashion,WH007,Central Warehouse 007,Central,145,31,1723.70,58,1,2026-05-24T00:00:00+07:00
INV-001567,SKU-0067,Industrial Item 0067,Industrial,WH007,Central Warehouse 007,Central,654,31,225.45,113,1,2026-05-24T00:00:00+07:00
INV-001568,SKU-0068,Electronics Item 0068,Electronics,WH007,Central Warehouse 007,Central,573,29,135.76,97,1,2026-05-24T00:00:00+07:00
INV-001569,SKU-0069,Home Item 0069,Home,WH007,Central Warehouse 007,Central,666,5,1177.61,117,1,2026-05-24T00:00:00+07:00
INV-001570,SKU-0070,Grocery Item 0070,Grocery,WH007,Central Warehouse 007,Central,665,30,138.08,32,1,2026-05-24T00:00:00+07:00
INV-001571,SKU-0071,Fashion Item 0071,Fashion,WH007,Central Warehouse 007,Central,565,4,1467.08,94,1,2026-05-24T00:00:00+07:00
INV-001572,SKU-0072,Industrial Item 0072,Industrial,WH007,Central Warehouse 007,Central,133,33,1532.06,117,1,2026-05-24T00:00:00+07:00
INV-001573,SKU-0073,Electronics Item 0073,Electronics,WH007,Central Warehouse 007,Central,294,17,778.37,65,1,2026-05-24T00:00:00+07:00
INV-001574,SKU-0074,Home Item 0074,Home,WH007,Central Warehouse 007,Central,539,67,610.00,46,1,2026-05-24T00:00:00+07:00
INV-001575,SKU-0075,Grocery Item 0075,Grocery,WH007,Central Warehouse 007,Central,252,13,1252.21,28,1,2026-05-24T00:00:00+07:00
INV-001576,SKU-0076,Fashion Item 0076,Fashion,WH007,Central Warehouse 007,Central,157,8,241.22,73,1,2026-05-24T00:00:00+07:00
INV-001577,SKU-0077,Industrial Item 0077,Industrial,WH007,Central Warehouse 007,Central,344,25,1667.35,26,1,2026-05-24T00:00:00+07:00
INV-001578,SKU-0078,Electronics Item 0078,Electronics,WH007,Central Warehouse 007,Central,516,23,208.55,99,1,2026-05-24T00:00:00+07:00
INV-001579,SKU-0079,Home Item 0079,Home,WH007,Central Warehouse 007,Central,147,10,123.33,84,1,2026-05-24T00:00:00+07:00
INV-001580,SKU-0080,Grocery Item 0080,Grocery,WH007,Central Warehouse 007,Central,783,59,1858.03,31,1,2026-05-24T00:00:00+07:00
INV-001581,SKU-0081,Fashion Item 0081,Fashion,WH007,Central Warehouse 007,Central,707,44,364.91,70,1,2026-05-24T00:00:00+07:00
INV-001582,SKU-0082,Industrial Item 0082,Industrial,WH007,Central Warehouse 007,Central,358,50,562.95,85,1,2026-05-24T00:00:00+07:00
INV-001583,SKU-0083,Electronics Item 0083,Electronics,WH007,Central Warehouse 007,Central,224,4,2148.31,116,1,2026-05-24T00:00:00+07:00
INV-001584,SKU-0084,Home Item 0084,Home,WH007,Central Warehouse 007,Central,613,73,1156.68,111,1,2026-05-24T00:00:00+07:00
INV-001585,SKU-0085,Grocery Item 0085,Grocery,WH007,Central Warehouse 007,Central,352,53,616.10,60,1,2026-05-24T00:00:00+07:00
INV-001586,SKU-0086,Fashion Item 0086,Fashion,WH007,Central Warehouse 007,Central,506,44,520.83,75,1,2026-05-24T00:00:00+07:00
INV-001587,SKU-0087,Industrial Item 0087,Industrial,WH007,Central Warehouse 007,Central,161,23,395.27,50,1,2026-05-24T00:00:00+07:00
INV-001588,SKU-0088,Electronics Item 0088,Electronics,WH007,Central Warehouse 007,Central,731,30,2300.84,35,1,2026-05-24T00:00:00+07:00
INV-001589,SKU-0089,Home Item 0089,Home,WH007,Central Warehouse 007,Central,790,13,225.25,54,1,2026-05-24T00:00:00+07:00
INV-001590,SKU-0090,Grocery Item 0090,Grocery,WH007,Central Warehouse 007,Central,606,32,1671.68,52,1,2026-05-24T00:00:00+07:00
INV-001591,SKU-0091,Fashion Item 0091,Fashion,WH007,Central Warehouse 007,Central,605,12,723.22,102,1,2026-05-24T00:00:00+07:00
INV-001592,SKU-0092,Industrial Item 0092,Industrial,WH007,Central Warehouse 007,Central,133,1,1002.24,107,1,2026-05-24T00:00:00+07:00
INV-001593,SKU-0093,Electronics Item 0093,Electronics,WH007,Central Warehouse 007,Central,388,19,1872.05,72,1,2026-05-24T00:00:00+07:00
INV-001594,SKU-0094,Home Item 0094,Home,WH007,Central Warehouse 007,Central,125,1,956.49,79,1,2026-05-24T00:00:00+07:00
INV-001595,SKU-0095,Grocery Item 0095,Grocery,WH007,Central Warehouse 007,Central,119,23,200.88,103,1,2026-05-24T00:00:00+07:00
INV-001596,SKU-0096,Fashion Item 0096,Fashion,WH007,Central Warehouse 007,Central,288,35,1620.77,70,1,2026-05-24T00:00:00+07:00
INV-001597,SKU-0097,Industrial Item 0097,Industrial,WH007,Central Warehouse 007,Central,204,0,474.00,120,1,2026-05-24T00:00:00+07:00
INV-001598,SKU-0098,Electronics Item 0098,Electronics,WH007,Central Warehouse 007,Central,578,5,2420.98,51,1,2026-05-24T00:00:00+07:00
INV-001599,SKU-0099,Home Item 0099,Home,WH007,Central Warehouse 007,Central,674,20,971.80,29,1,2026-05-24T00:00:00+07:00
INV-001600,SKU-0100,Grocery Item 0100,Grocery,WH007,Central Warehouse 007,Central,579,73,376.23,42,1,2026-05-24T00:00:00+07:00
INV-001601,SKU-0101,Fashion Item 0101,Fashion,WH007,Central Warehouse 007,Central,649,74,2171.91,42,1,2026-05-24T00:00:00+07:00
INV-001602,SKU-0102,Industrial Item 0102,Industrial,WH007,Central Warehouse 007,Central,392,66,1391.08,68,1,2026-05-24T00:00:00+07:00
INV-001603,SKU-0103,Electronics Item 0103,Electronics,WH007,Central Warehouse 007,Central,540,32,1176.64,79,1,2026-05-24T00:00:00+07:00
INV-001604,SKU-0104,Home Item 0104,Home,WH007,Central Warehouse 007,Central,568,22,1239.60,81,1,2026-05-24T00:00:00+07:00
INV-001605,SKU-0105,Grocery Item 0105,Grocery,WH007,Central Warehouse 007,Central,708,19,657.94,73,1,2026-05-24T00:00:00+07:00
INV-001606,SKU-0106,Fashion Item 0106,Fashion,WH007,Central Warehouse 007,Central,119,2,658.02,48,1,2026-05-24T00:00:00+07:00
INV-001607,SKU-0107,Industrial Item 0107,Industrial,WH007,Central Warehouse 007,Central,189,15,1108.82,110,1,2026-05-24T00:00:00+07:00
INV-001608,SKU-0108,Electronics Item 0108,Electronics,WH007,Central Warehouse 007,Central,257,9,469.36,52,1,2026-05-24T00:00:00+07:00
INV-001609,SKU-0109,Home Item 0109,Home,WH007,Central Warehouse 007,Central,397,14,1410.58,86,1,2026-05-24T00:00:00+07:00
INV-001610,SKU-0110,Grocery Item 0110,Grocery,WH007,Central Warehouse 007,Central,183,34,533.49,73,1,2026-05-24T00:00:00+07:00
INV-001611,SKU-0111,Fashion Item 0111,Fashion,WH007,Central Warehouse 007,Central,528,67,2369.95,113,1,2026-05-24T00:00:00+07:00
INV-001612,SKU-0112,Industrial Item 0112,Industrial,WH007,Central Warehouse 007,Central,642,0,691.79,29,1,2026-05-24T00:00:00+07:00
INV-001613,SKU-0113,Electronics Item 0113,Electronics,WH007,Central Warehouse 007,Central,547,3,674.86,96,1,2026-05-24T00:00:00+07:00
INV-001614,SKU-0114,Home Item 0114,Home,WH007,Central Warehouse 007,Central,215,11,2268.23,90,1,2026-05-24T00:00:00+07:00
INV-001615,SKU-0115,Grocery Item 0115,Grocery,WH007,Central Warehouse 007,Central,651,26,1771.93,90,1,2026-05-24T00:00:00+07:00
INV-001616,SKU-0116,Fashion Item 0116,Fashion,WH007,Central Warehouse 007,Central,791,64,1020.52,69,1,2026-05-24T00:00:00+07:00
INV-001617,SKU-0117,Industrial Item 0117,Industrial,WH007,Central Warehouse 007,Central,176,15,805.77,73,1,2026-05-24T00:00:00+07:00
INV-001618,SKU-0118,Electronics Item 0118,Electronics,WH007,Central Warehouse 007,Central,97,3,1829.41,79,1,2026-05-24T00:00:00+07:00
INV-001619,SKU-0119,Home Item 0119,Home,WH007,Central Warehouse 007,Central,295,9,2067.58,31,1,2026-05-24T00:00:00+07:00
INV-001620,SKU-0120,Grocery Item 0120,Grocery,WH007,Central Warehouse 007,Central,466,80,1795.02,38,1,2026-05-24T00:00:00+07:00
INV-001621,SKU-0121,Fashion Item 0121,Fashion,WH007,Central Warehouse 007,Central,112,7,2174.36,36,1,2026-05-24T00:00:00+07:00
INV-001622,SKU-0122,Industrial Item 0122,Industrial,WH007,Central Warehouse 007,Central,700,71,749.06,32,1,2026-05-24T00:00:00+07:00
INV-001623,SKU-0123,Electronics Item 0123,Electronics,WH007,Central Warehouse 007,Central,799,72,1818.19,111,1,2026-05-24T00:00:00+07:00
INV-001624,SKU-0124,Home Item 0124,Home,WH007,Central Warehouse 007,Central,758,70,1902.46,84,1,2026-05-24T00:00:00+07:00
INV-001625,SKU-0125,Grocery Item 0125,Grocery,WH007,Central Warehouse 007,Central,208,43,2224.46,49,1,2026-05-24T00:00:00+07:00
INV-001626,SKU-0126,Fashion Item 0126,Fashion,WH007,Central Warehouse 007,Central,362,73,383.35,71,1,2026-05-24T00:00:00+07:00
INV-001627,SKU-0127,Industrial Item 0127,Industrial,WH007,Central Warehouse 007,Central,797,56,1894.78,34,1,2026-05-24T00:00:00+07:00
INV-001628,SKU-0128,Electronics Item 0128,Electronics,WH007,Central Warehouse 007,Central,566,27,1042.54,86,1,2026-05-24T00:00:00+07:00
INV-001629,SKU-0129,Home Item 0129,Home,WH007,Central Warehouse 007,Central,652,30,1431.80,73,1,2026-05-24T00:00:00+07:00
INV-001630,SKU-0130,Grocery Item 0130,Grocery,WH007,Central Warehouse 007,Central,466,76,114.98,97,1,2026-05-24T00:00:00+07:00
INV-001631,SKU-0131,Fashion Item 0131,Fashion,WH007,Central Warehouse 007,Central,292,22,437.54,25,1,2026-05-24T00:00:00+07:00
INV-001632,SKU-0132,Industrial Item 0132,Industrial,WH007,Central Warehouse 007,Central,165,36,1781.33,106,1,2026-05-24T00:00:00+07:00
INV-001633,SKU-0133,Electronics Item 0133,Electronics,WH007,Central Warehouse 007,Central,466,46,2431.38,67,1,2026-05-24T00:00:00+07:00
INV-001634,SKU-0134,Home Item 0134,Home,WH007,Central Warehouse 007,Central,463,68,1058.06,69,1,2026-05-24T00:00:00+07:00
INV-001635,SKU-0135,Grocery Item 0135,Grocery,WH007,Central Warehouse 007,Central,790,47,58.85,39,1,2026-05-24T00:00:00+07:00
INV-001636,SKU-0136,Fashion Item 0136,Fashion,WH007,Central Warehouse 007,Central,635,78,286.54,79,1,2026-05-24T00:00:00+07:00
INV-001637,SKU-0137,Industrial Item 0137,Industrial,WH007,Central Warehouse 007,Central,459,76,1522.76,47,1,2026-05-24T00:00:00+07:00
INV-001638,SKU-0138,Electronics Item 0138,Electronics,WH007,Central Warehouse 007,Central,311,28,2056.42,99,1,2026-05-24T00:00:00+07:00
INV-001639,SKU-0139,Home Item 0139,Home,WH007,Central Warehouse 007,Central,331,54,1569.86,94,1,2026-05-24T00:00:00+07:00
INV-001640,SKU-0140,Grocery Item 0140,Grocery,WH007,Central Warehouse 007,Central,723,13,721.08,116,1,2026-05-24T00:00:00+07:00
INV-001641,SKU-0141,Fashion Item 0141,Fashion,WH007,Central Warehouse 007,Central,550,36,1448.09,68,1,2026-05-24T00:00:00+07:00
INV-001642,SKU-0142,Industrial Item 0142,Industrial,WH007,Central Warehouse 007,Central,146,31,1679.80,37,1,2026-05-24T00:00:00+07:00
INV-001643,SKU-0143,Electronics Item 0143,Electronics,WH007,Central Warehouse 007,Central,678,15,655.55,63,1,2026-05-24T00:00:00+07:00
INV-001644,SKU-0144,Home Item 0144,Home,WH007,Central Warehouse 007,Central,328,53,297.37,80,1,2026-05-24T00:00:00+07:00
INV-001645,SKU-0145,Grocery Item 0145,Grocery,WH007,Central Warehouse 007,Central,486,62,1768.86,116,1,2026-05-24T00:00:00+07:00
INV-001646,SKU-0146,Fashion Item 0146,Fashion,WH007,Central Warehouse 007,Central,623,19,1589.92,40,1,2026-05-24T00:00:00+07:00
INV-001647,SKU-0147,Industrial Item 0147,Industrial,WH007,Central Warehouse 007,Central,231,1,739.55,70,1,2026-05-24T00:00:00+07:00
INV-001648,SKU-0148,Electronics Item 0148,Electronics,WH007,Central Warehouse 007,Central,138,20,1321.37,90,1,2026-05-24T00:00:00+07:00
INV-001649,SKU-0149,Home Item 0149,Home,WH007,Central Warehouse 007,Central,619,18,2116.07,56,1,2026-05-24T00:00:00+07:00
INV-001650,SKU-0150,Grocery Item 0150,Grocery,WH007,Central Warehouse 007,Central,368,29,1574.57,113,1,2026-05-24T00:00:00+07:00
INV-001651,SKU-0151,Fashion Item 0151,Fashion,WH007,Central Warehouse 007,Central,779,15,598.20,70,1,2026-05-24T00:00:00+07:00
INV-001652,SKU-0152,Industrial Item 0152,Industrial,WH007,Central Warehouse 007,Central,454,11,2222.00,43,1,2026-05-24T00:00:00+07:00
INV-001653,SKU-0153,Electronics Item 0153,Electronics,WH007,Central Warehouse 007,Central,327,40,2490.63,41,1,2026-05-24T00:00:00+07:00
INV-001654,SKU-0154,Home Item 0154,Home,WH007,Central Warehouse 007,Central,410,10,192.57,115,1,2026-05-24T00:00:00+07:00
INV-001655,SKU-0155,Grocery Item 0155,Grocery,WH007,Central Warehouse 007,Central,322,9,2119.18,34,1,2026-05-24T00:00:00+07:00
INV-001656,SKU-0156,Fashion Item 0156,Fashion,WH007,Central Warehouse 007,Central,636,10,1262.34,93,1,2026-05-24T00:00:00+07:00
INV-001657,SKU-0157,Industrial Item 0157,Industrial,WH007,Central Warehouse 007,Central,483,19,980.88,102,1,2026-05-24T00:00:00+07:00
INV-001658,SKU-0158,Electronics Item 0158,Electronics,WH007,Central Warehouse 007,Central,442,0,1873.45,28,1,2026-05-24T00:00:00+07:00
INV-001659,SKU-0159,Home Item 0159,Home,WH007,Central Warehouse 007,Central,756,46,550.66,99,1,2026-05-24T00:00:00+07:00
INV-001660,SKU-0160,Grocery Item 0160,Grocery,WH007,Central Warehouse 007,Central,317,22,2457.22,106,1,2026-05-24T00:00:00+07:00
INV-001661,SKU-0161,Fashion Item 0161,Fashion,WH007,Central Warehouse 007,Central,780,79,1519.63,60,1,2026-05-24T00:00:00+07:00
INV-001662,SKU-0162,Industrial Item 0162,Industrial,WH007,Central Warehouse 007,Central,785,11,1244.47,66,1,2026-05-24T00:00:00+07:00
INV-001663,SKU-0163,Electronics Item 0163,Electronics,WH007,Central Warehouse 007,Central,685,36,1517.31,50,1,2026-05-24T00:00:00+07:00
INV-001664,SKU-0164,Home Item 0164,Home,WH007,Central Warehouse 007,Central,292,55,1133.62,62,1,2026-05-24T00:00:00+07:00
INV-001665,SKU-0165,Grocery Item 0165,Grocery,WH007,Central Warehouse 007,Central,445,0,1435.75,49,1,2026-05-24T00:00:00+07:00
INV-001666,SKU-0166,Fashion Item 0166,Fashion,WH007,Central Warehouse 007,Central,287,5,728.02,74,1,2026-05-24T00:00:00+07:00
INV-001667,SKU-0167,Industrial Item 0167,Industrial,WH007,Central Warehouse 007,Central,115,6,1111.54,89,1,2026-05-24T00:00:00+07:00
INV-001668,SKU-0168,Electronics Item 0168,Electronics,WH007,Central Warehouse 007,Central,619,73,934.83,25,1,2026-05-24T00:00:00+07:00
INV-001669,SKU-0169,Home Item 0169,Home,WH007,Central Warehouse 007,Central,619,80,1661.65,88,1,2026-05-24T00:00:00+07:00
INV-001670,SKU-0170,Grocery Item 0170,Grocery,WH007,Central Warehouse 007,Central,323,33,332.79,61,1,2026-05-24T00:00:00+07:00
INV-001671,SKU-0171,Fashion Item 0171,Fashion,WH007,Central Warehouse 007,Central,555,72,1717.12,62,1,2026-05-24T00:00:00+07:00
INV-001672,SKU-0172,Industrial Item 0172,Industrial,WH007,Central Warehouse 007,Central,300,32,997.43,74,1,2026-05-24T00:00:00+07:00
INV-001673,SKU-0173,Electronics Item 0173,Electronics,WH007,Central Warehouse 007,Central,190,46,1448.81,70,1,2026-05-24T00:00:00+07:00
INV-001674,SKU-0174,Home Item 0174,Home,WH007,Central Warehouse 007,Central,262,0,167.09,53,1,2026-05-24T00:00:00+07:00
INV-001675,SKU-0175,Grocery Item 0175,Grocery,WH007,Central Warehouse 007,Central,653,58,1977.60,42,1,2026-05-24T00:00:00+07:00
INV-001676,SKU-0176,Fashion Item 0176,Fashion,WH007,Central Warehouse 007,Central,737,56,272.37,62,1,2026-05-24T00:00:00+07:00
INV-001677,SKU-0177,Industrial Item 0177,Industrial,WH007,Central Warehouse 007,Central,571,70,291.55,110,1,2026-05-24T00:00:00+07:00
INV-001678,SKU-0178,Electronics Item 0178,Electronics,WH007,Central Warehouse 007,Central,166,1,2359.28,75,1,2026-05-24T00:00:00+07:00
INV-001679,SKU-0179,Home Item 0179,Home,WH007,Central Warehouse 007,Central,172,40,1855.65,79,1,2026-05-24T00:00:00+07:00
INV-001680,SKU-0180,Grocery Item 0180,Grocery,WH007,Central Warehouse 007,Central,427,44,1582.22,70,1,2026-05-24T00:00:00+07:00
INV-001681,SKU-0181,Fashion Item 0181,Fashion,WH007,Central Warehouse 007,Central,609,9,1907.05,80,1,2026-05-24T00:00:00+07:00
INV-001682,SKU-0182,Industrial Item 0182,Industrial,WH007,Central Warehouse 007,Central,498,62,1718.71,48,1,2026-05-24T00:00:00+07:00
INV-001683,SKU-0183,Electronics Item 0183,Electronics,WH007,Central Warehouse 007,Central,618,43,314.02,91,1,2026-05-24T00:00:00+07:00
INV-001684,SKU-0184,Home Item 0184,Home,WH007,Central Warehouse 007,Central,151,26,1919.21,89,1,2026-05-24T00:00:00+07:00
INV-001685,SKU-0185,Grocery Item 0185,Grocery,WH007,Central Warehouse 007,Central,344,1,2458.63,66,1,2026-05-24T00:00:00+07:00
INV-001686,SKU-0186,Fashion Item 0186,Fashion,WH007,Central Warehouse 007,Central,145,35,801.39,104,1,2026-05-24T00:00:00+07:00
INV-001687,SKU-0187,Industrial Item 0187,Industrial,WH007,Central Warehouse 007,Central,686,68,1733.65,93,1,2026-05-24T00:00:00+07:00
INV-001688,SKU-0188,Electronics Item 0188,Electronics,WH007,Central Warehouse 007,Central,554,55,374.35,99,1,2026-05-24T00:00:00+07:00
INV-001689,SKU-0189,Home Item 0189,Home,WH007,Central Warehouse 007,Central,213,47,1107.32,61,1,2026-05-24T00:00:00+07:00
INV-001690,SKU-0190,Grocery Item 0190,Grocery,WH007,Central Warehouse 007,Central,797,9,2322.50,116,1,2026-05-24T00:00:00+07:00
INV-001691,SKU-0191,Fashion Item 0191,Fashion,WH007,Central Warehouse 007,Central,542,46,148.57,60,1,2026-05-24T00:00:00+07:00
INV-001692,SKU-0192,Industrial Item 0192,Industrial,WH007,Central Warehouse 007,Central,551,8,731.53,35,1,2026-05-24T00:00:00+07:00
INV-001693,SKU-0193,Electronics Item 0193,Electronics,WH007,Central Warehouse 007,Central,272,17,2156.65,81,1,2026-05-24T00:00:00+07:00
INV-001694,SKU-0194,Home Item 0194,Home,WH007,Central Warehouse 007,Central,344,7,656.50,58,1,2026-05-24T00:00:00+07:00
INV-001695,SKU-0195,Grocery Item 0195,Grocery,WH007,Central Warehouse 007,Central,636,43,1352.19,87,1,2026-05-24T00:00:00+07:00
INV-001696,SKU-0196,Fashion Item 0196,Fashion,WH007,Central Warehouse 007,Central,703,17,2300.32,25,1,2026-05-24T00:00:00+07:00
INV-001697,SKU-0197,Industrial Item 0197,Industrial,WH007,Central Warehouse 007,Central,543,53,304.82,66,1,2026-05-24T00:00:00+07:00
INV-001698,SKU-0198,Electronics Item 0198,Electronics,WH007,Central Warehouse 007,Central,484,74,2435.44,110,1,2026-05-24T00:00:00+07:00
INV-001699,SKU-0199,Home Item 0199,Home,WH007,Central Warehouse 007,Central,687,69,966.01,68,1,2026-05-24T00:00:00+07:00
INV-001700,SKU-0200,Grocery Item 0200,Grocery,WH007,Central Warehouse 007,Central,390,69,1937.99,59,1,2026-05-24T00:00:00+07:00
INV-001701,SKU-0201,Fashion Item 0201,Fashion,WH007,Central Warehouse 007,Central,431,79,1492.25,106,1,2026-05-24T00:00:00+07:00
INV-001702,SKU-0202,Industrial Item 0202,Industrial,WH007,Central Warehouse 007,Central,546,3,1903.87,75,1,2026-05-24T00:00:00+07:00
INV-001703,SKU-0203,Electronics Item 0203,Electronics,WH007,Central Warehouse 007,Central,574,5,973.75,109,1,2026-05-24T00:00:00+07:00
INV-001704,SKU-0204,Home Item 0204,Home,WH007,Central Warehouse 007,Central,226,14,394.41,70,1,2026-05-24T00:00:00+07:00
INV-001705,SKU-0205,Grocery Item 0205,Grocery,WH007,Central Warehouse 007,Central,738,39,644.44,39,1,2026-05-24T00:00:00+07:00
INV-001706,SKU-0206,Fashion Item 0206,Fashion,WH007,Central Warehouse 007,Central,604,33,2398.18,90,1,2026-05-24T00:00:00+07:00
INV-001707,SKU-0207,Industrial Item 0207,Industrial,WH007,Central Warehouse 007,Central,543,15,983.04,74,1,2026-05-24T00:00:00+07:00
INV-001708,SKU-0208,Electronics Item 0208,Electronics,WH007,Central Warehouse 007,Central,359,43,915.70,43,1,2026-05-24T00:00:00+07:00
INV-001709,SKU-0209,Home Item 0209,Home,WH007,Central Warehouse 007,Central,783,80,430.46,91,1,2026-05-24T00:00:00+07:00
INV-001710,SKU-0210,Grocery Item 0210,Grocery,WH007,Central Warehouse 007,Central,216,18,2451.12,27,1,2026-05-24T00:00:00+07:00
INV-001711,SKU-0211,Fashion Item 0211,Fashion,WH007,Central Warehouse 007,Central,586,23,2139.94,48,1,2026-05-24T00:00:00+07:00
INV-001712,SKU-0212,Industrial Item 0212,Industrial,WH007,Central Warehouse 007,Central,299,20,1162.76,71,1,2026-05-24T00:00:00+07:00
INV-001713,SKU-0213,Electronics Item 0213,Electronics,WH007,Central Warehouse 007,Central,680,2,1387.66,76,1,2026-05-24T00:00:00+07:00
INV-001714,SKU-0214,Home Item 0214,Home,WH007,Central Warehouse 007,Central,325,65,385.11,29,1,2026-05-24T00:00:00+07:00
INV-001715,SKU-0215,Grocery Item 0215,Grocery,WH007,Central Warehouse 007,Central,229,13,81.56,78,1,2026-05-24T00:00:00+07:00
INV-001716,SKU-0216,Fashion Item 0216,Fashion,WH007,Central Warehouse 007,Central,728,35,939.07,91,1,2026-05-24T00:00:00+07:00
INV-001717,SKU-0217,Industrial Item 0217,Industrial,WH007,Central Warehouse 007,Central,501,60,553.94,26,1,2026-05-24T00:00:00+07:00
INV-001718,SKU-0218,Electronics Item 0218,Electronics,WH007,Central Warehouse 007,Central,701,20,644.37,37,1,2026-05-24T00:00:00+07:00
INV-001719,SKU-0219,Home Item 0219,Home,WH007,Central Warehouse 007,Central,493,75,1756.30,80,1,2026-05-24T00:00:00+07:00
INV-001720,SKU-0220,Grocery Item 0220,Grocery,WH007,Central Warehouse 007,Central,505,79,648.01,27,1,2026-05-24T00:00:00+07:00
INV-001721,SKU-0221,Fashion Item 0221,Fashion,WH007,Central Warehouse 007,Central,637,64,1972.18,101,1,2026-05-24T00:00:00+07:00
INV-001722,SKU-0222,Industrial Item 0222,Industrial,WH007,Central Warehouse 007,Central,615,42,1727.77,31,1,2026-05-24T00:00:00+07:00
INV-001723,SKU-0223,Electronics Item 0223,Electronics,WH007,Central Warehouse 007,Central,384,53,2413.84,36,1,2026-05-24T00:00:00+07:00
INV-001724,SKU-0224,Home Item 0224,Home,WH007,Central Warehouse 007,Central,256,4,2414.36,43,1,2026-05-24T00:00:00+07:00
INV-001725,SKU-0225,Grocery Item 0225,Grocery,WH007,Central Warehouse 007,Central,387,23,2373.27,74,1,2026-05-24T00:00:00+07:00
INV-001726,SKU-0226,Fashion Item 0226,Fashion,WH007,Central Warehouse 007,Central,337,18,1333.78,54,1,2026-05-24T00:00:00+07:00
INV-001727,SKU-0227,Industrial Item 0227,Industrial,WH007,Central Warehouse 007,Central,274,21,1906.86,102,1,2026-05-24T00:00:00+07:00
INV-001728,SKU-0228,Electronics Item 0228,Electronics,WH007,Central Warehouse 007,Central,538,2,705.56,26,1,2026-05-24T00:00:00+07:00
INV-001729,SKU-0229,Home Item 0229,Home,WH007,Central Warehouse 007,Central,549,16,2328.15,87,1,2026-05-24T00:00:00+07:00
INV-001730,SKU-0230,Grocery Item 0230,Grocery,WH007,Central Warehouse 007,Central,476,47,1406.35,77,1,2026-05-24T00:00:00+07:00
INV-001731,SKU-0231,Fashion Item 0231,Fashion,WH007,Central Warehouse 007,Central,705,24,1074.26,99,1,2026-05-24T00:00:00+07:00
INV-001732,SKU-0232,Industrial Item 0232,Industrial,WH007,Central Warehouse 007,Central,392,34,2301.36,70,1,2026-05-24T00:00:00+07:00
INV-001733,SKU-0233,Electronics Item 0233,Electronics,WH007,Central Warehouse 007,Central,176,14,277.89,53,1,2026-05-24T00:00:00+07:00
INV-001734,SKU-0234,Home Item 0234,Home,WH007,Central Warehouse 007,Central,527,23,1512.23,103,1,2026-05-24T00:00:00+07:00
INV-001735,SKU-0235,Grocery Item 0235,Grocery,WH007,Central Warehouse 007,Central,621,60,1131.66,32,1,2026-05-24T00:00:00+07:00
INV-001736,SKU-0236,Fashion Item 0236,Fashion,WH007,Central Warehouse 007,Central,674,19,1223.30,45,1,2026-05-24T00:00:00+07:00
INV-001737,SKU-0237,Industrial Item 0237,Industrial,WH007,Central Warehouse 007,Central,770,59,967.77,112,1,2026-05-24T00:00:00+07:00
INV-001738,SKU-0238,Electronics Item 0238,Electronics,WH007,Central Warehouse 007,Central,107,4,903.01,63,1,2026-05-24T00:00:00+07:00
INV-001739,SKU-0239,Home Item 0239,Home,WH007,Central Warehouse 007,Central,516,0,2010.62,73,1,2026-05-24T00:00:00+07:00
INV-001740,SKU-0240,Grocery Item 0240,Grocery,WH007,Central Warehouse 007,Central,349,30,892.32,65,1,2026-05-24T00:00:00+07:00
INV-001741,SKU-0241,Fashion Item 0241,Fashion,WH007,Central Warehouse 007,Central,568,19,635.03,120,1,2026-05-24T00:00:00+07:00
INV-001742,SKU-0242,Industrial Item 0242,Industrial,WH007,Central Warehouse 007,Central,770,18,712.58,71,1,2026-05-24T00:00:00+07:00
INV-001743,SKU-0243,Electronics Item 0243,Electronics,WH007,Central Warehouse 007,Central,762,64,1658.78,29,1,2026-05-24T00:00:00+07:00
INV-001744,SKU-0244,Home Item 0244,Home,WH007,Central Warehouse 007,Central,268,58,675.02,53,1,2026-05-24T00:00:00+07:00
INV-001745,SKU-0245,Grocery Item 0245,Grocery,WH007,Central Warehouse 007,Central,752,35,1819.48,43,1,2026-05-24T00:00:00+07:00
INV-001746,SKU-0246,Fashion Item 0246,Fashion,WH007,Central Warehouse 007,Central,487,74,1107.84,66,1,2026-05-24T00:00:00+07:00
INV-001747,SKU-0247,Industrial Item 0247,Industrial,WH007,Central Warehouse 007,Central,151,29,646.79,61,1,2026-05-24T00:00:00+07:00
INV-001748,SKU-0248,Electronics Item 0248,Electronics,WH007,Central Warehouse 007,Central,315,54,2027.97,31,1,2026-05-24T00:00:00+07:00
INV-001749,SKU-0249,Home Item 0249,Home,WH007,Central Warehouse 007,Central,613,50,1072.86,101,1,2026-05-24T00:00:00+07:00
INV-001750,SKU-0250,Grocery Item 0250,Grocery,WH007,Central Warehouse 007,Central,512,38,1441.40,85,1,2026-05-24T00:00:00+07:00
INV-001751,SKU-0001,Industrial Item 0001,Industrial,WH008,Central Warehouse 008,Central,739,74,497.69,105,1,2026-05-24T00:00:00+07:00
INV-001752,SKU-0002,Electronics Item 0002,Electronics,WH008,Central Warehouse 008,Central,634,34,1939.55,110,1,2026-05-24T00:00:00+07:00
INV-001753,SKU-0003,Home Item 0003,Home,WH008,Central Warehouse 008,Central,471,33,1373.47,63,1,2026-05-24T00:00:00+07:00
INV-001754,SKU-0004,Grocery Item 0004,Grocery,WH008,Central Warehouse 008,Central,565,70,145.36,89,1,2026-05-24T00:00:00+07:00
INV-001755,SKU-0005,Fashion Item 0005,Fashion,WH008,Central Warehouse 008,Central,388,14,1196.30,58,1,2026-05-24T00:00:00+07:00
INV-001756,SKU-0006,Industrial Item 0006,Industrial,WH008,Central Warehouse 008,Central,504,39,129.07,43,1,2026-05-24T00:00:00+07:00
INV-001757,SKU-0007,Electronics Item 0007,Electronics,WH008,Central Warehouse 008,Central,350,61,245.26,94,1,2026-05-24T00:00:00+07:00
INV-001758,SKU-0008,Home Item 0008,Home,WH008,Central Warehouse 008,Central,172,30,2488.06,48,1,2026-05-24T00:00:00+07:00
INV-001759,SKU-0009,Grocery Item 0009,Grocery,WH008,Central Warehouse 008,Central,720,69,2226.06,75,1,2026-05-24T00:00:00+07:00
INV-001760,SKU-0010,Fashion Item 0010,Fashion,WH008,Central Warehouse 008,Central,466,44,1374.41,68,1,2026-05-24T00:00:00+07:00
INV-001761,SKU-0011,Industrial Item 0011,Industrial,WH008,Central Warehouse 008,Central,581,69,342.57,105,1,2026-05-24T00:00:00+07:00
INV-001762,SKU-0012,Electronics Item 0012,Electronics,WH008,Central Warehouse 008,Central,169,38,372.81,91,1,2026-05-24T00:00:00+07:00
INV-001763,SKU-0013,Home Item 0013,Home,WH008,Central Warehouse 008,Central,478,70,1455.26,35,1,2026-05-24T00:00:00+07:00
INV-001764,SKU-0014,Grocery Item 0014,Grocery,WH008,Central Warehouse 008,Central,730,5,1955.17,41,1,2026-05-24T00:00:00+07:00
INV-001765,SKU-0015,Fashion Item 0015,Fashion,WH008,Central Warehouse 008,Central,655,10,2290.17,76,1,2026-05-24T00:00:00+07:00
INV-001766,SKU-0016,Industrial Item 0016,Industrial,WH008,Central Warehouse 008,Central,305,13,1696.93,50,1,2026-05-24T00:00:00+07:00
INV-001767,SKU-0017,Electronics Item 0017,Electronics,WH008,Central Warehouse 008,Central,581,46,935.44,31,1,2026-05-24T00:00:00+07:00
INV-001768,SKU-0018,Home Item 0018,Home,WH008,Central Warehouse 008,Central,768,75,1666.61,77,1,2026-05-24T00:00:00+07:00
INV-001769,SKU-0019,Grocery Item 0019,Grocery,WH008,Central Warehouse 008,Central,159,36,1332.56,89,1,2026-05-24T00:00:00+07:00
INV-001770,SKU-0020,Fashion Item 0020,Fashion,WH008,Central Warehouse 008,Central,122,11,438.97,119,1,2026-05-24T00:00:00+07:00
INV-001771,SKU-0021,Industrial Item 0021,Industrial,WH008,Central Warehouse 008,Central,545,65,800.82,46,1,2026-05-24T00:00:00+07:00
INV-001772,SKU-0022,Electronics Item 0022,Electronics,WH008,Central Warehouse 008,Central,252,5,872.37,71,1,2026-05-24T00:00:00+07:00
INV-001773,SKU-0023,Home Item 0023,Home,WH008,Central Warehouse 008,Central,700,78,1212.14,99,1,2026-05-24T00:00:00+07:00
INV-001774,SKU-0024,Grocery Item 0024,Grocery,WH008,Central Warehouse 008,Central,671,10,2291.04,78,1,2026-05-24T00:00:00+07:00
INV-001775,SKU-0025,Fashion Item 0025,Fashion,WH008,Central Warehouse 008,Central,694,10,2315.08,118,1,2026-05-24T00:00:00+07:00
INV-001776,SKU-0026,Industrial Item 0026,Industrial,WH008,Central Warehouse 008,Central,427,4,1752.44,49,1,2026-05-24T00:00:00+07:00
INV-001777,SKU-0027,Electronics Item 0027,Electronics,WH008,Central Warehouse 008,Central,753,13,1796.37,90,1,2026-05-24T00:00:00+07:00
INV-001778,SKU-0028,Home Item 0028,Home,WH008,Central Warehouse 008,Central,682,56,1132.09,96,1,2026-05-24T00:00:00+07:00
INV-001779,SKU-0029,Grocery Item 0029,Grocery,WH008,Central Warehouse 008,Central,623,70,1562.26,35,1,2026-05-24T00:00:00+07:00
INV-001780,SKU-0030,Fashion Item 0030,Fashion,WH008,Central Warehouse 008,Central,218,36,1999.81,104,1,2026-05-24T00:00:00+07:00
INV-001781,SKU-0031,Industrial Item 0031,Industrial,WH008,Central Warehouse 008,Central,635,34,2052.55,47,1,2026-05-24T00:00:00+07:00
INV-001782,SKU-0032,Electronics Item 0032,Electronics,WH008,Central Warehouse 008,Central,109,3,2237.42,25,1,2026-05-24T00:00:00+07:00
INV-001783,SKU-0033,Home Item 0033,Home,WH008,Central Warehouse 008,Central,351,58,1980.40,111,1,2026-05-24T00:00:00+07:00
INV-001784,SKU-0034,Grocery Item 0034,Grocery,WH008,Central Warehouse 008,Central,303,49,2191.67,100,1,2026-05-24T00:00:00+07:00
INV-001785,SKU-0035,Fashion Item 0035,Fashion,WH008,Central Warehouse 008,Central,714,1,2384.53,47,1,2026-05-24T00:00:00+07:00
INV-001786,SKU-0036,Industrial Item 0036,Industrial,WH008,Central Warehouse 008,Central,206,21,891.34,75,1,2026-05-24T00:00:00+07:00
INV-001787,SKU-0037,Electronics Item 0037,Electronics,WH008,Central Warehouse 008,Central,619,12,2037.14,115,1,2026-05-24T00:00:00+07:00
INV-001788,SKU-0038,Home Item 0038,Home,WH008,Central Warehouse 008,Central,398,48,2267.41,32,1,2026-05-24T00:00:00+07:00
INV-001789,SKU-0039,Grocery Item 0039,Grocery,WH008,Central Warehouse 008,Central,231,55,1906.86,31,1,2026-05-24T00:00:00+07:00
INV-001790,SKU-0040,Fashion Item 0040,Fashion,WH008,Central Warehouse 008,Central,604,71,2233.62,75,1,2026-05-24T00:00:00+07:00
INV-001791,SKU-0041,Industrial Item 0041,Industrial,WH008,Central Warehouse 008,Central,624,4,2172.35,58,1,2026-05-24T00:00:00+07:00
INV-001792,SKU-0042,Electronics Item 0042,Electronics,WH008,Central Warehouse 008,Central,572,18,2401.10,44,1,2026-05-24T00:00:00+07:00
INV-001793,SKU-0043,Home Item 0043,Home,WH008,Central Warehouse 008,Central,225,13,349.59,27,1,2026-05-24T00:00:00+07:00
INV-001794,SKU-0044,Grocery Item 0044,Grocery,WH008,Central Warehouse 008,Central,475,67,1096.08,37,1,2026-05-24T00:00:00+07:00
INV-001795,SKU-0045,Fashion Item 0045,Fashion,WH008,Central Warehouse 008,Central,248,48,2138.44,89,1,2026-05-24T00:00:00+07:00
INV-001796,SKU-0046,Industrial Item 0046,Industrial,WH008,Central Warehouse 008,Central,562,18,655.26,119,1,2026-05-24T00:00:00+07:00
INV-001797,SKU-0047,Electronics Item 0047,Electronics,WH008,Central Warehouse 008,Central,673,40,1893.07,55,1,2026-05-24T00:00:00+07:00
INV-001798,SKU-0048,Home Item 0048,Home,WH008,Central Warehouse 008,Central,375,35,796.69,70,1,2026-05-24T00:00:00+07:00
INV-001799,SKU-0049,Grocery Item 0049,Grocery,WH008,Central Warehouse 008,Central,562,27,1047.34,75,1,2026-05-24T00:00:00+07:00
INV-001800,SKU-0050,Fashion Item 0050,Fashion,WH008,Central Warehouse 008,Central,540,47,1368.21,28,1,2026-05-24T00:00:00+07:00
INV-001801,SKU-0051,Industrial Item 0051,Industrial,WH008,Central Warehouse 008,Central,98,6,1728.02,92,1,2026-05-24T00:00:00+07:00
INV-001802,SKU-0052,Electronics Item 0052,Electronics,WH008,Central Warehouse 008,Central,526,31,2478.88,65,1,2026-05-24T00:00:00+07:00
INV-001803,SKU-0053,Home Item 0053,Home,WH008,Central Warehouse 008,Central,758,7,1471.41,99,1,2026-05-24T00:00:00+07:00
INV-001804,SKU-0054,Grocery Item 0054,Grocery,WH008,Central Warehouse 008,Central,138,0,796.45,42,1,2026-05-24T00:00:00+07:00
INV-001805,SKU-0055,Fashion Item 0055,Fashion,WH008,Central Warehouse 008,Central,120,19,1303.67,28,1,2026-05-24T00:00:00+07:00
INV-001806,SKU-0056,Industrial Item 0056,Industrial,WH008,Central Warehouse 008,Central,274,62,386.35,73,1,2026-05-24T00:00:00+07:00
INV-001807,SKU-0057,Electronics Item 0057,Electronics,WH008,Central Warehouse 008,Central,309,34,1320.01,60,1,2026-05-24T00:00:00+07:00
INV-001808,SKU-0058,Home Item 0058,Home,WH008,Central Warehouse 008,Central,662,75,757.84,33,1,2026-05-24T00:00:00+07:00
INV-001809,SKU-0059,Grocery Item 0059,Grocery,WH008,Central Warehouse 008,Central,224,34,1181.32,77,1,2026-05-24T00:00:00+07:00
INV-001810,SKU-0060,Fashion Item 0060,Fashion,WH008,Central Warehouse 008,Central,171,6,171.88,115,1,2026-05-24T00:00:00+07:00
INV-001811,SKU-0061,Industrial Item 0061,Industrial,WH008,Central Warehouse 008,Central,705,74,1944.99,69,1,2026-05-24T00:00:00+07:00
INV-001812,SKU-0062,Electronics Item 0062,Electronics,WH008,Central Warehouse 008,Central,556,26,650.52,35,1,2026-05-24T00:00:00+07:00
INV-001813,SKU-0063,Home Item 0063,Home,WH008,Central Warehouse 008,Central,403,75,904.76,91,1,2026-05-24T00:00:00+07:00
INV-001814,SKU-0064,Grocery Item 0064,Grocery,WH008,Central Warehouse 008,Central,157,32,1187.49,41,1,2026-05-24T00:00:00+07:00
INV-001815,SKU-0065,Fashion Item 0065,Fashion,WH008,Central Warehouse 008,Central,149,13,2020.33,71,1,2026-05-24T00:00:00+07:00
INV-001816,SKU-0066,Industrial Item 0066,Industrial,WH008,Central Warehouse 008,Central,707,72,1313.09,26,1,2026-05-24T00:00:00+07:00
INV-001817,SKU-0067,Electronics Item 0067,Electronics,WH008,Central Warehouse 008,Central,744,40,1135.23,90,1,2026-05-24T00:00:00+07:00
INV-001818,SKU-0068,Home Item 0068,Home,WH008,Central Warehouse 008,Central,640,48,1148.10,113,1,2026-05-24T00:00:00+07:00
INV-001819,SKU-0069,Grocery Item 0069,Grocery,WH008,Central Warehouse 008,Central,578,18,1338.62,70,1,2026-05-24T00:00:00+07:00
INV-001820,SKU-0070,Fashion Item 0070,Fashion,WH008,Central Warehouse 008,Central,641,15,1032.22,115,1,2026-05-24T00:00:00+07:00
INV-001821,SKU-0071,Industrial Item 0071,Industrial,WH008,Central Warehouse 008,Central,408,14,16.91,104,1,2026-05-24T00:00:00+07:00
INV-001822,SKU-0072,Electronics Item 0072,Electronics,WH008,Central Warehouse 008,Central,87,14,1526.08,45,1,2026-05-24T00:00:00+07:00
INV-001823,SKU-0073,Home Item 0073,Home,WH008,Central Warehouse 008,Central,450,14,1077.83,68,1,2026-05-24T00:00:00+07:00
INV-001824,SKU-0074,Grocery Item 0074,Grocery,WH008,Central Warehouse 008,Central,180,27,1772.86,70,1,2026-05-24T00:00:00+07:00
INV-001825,SKU-0075,Fashion Item 0075,Fashion,WH008,Central Warehouse 008,Central,732,7,643.96,56,1,2026-05-24T00:00:00+07:00
INV-001826,SKU-0076,Industrial Item 0076,Industrial,WH008,Central Warehouse 008,Central,279,64,18.04,33,1,2026-05-24T00:00:00+07:00
INV-001827,SKU-0077,Electronics Item 0077,Electronics,WH008,Central Warehouse 008,Central,379,36,1229.30,49,1,2026-05-24T00:00:00+07:00
INV-001828,SKU-0078,Home Item 0078,Home,WH008,Central Warehouse 008,Central,317,63,46.67,90,1,2026-05-24T00:00:00+07:00
INV-001829,SKU-0079,Grocery Item 0079,Grocery,WH008,Central Warehouse 008,Central,208,31,549.98,38,1,2026-05-24T00:00:00+07:00
INV-001830,SKU-0080,Fashion Item 0080,Fashion,WH008,Central Warehouse 008,Central,92,2,1988.79,29,1,2026-05-24T00:00:00+07:00
INV-001831,SKU-0081,Industrial Item 0081,Industrial,WH008,Central Warehouse 008,Central,734,74,1709.62,109,1,2026-05-24T00:00:00+07:00
INV-001832,SKU-0082,Electronics Item 0082,Electronics,WH008,Central Warehouse 008,Central,100,19,1119.70,40,1,2026-05-24T00:00:00+07:00
INV-001833,SKU-0083,Home Item 0083,Home,WH008,Central Warehouse 008,Central,622,2,2202.61,119,1,2026-05-24T00:00:00+07:00
INV-001834,SKU-0084,Grocery Item 0084,Grocery,WH008,Central Warehouse 008,Central,593,72,2352.51,116,1,2026-05-24T00:00:00+07:00
INV-001835,SKU-0085,Fashion Item 0085,Fashion,WH008,Central Warehouse 008,Central,310,71,907.89,34,1,2026-05-24T00:00:00+07:00
INV-001836,SKU-0086,Industrial Item 0086,Industrial,WH008,Central Warehouse 008,Central,178,1,420.19,88,1,2026-05-24T00:00:00+07:00
INV-001837,SKU-0087,Electronics Item 0087,Electronics,WH008,Central Warehouse 008,Central,401,43,2155.24,98,1,2026-05-24T00:00:00+07:00
INV-001838,SKU-0088,Home Item 0088,Home,WH008,Central Warehouse 008,Central,653,53,1837.93,101,1,2026-05-24T00:00:00+07:00
INV-001839,SKU-0089,Grocery Item 0089,Grocery,WH008,Central Warehouse 008,Central,191,20,131.78,39,1,2026-05-24T00:00:00+07:00
INV-001840,SKU-0090,Fashion Item 0090,Fashion,WH008,Central Warehouse 008,Central,538,51,1414.52,40,1,2026-05-24T00:00:00+07:00
INV-001841,SKU-0091,Industrial Item 0091,Industrial,WH008,Central Warehouse 008,Central,640,14,901.27,78,1,2026-05-24T00:00:00+07:00
INV-001842,SKU-0092,Electronics Item 0092,Electronics,WH008,Central Warehouse 008,Central,85,8,1827.69,117,1,2026-05-24T00:00:00+07:00
INV-001843,SKU-0093,Home Item 0093,Home,WH008,Central Warehouse 008,Central,395,3,1215.24,80,1,2026-05-24T00:00:00+07:00
INV-001844,SKU-0094,Grocery Item 0094,Grocery,WH008,Central Warehouse 008,Central,186,6,1610.40,92,1,2026-05-24T00:00:00+07:00
INV-001845,SKU-0095,Fashion Item 0095,Fashion,WH008,Central Warehouse 008,Central,372,42,1467.33,105,1,2026-05-24T00:00:00+07:00
INV-001846,SKU-0096,Industrial Item 0096,Industrial,WH008,Central Warehouse 008,Central,660,74,543.88,95,1,2026-05-24T00:00:00+07:00
INV-001847,SKU-0097,Electronics Item 0097,Electronics,WH008,Central Warehouse 008,Central,613,71,511.75,77,1,2026-05-24T00:00:00+07:00
INV-001848,SKU-0098,Home Item 0098,Home,WH008,Central Warehouse 008,Central,691,35,363.80,43,1,2026-05-24T00:00:00+07:00
INV-001849,SKU-0099,Grocery Item 0099,Grocery,WH008,Central Warehouse 008,Central,512,1,1258.95,40,1,2026-05-24T00:00:00+07:00
INV-001850,SKU-0100,Fashion Item 0100,Fashion,WH008,Central Warehouse 008,Central,283,12,1558.78,44,1,2026-05-24T00:00:00+07:00
INV-001851,SKU-0101,Industrial Item 0101,Industrial,WH008,Central Warehouse 008,Central,431,76,789.33,100,1,2026-05-24T00:00:00+07:00
INV-001852,SKU-0102,Electronics Item 0102,Electronics,WH008,Central Warehouse 008,Central,375,45,1401.75,44,1,2026-05-24T00:00:00+07:00
INV-001853,SKU-0103,Home Item 0103,Home,WH008,Central Warehouse 008,Central,406,21,2192.81,102,1,2026-05-24T00:00:00+07:00
INV-001854,SKU-0104,Grocery Item 0104,Grocery,WH008,Central Warehouse 008,Central,149,34,1626.22,117,1,2026-05-24T00:00:00+07:00
INV-001855,SKU-0105,Fashion Item 0105,Fashion,WH008,Central Warehouse 008,Central,578,47,423.75,107,1,2026-05-24T00:00:00+07:00
INV-001856,SKU-0106,Industrial Item 0106,Industrial,WH008,Central Warehouse 008,Central,91,9,1257.56,26,1,2026-05-24T00:00:00+07:00
INV-001857,SKU-0107,Electronics Item 0107,Electronics,WH008,Central Warehouse 008,Central,111,4,748.56,90,1,2026-05-24T00:00:00+07:00
INV-001858,SKU-0108,Home Item 0108,Home,WH008,Central Warehouse 008,Central,549,5,2228.91,30,1,2026-05-24T00:00:00+07:00
INV-001859,SKU-0109,Grocery Item 0109,Grocery,WH008,Central Warehouse 008,Central,604,52,1176.81,92,1,2026-05-24T00:00:00+07:00
INV-001860,SKU-0110,Fashion Item 0110,Fashion,WH008,Central Warehouse 008,Central,583,64,118.32,94,1,2026-05-24T00:00:00+07:00
INV-001861,SKU-0111,Industrial Item 0111,Industrial,WH008,Central Warehouse 008,Central,683,62,332.11,35,1,2026-05-24T00:00:00+07:00
INV-001862,SKU-0112,Electronics Item 0112,Electronics,WH008,Central Warehouse 008,Central,124,31,387.47,89,1,2026-05-24T00:00:00+07:00
INV-001863,SKU-0113,Home Item 0113,Home,WH008,Central Warehouse 008,Central,223,18,1147.39,26,1,2026-05-24T00:00:00+07:00
INV-001864,SKU-0114,Grocery Item 0114,Grocery,WH008,Central Warehouse 008,Central,399,23,2377.14,119,1,2026-05-24T00:00:00+07:00
INV-001865,SKU-0115,Fashion Item 0115,Fashion,WH008,Central Warehouse 008,Central,487,30,1203.25,31,1,2026-05-24T00:00:00+07:00
INV-001866,SKU-0116,Industrial Item 0116,Industrial,WH008,Central Warehouse 008,Central,470,68,1500.04,105,1,2026-05-24T00:00:00+07:00
INV-001867,SKU-0117,Electronics Item 0117,Electronics,WH008,Central Warehouse 008,Central,563,43,1650.33,100,1,2026-05-24T00:00:00+07:00
INV-001868,SKU-0118,Home Item 0118,Home,WH008,Central Warehouse 008,Central,220,12,2408.28,44,1,2026-05-24T00:00:00+07:00
INV-001869,SKU-0119,Grocery Item 0119,Grocery,WH008,Central Warehouse 008,Central,517,70,839.98,90,1,2026-05-24T00:00:00+07:00
INV-001870,SKU-0120,Fashion Item 0120,Fashion,WH008,Central Warehouse 008,Central,84,4,344.97,116,1,2026-05-24T00:00:00+07:00
INV-001871,SKU-0121,Industrial Item 0121,Industrial,WH008,Central Warehouse 008,Central,462,73,183.54,113,1,2026-05-24T00:00:00+07:00
INV-001872,SKU-0122,Electronics Item 0122,Electronics,WH008,Central Warehouse 008,Central,714,51,1524.79,44,1,2026-05-24T00:00:00+07:00
INV-001873,SKU-0123,Home Item 0123,Home,WH008,Central Warehouse 008,Central,745,20,1228.55,82,1,2026-05-24T00:00:00+07:00
INV-001874,SKU-0124,Grocery Item 0124,Grocery,WH008,Central Warehouse 008,Central,148,33,1289.89,44,1,2026-05-24T00:00:00+07:00
INV-001875,SKU-0125,Fashion Item 0125,Fashion,WH008,Central Warehouse 008,Central,499,78,665.71,112,1,2026-05-24T00:00:00+07:00
INV-001876,SKU-0126,Industrial Item 0126,Industrial,WH008,Central Warehouse 008,Central,627,48,301.33,30,1,2026-05-24T00:00:00+07:00
INV-001877,SKU-0127,Electronics Item 0127,Electronics,WH008,Central Warehouse 008,Central,339,22,1510.21,35,1,2026-05-24T00:00:00+07:00
INV-001878,SKU-0128,Home Item 0128,Home,WH008,Central Warehouse 008,Central,232,10,204.16,26,1,2026-05-24T00:00:00+07:00
INV-001879,SKU-0129,Grocery Item 0129,Grocery,WH008,Central Warehouse 008,Central,415,59,546.16,98,1,2026-05-24T00:00:00+07:00
INV-001880,SKU-0130,Fashion Item 0130,Fashion,WH008,Central Warehouse 008,Central,517,73,1838.04,93,1,2026-05-24T00:00:00+07:00
INV-001881,SKU-0131,Industrial Item 0131,Industrial,WH008,Central Warehouse 008,Central,260,35,1279.14,112,1,2026-05-24T00:00:00+07:00
INV-001882,SKU-0132,Electronics Item 0132,Electronics,WH008,Central Warehouse 008,Central,550,23,1662.47,40,1,2026-05-24T00:00:00+07:00
INV-001883,SKU-0133,Home Item 0133,Home,WH008,Central Warehouse 008,Central,301,23,1321.94,95,1,2026-05-24T00:00:00+07:00
INV-001884,SKU-0134,Grocery Item 0134,Grocery,WH008,Central Warehouse 008,Central,696,80,299.99,27,1,2026-05-24T00:00:00+07:00
INV-001885,SKU-0135,Fashion Item 0135,Fashion,WH008,Central Warehouse 008,Central,642,50,55.51,62,1,2026-05-24T00:00:00+07:00
INV-001886,SKU-0136,Industrial Item 0136,Industrial,WH008,Central Warehouse 008,Central,685,55,1227.04,97,1,2026-05-24T00:00:00+07:00
INV-001887,SKU-0137,Electronics Item 0137,Electronics,WH008,Central Warehouse 008,Central,696,61,1490.72,59,1,2026-05-24T00:00:00+07:00
INV-001888,SKU-0138,Home Item 0138,Home,WH008,Central Warehouse 008,Central,298,73,675.65,109,1,2026-05-24T00:00:00+07:00
INV-001889,SKU-0139,Grocery Item 0139,Grocery,WH008,Central Warehouse 008,Central,729,29,872.82,98,1,2026-05-24T00:00:00+07:00
INV-001890,SKU-0140,Fashion Item 0140,Fashion,WH008,Central Warehouse 008,Central,339,69,2430.74,116,1,2026-05-24T00:00:00+07:00
INV-001891,SKU-0141,Industrial Item 0141,Industrial,WH008,Central Warehouse 008,Central,420,71,1113.65,92,1,2026-05-24T00:00:00+07:00
INV-001892,SKU-0142,Electronics Item 0142,Electronics,WH008,Central Warehouse 008,Central,503,9,1389.06,95,1,2026-05-24T00:00:00+07:00
INV-001893,SKU-0143,Home Item 0143,Home,WH008,Central Warehouse 008,Central,399,63,1517.06,108,1,2026-05-24T00:00:00+07:00
INV-001894,SKU-0144,Grocery Item 0144,Grocery,WH008,Central Warehouse 008,Central,129,24,1132.98,40,1,2026-05-24T00:00:00+07:00
INV-001895,SKU-0145,Fashion Item 0145,Fashion,WH008,Central Warehouse 008,Central,390,67,1384.82,111,1,2026-05-24T00:00:00+07:00
INV-001896,SKU-0146,Industrial Item 0146,Industrial,WH008,Central Warehouse 008,Central,589,15,716.78,65,1,2026-05-24T00:00:00+07:00
INV-001897,SKU-0147,Electronics Item 0147,Electronics,WH008,Central Warehouse 008,Central,526,15,165.49,79,1,2026-05-24T00:00:00+07:00
INV-001898,SKU-0148,Home Item 0148,Home,WH008,Central Warehouse 008,Central,674,3,433.82,91,1,2026-05-24T00:00:00+07:00
INV-001899,SKU-0149,Grocery Item 0149,Grocery,WH008,Central Warehouse 008,Central,608,59,1916.10,68,1,2026-05-24T00:00:00+07:00
INV-001900,SKU-0150,Fashion Item 0150,Fashion,WH008,Central Warehouse 008,Central,156,27,61.79,26,1,2026-05-24T00:00:00+07:00
INV-001901,SKU-0151,Industrial Item 0151,Industrial,WH008,Central Warehouse 008,Central,666,39,2245.91,96,1,2026-05-24T00:00:00+07:00
INV-001902,SKU-0152,Electronics Item 0152,Electronics,WH008,Central Warehouse 008,Central,415,36,2318.50,98,1,2026-05-24T00:00:00+07:00
INV-001903,SKU-0153,Home Item 0153,Home,WH008,Central Warehouse 008,Central,83,7,1512.35,64,1,2026-05-24T00:00:00+07:00
INV-001904,SKU-0154,Grocery Item 0154,Grocery,WH008,Central Warehouse 008,Central,706,75,1462.78,107,1,2026-05-24T00:00:00+07:00
INV-001905,SKU-0155,Fashion Item 0155,Fashion,WH008,Central Warehouse 008,Central,101,24,2143.88,63,1,2026-05-24T00:00:00+07:00
INV-001906,SKU-0156,Industrial Item 0156,Industrial,WH008,Central Warehouse 008,Central,223,18,2144.82,116,1,2026-05-24T00:00:00+07:00
INV-001907,SKU-0157,Electronics Item 0157,Electronics,WH008,Central Warehouse 008,Central,684,14,1617.36,72,1,2026-05-24T00:00:00+07:00
INV-001908,SKU-0158,Home Item 0158,Home,WH008,Central Warehouse 008,Central,714,62,1310.72,55,1,2026-05-24T00:00:00+07:00
INV-001909,SKU-0159,Grocery Item 0159,Grocery,WH008,Central Warehouse 008,Central,405,32,1258.02,52,1,2026-05-24T00:00:00+07:00
INV-001910,SKU-0160,Fashion Item 0160,Fashion,WH008,Central Warehouse 008,Central,323,40,2398.80,81,1,2026-05-24T00:00:00+07:00
INV-001911,SKU-0161,Industrial Item 0161,Industrial,WH008,Central Warehouse 008,Central,752,28,2292.85,34,1,2026-05-24T00:00:00+07:00
INV-001912,SKU-0162,Electronics Item 0162,Electronics,WH008,Central Warehouse 008,Central,272,47,1277.14,26,1,2026-05-24T00:00:00+07:00
INV-001913,SKU-0163,Home Item 0163,Home,WH008,Central Warehouse 008,Central,521,70,574.57,53,1,2026-05-24T00:00:00+07:00
INV-001914,SKU-0164,Grocery Item 0164,Grocery,WH008,Central Warehouse 008,Central,786,56,1613.99,56,1,2026-05-24T00:00:00+07:00
INV-001915,SKU-0165,Fashion Item 0165,Fashion,WH008,Central Warehouse 008,Central,792,73,1778.69,49,1,2026-05-24T00:00:00+07:00
INV-001916,SKU-0166,Industrial Item 0166,Industrial,WH008,Central Warehouse 008,Central,253,9,30.40,80,1,2026-05-24T00:00:00+07:00
INV-001917,SKU-0167,Electronics Item 0167,Electronics,WH008,Central Warehouse 008,Central,511,77,2193.67,103,1,2026-05-24T00:00:00+07:00
INV-001918,SKU-0168,Home Item 0168,Home,WH008,Central Warehouse 008,Central,627,42,158.91,100,1,2026-05-24T00:00:00+07:00
INV-001919,SKU-0169,Grocery Item 0169,Grocery,WH008,Central Warehouse 008,Central,192,25,1679.73,79,1,2026-05-24T00:00:00+07:00
INV-001920,SKU-0170,Fashion Item 0170,Fashion,WH008,Central Warehouse 008,Central,244,46,171.86,116,1,2026-05-24T00:00:00+07:00
INV-001921,SKU-0171,Industrial Item 0171,Industrial,WH008,Central Warehouse 008,Central,674,76,147.85,61,1,2026-05-24T00:00:00+07:00
INV-001922,SKU-0172,Electronics Item 0172,Electronics,WH008,Central Warehouse 008,Central,517,1,1317.47,31,1,2026-05-24T00:00:00+07:00
INV-001923,SKU-0173,Home Item 0173,Home,WH008,Central Warehouse 008,Central,720,64,1123.75,99,1,2026-05-24T00:00:00+07:00
INV-001924,SKU-0174,Grocery Item 0174,Grocery,WH008,Central Warehouse 008,Central,712,0,31.71,93,1,2026-05-24T00:00:00+07:00
INV-001925,SKU-0175,Fashion Item 0175,Fashion,WH008,Central Warehouse 008,Central,703,29,224.57,120,1,2026-05-24T00:00:00+07:00
INV-001926,SKU-0176,Industrial Item 0176,Industrial,WH008,Central Warehouse 008,Central,738,49,2224.19,104,1,2026-05-24T00:00:00+07:00
INV-001927,SKU-0177,Electronics Item 0177,Electronics,WH008,Central Warehouse 008,Central,216,9,1126.26,97,1,2026-05-24T00:00:00+07:00
INV-001928,SKU-0178,Home Item 0178,Home,WH008,Central Warehouse 008,Central,197,33,1288.90,38,1,2026-05-24T00:00:00+07:00
INV-001929,SKU-0179,Grocery Item 0179,Grocery,WH008,Central Warehouse 008,Central,164,33,1492.39,50,1,2026-05-24T00:00:00+07:00
INV-001930,SKU-0180,Fashion Item 0180,Fashion,WH008,Central Warehouse 008,Central,521,78,574.39,33,1,2026-05-24T00:00:00+07:00
INV-001931,SKU-0181,Industrial Item 0181,Industrial,WH008,Central Warehouse 008,Central,549,19,250.99,113,1,2026-05-24T00:00:00+07:00
INV-001932,SKU-0182,Electronics Item 0182,Electronics,WH008,Central Warehouse 008,Central,147,28,1061.72,102,1,2026-05-24T00:00:00+07:00
INV-001933,SKU-0183,Home Item 0183,Home,WH008,Central Warehouse 008,Central,155,0,1723.70,86,1,2026-05-24T00:00:00+07:00
INV-001934,SKU-0184,Grocery Item 0184,Grocery,WH008,Central Warehouse 008,Central,609,71,1782.64,112,1,2026-05-24T00:00:00+07:00
INV-001935,SKU-0185,Fashion Item 0185,Fashion,WH008,Central Warehouse 008,Central,591,36,33.19,78,1,2026-05-24T00:00:00+07:00
INV-001936,SKU-0186,Industrial Item 0186,Industrial,WH008,Central Warehouse 008,Central,119,26,716.46,37,1,2026-05-24T00:00:00+07:00
INV-001937,SKU-0187,Electronics Item 0187,Electronics,WH008,Central Warehouse 008,Central,586,72,348.96,26,1,2026-05-24T00:00:00+07:00
INV-001938,SKU-0188,Home Item 0188,Home,WH008,Central Warehouse 008,Central,303,44,914.39,46,1,2026-05-24T00:00:00+07:00
INV-001939,SKU-0189,Grocery Item 0189,Grocery,WH008,Central Warehouse 008,Central,301,27,696.66,77,1,2026-05-24T00:00:00+07:00
INV-001940,SKU-0190,Fashion Item 0190,Fashion,WH008,Central Warehouse 008,Central,508,38,1165.14,37,1,2026-05-24T00:00:00+07:00
INV-001941,SKU-0191,Industrial Item 0191,Industrial,WH008,Central Warehouse 008,Central,83,18,1852.92,50,1,2026-05-24T00:00:00+07:00
INV-001942,SKU-0192,Electronics Item 0192,Electronics,WH008,Central Warehouse 008,Central,722,49,1709.06,68,1,2026-05-24T00:00:00+07:00
INV-001943,SKU-0193,Home Item 0193,Home,WH008,Central Warehouse 008,Central,735,24,2030.66,28,1,2026-05-24T00:00:00+07:00
INV-001944,SKU-0194,Grocery Item 0194,Grocery,WH008,Central Warehouse 008,Central,155,6,165.42,53,1,2026-05-24T00:00:00+07:00
INV-001945,SKU-0195,Fashion Item 0195,Fashion,WH008,Central Warehouse 008,Central,744,14,683.78,45,1,2026-05-24T00:00:00+07:00
INV-001946,SKU-0196,Industrial Item 0196,Industrial,WH008,Central Warehouse 008,Central,756,60,1267.46,51,1,2026-05-24T00:00:00+07:00
INV-001947,SKU-0197,Electronics Item 0197,Electronics,WH008,Central Warehouse 008,Central,502,64,1508.33,79,1,2026-05-24T00:00:00+07:00
INV-001948,SKU-0198,Home Item 0198,Home,WH008,Central Warehouse 008,Central,783,29,1871.79,45,1,2026-05-24T00:00:00+07:00
INV-001949,SKU-0199,Grocery Item 0199,Grocery,WH008,Central Warehouse 008,Central,438,1,1342.12,44,1,2026-05-24T00:00:00+07:00
INV-001950,SKU-0200,Fashion Item 0200,Fashion,WH008,Central Warehouse 008,Central,382,63,179.51,64,1,2026-05-24T00:00:00+07:00
INV-001951,SKU-0201,Industrial Item 0201,Industrial,WH008,Central Warehouse 008,Central,195,48,1913.09,93,1,2026-05-24T00:00:00+07:00
INV-001952,SKU-0202,Electronics Item 0202,Electronics,WH008,Central Warehouse 008,Central,213,16,1873.45,67,1,2026-05-24T00:00:00+07:00
INV-001953,SKU-0203,Home Item 0203,Home,WH008,Central Warehouse 008,Central,767,55,222.53,39,1,2026-05-24T00:00:00+07:00
INV-001954,SKU-0204,Grocery Item 0204,Grocery,WH008,Central Warehouse 008,Central,677,75,2084.75,106,1,2026-05-24T00:00:00+07:00
INV-001955,SKU-0205,Fashion Item 0205,Fashion,WH008,Central Warehouse 008,Central,406,40,1395.31,115,1,2026-05-24T00:00:00+07:00
INV-001956,SKU-0206,Industrial Item 0206,Industrial,WH008,Central Warehouse 008,Central,474,77,763.38,75,1,2026-05-24T00:00:00+07:00
INV-001957,SKU-0207,Electronics Item 0207,Electronics,WH008,Central Warehouse 008,Central,463,66,1852.60,91,1,2026-05-24T00:00:00+07:00
INV-001958,SKU-0208,Home Item 0208,Home,WH008,Central Warehouse 008,Central,477,15,974.73,44,1,2026-05-24T00:00:00+07:00
INV-001959,SKU-0209,Grocery Item 0209,Grocery,WH008,Central Warehouse 008,Central,561,13,2118.86,83,1,2026-05-24T00:00:00+07:00
INV-001960,SKU-0210,Fashion Item 0210,Fashion,WH008,Central Warehouse 008,Central,335,67,645.06,36,1,2026-05-24T00:00:00+07:00
INV-001961,SKU-0211,Industrial Item 0211,Industrial,WH008,Central Warehouse 008,Central,487,76,837.27,116,1,2026-05-24T00:00:00+07:00
INV-001962,SKU-0212,Electronics Item 0212,Electronics,WH008,Central Warehouse 008,Central,213,47,1143.12,70,1,2026-05-24T00:00:00+07:00
INV-001963,SKU-0213,Home Item 0213,Home,WH008,Central Warehouse 008,Central,317,76,1632.10,93,1,2026-05-24T00:00:00+07:00
INV-001964,SKU-0214,Grocery Item 0214,Grocery,WH008,Central Warehouse 008,Central,637,67,1626.38,34,1,2026-05-24T00:00:00+07:00
INV-001965,SKU-0215,Fashion Item 0215,Fashion,WH008,Central Warehouse 008,Central,596,22,2282.92,30,1,2026-05-24T00:00:00+07:00
INV-001966,SKU-0216,Industrial Item 0216,Industrial,WH008,Central Warehouse 008,Central,87,12,1446.06,51,1,2026-05-24T00:00:00+07:00
INV-001967,SKU-0217,Electronics Item 0217,Electronics,WH008,Central Warehouse 008,Central,397,9,6.69,44,1,2026-05-24T00:00:00+07:00
INV-001968,SKU-0218,Home Item 0218,Home,WH008,Central Warehouse 008,Central,606,20,309.96,54,1,2026-05-24T00:00:00+07:00
INV-001969,SKU-0219,Grocery Item 0219,Grocery,WH008,Central Warehouse 008,Central,628,14,1728.96,50,1,2026-05-24T00:00:00+07:00
INV-001970,SKU-0220,Fashion Item 0220,Fashion,WH008,Central Warehouse 008,Central,114,17,103.54,50,1,2026-05-24T00:00:00+07:00
INV-001971,SKU-0221,Industrial Item 0221,Industrial,WH008,Central Warehouse 008,Central,689,77,1385.70,104,1,2026-05-24T00:00:00+07:00
INV-001972,SKU-0222,Electronics Item 0222,Electronics,WH008,Central Warehouse 008,Central,736,76,1604.07,40,1,2026-05-24T00:00:00+07:00
INV-001973,SKU-0223,Home Item 0223,Home,WH008,Central Warehouse 008,Central,601,63,780.02,77,1,2026-05-24T00:00:00+07:00
INV-001974,SKU-0224,Grocery Item 0224,Grocery,WH008,Central Warehouse 008,Central,175,21,294.01,40,1,2026-05-24T00:00:00+07:00
INV-001975,SKU-0225,Fashion Item 0225,Fashion,WH008,Central Warehouse 008,Central,727,29,1915.15,69,1,2026-05-24T00:00:00+07:00
INV-001976,SKU-0226,Industrial Item 0226,Industrial,WH008,Central Warehouse 008,Central,256,12,332.54,92,1,2026-05-24T00:00:00+07:00
INV-001977,SKU-0227,Electronics Item 0227,Electronics,WH008,Central Warehouse 008,Central,780,2,284.09,28,1,2026-05-24T00:00:00+07:00
INV-001978,SKU-0228,Home Item 0228,Home,WH008,Central Warehouse 008,Central,560,74,100.29,98,1,2026-05-24T00:00:00+07:00
INV-001979,SKU-0229,Grocery Item 0229,Grocery,WH008,Central Warehouse 008,Central,519,78,2338.48,109,1,2026-05-24T00:00:00+07:00
INV-001980,SKU-0230,Fashion Item 0230,Fashion,WH008,Central Warehouse 008,Central,204,50,566.98,111,1,2026-05-24T00:00:00+07:00
INV-001981,SKU-0231,Industrial Item 0231,Industrial,WH008,Central Warehouse 008,Central,104,17,454.27,119,1,2026-05-24T00:00:00+07:00
INV-001982,SKU-0232,Electronics Item 0232,Electronics,WH008,Central Warehouse 008,Central,766,54,523.84,105,1,2026-05-24T00:00:00+07:00
INV-001983,SKU-0233,Home Item 0233,Home,WH008,Central Warehouse 008,Central,696,50,417.09,37,1,2026-05-24T00:00:00+07:00
INV-001984,SKU-0234,Grocery Item 0234,Grocery,WH008,Central Warehouse 008,Central,131,7,811.46,37,1,2026-05-24T00:00:00+07:00
INV-001985,SKU-0235,Fashion Item 0235,Fashion,WH008,Central Warehouse 008,Central,118,29,1651.59,89,1,2026-05-24T00:00:00+07:00
INV-001986,SKU-0236,Industrial Item 0236,Industrial,WH008,Central Warehouse 008,Central,85,14,858.28,34,1,2026-05-24T00:00:00+07:00
INV-001987,SKU-0237,Electronics Item 0237,Electronics,WH008,Central Warehouse 008,Central,396,30,1128.23,59,1,2026-05-24T00:00:00+07:00
INV-001988,SKU-0238,Home Item 0238,Home,WH008,Central Warehouse 008,Central,680,43,775.33,93,1,2026-05-24T00:00:00+07:00
INV-001989,SKU-0239,Grocery Item 0239,Grocery,WH008,Central Warehouse 008,Central,97,12,1765.31,116,1,2026-05-24T00:00:00+07:00
INV-001990,SKU-0240,Fashion Item 0240,Fashion,WH008,Central Warehouse 008,Central,247,5,2296.33,64,1,2026-05-24T00:00:00+07:00
INV-001991,SKU-0241,Industrial Item 0241,Industrial,WH008,Central Warehouse 008,Central,592,55,2227.71,45,1,2026-05-24T00:00:00+07:00
INV-001992,SKU-0242,Electronics Item 0242,Electronics,WH008,Central Warehouse 008,Central,107,11,283.53,75,1,2026-05-24T00:00:00+07:00
INV-001993,SKU-0243,Home Item 0243,Home,WH008,Central Warehouse 008,Central,774,63,2463.57,92,1,2026-05-24T00:00:00+07:00
INV-001994,SKU-0244,Grocery Item 0244,Grocery,WH008,Central Warehouse 008,Central,781,63,2158.68,34,1,2026-05-24T00:00:00+07:00
INV-001995,SKU-0245,Fashion Item 0245,Fashion,WH008,Central Warehouse 008,Central,700,54,826.39,59,1,2026-05-24T00:00:00+07:00
INV-001996,SKU-0246,Industrial Item 0246,Industrial,WH008,Central Warehouse 008,Central,634,64,1399.33,48,1,2026-05-24T00:00:00+07:00
INV-001997,SKU-0247,Electronics Item 0247,Electronics,WH008,Central Warehouse 008,Central,392,75,1429.65,77,1,2026-05-24T00:00:00+07:00
INV-001998,SKU-0248,Home Item 0248,Home,WH008,Central Warehouse 008,Central,677,76,1783.38,119,1,2026-05-24T00:00:00+07:00
INV-001999,SKU-0249,Grocery Item 0249,Grocery,WH008,Central Warehouse 008,Central,124,21,2357.28,59,1,2026-05-24T00:00:00+07:00
INV-002000,SKU-0250,Fashion Item 0250,Fashion,WH008,Central Warehouse 008,Central,625,71,1438.19,37,1,2026-05-24T00:00:00+07:00
INV-002001,SKU-0001,Electronics Item 0001,Electronics,WH009,Central Warehouse 009,Central,636,5,1864.34,60,1,2026-05-24T00:00:00+07:00
INV-002002,SKU-0002,Home Item 0002,Home,WH009,Central Warehouse 009,Central,556,36,483.65,70,1,2026-05-24T00:00:00+07:00
INV-002003,SKU-0003,Grocery Item 0003,Grocery,WH009,Central Warehouse 009,Central,634,43,1130.94,75,1,2026-05-24T00:00:00+07:00
INV-002004,SKU-0004,Fashion Item 0004,Fashion,WH009,Central Warehouse 009,Central,103,6,1723.50,26,1,2026-05-24T00:00:00+07:00
INV-002005,SKU-0005,Industrial Item 0005,Industrial,WH009,Central Warehouse 009,Central,598,15,920.81,43,1,2026-05-24T00:00:00+07:00
INV-002006,SKU-0006,Electronics Item 0006,Electronics,WH009,Central Warehouse 009,Central,203,23,1362.60,34,1,2026-05-24T00:00:00+07:00
INV-002007,SKU-0007,Home Item 0007,Home,WH009,Central Warehouse 009,Central,622,0,1244.15,38,1,2026-05-24T00:00:00+07:00
INV-002008,SKU-0008,Grocery Item 0008,Grocery,WH009,Central Warehouse 009,Central,136,10,1561.67,82,1,2026-05-24T00:00:00+07:00
INV-002009,SKU-0009,Fashion Item 0009,Fashion,WH009,Central Warehouse 009,Central,226,8,2055.51,90,1,2026-05-24T00:00:00+07:00
INV-002010,SKU-0010,Industrial Item 0010,Industrial,WH009,Central Warehouse 009,Central,772,32,940.57,120,1,2026-05-24T00:00:00+07:00
INV-002011,SKU-0011,Electronics Item 0011,Electronics,WH009,Central Warehouse 009,Central,290,44,724.48,67,1,2026-05-24T00:00:00+07:00
INV-002012,SKU-0012,Home Item 0012,Home,WH009,Central Warehouse 009,Central,268,54,252.02,63,1,2026-05-24T00:00:00+07:00
INV-002013,SKU-0013,Grocery Item 0013,Grocery,WH009,Central Warehouse 009,Central,479,45,805.36,59,1,2026-05-24T00:00:00+07:00
INV-002014,SKU-0014,Fashion Item 0014,Fashion,WH009,Central Warehouse 009,Central,592,69,73.10,98,1,2026-05-24T00:00:00+07:00
INV-002015,SKU-0015,Industrial Item 0015,Industrial,WH009,Central Warehouse 009,Central,471,48,1517.60,27,1,2026-05-24T00:00:00+07:00
INV-002016,SKU-0016,Electronics Item 0016,Electronics,WH009,Central Warehouse 009,Central,595,79,199.20,57,1,2026-05-24T00:00:00+07:00
INV-002017,SKU-0017,Home Item 0017,Home,WH009,Central Warehouse 009,Central,368,17,604.35,107,1,2026-05-24T00:00:00+07:00
INV-002018,SKU-0018,Grocery Item 0018,Grocery,WH009,Central Warehouse 009,Central,494,21,1596.02,48,1,2026-05-24T00:00:00+07:00
INV-002019,SKU-0019,Fashion Item 0019,Fashion,WH009,Central Warehouse 009,Central,465,43,1009.70,94,1,2026-05-24T00:00:00+07:00
INV-002020,SKU-0020,Industrial Item 0020,Industrial,WH009,Central Warehouse 009,Central,104,8,2303.82,44,1,2026-05-24T00:00:00+07:00
INV-002021,SKU-0021,Electronics Item 0021,Electronics,WH009,Central Warehouse 009,Central,354,18,1317.92,115,1,2026-05-24T00:00:00+07:00
INV-002022,SKU-0022,Home Item 0022,Home,WH009,Central Warehouse 009,Central,452,36,1787.81,112,1,2026-05-24T00:00:00+07:00
INV-002023,SKU-0023,Grocery Item 0023,Grocery,WH009,Central Warehouse 009,Central,378,11,1146.10,76,1,2026-05-24T00:00:00+07:00
INV-002024,SKU-0024,Fashion Item 0024,Fashion,WH009,Central Warehouse 009,Central,656,66,1870.82,110,1,2026-05-24T00:00:00+07:00
INV-002025,SKU-0025,Industrial Item 0025,Industrial,WH009,Central Warehouse 009,Central,540,78,1579.17,50,1,2026-05-24T00:00:00+07:00
INV-002026,SKU-0026,Electronics Item 0026,Electronics,WH009,Central Warehouse 009,Central,572,3,672.03,62,1,2026-05-24T00:00:00+07:00
INV-002027,SKU-0027,Home Item 0027,Home,WH009,Central Warehouse 009,Central,155,5,734.65,102,1,2026-05-24T00:00:00+07:00
INV-002028,SKU-0028,Grocery Item 0028,Grocery,WH009,Central Warehouse 009,Central,203,8,2229.70,118,1,2026-05-24T00:00:00+07:00
INV-002029,SKU-0029,Fashion Item 0029,Fashion,WH009,Central Warehouse 009,Central,400,1,599.13,83,1,2026-05-24T00:00:00+07:00
INV-002030,SKU-0030,Industrial Item 0030,Industrial,WH009,Central Warehouse 009,Central,512,71,1134.60,34,1,2026-05-24T00:00:00+07:00
INV-002031,SKU-0031,Electronics Item 0031,Electronics,WH009,Central Warehouse 009,Central,205,3,1017.84,70,1,2026-05-24T00:00:00+07:00
INV-002032,SKU-0032,Home Item 0032,Home,WH009,Central Warehouse 009,Central,558,40,1598.75,103,1,2026-05-24T00:00:00+07:00
INV-002033,SKU-0033,Grocery Item 0033,Grocery,WH009,Central Warehouse 009,Central,689,64,1043.10,85,1,2026-05-24T00:00:00+07:00
INV-002034,SKU-0034,Fashion Item 0034,Fashion,WH009,Central Warehouse 009,Central,715,4,1491.67,50,1,2026-05-24T00:00:00+07:00
INV-002035,SKU-0035,Industrial Item 0035,Industrial,WH009,Central Warehouse 009,Central,639,76,627.13,35,1,2026-05-24T00:00:00+07:00
INV-002036,SKU-0036,Electronics Item 0036,Electronics,WH009,Central Warehouse 009,Central,123,21,1117.44,78,1,2026-05-24T00:00:00+07:00
INV-002037,SKU-0037,Home Item 0037,Home,WH009,Central Warehouse 009,Central,450,24,1158.52,37,1,2026-05-24T00:00:00+07:00
INV-002038,SKU-0038,Grocery Item 0038,Grocery,WH009,Central Warehouse 009,Central,379,53,1946.75,104,1,2026-05-24T00:00:00+07:00
INV-002039,SKU-0039,Fashion Item 0039,Fashion,WH009,Central Warehouse 009,Central,364,58,467.19,73,1,2026-05-24T00:00:00+07:00
INV-002040,SKU-0040,Industrial Item 0040,Industrial,WH009,Central Warehouse 009,Central,177,19,1858.14,70,1,2026-05-24T00:00:00+07:00
INV-002041,SKU-0041,Electronics Item 0041,Electronics,WH009,Central Warehouse 009,Central,395,21,397.34,118,1,2026-05-24T00:00:00+07:00
INV-002042,SKU-0042,Home Item 0042,Home,WH009,Central Warehouse 009,Central,282,59,1999.32,84,1,2026-05-24T00:00:00+07:00
INV-002043,SKU-0043,Grocery Item 0043,Grocery,WH009,Central Warehouse 009,Central,681,43,477.32,114,1,2026-05-24T00:00:00+07:00
INV-002044,SKU-0044,Fashion Item 0044,Fashion,WH009,Central Warehouse 009,Central,156,32,1206.42,33,1,2026-05-24T00:00:00+07:00
INV-002045,SKU-0045,Industrial Item 0045,Industrial,WH009,Central Warehouse 009,Central,112,17,2061.80,102,1,2026-05-24T00:00:00+07:00
INV-002046,SKU-0046,Electronics Item 0046,Electronics,WH009,Central Warehouse 009,Central,140,13,1869.94,118,1,2026-05-24T00:00:00+07:00
INV-002047,SKU-0047,Home Item 0047,Home,WH009,Central Warehouse 009,Central,539,34,1327.21,89,1,2026-05-24T00:00:00+07:00
INV-002048,SKU-0048,Grocery Item 0048,Grocery,WH009,Central Warehouse 009,Central,107,26,947.50,59,1,2026-05-24T00:00:00+07:00
INV-002049,SKU-0049,Fashion Item 0049,Fashion,WH009,Central Warehouse 009,Central,692,35,1571.23,53,1,2026-05-24T00:00:00+07:00
INV-002050,SKU-0050,Industrial Item 0050,Industrial,WH009,Central Warehouse 009,Central,706,5,1875.49,76,1,2026-05-24T00:00:00+07:00
INV-002051,SKU-0051,Electronics Item 0051,Electronics,WH009,Central Warehouse 009,Central,356,78,2107.80,79,1,2026-05-24T00:00:00+07:00
INV-002052,SKU-0052,Home Item 0052,Home,WH009,Central Warehouse 009,Central,799,38,974.62,29,1,2026-05-24T00:00:00+07:00
INV-002053,SKU-0053,Grocery Item 0053,Grocery,WH009,Central Warehouse 009,Central,406,4,897.57,65,1,2026-05-24T00:00:00+07:00
INV-002054,SKU-0054,Fashion Item 0054,Fashion,WH009,Central Warehouse 009,Central,291,4,2241.22,70,1,2026-05-24T00:00:00+07:00
INV-002055,SKU-0055,Industrial Item 0055,Industrial,WH009,Central Warehouse 009,Central,552,65,28.15,74,1,2026-05-24T00:00:00+07:00
INV-002056,SKU-0056,Electronics Item 0056,Electronics,WH009,Central Warehouse 009,Central,785,58,948.81,93,1,2026-05-24T00:00:00+07:00
INV-002057,SKU-0057,Home Item 0057,Home,WH009,Central Warehouse 009,Central,125,0,577.05,55,1,2026-05-24T00:00:00+07:00
INV-002058,SKU-0058,Grocery Item 0058,Grocery,WH009,Central Warehouse 009,Central,414,77,537.99,33,1,2026-05-24T00:00:00+07:00
INV-002059,SKU-0059,Fashion Item 0059,Fashion,WH009,Central Warehouse 009,Central,138,32,962.64,106,1,2026-05-24T00:00:00+07:00
INV-002060,SKU-0060,Industrial Item 0060,Industrial,WH009,Central Warehouse 009,Central,582,70,1355.91,48,1,2026-05-24T00:00:00+07:00
INV-002061,SKU-0061,Electronics Item 0061,Electronics,WH009,Central Warehouse 009,Central,527,44,1240.99,109,1,2026-05-24T00:00:00+07:00
INV-002062,SKU-0062,Home Item 0062,Home,WH009,Central Warehouse 009,Central,182,36,1741.26,70,1,2026-05-24T00:00:00+07:00
INV-002063,SKU-0063,Grocery Item 0063,Grocery,WH009,Central Warehouse 009,Central,570,77,2040.17,40,1,2026-05-24T00:00:00+07:00
INV-002064,SKU-0064,Fashion Item 0064,Fashion,WH009,Central Warehouse 009,Central,554,58,79.38,108,1,2026-05-24T00:00:00+07:00
INV-002065,SKU-0065,Industrial Item 0065,Industrial,WH009,Central Warehouse 009,Central,217,39,2127.96,53,1,2026-05-24T00:00:00+07:00
INV-002066,SKU-0066,Electronics Item 0066,Electronics,WH009,Central Warehouse 009,Central,229,37,1423.02,70,1,2026-05-24T00:00:00+07:00
INV-002067,SKU-0067,Home Item 0067,Home,WH009,Central Warehouse 009,Central,124,21,1570.25,52,1,2026-05-24T00:00:00+07:00
INV-002068,SKU-0068,Grocery Item 0068,Grocery,WH009,Central Warehouse 009,Central,361,38,741.43,44,1,2026-05-24T00:00:00+07:00
INV-002069,SKU-0069,Fashion Item 0069,Fashion,WH009,Central Warehouse 009,Central,410,38,1784.85,115,1,2026-05-24T00:00:00+07:00
INV-002070,SKU-0070,Industrial Item 0070,Industrial,WH009,Central Warehouse 009,Central,242,36,1630.80,59,1,2026-05-24T00:00:00+07:00
INV-002071,SKU-0071,Electronics Item 0071,Electronics,WH009,Central Warehouse 009,Central,739,32,1451.61,83,1,2026-05-24T00:00:00+07:00
INV-002072,SKU-0072,Home Item 0072,Home,WH009,Central Warehouse 009,Central,715,78,639.27,26,1,2026-05-24T00:00:00+07:00
INV-002073,SKU-0073,Grocery Item 0073,Grocery,WH009,Central Warehouse 009,Central,281,47,1591.92,97,1,2026-05-24T00:00:00+07:00
INV-002074,SKU-0074,Fashion Item 0074,Fashion,WH009,Central Warehouse 009,Central,130,9,1636.08,91,1,2026-05-24T00:00:00+07:00
INV-002075,SKU-0075,Industrial Item 0075,Industrial,WH009,Central Warehouse 009,Central,663,26,1778.16,25,1,2026-05-24T00:00:00+07:00
INV-002076,SKU-0076,Electronics Item 0076,Electronics,WH009,Central Warehouse 009,Central,636,8,2303.81,107,1,2026-05-24T00:00:00+07:00
INV-002077,SKU-0077,Home Item 0077,Home,WH009,Central Warehouse 009,Central,640,43,972.96,105,1,2026-05-24T00:00:00+07:00
INV-002078,SKU-0078,Grocery Item 0078,Grocery,WH009,Central Warehouse 009,Central,795,62,978.65,40,1,2026-05-24T00:00:00+07:00
INV-002079,SKU-0079,Fashion Item 0079,Fashion,WH009,Central Warehouse 009,Central,512,55,1088.20,59,1,2026-05-24T00:00:00+07:00
INV-002080,SKU-0080,Industrial Item 0080,Industrial,WH009,Central Warehouse 009,Central,202,13,1501.58,112,1,2026-05-24T00:00:00+07:00
INV-002081,SKU-0081,Electronics Item 0081,Electronics,WH009,Central Warehouse 009,Central,366,56,857.57,89,1,2026-05-24T00:00:00+07:00
INV-002082,SKU-0082,Home Item 0082,Home,WH009,Central Warehouse 009,Central,592,7,1526.88,79,1,2026-05-24T00:00:00+07:00
INV-002083,SKU-0083,Grocery Item 0083,Grocery,WH009,Central Warehouse 009,Central,290,8,527.38,69,1,2026-05-24T00:00:00+07:00
INV-002084,SKU-0084,Fashion Item 0084,Fashion,WH009,Central Warehouse 009,Central,470,10,32.82,34,1,2026-05-24T00:00:00+07:00
INV-002085,SKU-0085,Industrial Item 0085,Industrial,WH009,Central Warehouse 009,Central,660,33,2126.24,36,1,2026-05-24T00:00:00+07:00
INV-002086,SKU-0086,Electronics Item 0086,Electronics,WH009,Central Warehouse 009,Central,125,13,472.39,40,1,2026-05-24T00:00:00+07:00
INV-002087,SKU-0087,Home Item 0087,Home,WH009,Central Warehouse 009,Central,667,13,1884.36,59,1,2026-05-24T00:00:00+07:00
INV-002088,SKU-0088,Grocery Item 0088,Grocery,WH009,Central Warehouse 009,Central,313,24,2151.00,72,1,2026-05-24T00:00:00+07:00
INV-002089,SKU-0089,Fashion Item 0089,Fashion,WH009,Central Warehouse 009,Central,335,5,252.64,41,1,2026-05-24T00:00:00+07:00
INV-002090,SKU-0090,Industrial Item 0090,Industrial,WH009,Central Warehouse 009,Central,693,32,1626.35,42,1,2026-05-24T00:00:00+07:00
INV-002091,SKU-0091,Electronics Item 0091,Electronics,WH009,Central Warehouse 009,Central,794,11,2392.88,64,1,2026-05-24T00:00:00+07:00
INV-002092,SKU-0092,Home Item 0092,Home,WH009,Central Warehouse 009,Central,393,2,2310.18,62,1,2026-05-24T00:00:00+07:00
INV-002093,SKU-0093,Grocery Item 0093,Grocery,WH009,Central Warehouse 009,Central,616,35,2478.08,115,1,2026-05-24T00:00:00+07:00
INV-002094,SKU-0094,Fashion Item 0094,Fashion,WH009,Central Warehouse 009,Central,127,22,521.17,79,1,2026-05-24T00:00:00+07:00
INV-002095,SKU-0095,Industrial Item 0095,Industrial,WH009,Central Warehouse 009,Central,231,52,1410.11,75,1,2026-05-24T00:00:00+07:00
INV-002096,SKU-0096,Electronics Item 0096,Electronics,WH009,Central Warehouse 009,Central,763,46,772.59,58,1,2026-05-24T00:00:00+07:00
INV-002097,SKU-0097,Home Item 0097,Home,WH009,Central Warehouse 009,Central,361,63,1049.33,106,1,2026-05-24T00:00:00+07:00
INV-002098,SKU-0098,Grocery Item 0098,Grocery,WH009,Central Warehouse 009,Central,118,7,793.86,109,1,2026-05-24T00:00:00+07:00
INV-002099,SKU-0099,Fashion Item 0099,Fashion,WH009,Central Warehouse 009,Central,252,39,967.94,112,1,2026-05-24T00:00:00+07:00
INV-002100,SKU-0100,Industrial Item 0100,Industrial,WH009,Central Warehouse 009,Central,116,5,728.94,49,1,2026-05-24T00:00:00+07:00
INV-002101,SKU-0101,Electronics Item 0101,Electronics,WH009,Central Warehouse 009,Central,592,39,1245.40,27,1,2026-05-24T00:00:00+07:00
INV-002102,SKU-0102,Home Item 0102,Home,WH009,Central Warehouse 009,Central,378,73,1111.98,30,1,2026-05-24T00:00:00+07:00
INV-002103,SKU-0103,Grocery Item 0103,Grocery,WH009,Central Warehouse 009,Central,581,56,347.19,76,1,2026-05-24T00:00:00+07:00
INV-002104,SKU-0104,Fashion Item 0104,Fashion,WH009,Central Warehouse 009,Central,92,17,1910.39,35,1,2026-05-24T00:00:00+07:00
INV-002105,SKU-0105,Industrial Item 0105,Industrial,WH009,Central Warehouse 009,Central,128,3,2128.30,75,1,2026-05-24T00:00:00+07:00
INV-002106,SKU-0106,Electronics Item 0106,Electronics,WH009,Central Warehouse 009,Central,355,41,1909.04,80,1,2026-05-24T00:00:00+07:00
INV-002107,SKU-0107,Home Item 0107,Home,WH009,Central Warehouse 009,Central,388,80,1158.73,87,1,2026-05-24T00:00:00+07:00
INV-002108,SKU-0108,Grocery Item 0108,Grocery,WH009,Central Warehouse 009,Central,758,46,793.93,73,1,2026-05-24T00:00:00+07:00
INV-002109,SKU-0109,Fashion Item 0109,Fashion,WH009,Central Warehouse 009,Central,445,44,33.93,84,1,2026-05-24T00:00:00+07:00
INV-002110,SKU-0110,Industrial Item 0110,Industrial,WH009,Central Warehouse 009,Central,788,59,1276.06,62,1,2026-05-24T00:00:00+07:00
INV-002111,SKU-0111,Electronics Item 0111,Electronics,WH009,Central Warehouse 009,Central,86,18,1306.36,78,1,2026-05-24T00:00:00+07:00
INV-002112,SKU-0112,Home Item 0112,Home,WH009,Central Warehouse 009,Central,223,35,927.41,44,1,2026-05-24T00:00:00+07:00
INV-002113,SKU-0113,Grocery Item 0113,Grocery,WH009,Central Warehouse 009,Central,355,68,850.34,115,1,2026-05-24T00:00:00+07:00
INV-002114,SKU-0114,Fashion Item 0114,Fashion,WH009,Central Warehouse 009,Central,610,35,1317.00,91,1,2026-05-24T00:00:00+07:00
INV-002115,SKU-0115,Industrial Item 0115,Industrial,WH009,Central Warehouse 009,Central,231,15,1239.43,111,1,2026-05-24T00:00:00+07:00
INV-002116,SKU-0116,Electronics Item 0116,Electronics,WH009,Central Warehouse 009,Central,514,66,974.72,36,1,2026-05-24T00:00:00+07:00
INV-002117,SKU-0117,Home Item 0117,Home,WH009,Central Warehouse 009,Central,559,32,2418.53,91,1,2026-05-24T00:00:00+07:00
INV-002118,SKU-0118,Grocery Item 0118,Grocery,WH009,Central Warehouse 009,Central,554,49,875.50,100,1,2026-05-24T00:00:00+07:00
INV-002119,SKU-0119,Fashion Item 0119,Fashion,WH009,Central Warehouse 009,Central,467,68,1821.03,112,1,2026-05-24T00:00:00+07:00
INV-002120,SKU-0120,Industrial Item 0120,Industrial,WH009,Central Warehouse 009,Central,518,4,2255.87,89,1,2026-05-24T00:00:00+07:00
INV-002121,SKU-0121,Electronics Item 0121,Electronics,WH009,Central Warehouse 009,Central,570,13,448.81,92,1,2026-05-24T00:00:00+07:00
INV-002122,SKU-0122,Home Item 0122,Home,WH009,Central Warehouse 009,Central,344,32,944.90,103,1,2026-05-24T00:00:00+07:00
INV-002123,SKU-0123,Grocery Item 0123,Grocery,WH009,Central Warehouse 009,Central,312,57,1801.14,32,1,2026-05-24T00:00:00+07:00
INV-002124,SKU-0124,Fashion Item 0124,Fashion,WH009,Central Warehouse 009,Central,677,20,86.19,37,1,2026-05-24T00:00:00+07:00
INV-002125,SKU-0125,Industrial Item 0125,Industrial,WH009,Central Warehouse 009,Central,365,80,1148.91,30,1,2026-05-24T00:00:00+07:00
INV-002126,SKU-0126,Electronics Item 0126,Electronics,WH009,Central Warehouse 009,Central,180,5,632.52,80,1,2026-05-24T00:00:00+07:00
INV-002127,SKU-0127,Home Item 0127,Home,WH009,Central Warehouse 009,Central,573,27,1938.94,73,1,2026-05-24T00:00:00+07:00
INV-002128,SKU-0128,Grocery Item 0128,Grocery,WH009,Central Warehouse 009,Central,765,64,331.31,98,1,2026-05-24T00:00:00+07:00
INV-002129,SKU-0129,Fashion Item 0129,Fashion,WH009,Central Warehouse 009,Central,746,35,955.39,66,1,2026-05-24T00:00:00+07:00
INV-002130,SKU-0130,Industrial Item 0130,Industrial,WH009,Central Warehouse 009,Central,100,4,1971.91,40,1,2026-05-24T00:00:00+07:00
INV-002131,SKU-0131,Electronics Item 0131,Electronics,WH009,Central Warehouse 009,Central,578,21,288.46,46,1,2026-05-24T00:00:00+07:00
INV-002132,SKU-0132,Home Item 0132,Home,WH009,Central Warehouse 009,Central,243,59,1068.97,76,1,2026-05-24T00:00:00+07:00
INV-002133,SKU-0133,Grocery Item 0133,Grocery,WH009,Central Warehouse 009,Central,688,34,690.23,72,1,2026-05-24T00:00:00+07:00
INV-002134,SKU-0134,Fashion Item 0134,Fashion,WH009,Central Warehouse 009,Central,323,58,2136.28,57,1,2026-05-24T00:00:00+07:00
INV-002135,SKU-0135,Industrial Item 0135,Industrial,WH009,Central Warehouse 009,Central,366,60,1406.20,101,1,2026-05-24T00:00:00+07:00
INV-002136,SKU-0136,Electronics Item 0136,Electronics,WH009,Central Warehouse 009,Central,165,2,767.01,87,1,2026-05-24T00:00:00+07:00
INV-002137,SKU-0137,Home Item 0137,Home,WH009,Central Warehouse 009,Central,477,56,555.13,117,1,2026-05-24T00:00:00+07:00
INV-002138,SKU-0138,Grocery Item 0138,Grocery,WH009,Central Warehouse 009,Central,348,48,1336.19,44,1,2026-05-24T00:00:00+07:00
INV-002139,SKU-0139,Fashion Item 0139,Fashion,WH009,Central Warehouse 009,Central,418,44,2121.12,111,1,2026-05-24T00:00:00+07:00
INV-002140,SKU-0140,Industrial Item 0140,Industrial,WH009,Central Warehouse 009,Central,470,36,1659.20,44,1,2026-05-24T00:00:00+07:00
INV-002141,SKU-0141,Electronics Item 0141,Electronics,WH009,Central Warehouse 009,Central,227,34,1449.61,51,1,2026-05-24T00:00:00+07:00
INV-002142,SKU-0142,Home Item 0142,Home,WH009,Central Warehouse 009,Central,211,47,1400.83,47,1,2026-05-24T00:00:00+07:00
INV-002143,SKU-0143,Grocery Item 0143,Grocery,WH009,Central Warehouse 009,Central,226,41,1710.42,65,1,2026-05-24T00:00:00+07:00
INV-002144,SKU-0144,Fashion Item 0144,Fashion,WH009,Central Warehouse 009,Central,438,52,1412.83,84,1,2026-05-24T00:00:00+07:00
INV-002145,SKU-0145,Industrial Item 0145,Industrial,WH009,Central Warehouse 009,Central,510,76,46.68,67,1,2026-05-24T00:00:00+07:00
INV-002146,SKU-0146,Electronics Item 0146,Electronics,WH009,Central Warehouse 009,Central,445,71,2219.28,55,1,2026-05-24T00:00:00+07:00
INV-002147,SKU-0147,Home Item 0147,Home,WH009,Central Warehouse 009,Central,168,41,1810.85,112,1,2026-05-24T00:00:00+07:00
INV-002148,SKU-0148,Grocery Item 0148,Grocery,WH009,Central Warehouse 009,Central,391,27,423.42,38,1,2026-05-24T00:00:00+07:00
INV-002149,SKU-0149,Fashion Item 0149,Fashion,WH009,Central Warehouse 009,Central,302,57,2406.80,115,1,2026-05-24T00:00:00+07:00
INV-002150,SKU-0150,Industrial Item 0150,Industrial,WH009,Central Warehouse 009,Central,263,54,1021.67,28,1,2026-05-24T00:00:00+07:00
INV-002151,SKU-0151,Electronics Item 0151,Electronics,WH009,Central Warehouse 009,Central,181,22,2351.31,84,1,2026-05-24T00:00:00+07:00
INV-002152,SKU-0152,Home Item 0152,Home,WH009,Central Warehouse 009,Central,498,59,1909.13,75,1,2026-05-24T00:00:00+07:00
INV-002153,SKU-0153,Grocery Item 0153,Grocery,WH009,Central Warehouse 009,Central,716,20,2113.02,59,1,2026-05-24T00:00:00+07:00
INV-002154,SKU-0154,Fashion Item 0154,Fashion,WH009,Central Warehouse 009,Central,617,62,224.27,77,1,2026-05-24T00:00:00+07:00
INV-002155,SKU-0155,Industrial Item 0155,Industrial,WH009,Central Warehouse 009,Central,515,6,2318.73,101,1,2026-05-24T00:00:00+07:00
INV-002156,SKU-0156,Electronics Item 0156,Electronics,WH009,Central Warehouse 009,Central,263,37,1353.77,91,1,2026-05-24T00:00:00+07:00
INV-002157,SKU-0157,Home Item 0157,Home,WH009,Central Warehouse 009,Central,633,11,1419.84,53,1,2026-05-24T00:00:00+07:00
INV-002158,SKU-0158,Grocery Item 0158,Grocery,WH009,Central Warehouse 009,Central,700,68,1853.95,67,1,2026-05-24T00:00:00+07:00
INV-002159,SKU-0159,Fashion Item 0159,Fashion,WH009,Central Warehouse 009,Central,251,55,1569.53,27,1,2026-05-24T00:00:00+07:00
INV-002160,SKU-0160,Industrial Item 0160,Industrial,WH009,Central Warehouse 009,Central,700,66,1582.46,98,1,2026-05-24T00:00:00+07:00
INV-002161,SKU-0161,Electronics Item 0161,Electronics,WH009,Central Warehouse 009,Central,511,61,1966.57,68,1,2026-05-24T00:00:00+07:00
INV-002162,SKU-0162,Home Item 0162,Home,WH009,Central Warehouse 009,Central,708,60,547.85,58,1,2026-05-24T00:00:00+07:00
INV-002163,SKU-0163,Grocery Item 0163,Grocery,WH009,Central Warehouse 009,Central,552,20,1649.23,88,1,2026-05-24T00:00:00+07:00
INV-002164,SKU-0164,Fashion Item 0164,Fashion,WH009,Central Warehouse 009,Central,210,27,553.44,112,1,2026-05-24T00:00:00+07:00
INV-002165,SKU-0165,Industrial Item 0165,Industrial,WH009,Central Warehouse 009,Central,666,54,1084.15,75,1,2026-05-24T00:00:00+07:00
INV-002166,SKU-0166,Electronics Item 0166,Electronics,WH009,Central Warehouse 009,Central,343,70,828.16,75,1,2026-05-24T00:00:00+07:00
INV-002167,SKU-0167,Home Item 0167,Home,WH009,Central Warehouse 009,Central,573,12,1360.12,53,1,2026-05-24T00:00:00+07:00
INV-002168,SKU-0168,Grocery Item 0168,Grocery,WH009,Central Warehouse 009,Central,184,2,1340.74,93,1,2026-05-24T00:00:00+07:00
INV-002169,SKU-0169,Fashion Item 0169,Fashion,WH009,Central Warehouse 009,Central,329,28,124.31,73,1,2026-05-24T00:00:00+07:00
INV-002170,SKU-0170,Industrial Item 0170,Industrial,WH009,Central Warehouse 009,Central,130,16,2054.65,39,1,2026-05-24T00:00:00+07:00
INV-002171,SKU-0171,Electronics Item 0171,Electronics,WH009,Central Warehouse 009,Central,344,27,158.62,37,1,2026-05-24T00:00:00+07:00
INV-002172,SKU-0172,Home Item 0172,Home,WH009,Central Warehouse 009,Central,289,56,1928.01,92,1,2026-05-24T00:00:00+07:00
INV-002173,SKU-0173,Grocery Item 0173,Grocery,WH009,Central Warehouse 009,Central,330,58,498.67,105,1,2026-05-24T00:00:00+07:00
INV-002174,SKU-0174,Fashion Item 0174,Fashion,WH009,Central Warehouse 009,Central,163,8,755.84,118,1,2026-05-24T00:00:00+07:00
INV-002175,SKU-0175,Industrial Item 0175,Industrial,WH009,Central Warehouse 009,Central,246,14,512.52,58,1,2026-05-24T00:00:00+07:00
INV-002176,SKU-0176,Electronics Item 0176,Electronics,WH009,Central Warehouse 009,Central,513,70,200.86,43,1,2026-05-24T00:00:00+07:00
INV-002177,SKU-0177,Home Item 0177,Home,WH009,Central Warehouse 009,Central,639,22,1626.74,30,1,2026-05-24T00:00:00+07:00
INV-002178,SKU-0178,Grocery Item 0178,Grocery,WH009,Central Warehouse 009,Central,691,65,1914.75,109,1,2026-05-24T00:00:00+07:00
INV-002179,SKU-0179,Fashion Item 0179,Fashion,WH009,Central Warehouse 009,Central,565,32,595.80,94,1,2026-05-24T00:00:00+07:00
INV-002180,SKU-0180,Industrial Item 0180,Industrial,WH009,Central Warehouse 009,Central,733,14,2006.25,49,1,2026-05-24T00:00:00+07:00
INV-002181,SKU-0181,Electronics Item 0181,Electronics,WH009,Central Warehouse 009,Central,632,13,2250.74,113,1,2026-05-24T00:00:00+07:00
INV-002182,SKU-0182,Home Item 0182,Home,WH009,Central Warehouse 009,Central,462,59,417.32,58,1,2026-05-24T00:00:00+07:00
INV-002183,SKU-0183,Grocery Item 0183,Grocery,WH009,Central Warehouse 009,Central,757,70,1648.75,84,1,2026-05-24T00:00:00+07:00
INV-002184,SKU-0184,Fashion Item 0184,Fashion,WH009,Central Warehouse 009,Central,382,14,686.54,37,1,2026-05-24T00:00:00+07:00
INV-002185,SKU-0185,Industrial Item 0185,Industrial,WH009,Central Warehouse 009,Central,737,51,1936.41,33,1,2026-05-24T00:00:00+07:00
INV-002186,SKU-0186,Electronics Item 0186,Electronics,WH009,Central Warehouse 009,Central,372,48,1553.20,78,1,2026-05-24T00:00:00+07:00
INV-002187,SKU-0187,Home Item 0187,Home,WH009,Central Warehouse 009,Central,637,46,532.98,53,1,2026-05-24T00:00:00+07:00
INV-002188,SKU-0188,Grocery Item 0188,Grocery,WH009,Central Warehouse 009,Central,528,43,1089.12,36,1,2026-05-24T00:00:00+07:00
INV-002189,SKU-0189,Fashion Item 0189,Fashion,WH009,Central Warehouse 009,Central,788,48,7.80,63,1,2026-05-24T00:00:00+07:00
INV-002190,SKU-0190,Industrial Item 0190,Industrial,WH009,Central Warehouse 009,Central,590,28,816.94,113,1,2026-05-24T00:00:00+07:00
INV-002191,SKU-0191,Electronics Item 0191,Electronics,WH009,Central Warehouse 009,Central,404,7,1160.06,99,1,2026-05-24T00:00:00+07:00
INV-002192,SKU-0192,Home Item 0192,Home,WH009,Central Warehouse 009,Central,232,52,2268.73,34,1,2026-05-24T00:00:00+07:00
INV-002193,SKU-0193,Grocery Item 0193,Grocery,WH009,Central Warehouse 009,Central,449,64,1218.89,70,1,2026-05-24T00:00:00+07:00
INV-002194,SKU-0194,Fashion Item 0194,Fashion,WH009,Central Warehouse 009,Central,453,39,2277.38,69,1,2026-05-24T00:00:00+07:00
INV-002195,SKU-0195,Industrial Item 0195,Industrial,WH009,Central Warehouse 009,Central,659,62,649.38,77,1,2026-05-24T00:00:00+07:00
INV-002196,SKU-0196,Electronics Item 0196,Electronics,WH009,Central Warehouse 009,Central,107,4,1144.69,96,1,2026-05-24T00:00:00+07:00
INV-002197,SKU-0197,Home Item 0197,Home,WH009,Central Warehouse 009,Central,274,63,1940.13,69,1,2026-05-24T00:00:00+07:00
INV-002198,SKU-0198,Grocery Item 0198,Grocery,WH009,Central Warehouse 009,Central,528,4,1905.71,62,1,2026-05-24T00:00:00+07:00
INV-002199,SKU-0199,Fashion Item 0199,Fashion,WH009,Central Warehouse 009,Central,140,31,1292.48,39,1,2026-05-24T00:00:00+07:00
INV-002200,SKU-0200,Industrial Item 0200,Industrial,WH009,Central Warehouse 009,Central,596,4,1293.23,91,1,2026-05-24T00:00:00+07:00
INV-002201,SKU-0201,Electronics Item 0201,Electronics,WH009,Central Warehouse 009,Central,508,13,2115.73,61,1,2026-05-24T00:00:00+07:00
INV-002202,SKU-0202,Home Item 0202,Home,WH009,Central Warehouse 009,Central,421,1,1884.12,84,1,2026-05-24T00:00:00+07:00
INV-002203,SKU-0203,Grocery Item 0203,Grocery,WH009,Central Warehouse 009,Central,712,5,1328.03,104,1,2026-05-24T00:00:00+07:00
INV-002204,SKU-0204,Fashion Item 0204,Fashion,WH009,Central Warehouse 009,Central,797,61,232.09,57,1,2026-05-24T00:00:00+07:00
INV-002205,SKU-0205,Industrial Item 0205,Industrial,WH009,Central Warehouse 009,Central,353,57,1337.12,66,1,2026-05-24T00:00:00+07:00
INV-002206,SKU-0206,Electronics Item 0206,Electronics,WH009,Central Warehouse 009,Central,219,27,2353.05,65,1,2026-05-24T00:00:00+07:00
INV-002207,SKU-0207,Home Item 0207,Home,WH009,Central Warehouse 009,Central,531,59,175.16,37,1,2026-05-24T00:00:00+07:00
INV-002208,SKU-0208,Grocery Item 0208,Grocery,WH009,Central Warehouse 009,Central,544,27,816.17,48,1,2026-05-24T00:00:00+07:00
INV-002209,SKU-0209,Fashion Item 0209,Fashion,WH009,Central Warehouse 009,Central,494,60,199.09,47,1,2026-05-24T00:00:00+07:00
INV-002210,SKU-0210,Industrial Item 0210,Industrial,WH009,Central Warehouse 009,Central,214,17,2498.41,95,1,2026-05-24T00:00:00+07:00
INV-002211,SKU-0211,Electronics Item 0211,Electronics,WH009,Central Warehouse 009,Central,555,67,2354.08,40,1,2026-05-24T00:00:00+07:00
INV-002212,SKU-0212,Home Item 0212,Home,WH009,Central Warehouse 009,Central,272,21,1627.19,51,1,2026-05-24T00:00:00+07:00
INV-002213,SKU-0213,Grocery Item 0213,Grocery,WH009,Central Warehouse 009,Central,797,23,1796.25,72,1,2026-05-24T00:00:00+07:00
INV-002214,SKU-0214,Fashion Item 0214,Fashion,WH009,Central Warehouse 009,Central,701,68,768.34,118,1,2026-05-24T00:00:00+07:00
INV-002215,SKU-0215,Industrial Item 0215,Industrial,WH009,Central Warehouse 009,Central,746,25,1272.36,44,1,2026-05-24T00:00:00+07:00
INV-002216,SKU-0216,Electronics Item 0216,Electronics,WH009,Central Warehouse 009,Central,776,66,1375.03,76,1,2026-05-24T00:00:00+07:00
INV-002217,SKU-0217,Home Item 0217,Home,WH009,Central Warehouse 009,Central,294,22,1784.99,117,1,2026-05-24T00:00:00+07:00
INV-002218,SKU-0218,Grocery Item 0218,Grocery,WH009,Central Warehouse 009,Central,764,16,2314.49,81,1,2026-05-24T00:00:00+07:00
INV-002219,SKU-0219,Fashion Item 0219,Fashion,WH009,Central Warehouse 009,Central,353,17,1509.79,68,1,2026-05-24T00:00:00+07:00
INV-002220,SKU-0220,Industrial Item 0220,Industrial,WH009,Central Warehouse 009,Central,282,54,2009.77,65,1,2026-05-24T00:00:00+07:00
INV-002221,SKU-0221,Electronics Item 0221,Electronics,WH009,Central Warehouse 009,Central,82,12,179.26,56,1,2026-05-24T00:00:00+07:00
INV-002222,SKU-0222,Home Item 0222,Home,WH009,Central Warehouse 009,Central,577,29,2130.74,96,1,2026-05-24T00:00:00+07:00
INV-002223,SKU-0223,Grocery Item 0223,Grocery,WH009,Central Warehouse 009,Central,279,22,1834.98,75,1,2026-05-24T00:00:00+07:00
INV-002224,SKU-0224,Fashion Item 0224,Fashion,WH009,Central Warehouse 009,Central,564,16,2100.14,92,1,2026-05-24T00:00:00+07:00
INV-002225,SKU-0225,Industrial Item 0225,Industrial,WH009,Central Warehouse 009,Central,746,33,276.57,52,1,2026-05-24T00:00:00+07:00
INV-002226,SKU-0226,Electronics Item 0226,Electronics,WH009,Central Warehouse 009,Central,541,73,482.76,57,1,2026-05-24T00:00:00+07:00
INV-002227,SKU-0227,Home Item 0227,Home,WH009,Central Warehouse 009,Central,454,26,1960.78,118,1,2026-05-24T00:00:00+07:00
INV-002228,SKU-0228,Grocery Item 0228,Grocery,WH009,Central Warehouse 009,Central,495,4,2195.00,103,1,2026-05-24T00:00:00+07:00
INV-002229,SKU-0229,Fashion Item 0229,Fashion,WH009,Central Warehouse 009,Central,148,20,2111.39,31,1,2026-05-24T00:00:00+07:00
INV-002230,SKU-0230,Industrial Item 0230,Industrial,WH009,Central Warehouse 009,Central,587,61,157.96,81,1,2026-05-24T00:00:00+07:00
INV-002231,SKU-0231,Electronics Item 0231,Electronics,WH009,Central Warehouse 009,Central,149,31,2100.45,117,1,2026-05-24T00:00:00+07:00
INV-002232,SKU-0232,Home Item 0232,Home,WH009,Central Warehouse 009,Central,621,26,2440.93,85,1,2026-05-24T00:00:00+07:00
INV-002233,SKU-0233,Grocery Item 0233,Grocery,WH009,Central Warehouse 009,Central,234,45,580.22,93,1,2026-05-24T00:00:00+07:00
INV-002234,SKU-0234,Fashion Item 0234,Fashion,WH009,Central Warehouse 009,Central,407,61,97.78,67,1,2026-05-24T00:00:00+07:00
INV-002235,SKU-0235,Industrial Item 0235,Industrial,WH009,Central Warehouse 009,Central,586,8,70.38,85,1,2026-05-24T00:00:00+07:00
INV-002236,SKU-0236,Electronics Item 0236,Electronics,WH009,Central Warehouse 009,Central,585,79,2336.94,103,1,2026-05-24T00:00:00+07:00
INV-002237,SKU-0237,Home Item 0237,Home,WH009,Central Warehouse 009,Central,132,8,312.50,55,1,2026-05-24T00:00:00+07:00
INV-002238,SKU-0238,Grocery Item 0238,Grocery,WH009,Central Warehouse 009,Central,132,31,751.45,57,1,2026-05-24T00:00:00+07:00
INV-002239,SKU-0239,Fashion Item 0239,Fashion,WH009,Central Warehouse 009,Central,181,34,804.45,99,1,2026-05-24T00:00:00+07:00
INV-002240,SKU-0240,Industrial Item 0240,Industrial,WH009,Central Warehouse 009,Central,443,70,1642.82,86,1,2026-05-24T00:00:00+07:00
INV-002241,SKU-0241,Electronics Item 0241,Electronics,WH009,Central Warehouse 009,Central,542,22,2184.13,100,1,2026-05-24T00:00:00+07:00
INV-002242,SKU-0242,Home Item 0242,Home,WH009,Central Warehouse 009,Central,296,25,1101.12,38,1,2026-05-24T00:00:00+07:00
INV-002243,SKU-0243,Grocery Item 0243,Grocery,WH009,Central Warehouse 009,Central,135,1,2187.52,42,1,2026-05-24T00:00:00+07:00
INV-002244,SKU-0244,Fashion Item 0244,Fashion,WH009,Central Warehouse 009,Central,201,6,2461.04,69,1,2026-05-24T00:00:00+07:00
INV-002245,SKU-0245,Industrial Item 0245,Industrial,WH009,Central Warehouse 009,Central,216,31,2051.01,30,1,2026-05-24T00:00:00+07:00
INV-002246,SKU-0246,Electronics Item 0246,Electronics,WH009,Central Warehouse 009,Central,446,57,2342.80,61,1,2026-05-24T00:00:00+07:00
INV-002247,SKU-0247,Home Item 0247,Home,WH009,Central Warehouse 009,Central,765,69,894.72,39,1,2026-05-24T00:00:00+07:00
INV-002248,SKU-0248,Grocery Item 0248,Grocery,WH009,Central Warehouse 009,Central,430,76,1098.86,28,1,2026-05-24T00:00:00+07:00
INV-002249,SKU-0249,Fashion Item 0249,Fashion,WH009,Central Warehouse 009,Central,204,1,720.91,114,1,2026-05-24T00:00:00+07:00
INV-002250,SKU-0250,Industrial Item 0250,Industrial,WH009,Central Warehouse 009,Central,741,5,587.68,51,1,2026-05-24T00:00:00+07:00
INV-002251,SKU-0001,Home Item 0001,Home,WH010,Central Warehouse 010,Central,570,13,1711.24,39,1,2026-05-24T00:00:00+07:00
INV-002252,SKU-0002,Grocery Item 0002,Grocery,WH010,Central Warehouse 010,Central,747,12,1830.90,97,1,2026-05-24T00:00:00+07:00
INV-002253,SKU-0003,Fashion Item 0003,Fashion,WH010,Central Warehouse 010,Central,215,10,69.47,67,1,2026-05-24T00:00:00+07:00
INV-002254,SKU-0004,Industrial Item 0004,Industrial,WH010,Central Warehouse 010,Central,667,59,358.23,29,1,2026-05-24T00:00:00+07:00
INV-002255,SKU-0005,Electronics Item 0005,Electronics,WH010,Central Warehouse 010,Central,353,31,389.47,50,1,2026-05-24T00:00:00+07:00
INV-002256,SKU-0006,Home Item 0006,Home,WH010,Central Warehouse 010,Central,221,22,1024.09,105,1,2026-05-24T00:00:00+07:00
INV-002257,SKU-0007,Grocery Item 0007,Grocery,WH010,Central Warehouse 010,Central,391,33,1471.28,74,1,2026-05-24T00:00:00+07:00
INV-002258,SKU-0008,Fashion Item 0008,Fashion,WH010,Central Warehouse 010,Central,242,32,539.26,73,1,2026-05-24T00:00:00+07:00
INV-002259,SKU-0009,Industrial Item 0009,Industrial,WH010,Central Warehouse 010,Central,643,46,1043.90,42,1,2026-05-24T00:00:00+07:00
INV-002260,SKU-0010,Electronics Item 0010,Electronics,WH010,Central Warehouse 010,Central,761,79,289.99,58,1,2026-05-24T00:00:00+07:00
INV-002261,SKU-0011,Home Item 0011,Home,WH010,Central Warehouse 010,Central,697,24,1417.60,111,1,2026-05-24T00:00:00+07:00
INV-002262,SKU-0012,Grocery Item 0012,Grocery,WH010,Central Warehouse 010,Central,227,0,683.67,76,1,2026-05-24T00:00:00+07:00
INV-002263,SKU-0013,Fashion Item 0013,Fashion,WH010,Central Warehouse 010,Central,541,73,595.78,53,1,2026-05-24T00:00:00+07:00
INV-002264,SKU-0014,Industrial Item 0014,Industrial,WH010,Central Warehouse 010,Central,183,31,665.18,27,1,2026-05-24T00:00:00+07:00
INV-002265,SKU-0015,Electronics Item 0015,Electronics,WH010,Central Warehouse 010,Central,213,37,2245.57,65,1,2026-05-24T00:00:00+07:00
INV-002266,SKU-0016,Home Item 0016,Home,WH010,Central Warehouse 010,Central,454,63,2076.01,83,1,2026-05-24T00:00:00+07:00
INV-002267,SKU-0017,Grocery Item 0017,Grocery,WH010,Central Warehouse 010,Central,335,41,2289.46,86,1,2026-05-24T00:00:00+07:00
INV-002268,SKU-0018,Fashion Item 0018,Fashion,WH010,Central Warehouse 010,Central,276,43,1128.64,110,1,2026-05-24T00:00:00+07:00
INV-002269,SKU-0019,Industrial Item 0019,Industrial,WH010,Central Warehouse 010,Central,410,5,1859.26,107,1,2026-05-24T00:00:00+07:00
INV-002270,SKU-0020,Electronics Item 0020,Electronics,WH010,Central Warehouse 010,Central,745,64,306.98,28,1,2026-05-24T00:00:00+07:00
INV-002271,SKU-0021,Home Item 0021,Home,WH010,Central Warehouse 010,Central,509,13,1164.58,96,1,2026-05-24T00:00:00+07:00
INV-002272,SKU-0022,Grocery Item 0022,Grocery,WH010,Central Warehouse 010,Central,547,10,986.41,90,1,2026-05-24T00:00:00+07:00
INV-002273,SKU-0023,Fashion Item 0023,Fashion,WH010,Central Warehouse 010,Central,192,40,1810.35,76,1,2026-05-24T00:00:00+07:00
INV-002274,SKU-0024,Industrial Item 0024,Industrial,WH010,Central Warehouse 010,Central,225,28,680.42,109,1,2026-05-24T00:00:00+07:00
INV-002275,SKU-0025,Electronics Item 0025,Electronics,WH010,Central Warehouse 010,Central,705,19,1434.07,27,1,2026-05-24T00:00:00+07:00
INV-002276,SKU-0026,Home Item 0026,Home,WH010,Central Warehouse 010,Central,780,13,2418.43,85,1,2026-05-24T00:00:00+07:00
INV-002277,SKU-0027,Grocery Item 0027,Grocery,WH010,Central Warehouse 010,Central,361,13,1514.82,45,1,2026-05-24T00:00:00+07:00
INV-002278,SKU-0028,Fashion Item 0028,Fashion,WH010,Central Warehouse 010,Central,125,6,2290.99,32,1,2026-05-24T00:00:00+07:00
INV-002279,SKU-0029,Industrial Item 0029,Industrial,WH010,Central Warehouse 010,Central,382,64,2032.43,35,1,2026-05-24T00:00:00+07:00
INV-002280,SKU-0030,Electronics Item 0030,Electronics,WH010,Central Warehouse 010,Central,643,7,1192.11,58,1,2026-05-24T00:00:00+07:00
INV-002281,SKU-0031,Home Item 0031,Home,WH010,Central Warehouse 010,Central,665,7,675.63,65,1,2026-05-24T00:00:00+07:00
INV-002282,SKU-0032,Grocery Item 0032,Grocery,WH010,Central Warehouse 010,Central,289,30,1978.44,62,1,2026-05-24T00:00:00+07:00
INV-002283,SKU-0033,Fashion Item 0033,Fashion,WH010,Central Warehouse 010,Central,248,1,748.49,68,1,2026-05-24T00:00:00+07:00
INV-002284,SKU-0034,Industrial Item 0034,Industrial,WH010,Central Warehouse 010,Central,85,17,1635.84,105,1,2026-05-24T00:00:00+07:00
INV-002285,SKU-0035,Electronics Item 0035,Electronics,WH010,Central Warehouse 010,Central,726,58,735.66,51,1,2026-05-24T00:00:00+07:00
INV-002286,SKU-0036,Home Item 0036,Home,WH010,Central Warehouse 010,Central,176,0,1674.72,109,1,2026-05-24T00:00:00+07:00
INV-002287,SKU-0037,Grocery Item 0037,Grocery,WH010,Central Warehouse 010,Central,787,49,2474.45,65,1,2026-05-24T00:00:00+07:00
INV-002288,SKU-0038,Fashion Item 0038,Fashion,WH010,Central Warehouse 010,Central,597,19,1499.35,69,1,2026-05-24T00:00:00+07:00
INV-002289,SKU-0039,Industrial Item 0039,Industrial,WH010,Central Warehouse 010,Central,423,53,36.05,44,1,2026-05-24T00:00:00+07:00
INV-002290,SKU-0040,Electronics Item 0040,Electronics,WH010,Central Warehouse 010,Central,512,3,1385.91,46,1,2026-05-24T00:00:00+07:00
INV-002291,SKU-0041,Home Item 0041,Home,WH010,Central Warehouse 010,Central,371,40,1430.62,99,1,2026-05-24T00:00:00+07:00
INV-002292,SKU-0042,Grocery Item 0042,Grocery,WH010,Central Warehouse 010,Central,303,24,1035.78,102,1,2026-05-24T00:00:00+07:00
INV-002293,SKU-0043,Fashion Item 0043,Fashion,WH010,Central Warehouse 010,Central,728,64,181.25,59,1,2026-05-24T00:00:00+07:00
INV-002294,SKU-0044,Industrial Item 0044,Industrial,WH010,Central Warehouse 010,Central,601,60,1298.23,60,1,2026-05-24T00:00:00+07:00
INV-002295,SKU-0045,Electronics Item 0045,Electronics,WH010,Central Warehouse 010,Central,165,23,1137.23,58,1,2026-05-24T00:00:00+07:00
INV-002296,SKU-0046,Home Item 0046,Home,WH010,Central Warehouse 010,Central,487,4,58.16,92,1,2026-05-24T00:00:00+07:00
INV-002297,SKU-0047,Grocery Item 0047,Grocery,WH010,Central Warehouse 010,Central,677,79,645.40,25,1,2026-05-24T00:00:00+07:00
INV-002298,SKU-0048,Fashion Item 0048,Fashion,WH010,Central Warehouse 010,Central,658,52,527.00,37,1,2026-05-24T00:00:00+07:00
INV-002299,SKU-0049,Industrial Item 0049,Industrial,WH010,Central Warehouse 010,Central,458,39,1006.37,41,1,2026-05-24T00:00:00+07:00
INV-002300,SKU-0050,Electronics Item 0050,Electronics,WH010,Central Warehouse 010,Central,449,40,2386.26,113,1,2026-05-24T00:00:00+07:00
INV-002301,SKU-0051,Home Item 0051,Home,WH010,Central Warehouse 010,Central,768,51,581.41,68,1,2026-05-24T00:00:00+07:00
INV-002302,SKU-0052,Grocery Item 0052,Grocery,WH010,Central Warehouse 010,Central,452,17,1267.05,107,1,2026-05-24T00:00:00+07:00
INV-002303,SKU-0053,Fashion Item 0053,Fashion,WH010,Central Warehouse 010,Central,118,10,333.93,109,1,2026-05-24T00:00:00+07:00
INV-002304,SKU-0054,Industrial Item 0054,Industrial,WH010,Central Warehouse 010,Central,742,80,1521.19,77,1,2026-05-24T00:00:00+07:00
INV-002305,SKU-0055,Electronics Item 0055,Electronics,WH010,Central Warehouse 010,Central,172,42,1120.47,82,1,2026-05-24T00:00:00+07:00
INV-002306,SKU-0056,Home Item 0056,Home,WH010,Central Warehouse 010,Central,463,61,1699.06,54,1,2026-05-24T00:00:00+07:00
INV-002307,SKU-0057,Grocery Item 0057,Grocery,WH010,Central Warehouse 010,Central,548,59,1764.50,117,1,2026-05-24T00:00:00+07:00
INV-002308,SKU-0058,Fashion Item 0058,Fashion,WH010,Central Warehouse 010,Central,785,33,1652.18,80,1,2026-05-24T00:00:00+07:00
INV-002309,SKU-0059,Industrial Item 0059,Industrial,WH010,Central Warehouse 010,Central,174,19,1345.35,49,1,2026-05-24T00:00:00+07:00
INV-002310,SKU-0060,Electronics Item 0060,Electronics,WH010,Central Warehouse 010,Central,261,22,1572.19,75,1,2026-05-24T00:00:00+07:00
INV-002311,SKU-0061,Home Item 0061,Home,WH010,Central Warehouse 010,Central,141,15,1229.78,79,1,2026-05-24T00:00:00+07:00
INV-002312,SKU-0062,Grocery Item 0062,Grocery,WH010,Central Warehouse 010,Central,84,8,2251.88,103,1,2026-05-24T00:00:00+07:00
INV-002313,SKU-0063,Fashion Item 0063,Fashion,WH010,Central Warehouse 010,Central,360,9,820.23,109,1,2026-05-24T00:00:00+07:00
INV-002314,SKU-0064,Industrial Item 0064,Industrial,WH010,Central Warehouse 010,Central,450,44,14.17,34,1,2026-05-24T00:00:00+07:00
INV-002315,SKU-0065,Electronics Item 0065,Electronics,WH010,Central Warehouse 010,Central,630,72,1899.20,97,1,2026-05-24T00:00:00+07:00
INV-002316,SKU-0066,Home Item 0066,Home,WH010,Central Warehouse 010,Central,717,46,637.57,86,1,2026-05-24T00:00:00+07:00
INV-002317,SKU-0067,Grocery Item 0067,Grocery,WH010,Central Warehouse 010,Central,364,44,984.90,86,1,2026-05-24T00:00:00+07:00
INV-002318,SKU-0068,Fashion Item 0068,Fashion,WH010,Central Warehouse 010,Central,392,74,2005.98,51,1,2026-05-24T00:00:00+07:00
INV-002319,SKU-0069,Industrial Item 0069,Industrial,WH010,Central Warehouse 010,Central,771,44,1000.17,67,1,2026-05-24T00:00:00+07:00
INV-002320,SKU-0070,Electronics Item 0070,Electronics,WH010,Central Warehouse 010,Central,658,50,1226.07,89,1,2026-05-24T00:00:00+07:00
INV-002321,SKU-0071,Home Item 0071,Home,WH010,Central Warehouse 010,Central,309,50,1534.76,43,1,2026-05-24T00:00:00+07:00
INV-002322,SKU-0072,Grocery Item 0072,Grocery,WH010,Central Warehouse 010,Central,458,52,595.99,31,1,2026-05-24T00:00:00+07:00
INV-002323,SKU-0073,Fashion Item 0073,Fashion,WH010,Central Warehouse 010,Central,487,73,268.95,102,1,2026-05-24T00:00:00+07:00
INV-002324,SKU-0074,Industrial Item 0074,Industrial,WH010,Central Warehouse 010,Central,546,69,1545.30,118,1,2026-05-24T00:00:00+07:00
INV-002325,SKU-0075,Electronics Item 0075,Electronics,WH010,Central Warehouse 010,Central,589,65,243.69,39,1,2026-05-24T00:00:00+07:00
INV-002326,SKU-0076,Home Item 0076,Home,WH010,Central Warehouse 010,Central,513,39,1272.12,106,1,2026-05-24T00:00:00+07:00
INV-002327,SKU-0077,Grocery Item 0077,Grocery,WH010,Central Warehouse 010,Central,282,48,1686.14,114,1,2026-05-24T00:00:00+07:00
INV-002328,SKU-0078,Fashion Item 0078,Fashion,WH010,Central Warehouse 010,Central,358,60,1973.49,114,1,2026-05-24T00:00:00+07:00
INV-002329,SKU-0079,Industrial Item 0079,Industrial,WH010,Central Warehouse 010,Central,302,23,424.40,102,1,2026-05-24T00:00:00+07:00
INV-002330,SKU-0080,Electronics Item 0080,Electronics,WH010,Central Warehouse 010,Central,198,34,1787.91,46,1,2026-05-24T00:00:00+07:00
INV-002331,SKU-0081,Home Item 0081,Home,WH010,Central Warehouse 010,Central,639,42,2020.13,79,1,2026-05-24T00:00:00+07:00
INV-002332,SKU-0082,Grocery Item 0082,Grocery,WH010,Central Warehouse 010,Central,773,63,1962.63,98,1,2026-05-24T00:00:00+07:00
INV-002333,SKU-0083,Fashion Item 0083,Fashion,WH010,Central Warehouse 010,Central,384,18,1676.51,56,1,2026-05-24T00:00:00+07:00
INV-002334,SKU-0084,Industrial Item 0084,Industrial,WH010,Central Warehouse 010,Central,577,34,1507.18,107,1,2026-05-24T00:00:00+07:00
INV-002335,SKU-0085,Electronics Item 0085,Electronics,WH010,Central Warehouse 010,Central,594,61,313.55,38,1,2026-05-24T00:00:00+07:00
INV-002336,SKU-0086,Home Item 0086,Home,WH010,Central Warehouse 010,Central,170,9,2164.29,118,1,2026-05-24T00:00:00+07:00
INV-002337,SKU-0087,Grocery Item 0087,Grocery,WH010,Central Warehouse 010,Central,594,10,929.38,117,1,2026-05-24T00:00:00+07:00
INV-002338,SKU-0088,Fashion Item 0088,Fashion,WH010,Central Warehouse 010,Central,263,7,2430.33,88,1,2026-05-24T00:00:00+07:00
INV-002339,SKU-0089,Industrial Item 0089,Industrial,WH010,Central Warehouse 010,Central,512,17,846.25,30,1,2026-05-24T00:00:00+07:00
INV-002340,SKU-0090,Electronics Item 0090,Electronics,WH010,Central Warehouse 010,Central,398,30,912.47,117,1,2026-05-24T00:00:00+07:00
INV-002341,SKU-0091,Home Item 0091,Home,WH010,Central Warehouse 010,Central,370,14,815.73,25,1,2026-05-24T00:00:00+07:00
INV-002342,SKU-0092,Grocery Item 0092,Grocery,WH010,Central Warehouse 010,Central,336,77,1150.15,116,1,2026-05-24T00:00:00+07:00
INV-002343,SKU-0093,Fashion Item 0093,Fashion,WH010,Central Warehouse 010,Central,94,6,2357.66,62,1,2026-05-24T00:00:00+07:00
INV-002344,SKU-0094,Industrial Item 0094,Industrial,WH010,Central Warehouse 010,Central,787,22,1437.67,113,1,2026-05-24T00:00:00+07:00
INV-002345,SKU-0095,Electronics Item 0095,Electronics,WH010,Central Warehouse 010,Central,587,54,641.60,33,1,2026-05-24T00:00:00+07:00
INV-002346,SKU-0096,Home Item 0096,Home,WH010,Central Warehouse 010,Central,141,32,2185.93,78,1,2026-05-24T00:00:00+07:00
INV-002347,SKU-0097,Grocery Item 0097,Grocery,WH010,Central Warehouse 010,Central,656,2,1644.37,56,1,2026-05-24T00:00:00+07:00
INV-002348,SKU-0098,Fashion Item 0098,Fashion,WH010,Central Warehouse 010,Central,361,39,2308.59,101,1,2026-05-24T00:00:00+07:00
INV-002349,SKU-0099,Industrial Item 0099,Industrial,WH010,Central Warehouse 010,Central,774,49,350.58,117,1,2026-05-24T00:00:00+07:00
INV-002350,SKU-0100,Electronics Item 0100,Electronics,WH010,Central Warehouse 010,Central,359,55,2074.36,56,1,2026-05-24T00:00:00+07:00
INV-002351,SKU-0101,Home Item 0101,Home,WH010,Central Warehouse 010,Central,467,80,518.06,80,1,2026-05-24T00:00:00+07:00
INV-002352,SKU-0102,Grocery Item 0102,Grocery,WH010,Central Warehouse 010,Central,276,26,300.63,110,1,2026-05-24T00:00:00+07:00
INV-002353,SKU-0103,Fashion Item 0103,Fashion,WH010,Central Warehouse 010,Central,672,16,1688.93,107,1,2026-05-24T00:00:00+07:00
INV-002354,SKU-0104,Industrial Item 0104,Industrial,WH010,Central Warehouse 010,Central,163,23,1668.07,64,1,2026-05-24T00:00:00+07:00
INV-002355,SKU-0105,Electronics Item 0105,Electronics,WH010,Central Warehouse 010,Central,778,78,1795.69,61,1,2026-05-24T00:00:00+07:00
INV-002356,SKU-0106,Home Item 0106,Home,WH010,Central Warehouse 010,Central,751,27,1681.91,112,1,2026-05-24T00:00:00+07:00
INV-002357,SKU-0107,Grocery Item 0107,Grocery,WH010,Central Warehouse 010,Central,232,36,849.02,84,1,2026-05-24T00:00:00+07:00
INV-002358,SKU-0108,Fashion Item 0108,Fashion,WH010,Central Warehouse 010,Central,654,68,336.17,120,1,2026-05-24T00:00:00+07:00
INV-002359,SKU-0109,Industrial Item 0109,Industrial,WH010,Central Warehouse 010,Central,299,73,821.77,84,1,2026-05-24T00:00:00+07:00
INV-002360,SKU-0110,Electronics Item 0110,Electronics,WH010,Central Warehouse 010,Central,665,40,436.72,43,1,2026-05-24T00:00:00+07:00
INV-002361,SKU-0111,Home Item 0111,Home,WH010,Central Warehouse 010,Central,253,35,520.28,87,1,2026-05-24T00:00:00+07:00
INV-002362,SKU-0112,Grocery Item 0112,Grocery,WH010,Central Warehouse 010,Central,663,60,1492.60,37,1,2026-05-24T00:00:00+07:00
INV-002363,SKU-0113,Fashion Item 0113,Fashion,WH010,Central Warehouse 010,Central,498,52,410.28,88,1,2026-05-24T00:00:00+07:00
INV-002364,SKU-0114,Industrial Item 0114,Industrial,WH010,Central Warehouse 010,Central,432,12,2327.49,52,1,2026-05-24T00:00:00+07:00
INV-002365,SKU-0115,Electronics Item 0115,Electronics,WH010,Central Warehouse 010,Central,570,9,1984.50,89,1,2026-05-24T00:00:00+07:00
INV-002366,SKU-0116,Home Item 0116,Home,WH010,Central Warehouse 010,Central,262,34,559.64,51,1,2026-05-24T00:00:00+07:00
INV-002367,SKU-0117,Grocery Item 0117,Grocery,WH010,Central Warehouse 010,Central,469,42,745.14,91,1,2026-05-24T00:00:00+07:00
INV-002368,SKU-0118,Fashion Item 0118,Fashion,WH010,Central Warehouse 010,Central,500,67,814.30,46,1,2026-05-24T00:00:00+07:00
INV-002369,SKU-0119,Industrial Item 0119,Industrial,WH010,Central Warehouse 010,Central,673,16,465.33,72,1,2026-05-24T00:00:00+07:00
INV-002370,SKU-0120,Electronics Item 0120,Electronics,WH010,Central Warehouse 010,Central,581,57,1016.88,59,1,2026-05-24T00:00:00+07:00
INV-002371,SKU-0121,Home Item 0121,Home,WH010,Central Warehouse 010,Central,438,47,297.08,46,1,2026-05-24T00:00:00+07:00
INV-002372,SKU-0122,Grocery Item 0122,Grocery,WH010,Central Warehouse 010,Central,500,25,1025.23,118,1,2026-05-24T00:00:00+07:00
INV-002373,SKU-0123,Fashion Item 0123,Fashion,WH010,Central Warehouse 010,Central,243,31,2355.84,63,1,2026-05-24T00:00:00+07:00
INV-002374,SKU-0124,Industrial Item 0124,Industrial,WH010,Central Warehouse 010,Central,319,39,98.93,107,1,2026-05-24T00:00:00+07:00
INV-002375,SKU-0125,Electronics Item 0125,Electronics,WH010,Central Warehouse 010,Central,278,24,1354.24,86,1,2026-05-24T00:00:00+07:00
INV-002376,SKU-0126,Home Item 0126,Home,WH010,Central Warehouse 010,Central,620,4,250.06,116,1,2026-05-24T00:00:00+07:00
INV-002377,SKU-0127,Grocery Item 0127,Grocery,WH010,Central Warehouse 010,Central,435,74,84.00,64,1,2026-05-24T00:00:00+07:00
INV-002378,SKU-0128,Fashion Item 0128,Fashion,WH010,Central Warehouse 010,Central,433,13,411.02,105,1,2026-05-24T00:00:00+07:00
INV-002379,SKU-0129,Industrial Item 0129,Industrial,WH010,Central Warehouse 010,Central,757,36,613.73,108,1,2026-05-24T00:00:00+07:00
INV-002380,SKU-0130,Electronics Item 0130,Electronics,WH010,Central Warehouse 010,Central,694,48,2410.79,94,1,2026-05-24T00:00:00+07:00
INV-002381,SKU-0131,Home Item 0131,Home,WH010,Central Warehouse 010,Central,526,76,184.56,67,1,2026-05-24T00:00:00+07:00
INV-002382,SKU-0132,Grocery Item 0132,Grocery,WH010,Central Warehouse 010,Central,308,71,2280.60,37,1,2026-05-24T00:00:00+07:00
INV-002383,SKU-0133,Fashion Item 0133,Fashion,WH010,Central Warehouse 010,Central,372,17,416.83,76,1,2026-05-24T00:00:00+07:00
INV-002384,SKU-0134,Industrial Item 0134,Industrial,WH010,Central Warehouse 010,Central,240,33,742.26,100,1,2026-05-24T00:00:00+07:00
INV-002385,SKU-0135,Electronics Item 0135,Electronics,WH010,Central Warehouse 010,Central,272,26,1281.70,91,1,2026-05-24T00:00:00+07:00
INV-002386,SKU-0136,Home Item 0136,Home,WH010,Central Warehouse 010,Central,529,49,937.92,75,1,2026-05-24T00:00:00+07:00
INV-002387,SKU-0137,Grocery Item 0137,Grocery,WH010,Central Warehouse 010,Central,544,66,2345.22,35,1,2026-05-24T00:00:00+07:00
INV-002388,SKU-0138,Fashion Item 0138,Fashion,WH010,Central Warehouse 010,Central,676,9,2249.00,66,1,2026-05-24T00:00:00+07:00
INV-002389,SKU-0139,Industrial Item 0139,Industrial,WH010,Central Warehouse 010,Central,187,44,1135.11,92,1,2026-05-24T00:00:00+07:00
INV-002390,SKU-0140,Electronics Item 0140,Electronics,WH010,Central Warehouse 010,Central,96,3,780.13,111,1,2026-05-24T00:00:00+07:00
INV-002391,SKU-0141,Home Item 0141,Home,WH010,Central Warehouse 010,Central,251,16,1994.35,49,1,2026-05-24T00:00:00+07:00
INV-002392,SKU-0142,Grocery Item 0142,Grocery,WH010,Central Warehouse 010,Central,124,9,1336.40,118,1,2026-05-24T00:00:00+07:00
INV-002393,SKU-0143,Fashion Item 0143,Fashion,WH010,Central Warehouse 010,Central,576,29,2318.14,83,1,2026-05-24T00:00:00+07:00
INV-002394,SKU-0144,Industrial Item 0144,Industrial,WH010,Central Warehouse 010,Central,482,56,67.42,108,1,2026-05-24T00:00:00+07:00
INV-002395,SKU-0145,Electronics Item 0145,Electronics,WH010,Central Warehouse 010,Central,404,57,930.95,63,1,2026-05-24T00:00:00+07:00
INV-002396,SKU-0146,Home Item 0146,Home,WH010,Central Warehouse 010,Central,637,26,1914.18,65,1,2026-05-24T00:00:00+07:00
INV-002397,SKU-0147,Grocery Item 0147,Grocery,WH010,Central Warehouse 010,Central,199,48,874.97,74,1,2026-05-24T00:00:00+07:00
INV-002398,SKU-0148,Fashion Item 0148,Fashion,WH010,Central Warehouse 010,Central,143,1,148.62,115,1,2026-05-24T00:00:00+07:00
INV-002399,SKU-0149,Industrial Item 0149,Industrial,WH010,Central Warehouse 010,Central,654,41,1948.98,80,1,2026-05-24T00:00:00+07:00
INV-002400,SKU-0150,Electronics Item 0150,Electronics,WH010,Central Warehouse 010,Central,313,67,1001.80,54,1,2026-05-24T00:00:00+07:00
INV-002401,SKU-0151,Home Item 0151,Home,WH010,Central Warehouse 010,Central,700,46,1241.70,96,1,2026-05-24T00:00:00+07:00
INV-002402,SKU-0152,Grocery Item 0152,Grocery,WH010,Central Warehouse 010,Central,524,46,1336.69,94,1,2026-05-24T00:00:00+07:00
INV-002403,SKU-0153,Fashion Item 0153,Fashion,WH010,Central Warehouse 010,Central,502,55,1436.94,87,1,2026-05-24T00:00:00+07:00
INV-002404,SKU-0154,Industrial Item 0154,Industrial,WH010,Central Warehouse 010,Central,103,19,2106.49,105,1,2026-05-24T00:00:00+07:00
INV-002405,SKU-0155,Electronics Item 0155,Electronics,WH010,Central Warehouse 010,Central,533,46,1796.57,116,1,2026-05-24T00:00:00+07:00
INV-002406,SKU-0156,Home Item 0156,Home,WH010,Central Warehouse 010,Central,112,2,1780.50,93,1,2026-05-24T00:00:00+07:00
INV-002407,SKU-0157,Grocery Item 0157,Grocery,WH010,Central Warehouse 010,Central,166,19,1645.77,51,1,2026-05-24T00:00:00+07:00
INV-002408,SKU-0158,Fashion Item 0158,Fashion,WH010,Central Warehouse 010,Central,536,70,942.15,66,1,2026-05-24T00:00:00+07:00
INV-002409,SKU-0159,Industrial Item 0159,Industrial,WH010,Central Warehouse 010,Central,572,35,1685.58,38,1,2026-05-24T00:00:00+07:00
INV-002410,SKU-0160,Electronics Item 0160,Electronics,WH010,Central Warehouse 010,Central,252,0,2185.39,30,1,2026-05-24T00:00:00+07:00
INV-002411,SKU-0161,Home Item 0161,Home,WH010,Central Warehouse 010,Central,316,22,1488.04,99,1,2026-05-24T00:00:00+07:00
INV-002412,SKU-0162,Grocery Item 0162,Grocery,WH010,Central Warehouse 010,Central,166,26,635.65,68,1,2026-05-24T00:00:00+07:00
INV-002413,SKU-0163,Fashion Item 0163,Fashion,WH010,Central Warehouse 010,Central,679,53,1076.73,84,1,2026-05-24T00:00:00+07:00
INV-002414,SKU-0164,Industrial Item 0164,Industrial,WH010,Central Warehouse 010,Central,557,51,1232.20,103,1,2026-05-24T00:00:00+07:00
INV-002415,SKU-0165,Electronics Item 0165,Electronics,WH010,Central Warehouse 010,Central,144,14,579.91,55,1,2026-05-24T00:00:00+07:00
INV-002416,SKU-0166,Home Item 0166,Home,WH010,Central Warehouse 010,Central,104,25,768.94,40,1,2026-05-24T00:00:00+07:00
INV-002417,SKU-0167,Grocery Item 0167,Grocery,WH010,Central Warehouse 010,Central,691,38,299.83,47,1,2026-05-24T00:00:00+07:00
INV-002418,SKU-0168,Fashion Item 0168,Fashion,WH010,Central Warehouse 010,Central,148,33,671.34,86,1,2026-05-24T00:00:00+07:00
INV-002419,SKU-0169,Industrial Item 0169,Industrial,WH010,Central Warehouse 010,Central,664,6,1483.45,55,1,2026-05-24T00:00:00+07:00
INV-002420,SKU-0170,Electronics Item 0170,Electronics,WH010,Central Warehouse 010,Central,722,51,1252.71,70,1,2026-05-24T00:00:00+07:00
INV-002421,SKU-0171,Home Item 0171,Home,WH010,Central Warehouse 010,Central,104,3,1277.27,30,1,2026-05-24T00:00:00+07:00
INV-002422,SKU-0172,Grocery Item 0172,Grocery,WH010,Central Warehouse 010,Central,632,44,1865.30,72,1,2026-05-24T00:00:00+07:00
INV-002423,SKU-0173,Fashion Item 0173,Fashion,WH010,Central Warehouse 010,Central,251,11,2297.41,90,1,2026-05-24T00:00:00+07:00
INV-002424,SKU-0174,Industrial Item 0174,Industrial,WH010,Central Warehouse 010,Central,374,46,1156.41,112,1,2026-05-24T00:00:00+07:00
INV-002425,SKU-0175,Electronics Item 0175,Electronics,WH010,Central Warehouse 010,Central,597,43,1165.58,95,1,2026-05-24T00:00:00+07:00
INV-002426,SKU-0176,Home Item 0176,Home,WH010,Central Warehouse 010,Central,579,48,1841.36,106,1,2026-05-24T00:00:00+07:00
INV-002427,SKU-0177,Grocery Item 0177,Grocery,WH010,Central Warehouse 010,Central,674,71,2458.51,112,1,2026-05-24T00:00:00+07:00
INV-002428,SKU-0178,Fashion Item 0178,Fashion,WH010,Central Warehouse 010,Central,242,11,437.00,84,1,2026-05-24T00:00:00+07:00
INV-002429,SKU-0179,Industrial Item 0179,Industrial,WH010,Central Warehouse 010,Central,460,20,1595.81,78,1,2026-05-24T00:00:00+07:00
INV-002430,SKU-0180,Electronics Item 0180,Electronics,WH010,Central Warehouse 010,Central,568,50,628.49,90,1,2026-05-24T00:00:00+07:00
INV-002431,SKU-0181,Home Item 0181,Home,WH010,Central Warehouse 010,Central,309,45,195.59,92,1,2026-05-24T00:00:00+07:00
INV-002432,SKU-0182,Grocery Item 0182,Grocery,WH010,Central Warehouse 010,Central,249,29,711.18,42,1,2026-05-24T00:00:00+07:00
INV-002433,SKU-0183,Fashion Item 0183,Fashion,WH010,Central Warehouse 010,Central,244,6,1439.84,29,1,2026-05-24T00:00:00+07:00
INV-002434,SKU-0184,Industrial Item 0184,Industrial,WH010,Central Warehouse 010,Central,755,53,1900.27,86,1,2026-05-24T00:00:00+07:00
INV-002435,SKU-0185,Electronics Item 0185,Electronics,WH010,Central Warehouse 010,Central,637,6,1702.44,55,1,2026-05-24T00:00:00+07:00
INV-002436,SKU-0186,Home Item 0186,Home,WH010,Central Warehouse 010,Central,394,71,832.69,60,1,2026-05-24T00:00:00+07:00
INV-002437,SKU-0187,Grocery Item 0187,Grocery,WH010,Central Warehouse 010,Central,141,11,2433.77,39,1,2026-05-24T00:00:00+07:00
INV-002438,SKU-0188,Fashion Item 0188,Fashion,WH010,Central Warehouse 010,Central,252,44,729.87,74,1,2026-05-24T00:00:00+07:00
INV-002439,SKU-0189,Industrial Item 0189,Industrial,WH010,Central Warehouse 010,Central,798,24,1075.69,60,1,2026-05-24T00:00:00+07:00
INV-002440,SKU-0190,Electronics Item 0190,Electronics,WH010,Central Warehouse 010,Central,403,45,1759.62,73,1,2026-05-24T00:00:00+07:00
INV-002441,SKU-0191,Home Item 0191,Home,WH010,Central Warehouse 010,Central,144,3,332.47,54,1,2026-05-24T00:00:00+07:00
INV-002442,SKU-0192,Grocery Item 0192,Grocery,WH010,Central Warehouse 010,Central,610,36,2415.88,44,1,2026-05-24T00:00:00+07:00
INV-002443,SKU-0193,Fashion Item 0193,Fashion,WH010,Central Warehouse 010,Central,359,49,1599.84,55,1,2026-05-24T00:00:00+07:00
INV-002444,SKU-0194,Industrial Item 0194,Industrial,WH010,Central Warehouse 010,Central,113,17,49.78,28,1,2026-05-24T00:00:00+07:00
INV-002445,SKU-0195,Electronics Item 0195,Electronics,WH010,Central Warehouse 010,Central,738,78,1754.33,27,1,2026-05-24T00:00:00+07:00
INV-002446,SKU-0196,Home Item 0196,Home,WH010,Central Warehouse 010,Central,678,36,525.86,27,1,2026-05-24T00:00:00+07:00
INV-002447,SKU-0197,Grocery Item 0197,Grocery,WH010,Central Warehouse 010,Central,417,56,2108.03,85,1,2026-05-24T00:00:00+07:00
INV-002448,SKU-0198,Fashion Item 0198,Fashion,WH010,Central Warehouse 010,Central,612,75,863.03,37,1,2026-05-24T00:00:00+07:00
INV-002449,SKU-0199,Industrial Item 0199,Industrial,WH010,Central Warehouse 010,Central,241,40,2185.94,44,1,2026-05-24T00:00:00+07:00
INV-002450,SKU-0200,Electronics Item 0200,Electronics,WH010,Central Warehouse 010,Central,446,43,2315.01,47,1,2026-05-24T00:00:00+07:00
INV-002451,SKU-0201,Home Item 0201,Home,WH010,Central Warehouse 010,Central,467,42,267.15,25,1,2026-05-24T00:00:00+07:00
INV-002452,SKU-0202,Grocery Item 0202,Grocery,WH010,Central Warehouse 010,Central,91,0,1401.29,85,1,2026-05-24T00:00:00+07:00
INV-002453,SKU-0203,Fashion Item 0203,Fashion,WH010,Central Warehouse 010,Central,387,42,2393.74,33,1,2026-05-24T00:00:00+07:00
INV-002454,SKU-0204,Industrial Item 0204,Industrial,WH010,Central Warehouse 010,Central,207,9,690.38,33,1,2026-05-24T00:00:00+07:00
INV-002455,SKU-0205,Electronics Item 0205,Electronics,WH010,Central Warehouse 010,Central,774,11,14.29,56,1,2026-05-24T00:00:00+07:00
INV-002456,SKU-0206,Home Item 0206,Home,WH010,Central Warehouse 010,Central,304,20,1766.06,69,1,2026-05-24T00:00:00+07:00
INV-002457,SKU-0207,Grocery Item 0207,Grocery,WH010,Central Warehouse 010,Central,591,9,2439.20,27,1,2026-05-24T00:00:00+07:00
INV-002458,SKU-0208,Fashion Item 0208,Fashion,WH010,Central Warehouse 010,Central,612,14,67.57,92,1,2026-05-24T00:00:00+07:00
INV-002459,SKU-0209,Industrial Item 0209,Industrial,WH010,Central Warehouse 010,Central,760,6,761.26,107,1,2026-05-24T00:00:00+07:00
INV-002460,SKU-0210,Electronics Item 0210,Electronics,WH010,Central Warehouse 010,Central,144,23,1337.56,27,1,2026-05-24T00:00:00+07:00
INV-002461,SKU-0211,Home Item 0211,Home,WH010,Central Warehouse 010,Central,134,33,205.76,108,1,2026-05-24T00:00:00+07:00
INV-002462,SKU-0212,Grocery Item 0212,Grocery,WH010,Central Warehouse 010,Central,685,74,929.16,112,1,2026-05-24T00:00:00+07:00
INV-002463,SKU-0213,Fashion Item 0213,Fashion,WH010,Central Warehouse 010,Central,584,66,2329.06,77,1,2026-05-24T00:00:00+07:00
INV-002464,SKU-0214,Industrial Item 0214,Industrial,WH010,Central Warehouse 010,Central,170,0,1662.30,57,1,2026-05-24T00:00:00+07:00
INV-002465,SKU-0215,Electronics Item 0215,Electronics,WH010,Central Warehouse 010,Central,91,12,1098.14,41,1,2026-05-24T00:00:00+07:00
INV-002466,SKU-0216,Home Item 0216,Home,WH010,Central Warehouse 010,Central,622,7,1575.64,67,1,2026-05-24T00:00:00+07:00
INV-002467,SKU-0217,Grocery Item 0217,Grocery,WH010,Central Warehouse 010,Central,180,9,971.53,85,1,2026-05-24T00:00:00+07:00
INV-002468,SKU-0218,Fashion Item 0218,Fashion,WH010,Central Warehouse 010,Central,758,30,500.92,82,1,2026-05-24T00:00:00+07:00
INV-002469,SKU-0219,Industrial Item 0219,Industrial,WH010,Central Warehouse 010,Central,785,59,2144.87,49,1,2026-05-24T00:00:00+07:00
INV-002470,SKU-0220,Electronics Item 0220,Electronics,WH010,Central Warehouse 010,Central,85,3,1887.52,116,1,2026-05-24T00:00:00+07:00
INV-002471,SKU-0221,Home Item 0221,Home,WH010,Central Warehouse 010,Central,155,17,986.70,36,1,2026-05-24T00:00:00+07:00
INV-002472,SKU-0222,Grocery Item 0222,Grocery,WH010,Central Warehouse 010,Central,627,62,84.17,35,1,2026-05-24T00:00:00+07:00
INV-002473,SKU-0223,Fashion Item 0223,Fashion,WH010,Central Warehouse 010,Central,419,49,2186.48,87,1,2026-05-24T00:00:00+07:00
INV-002474,SKU-0224,Industrial Item 0224,Industrial,WH010,Central Warehouse 010,Central,526,22,501.67,108,1,2026-05-24T00:00:00+07:00
INV-002475,SKU-0225,Electronics Item 0225,Electronics,WH010,Central Warehouse 010,Central,400,67,1011.01,66,1,2026-05-24T00:00:00+07:00
INV-002476,SKU-0226,Home Item 0226,Home,WH010,Central Warehouse 010,Central,504,31,300.46,81,1,2026-05-24T00:00:00+07:00
INV-002477,SKU-0227,Grocery Item 0227,Grocery,WH010,Central Warehouse 010,Central,399,34,1509.72,114,1,2026-05-24T00:00:00+07:00
INV-002478,SKU-0228,Fashion Item 0228,Fashion,WH010,Central Warehouse 010,Central,645,71,1249.82,111,1,2026-05-24T00:00:00+07:00
INV-002479,SKU-0229,Industrial Item 0229,Industrial,WH010,Central Warehouse 010,Central,627,26,1815.55,36,1,2026-05-24T00:00:00+07:00
INV-002480,SKU-0230,Electronics Item 0230,Electronics,WH010,Central Warehouse 010,Central,506,44,1813.59,57,1,2026-05-24T00:00:00+07:00
INV-002481,SKU-0231,Home Item 0231,Home,WH010,Central Warehouse 010,Central,619,53,281.40,115,1,2026-05-24T00:00:00+07:00
INV-002482,SKU-0232,Grocery Item 0232,Grocery,WH010,Central Warehouse 010,Central,371,68,1000.27,50,1,2026-05-24T00:00:00+07:00
INV-002483,SKU-0233,Fashion Item 0233,Fashion,WH010,Central Warehouse 010,Central,225,13,606.10,84,1,2026-05-24T00:00:00+07:00
INV-002484,SKU-0234,Industrial Item 0234,Industrial,WH010,Central Warehouse 010,Central,627,53,361.14,29,1,2026-05-24T00:00:00+07:00
INV-002485,SKU-0235,Electronics Item 0235,Electronics,WH010,Central Warehouse 010,Central,573,66,2139.24,90,1,2026-05-24T00:00:00+07:00
INV-002486,SKU-0236,Home Item 0236,Home,WH010,Central Warehouse 010,Central,471,9,2127.29,97,1,2026-05-24T00:00:00+07:00
INV-002487,SKU-0237,Grocery Item 0237,Grocery,WH010,Central Warehouse 010,Central,449,19,529.88,112,1,2026-05-24T00:00:00+07:00
INV-002488,SKU-0238,Fashion Item 0238,Fashion,WH010,Central Warehouse 010,Central,168,19,2277.61,79,1,2026-05-24T00:00:00+07:00
INV-002489,SKU-0239,Industrial Item 0239,Industrial,WH010,Central Warehouse 010,Central,755,7,2311.71,94,1,2026-05-24T00:00:00+07:00
INV-002490,SKU-0240,Electronics Item 0240,Electronics,WH010,Central Warehouse 010,Central,694,23,1928.47,70,1,2026-05-24T00:00:00+07:00
INV-002491,SKU-0241,Home Item 0241,Home,WH010,Central Warehouse 010,Central,347,74,691.75,47,1,2026-05-24T00:00:00+07:00
INV-002492,SKU-0242,Grocery Item 0242,Grocery,WH010,Central Warehouse 010,Central,359,57,484.73,62,1,2026-05-24T00:00:00+07:00
INV-002493,SKU-0243,Fashion Item 0243,Fashion,WH010,Central Warehouse 010,Central,559,71,1483.47,27,1,2026-05-24T00:00:00+07:00
INV-002494,SKU-0244,Industrial Item 0244,Industrial,WH010,Central Warehouse 010,Central,420,23,563.07,75,1,2026-05-24T00:00:00+07:00
INV-002495,SKU-0245,Electronics Item 0245,Electronics,WH010,Central Warehouse 010,Central,490,50,2354.43,80,1,2026-05-24T00:00:00+07:00
INV-002496,SKU-0246,Home Item 0246,Home,WH010,Central Warehouse 010,Central,686,47,1427.60,46,1,2026-05-24T00:00:00+07:00
INV-002497,SKU-0247,Grocery Item 0247,Grocery,WH010,Central Warehouse 010,Central,392,71,2364.96,80,1,2026-05-24T00:00:00+07:00
INV-002498,SKU-0248,Fashion Item 0248,Fashion,WH010,Central Warehouse 010,Central,680,15,686.79,84,1,2026-05-24T00:00:00+07:00
INV-002499,SKU-0249,Industrial Item 0249,Industrial,WH010,Central Warehouse 010,Central,656,52,2290.94,35,1,2026-05-24T00:00:00+07:00
INV-002500,SKU-0250,Electronics Item 0250,Electronics,WH010,Central Warehouse 010,Central,385,23,1180.82,35,1,2026-05-24T00:00:00+07:00
