inventory_id,sku,product_name,category,warehouse_id,warehouse_name,region,quantity_available,reserved_quantity,unit_cost,reorder_level,version,updated_at
INV-000001,SKU-0001,Grocery Item 0001,Grocery,WH001,North Warehouse 001,North,293,32,1994.57,55,1,2026-05-24T00:00:00+07:00
INV-000002,SKU-0002,Fashion Item 0002,Fashion,WH001,North Warehouse 001,North,781,19,1412.61,68,1,2026-05-24T00:00:00+07:00
INV-000003,SKU-0003,Industrial Item 0003,Industrial,WH001,North Warehouse 001,North,247,49,298.69,51,1,2026-05-24T00:00:00+07:00
INV-000004,SKU-0004,Electronics Item 0004,Electronics,WH001,North Warehouse 001,North,160,27,768.91,114,1,2026-05-24T00:00:00+07:00
INV-000005,SKU-0005,Home Item 0005,Home,WH001,North Warehouse 001,North,378,19,341.35,40,1,2026-05-24T00:00:00+07:00
INV-000006,SKU-0006,Grocery Item 0006,Grocery,WH001,North Warehouse 001,North,772,17,85.21,50,1,2026-05-24T00:00:00+07:00
INV-000007,SKU-0007,Fashion Item 0007,Fashion,WH001,North Warehouse 001,North,340,74,510.24,63,1,2026-05-24T00:00:00+07:00
INV-000008,SKU-0008,Industrial Item 0008,Industrial,WH001,North Warehouse 001,North,485,36,583.60,91,1,2026-05-24T00:00:00+07:00
INV-000009,SKU-0009,Electronics Item 0009,Electronics,WH001,North Warehouse 001,North,633,53,2271.82,120,1,2026-05-24T00:00:00+07:00
INV-000010,SKU-0010,Home Item 0010,Home,WH001,North Warehouse 001,North,542,45,919.20,78,1,2026-05-24T00:00:00+07:00
INV-000011,SKU-0011,Grocery Item 0011,Grocery,WH001,North Warehouse 001,North,410,22,287.11,50,1,2026-05-24T00:00:00+07:00
INV-000012,SKU-0012,Fashion Item 0012,Fashion,WH001,North Warehouse 001,North,370,49,1248.58,45,1,2026-05-24T00:00:00+07:00
INV-000013,SKU-0013,Industrial Item 0013,Industrial,WH001,North Warehouse 001,North,422,7,1224.15,119,1,2026-05-24T00:00:00+07:00
INV-000014,SKU-0014,Electronics Item 0014,Electronics,WH001,North Warehouse 001,North,313,21,1968.13,45,1,2026-05-24T00:00:00+07:00
INV-000015,SKU-0015,Home Item 0015,Home,WH001,North Warehouse 001,North,274,22,110.61,88,1,2026-05-24T00:00:00+07:00
INV-000016,SKU-0016,Grocery Item 0016,Grocery,WH001,North Warehouse 001,North,726,47,1104.72,57,1,2026-05-24T00:00:00+07:00
INV-000017,SKU-0017,Fashion Item 0017,Fashion,WH001,North Warehouse 001,North,457,65,950.35,75,1,2026-05-24T00:00:00+07:00
INV-000018,SKU-0018,Industrial Item 0018,Industrial,WH001,North Warehouse 001,North,791,69,541.12,80,1,2026-05-24T00:00:00+07:00
INV-000019,SKU-0019,Electronics Item 0019,Electronics,WH001,North Warehouse 001,North,82,12,1751.65,82,1,2026-05-24T00:00:00+07:00
INV-000020,SKU-0020,Home Item 0020,Home,WH001,North Warehouse 001,North,369,30,2123.94,27,1,2026-05-24T00:00:00+07:00
INV-000021,SKU-0021,Grocery Item 0021,Grocery,WH001,North Warehouse 001,North,231,1,255.26,68,1,2026-05-24T00:00:00+07:00
INV-000022,SKU-0022,Fashion Item 0022,Fashion,WH001,North Warehouse 001,North,548,27,2186.90,53,1,2026-05-24T00:00:00+07:00
INV-000023,SKU-0023,Industrial Item 0023,Industrial,WH001,North Warehouse 001,North,149,33,1069.24,88,1,2026-05-24T00:00:00+07:00
INV-000024,SKU-0024,Electronics Item 0024,Electronics,WH001,North Warehouse 001,North,719,6,229.77,107,1,2026-05-24T00:00:00+07:00
INV-000025,SKU-0025,Home Item 0025,Home,WH001,North Warehouse 001,North,94,21,919.92,56,1,2026-05-24T00:00:00+07:00
INV-000026,SKU-0026,Grocery Item 0026,Grocery,WH001,North Warehouse 001,North,214,53,800.37,27,1,2026-05-24T00:00:00+07:00
INV-000027,SKU-0027,Fashion Item 0027,Fashion,WH001,North Warehouse 001,North,669,12,327.67,33,1,2026-05-24T00:00:00+07:00
INV-000028,SKU-0028,Industrial Item 0028,Industrial,WH001,North Warehouse 001,North,372,77,1451.29,70,1,2026-05-24T00:00:00+07:00
INV-000029,SKU-0029,Electronics Item 0029,Electronics,WH001,North Warehouse 001,North,126,2,1088.76,113,1,2026-05-24T00:00:00+07:00
INV-000030,SKU-0030,Home Item 0030,Home,WH001,North Warehouse 001,North,568,65,1437.45,30,1,2026-05-24T00:00:00+07:00
INV-000031,SKU-0031,Grocery Item 0031,Grocery,WH001,North Warehouse 001,North,406,67,1675.75,52,1,2026-05-24T00:00:00+07:00
INV-000032,SKU-0032,Fashion Item 0032,Fashion,WH001,North Warehouse 001,North,262,4,1180.19,112,1,2026-05-24T00:00:00+07:00
INV-000033,SKU-0033,Industrial Item 0033,Industrial,WH001,North Warehouse 001,North,420,59,1202.89,50,1,2026-05-24T00:00:00+07:00
INV-000034,SKU-0034,Electronics Item 0034,Electronics,WH001,North Warehouse 001,North,116,22,951.61,72,1,2026-05-24T00:00:00+07:00
INV-000035,SKU-0035,Home Item 0035,Home,WH001,North Warehouse 001,North,691,77,1817.22,52,1,2026-05-24T00:00:00+07:00
INV-000036,SKU-0036,Grocery Item 0036,Grocery,WH001,North Warehouse 001,North,444,53,2065.38,85,1,2026-05-24T00:00:00+07:00
INV-000037,SKU-0037,Fashion Item 0037,Fashion,WH001,North Warehouse 001,North,389,75,625.87,29,1,2026-05-24T00:00:00+07:00
INV-000038,SKU-0038,Industrial Item 0038,Industrial,WH001,North Warehouse 001,North,560,52,938.31,46,1,2026-05-24T00:00:00+07:00
INV-000039,SKU-0039,Electronics Item 0039,Electronics,WH001,North Warehouse 001,North,174,20,1786.73,75,1,2026-05-24T00:00:00+07:00
INV-000040,SKU-0040,Home Item 0040,Home,WH001,North Warehouse 001,North,448,58,2058.33,111,1,2026-05-24T00:00:00+07:00
INV-000041,SKU-0041,Grocery Item 0041,Grocery,WH001,North Warehouse 001,North,116,16,1921.99,112,1,2026-05-24T00:00:00+07:00
INV-000042,SKU-0042,Fashion Item 0042,Fashion,WH001,North Warehouse 001,North,667,6,13.66,115,1,2026-05-24T00:00:00+07:00
INV-000043,SKU-0043,Industrial Item 0043,Industrial,WH001,North Warehouse 001,North,537,32,1795.15,102,1,2026-05-24T00:00:00+07:00
INV-000044,SKU-0044,Electronics Item 0044,Electronics,WH001,North Warehouse 001,North,123,5,2025.04,54,1,2026-05-24T00:00:00+07:00
INV-000045,SKU-0045,Home Item 0045,Home,WH001,North Warehouse 001,North,404,47,2153.04,71,1,2026-05-24T00:00:00+07:00
INV-000046,SKU-0046,Grocery Item 0046,Grocery,WH001,North Warehouse 001,North,386,21,186.52,118,1,2026-05-24T00:00:00+07:00
INV-000047,SKU-0047,Fashion Item 0047,Fashion,WH001,North Warehouse 001,North,635,5,962.99,84,1,2026-05-24T00:00:00+07:00
INV-000048,SKU-0048,Industrial Item 0048,Industrial,WH001,North Warehouse 001,North,82,15,2388.95,38,1,2026-05-24T00:00:00+07:00
INV-000049,SKU-0049,Electronics Item 0049,Electronics,WH001,North Warehouse 001,North,640,63,1526.92,86,1,2026-05-24T00:00:00+07:00
INV-000050,SKU-0050,Home Item 0050,Home,WH001,North Warehouse 001,North,591,47,824.21,81,1,2026-05-24T00:00:00+07:00
INV-000051,SKU-0051,Grocery Item 0051,Grocery,WH001,North Warehouse 001,North,646,1,1266.27,41,1,2026-05-24T00:00:00+07:00
INV-000052,SKU-0052,Fashion Item 0052,Fashion,WH001,North Warehouse 001,North,330,2,1992.84,31,1,2026-05-24T00:00:00+07:00
INV-000053,SKU-0053,Industrial Item 0053,Industrial,WH001,North Warehouse 001,North,743,60,1070.82,29,1,2026-05-24T00:00:00+07:00
INV-000054,SKU-0054,Electronics Item 0054,Electronics,WH001,North Warehouse 001,North,402,69,665.64,117,1,2026-05-24T00:00:00+07:00
INV-000055,SKU-0055,Home Item 0055,Home,WH001,North Warehouse 001,North,375,9,788.05,51,1,2026-05-24T00:00:00+07:00
INV-000056,SKU-0056,Grocery Item 0056,Grocery,WH001,North Warehouse 001,North,510,68,2019.71,61,1,2026-05-24T00:00:00+07:00
INV-000057,SKU-0057,Fashion Item 0057,Fashion,WH001,North Warehouse 001,North,582,7,361.43,70,1,2026-05-24T00:00:00+07:00
INV-000058,SKU-0058,Industrial Item 0058,Industrial,WH001,North Warehouse 001,North,600,18,42.03,36,1,2026-05-24T00:00:00+07:00
INV-000059,SKU-0059,Electronics Item 0059,Electronics,WH001,North Warehouse 001,North,294,19,763.44,107,1,2026-05-24T00:00:00+07:00
INV-000060,SKU-0060,Home Item 0060,Home,WH001,North Warehouse 001,North,754,51,1569.15,58,1,2026-05-24T00:00:00+07:00
INV-000061,SKU-0061,Grocery Item 0061,Grocery,WH001,North Warehouse 001,North,657,46,1402.27,52,1,2026-05-24T00:00:00+07:00
INV-000062,SKU-0062,Fashion Item 0062,Fashion,WH001,North Warehouse 001,North,356,73,998.60,34,1,2026-05-24T00:00:00+07:00
INV-000063,SKU-0063,Industrial Item 0063,Industrial,WH001,North Warehouse 001,North,376,28,1807.61,113,1,2026-05-24T00:00:00+07:00
INV-000064,SKU-0064,Electronics Item 0064,Electronics,WH001,North Warehouse 001,North,696,74,1150.66,62,1,2026-05-24T00:00:00+07:00
INV-000065,SKU-0065,Home Item 0065,Home,WH001,North Warehouse 001,North,219,23,2448.17,65,1,2026-05-24T00:00:00+07:00
INV-000066,SKU-0066,Grocery Item 0066,Grocery,WH001,North Warehouse 001,North,474,2,1301.90,84,1,2026-05-24T00:00:00+07:00
INV-000067,SKU-0067,Fashion Item 0067,Fashion,WH001,North Warehouse 001,North,117,0,1655.68,38,1,2026-05-24T00:00:00+07:00
INV-000068,SKU-0068,Industrial Item 0068,Industrial,WH001,North Warehouse 001,North,145,30,2189.89,41,1,2026-05-24T00:00:00+07:00
INV-000069,SKU-0069,Electronics Item 0069,Electronics,WH001,North Warehouse 001,North,225,52,1966.14,78,1,2026-05-24T00:00:00+07:00
INV-000070,SKU-0070,Home Item 0070,Home,WH001,North Warehouse 001,North,501,24,1739.91,50,1,2026-05-24T00:00:00+07:00
INV-000071,SKU-0071,Grocery Item 0071,Grocery,WH001,North Warehouse 001,North,115,23,218.00,77,1,2026-05-24T00:00:00+07:00
INV-000072,SKU-0072,Fashion Item 0072,Fashion,WH001,North Warehouse 001,North,216,40,514.92,113,1,2026-05-24T00:00:00+07:00
INV-000073,SKU-0073,Industrial Item 0073,Industrial,WH001,North Warehouse 001,North,573,21,174.66,54,1,2026-05-24T00:00:00+07:00
INV-000074,SKU-0074,Electronics Item 0074,Electronics,WH001,North Warehouse 001,North,550,63,2000.78,63,1,2026-05-24T00:00:00+07:00
INV-000075,SKU-0075,Home Item 0075,Home,WH001,North Warehouse 001,North,333,12,860.00,113,1,2026-05-24T00:00:00+07:00
INV-000076,SKU-0076,Grocery Item 0076,Grocery,WH001,North Warehouse 001,North,515,44,1572.25,120,1,2026-05-24T00:00:00+07:00
INV-000077,SKU-0077,Fashion Item 0077,Fashion,WH001,North Warehouse 001,North,214,15,1453.17,115,1,2026-05-24T00:00:00+07:00
INV-000078,SKU-0078,Industrial Item 0078,Industrial,WH001,North Warehouse 001,North,101,10,208.80,51,1,2026-05-24T00:00:00+07:00
INV-000079,SKU-0079,Electronics Item 0079,Electronics,WH001,North Warehouse 001,North,193,45,1272.69,96,1,2026-05-24T00:00:00+07:00
INV-000080,SKU-0080,Home Item 0080,Home,WH001,North Warehouse 001,North,737,32,860.89,116,1,2026-05-24T00:00:00+07:00
INV-000081,SKU-0081,Grocery Item 0081,Grocery,WH001,North Warehouse 001,North,569,12,432.96,75,1,2026-05-24T00:00:00+07:00
INV-000082,SKU-0082,Fashion Item 0082,Fashion,WH001,North Warehouse 001,North,203,44,1654.03,28,1,2026-05-24T00:00:00+07:00
INV-000083,SKU-0083,Industrial Item 0083,Industrial,WH001,North Warehouse 001,North,290,62,1105.24,69,1,2026-05-24T00:00:00+07:00
INV-000084,SKU-0084,Electronics Item 0084,Electronics,WH001,North Warehouse 001,North,650,2,1572.37,69,1,2026-05-24T00:00:00+07:00
INV-000085,SKU-0085,Home Item 0085,Home,WH001,North Warehouse 001,North,691,67,1993.03,75,1,2026-05-24T00:00:00+07:00
INV-000086,SKU-0086,Grocery Item 0086,Grocery,WH001,North Warehouse 001,North,163,31,1827.32,73,1,2026-05-24T00:00:00+07:00
INV-000087,SKU-0087,Fashion Item 0087,Fashion,WH001,North Warehouse 001,North,326,78,128.79,86,1,2026-05-24T00:00:00+07:00
INV-000088,SKU-0088,Industrial Item 0088,Industrial,WH001,North Warehouse 001,North,398,68,1787.33,60,1,2026-05-24T00:00:00+07:00
INV-000089,SKU-0089,Electronics Item 0089,Electronics,WH001,North Warehouse 001,North,533,43,2214.30,103,1,2026-05-24T00:00:00+07:00
INV-000090,SKU-0090,Home Item 0090,Home,WH001,North Warehouse 001,North,491,36,20.34,71,1,2026-05-24T00:00:00+07:00
INV-000091,SKU-0091,Grocery Item 0091,Grocery,WH001,North Warehouse 001,North,614,15,1558.31,62,1,2026-05-24T00:00:00+07:00
INV-000092,SKU-0092,Fashion Item 0092,Fashion,WH001,North Warehouse 001,North,783,46,1467.18,26,1,2026-05-24T00:00:00+07:00
INV-000093,SKU-0093,Industrial Item 0093,Industrial,WH001,North Warehouse 001,North,136,17,788.02,77,1,2026-05-24T00:00:00+07:00
INV-000094,SKU-0094,Electronics Item 0094,Electronics,WH001,North Warehouse 001,North,141,17,319.35,91,1,2026-05-24T00:00:00+07:00
INV-000095,SKU-0095,Home Item 0095,Home,WH001,North Warehouse 001,North,313,69,1083.28,101,1,2026-05-24T00:00:00+07:00
INV-000096,SKU-0096,Grocery Item 0096,Grocery,WH001,North Warehouse 001,North,254,61,1426.47,115,1,2026-05-24T00:00:00+07:00
INV-000097,SKU-0097,Fashion Item 0097,Fashion,WH001,North Warehouse 001,North,443,63,858.34,100,1,2026-05-24T00:00:00+07:00
INV-000098,SKU-0098,Industrial Item 0098,Industrial,WH001,North Warehouse 001,North,156,1,1537.56,112,1,2026-05-24T00:00:00+07:00
INV-000099,SKU-0099,Electronics Item 0099,Electronics,WH001,North Warehouse 001,North,512,32,1720.28,51,1,2026-05-24T00:00:00+07:00
INV-000100,SKU-0100,Home Item 0100,Home,WH001,North Warehouse 001,North,277,52,1523.30,49,1,2026-05-24T00:00:00+07:00
INV-000101,SKU-0101,Grocery Item 0101,Grocery,WH001,North Warehouse 001,North,406,20,2340.88,119,1,2026-05-24T00:00:00+07:00
INV-000102,SKU-0102,Fashion Item 0102,Fashion,WH001,North Warehouse 001,North,241,59,216.94,57,1,2026-05-24T00:00:00+07:00
INV-000103,SKU-0103,Industrial Item 0103,Industrial,WH001,North Warehouse 001,North,116,2,2474.86,33,1,2026-05-24T00:00:00+07:00
INV-000104,SKU-0104,Electronics Item 0104,Electronics,WH001,North Warehouse 001,North,444,23,251.38,51,1,2026-05-24T00:00:00+07:00
INV-000105,SKU-0105,Home Item 0105,Home,WH001,North Warehouse 001,North,581,57,1233.66,64,1,2026-05-24T00:00:00+07:00
INV-000106,SKU-0106,Grocery Item 0106,Grocery,WH001,North Warehouse 001,North,280,51,883.35,31,1,2026-05-24T00:00:00+07:00
INV-000107,SKU-0107,Fashion Item 0107,Fashion,WH001,North Warehouse 001,North,586,58,1142.64,85,1,2026-05-24T00:00:00+07:00
INV-000108,SKU-0108,Industrial Item 0108,Industrial,WH001,North Warehouse 001,North,190,46,2170.59,104,1,2026-05-24T00:00:00+07:00
INV-000109,SKU-0109,Electronics Item 0109,Electronics,WH001,North Warehouse 001,North,692,46,1585.25,98,1,2026-05-24T00:00:00+07:00
INV-000110,SKU-0110,Home Item 0110,Home,WH001,North Warehouse 001,North,697,48,2278.88,48,1,2026-05-24T00:00:00+07:00
INV-000111,SKU-0111,Grocery Item 0111,Grocery,WH001,North Warehouse 001,North,176,38,1885.92,119,1,2026-05-24T00:00:00+07:00
INV-000112,SKU-0112,Fashion Item 0112,Fashion,WH001,North Warehouse 001,North,193,42,619.25,74,1,2026-05-24T00:00:00+07:00
INV-000113,SKU-0113,Industrial Item 0113,Industrial,WH001,North Warehouse 001,North,607,60,1926.57,58,1,2026-05-24T00:00:00+07:00
INV-000114,SKU-0114,Electronics Item 0114,Electronics,WH001,North Warehouse 001,North,424,30,528.94,51,1,2026-05-24T00:00:00+07:00
INV-000115,SKU-0115,Home Item 0115,Home,WH001,North Warehouse 001,North,218,11,1723.37,67,1,2026-05-24T00:00:00+07:00
INV-000116,SKU-0116,Grocery Item 0116,Grocery,WH001,North Warehouse 001,North,128,6,1092.37,35,1,2026-05-24T00:00:00+07:00
INV-000117,SKU-0117,Fashion Item 0117,Fashion,WH001,North Warehouse 001,North,673,8,1400.51,86,1,2026-05-24T00:00:00+07:00
INV-000118,SKU-0118,Industrial Item 0118,Industrial,WH001,North Warehouse 001,North,784,16,1703.63,44,1,2026-05-24T00:00:00+07:00
INV-000119,SKU-0119,Electronics Item 0119,Electronics,WH001,North Warehouse 001,North,553,18,184.10,95,1,2026-05-24T00:00:00+07:00
INV-000120,SKU-0120,Home Item 0120,Home,WH001,North Warehouse 001,North,493,60,1197.23,49,1,2026-05-24T00:00:00+07:00
INV-000121,SKU-0121,Grocery Item 0121,Grocery,WH001,North Warehouse 001,North,557,5,910.89,108,1,2026-05-24T00:00:00+07:00
INV-000122,SKU-0122,Fashion Item 0122,Fashion,WH001,North Warehouse 001,North,623,78,1272.04,30,1,2026-05-24T00:00:00+07:00
INV-000123,SKU-0123,Industrial Item 0123,Industrial,WH001,North Warehouse 001,North,418,31,206.47,120,1,2026-05-24T00:00:00+07:00
INV-000124,SKU-0124,Electronics Item 0124,Electronics,WH001,North Warehouse 001,North,702,13,2486.14,85,1,2026-05-24T00:00:00+07:00
INV-000125,SKU-0125,Home Item 0125,Home,WH001,North Warehouse 001,North,354,64,866.06,64,1,2026-05-24T00:00:00+07:00
INV-000126,SKU-0126,Grocery Item 0126,Grocery,WH001,North Warehouse 001,North,608,37,308.47,113,1,2026-05-24T00:00:00+07:00
INV-000127,SKU-0127,Fashion Item 0127,Fashion,WH001,North Warehouse 001,North,555,80,33.57,35,1,2026-05-24T00:00:00+07:00
INV-000128,SKU-0128,Industrial Item 0128,Industrial,WH001,North Warehouse 001,North,460,2,1838.72,29,1,2026-05-24T00:00:00+07:00
INV-000129,SKU-0129,Electronics Item 0129,Electronics,WH001,North Warehouse 001,North,443,46,2372.68,46,1,2026-05-24T00:00:00+07:00
INV-000130,SKU-0130,Home Item 0130,Home,WH001,North Warehouse 001,North,338,69,1453.85,45,1,2026-05-24T00:00:00+07:00
INV-000131,SKU-0131,Grocery Item 0131,Grocery,WH001,North Warehouse 001,North,536,80,2328.78,94,1,2026-05-24T00:00:00+07:00
INV-000132,SKU-0132,Fashion Item 0132,Fashion,WH001,North Warehouse 001,North,411,63,163.14,108,1,2026-05-24T00:00:00+07:00
INV-000133,SKU-0133,Industrial Item 0133,Industrial,WH001,North Warehouse 001,North,582,79,1067.84,111,1,2026-05-24T00:00:00+07:00
INV-000134,SKU-0134,Electronics Item 0134,Electronics,WH001,North Warehouse 001,North,652,24,1404.31,120,1,2026-05-24T00:00:00+07:00
INV-000135,SKU-0135,Home Item 0135,Home,WH001,North Warehouse 001,North,563,9,935.94,111,1,2026-05-24T00:00:00+07:00
INV-000136,SKU-0136,Grocery Item 0136,Grocery,WH001,North Warehouse 001,North,286,24,330.27,36,1,2026-05-24T00:00:00+07:00
INV-000137,SKU-0137,Fashion Item 0137,Fashion,WH001,North Warehouse 001,North,582,61,2070.41,111,1,2026-05-24T00:00:00+07:00
INV-000138,SKU-0138,Industrial Item 0138,Industrial,WH001,North Warehouse 001,North,126,30,1841.14,47,1,2026-05-24T00:00:00+07:00
INV-000139,SKU-0139,Electronics Item 0139,Electronics,WH001,North Warehouse 001,North,616,22,1684.43,55,1,2026-05-24T00:00:00+07:00
INV-000140,SKU-0140,Home Item 0140,Home,WH001,North Warehouse 001,North,655,68,2378.83,25,1,2026-05-24T00:00:00+07:00
INV-000141,SKU-0141,Grocery Item 0141,Grocery,WH001,North Warehouse 001,North,633,5,2170.60,42,1,2026-05-24T00:00:00+07:00
INV-000142,SKU-0142,Fashion Item 0142,Fashion,WH001,North Warehouse 001,North,564,41,1939.90,92,1,2026-05-24T00:00:00+07:00
INV-000143,SKU-0143,Industrial Item 0143,Industrial,WH001,North Warehouse 001,North,703,66,1082.83,79,1,2026-05-24T00:00:00+07:00
INV-000144,SKU-0144,Electronics Item 0144,Electronics,WH001,North Warehouse 001,North,409,57,1431.62,87,1,2026-05-24T00:00:00+07:00
INV-000145,SKU-0145,Home Item 0145,Home,WH001,North Warehouse 001,North,388,46,2396.92,98,1,2026-05-24T00:00:00+07:00
INV-000146,SKU-0146,Grocery Item 0146,Grocery,WH001,North Warehouse 001,North,390,58,1336.00,34,1,2026-05-24T00:00:00+07:00
INV-000147,SKU-0147,Fashion Item 0147,Fashion,WH001,North Warehouse 001,North,594,10,2209.32,101,1,2026-05-24T00:00:00+07:00
INV-000148,SKU-0148,Industrial Item 0148,Industrial,WH001,North Warehouse 001,North,474,48,2143.07,58,1,2026-05-24T00:00:00+07:00
INV-000149,SKU-0149,Electronics Item 0149,Electronics,WH001,North Warehouse 001,North,121,1,1094.97,107,1,2026-05-24T00:00:00+07:00
INV-000150,SKU-0150,Home Item 0150,Home,WH001,North Warehouse 001,North,377,24,1109.08,97,1,2026-05-24T00:00:00+07:00
INV-000151,SKU-0151,Grocery Item 0151,Grocery,WH001,North Warehouse 001,North,468,5,1766.93,85,1,2026-05-24T00:00:00+07:00
INV-000152,SKU-0152,Fashion Item 0152,Fashion,WH001,North Warehouse 001,North,645,41,307.24,109,1,2026-05-24T00:00:00+07:00
INV-000153,SKU-0153,Industrial Item 0153,Industrial,WH001,North Warehouse 001,North,281,34,580.12,93,1,2026-05-24T00:00:00+07:00
INV-000154,SKU-0154,Electronics Item 0154,Electronics,WH001,North Warehouse 001,North,178,35,347.73,101,1,2026-05-24T00:00:00+07:00
INV-000155,SKU-0155,Home Item 0155,Home,WH001,North Warehouse 001,North,268,41,299.50,119,1,2026-05-24T00:00:00+07:00
INV-000156,SKU-0156,Grocery Item 0156,Grocery,WH001,North Warehouse 001,North,188,7,2389.16,101,1,2026-05-24T00:00:00+07:00
INV-000157,SKU-0157,Fashion Item 0157,Fashion,WH001,North Warehouse 001,North,122,21,2450.43,65,1,2026-05-24T00:00:00+07:00
INV-000158,SKU-0158,Industrial Item 0158,Industrial,WH001,North Warehouse 001,North,322,43,1574.65,28,1,2026-05-24T00:00:00+07:00
INV-000159,SKU-0159,Electronics Item 0159,Electronics,WH001,North Warehouse 001,North,643,9,2323.49,89,1,2026-05-24T00:00:00+07:00
INV-000160,SKU-0160,Home Item 0160,Home,WH001,North Warehouse 001,North,388,18,2306.15,25,1,2026-05-24T00:00:00+07:00
INV-000161,SKU-0161,Grocery Item 0161,Grocery,WH001,North Warehouse 001,North,535,46,1062.65,31,1,2026-05-24T00:00:00+07:00
INV-000162,SKU-0162,Fashion Item 0162,Fashion,WH001,North Warehouse 001,North,402,43,1703.50,78,1,2026-05-24T00:00:00+07:00
INV-000163,SKU-0163,Industrial Item 0163,Industrial,WH001,North Warehouse 001,North,84,21,641.53,31,1,2026-05-24T00:00:00+07:00
INV-000164,SKU-0164,Electronics Item 0164,Electronics,WH001,North Warehouse 001,North,357,77,826.54,109,1,2026-05-24T00:00:00+07:00
INV-000165,SKU-0165,Home Item 0165,Home,WH001,North Warehouse 001,North,564,21,2061.83,50,1,2026-05-24T00:00:00+07:00
INV-000166,SKU-0166,Grocery Item 0166,Grocery,WH001,North Warehouse 001,North,664,63,181.12,100,1,2026-05-24T00:00:00+07:00
INV-000167,SKU-0167,Fashion Item 0167,Fashion,WH001,North Warehouse 001,North,772,13,2413.05,37,1,2026-05-24T00:00:00+07:00
INV-000168,SKU-0168,Industrial Item 0168,Industrial,WH001,North Warehouse 001,North,107,26,1667.92,45,1,2026-05-24T00:00:00+07:00
INV-000169,SKU-0169,Electronics Item 0169,Electronics,WH001,North Warehouse 001,North,378,66,770.27,118,1,2026-05-24T00:00:00+07:00
INV-000170,SKU-0170,Home Item 0170,Home,WH001,North Warehouse 001,North,670,6,707.94,70,1,2026-05-24T00:00:00+07:00
INV-000171,SKU-0171,Grocery Item 0171,Grocery,WH001,North Warehouse 001,North,357,39,1991.80,28,1,2026-05-24T00:00:00+07:00
INV-000172,SKU-0172,Fashion Item 0172,Fashion,WH001,North Warehouse 001,North,518,63,1046.51,86,1,2026-05-24T00:00:00+07:00
INV-000173,SKU-0173,Industrial Item 0173,Industrial,WH001,North Warehouse 001,North,140,27,1613.21,79,1,2026-05-24T00:00:00+07:00
INV-000174,SKU-0174,Electronics Item 0174,Electronics,WH001,North Warehouse 001,North,311,7,1111.96,101,1,2026-05-24T00:00:00+07:00
INV-000175,SKU-0175,Home Item 0175,Home,WH001,North Warehouse 001,North,465,4,485.50,70,1,2026-05-24T00:00:00+07:00
INV-000176,SKU-0176,Grocery Item 0176,Grocery,WH001,North Warehouse 001,North,285,34,955.62,41,1,2026-05-24T00:00:00+07:00
INV-000177,SKU-0177,Fashion Item 0177,Fashion,WH001,North Warehouse 001,North,495,48,1926.23,58,1,2026-05-24T00:00:00+07:00
INV-000178,SKU-0178,Industrial Item 0178,Industrial,WH001,North Warehouse 001,North,164,8,270.65,108,1,2026-05-24T00:00:00+07:00
INV-000179,SKU-0179,Electronics Item 0179,Electronics,WH001,North Warehouse 001,North,728,63,1425.24,35,1,2026-05-24T00:00:00+07:00
INV-000180,SKU-0180,Home Item 0180,Home,WH001,North Warehouse 001,North,374,36,1065.11,80,1,2026-05-24T00:00:00+07:00
INV-000181,SKU-0181,Grocery Item 0181,Grocery,WH001,North Warehouse 001,North,675,79,1905.02,77,1,2026-05-24T00:00:00+07:00
INV-000182,SKU-0182,Fashion Item 0182,Fashion,WH001,North Warehouse 001,North,329,17,2358.68,39,1,2026-05-24T00:00:00+07:00
INV-000183,SKU-0183,Industrial Item 0183,Industrial,WH001,North Warehouse 001,North,709,6,1697.86,33,1,2026-05-24T00:00:00+07:00
INV-000184,SKU-0184,Electronics Item 0184,Electronics,WH001,North Warehouse 001,North,215,14,450.81,99,1,2026-05-24T00:00:00+07:00
INV-000185,SKU-0185,Home Item 0185,Home,WH001,North Warehouse 001,North,303,12,1581.63,114,1,2026-05-24T00:00:00+07:00
INV-000186,SKU-0186,Grocery Item 0186,Grocery,WH001,North Warehouse 001,North,640,62,83.46,59,1,2026-05-24T00:00:00+07:00
INV-000187,SKU-0187,Fashion Item 0187,Fashion,WH001,North Warehouse 001,North,440,65,1254.35,107,1,2026-05-24T00:00:00+07:00
INV-000188,SKU-0188,Industrial Item 0188,Industrial,WH001,North Warehouse 001,North,589,38,1663.63,52,1,2026-05-24T00:00:00+07:00
INV-000189,SKU-0189,Electronics Item 0189,Electronics,WH001,North Warehouse 001,North,568,47,1468.02,60,1,2026-05-24T00:00:00+07:00
INV-000190,SKU-0190,Home Item 0190,Home,WH001,North Warehouse 001,North,263,14,108.25,117,1,2026-05-24T00:00:00+07:00
INV-000191,SKU-0191,Grocery Item 0191,Grocery,WH001,North Warehouse 001,North,332,3,400.70,112,1,2026-05-24T00:00:00+07:00
INV-000192,SKU-0192,Fashion Item 0192,Fashion,WH001,North Warehouse 001,North,120,4,1207.78,82,1,2026-05-24T00:00:00+07:00
INV-000193,SKU-0193,Industrial Item 0193,Industrial,WH001,North Warehouse 001,North,487,52,2197.23,64,1,2026-05-24T00:00:00+07:00
INV-000194,SKU-0194,Electronics Item 0194,Electronics,WH001,North Warehouse 001,North,492,75,1451.00,32,1,2026-05-24T00:00:00+07:00
INV-000195,SKU-0195,Home Item 0195,Home,WH001,North Warehouse 001,North,527,1,1294.25,77,1,2026-05-24T00:00:00+07:00
INV-000196,SKU-0196,Grocery Item 0196,Grocery,WH001,North Warehouse 001,North,412,3,1491.54,57,1,2026-05-24T00:00:00+07:00
INV-000197,SKU-0197,Fashion Item 0197,Fashion,WH001,North Warehouse 001,North,528,3,2182.10,101,1,2026-05-24T00:00:00+07:00
INV-000198,SKU-0198,Industrial Item 0198,Industrial,WH001,North Warehouse 001,North,632,36,118.67,107,1,2026-05-24T00:00:00+07:00
INV-000199,SKU-0199,Electronics Item 0199,Electronics,WH001,North Warehouse 001,North,583,62,694.21,48,1,2026-05-24T00:00:00+07:00
INV-000200,SKU-0200,Home Item 0200,Home,WH001,North Warehouse 001,North,397,75,177.26,99,1,2026-05-24T00:00:00+07:00
INV-000201,SKU-0201,Grocery Item 0201,Grocery,WH001,North Warehouse 001,North,97,10,2103.31,116,1,2026-05-24T00:00:00+07:00
INV-000202,SKU-0202,Fashion Item 0202,Fashion,WH001,North Warehouse 001,North,716,74,464.80,89,1,2026-05-24T00:00:00+07:00
INV-000203,SKU-0203,Industrial Item 0203,Industrial,WH001,North Warehouse 001,North,686,35,35.28,96,1,2026-05-24T00:00:00+07:00
INV-000204,SKU-0204,Electronics Item 0204,Electronics,WH001,North Warehouse 001,North,239,58,201.43,65,1,2026-05-24T00:00:00+07:00
INV-000205,SKU-0205,Home Item 0205,Home,WH001,North Warehouse 001,North,327,30,42.27,100,1,2026-05-24T00:00:00+07:00
INV-000206,SKU-0206,Grocery Item 0206,Grocery,WH001,North Warehouse 001,North,423,11,1479.27,80,1,2026-05-24T00:00:00+07:00
INV-000207,SKU-0207,Fashion Item 0207,Fashion,WH001,North Warehouse 001,North,380,11,590.27,42,1,2026-05-24T00:00:00+07:00
INV-000208,SKU-0208,Industrial Item 0208,Industrial,WH001,North Warehouse 001,North,644,72,184.17,97,1,2026-05-24T00:00:00+07:00
INV-000209,SKU-0209,Electronics Item 0209,Electronics,WH001,North Warehouse 001,North,694,73,2098.43,99,1,2026-05-24T00:00:00+07:00
INV-000210,SKU-0210,Home Item 0210,Home,WH001,North Warehouse 001,North,333,30,87.06,90,1,2026-05-24T00:00:00+07:00
INV-000211,SKU-0211,Grocery Item 0211,Grocery,WH001,North Warehouse 001,North,172,42,908.02,83,1,2026-05-24T00:00:00+07:00
INV-000212,SKU-0212,Fashion Item 0212,Fashion,WH001,North Warehouse 001,North,220,6,970.63,88,1,2026-05-24T00:00:00+07:00
INV-000213,SKU-0213,Industrial Item 0213,Industrial,WH001,North Warehouse 001,North,277,14,2291.48,65,1,2026-05-24T00:00:00+07:00
INV-000214,SKU-0214,Electronics Item 0214,Electronics,WH001,North Warehouse 001,North,221,42,832.93,73,1,2026-05-24T00:00:00+07:00
INV-000215,SKU-0215,Home Item 0215,Home,WH001,North Warehouse 001,North,694,53,1720.43,62,1,2026-05-24T00:00:00+07:00
INV-000216,SKU-0216,Grocery Item 0216,Grocery,WH001,North Warehouse 001,North,500,72,495.83,79,1,2026-05-24T00:00:00+07:00
INV-000217,SKU-0217,Fashion Item 0217,Fashion,WH001,North Warehouse 001,North,410,50,2070.35,33,1,2026-05-24T00:00:00+07:00
INV-000218,SKU-0218,Industrial Item 0218,Industrial,WH001,North Warehouse 001,North,278,6,1212.01,102,1,2026-05-24T00:00:00+07:00
INV-000219,SKU-0219,Electronics Item 0219,Electronics,WH001,North Warehouse 001,North,586,61,2051.28,111,1,2026-05-24T00:00:00+07:00
INV-000220,SKU-0220,Home Item 0220,Home,WH001,North Warehouse 001,North,576,45,1871.15,84,1,2026-05-24T00:00:00+07:00
INV-000221,SKU-0221,Grocery Item 0221,Grocery,WH001,North Warehouse 001,North,744,23,1002.92,111,1,2026-05-24T00:00:00+07:00
INV-000222,SKU-0222,Fashion Item 0222,Fashion,WH001,North Warehouse 001,North,530,58,2479.45,46,1,2026-05-24T00:00:00+07:00
INV-000223,SKU-0223,Industrial Item 0223,Industrial,WH001,North Warehouse 001,North,496,51,2251.47,88,1,2026-05-24T00:00:00+07:00
INV-000224,SKU-0224,Electronics Item 0224,Electronics,WH001,North Warehouse 001,North,312,27,740.25,68,1,2026-05-24T00:00:00+07:00
INV-000225,SKU-0225,Home Item 0225,Home,WH001,North Warehouse 001,North,766,38,2164.28,104,1,2026-05-24T00:00:00+07:00
INV-000226,SKU-0226,Grocery Item 0226,Grocery,WH001,North Warehouse 001,North,758,64,808.29,97,1,2026-05-24T00:00:00+07:00
INV-000227,SKU-0227,Fashion Item 0227,Fashion,WH001,North Warehouse 001,North,684,70,171.25,55,1,2026-05-24T00:00:00+07:00
INV-000228,SKU-0228,Industrial Item 0228,Industrial,WH001,North Warehouse 001,North,285,25,1681.49,104,1,2026-05-24T00:00:00+07:00
INV-000229,SKU-0229,Electronics Item 0229,Electronics,WH001,North Warehouse 001,North,256,8,1714.39,82,1,2026-05-24T00:00:00+07:00
INV-000230,SKU-0230,Home Item 0230,Home,WH001,North Warehouse 001,North,761,53,1724.82,118,1,2026-05-24T00:00:00+07:00
INV-000231,SKU-0231,Grocery Item 0231,Grocery,WH001,North Warehouse 001,North,713,50,2243.06,100,1,2026-05-24T00:00:00+07:00
INV-000232,SKU-0232,Fashion Item 0232,Fashion,WH001,North Warehouse 001,North,742,12,1951.24,54,1,2026-05-24T00:00:00+07:00
INV-000233,SKU-0233,Industrial Item 0233,Industrial,WH001,North Warehouse 001,North,770,16,744.68,104,1,2026-05-24T00:00:00+07:00
INV-000234,SKU-0234,Electronics Item 0234,Electronics,WH001,North Warehouse 001,North,774,44,1331.30,106,1,2026-05-24T00:00:00+07:00
INV-000235,SKU-0235,Home Item 0235,Home,WH001,North Warehouse 001,North,759,51,893.86,65,1,2026-05-24T00:00:00+07:00
INV-000236,SKU-0236,Grocery Item 0236,Grocery,WH001,North Warehouse 001,North,296,2,2303.58,85,1,2026-05-24T00:00:00+07:00
INV-000237,SKU-0237,Fashion Item 0237,Fashion,WH001,North Warehouse 001,North,608,25,1650.86,90,1,2026-05-24T00:00:00+07:00
INV-000238,SKU-0238,Industrial Item 0238,Industrial,WH001,North Warehouse 001,North,356,10,524.59,57,1,2026-05-24T00:00:00+07:00
INV-000239,SKU-0239,Electronics Item 0239,Electronics,WH001,North Warehouse 001,North,214,0,2477.42,69,1,2026-05-24T00:00:00+07:00
INV-000240,SKU-0240,Home Item 0240,Home,WH001,North Warehouse 001,North,307,48,1186.86,54,1,2026-05-24T00:00:00+07:00
INV-000241,SKU-0241,Grocery Item 0241,Grocery,WH001,North Warehouse 001,North,564,37,819.76,79,1,2026-05-24T00:00:00+07:00
INV-000242,SKU-0242,Fashion Item 0242,Fashion,WH001,North Warehouse 001,North,785,30,2293.78,120,1,2026-05-24T00:00:00+07:00
INV-000243,SKU-0243,Industrial Item 0243,Industrial,WH001,North Warehouse 001,North,313,2,904.73,52,1,2026-05-24T00:00:00+07:00
INV-000244,SKU-0244,Electronics Item 0244,Electronics,WH001,North Warehouse 001,North,779,30,1547.18,105,1,2026-05-24T00:00:00+07:00
INV-000245,SKU-0245,Home Item 0245,Home,WH001,North Warehouse 001,North,545,30,500.41,68,1,2026-05-24T00:00:00+07:00
INV-000246,SKU-0246,Grocery Item 0246,Grocery,WH001,North Warehouse 001,North,735,69,1963.62,29,1,2026-05-24T00:00:00+07:00
INV-000247,SKU-0247,Fashion Item 0247,Fashion,WH001,North Warehouse 001,North,368,43,1768.56,79,1,2026-05-24T00:00:00+07:00
INV-000248,SKU-0248,Industrial Item 0248,Industrial,WH001,North Warehouse 001,North,233,37,442.41,70,1,2026-05-24T00:00:00+07:00
INV-000249,SKU-0249,Electronics Item 0249,Electronics,WH001,North Warehouse 001,North,184,4,1931.97,105,1,2026-05-24T00:00:00+07:00
INV-000250,SKU-0250,Home Item 0250,Home,WH001,North Warehouse 001,North,216,44,1321.03,104,1,2026-05-24T00:00:00+07:00
INV-000251,SKU-0001,Fashion Item 0001,Fashion,WH002,North Warehouse 002,North,592,49,1041.18,51,1,2026-05-24T00:00:00+07:00
INV-000252,SKU-0002,Industrial Item 0002,Industrial,WH002,North Warehouse 002,North,205,11,2249.86,73,1,2026-05-24T00:00:00+07:00
INV-000253,SKU-0003,Electronics Item 0003,Electronics,WH002,North Warehouse 002,North,315,35,2407.81,83,1,2026-05-24T00:00:00+07:00
INV-000254,SKU-0004,Home Item 0004,Home,WH002,North Warehouse 002,North,159,36,1146.01,107,1,2026-05-24T00:00:00+07:00
INV-000255,SKU-0005,Grocery Item 0005,Grocery,WH002,North Warehouse 002,North,437,10,1392.91,108,1,2026-05-24T00:00:00+07:00
INV-000256,SKU-0006,Fashion Item 0006,Fashion,WH002,North Warehouse 002,North,229,29,549.77,93,1,2026-05-24T00:00:00+07:00
INV-000257,SKU-0007,Industrial Item 0007,Industrial,WH002,North Warehouse 002,North,116,29,7.56,95,1,2026-05-24T00:00:00+07:00
INV-000258,SKU-0008,Electronics Item 0008,Electronics,WH002,North Warehouse 002,North,642,60,2354.35,102,1,2026-05-24T00:00:00+07:00
INV-000259,SKU-0009,Home Item 0009,Home,WH002,North Warehouse 002,North,466,8,1975.35,84,1,2026-05-24T00:00:00+07:00
INV-000260,SKU-0010,Grocery Item 0010,Grocery,WH002,North Warehouse 002,North,584,31,2269.63,71,1,2026-05-24T00:00:00+07:00
INV-000261,SKU-0011,Fashion Item 0011,Fashion,WH002,North Warehouse 002,North,777,65,164.33,62,1,2026-05-24T00:00:00+07:00
INV-000262,SKU-0012,Industrial Item 0012,Industrial,WH002,North Warehouse 002,North,333,12,443.55,75,1,2026-05-24T00:00:00+07:00
INV-000263,SKU-0013,Electronics Item 0013,Electronics,WH002,North Warehouse 002,North,478,63,1990.44,72,1,2026-05-24T00:00:00+07:00
INV-000264,SKU-0014,Home Item 0014,Home,WH002,North Warehouse 002,North,560,70,2456.09,32,1,2026-05-24T00:00:00+07:00
INV-000265,SKU-0015,Grocery Item 0015,Grocery,WH002,North Warehouse 002,North,411,69,1881.66,92,1,2026-05-24T00:00:00+07:00
INV-000266,SKU-0016,Fashion Item 0016,Fashion,WH002,North Warehouse 002,North,272,0,2367.22,34,1,2026-05-24T00:00:00+07:00
INV-000267,SKU-0017,Industrial Item 0017,Industrial,WH002,North Warehouse 002,North,228,2,1059.52,40,1,2026-05-24T00:00:00+07:00
INV-000268,SKU-0018,Electronics Item 0018,Electronics,WH002,North Warehouse 002,North,427,49,943.23,56,1,2026-05-24T00:00:00+07:00
INV-000269,SKU-0019,Home Item 0019,Home,WH002,North Warehouse 002,North,410,9,2153.23,52,1,2026-05-24T00:00:00+07:00
INV-000270,SKU-0020,Grocery Item 0020,Grocery,WH002,North Warehouse 002,North,351,58,300.65,109,1,2026-05-24T00:00:00+07:00
INV-000271,SKU-0021,Fashion Item 0021,Fashion,WH002,North Warehouse 002,North,424,79,1243.67,54,1,2026-05-24T00:00:00+07:00
INV-000272,SKU-0022,Industrial Item 0022,Industrial,WH002,North Warehouse 002,North,352,60,96.81,111,1,2026-05-24T00:00:00+07:00
INV-000273,SKU-0023,Electronics Item 0023,Electronics,WH002,North Warehouse 002,North,199,20,1650.53,96,1,2026-05-24T00:00:00+07:00
INV-000274,SKU-0024,Home Item 0024,Home,WH002,North Warehouse 002,North,376,70,1599.69,113,1,2026-05-24T00:00:00+07:00
INV-000275,SKU-0025,Grocery Item 0025,Grocery,WH002,North Warehouse 002,North,581,52,78.53,65,1,2026-05-24T00:00:00+07:00
INV-000276,SKU-0026,Fashion Item 0026,Fashion,WH002,North Warehouse 002,North,423,80,423.71,108,1,2026-05-24T00:00:00+07:00
INV-000277,SKU-0027,Industrial Item 0027,Industrial,WH002,North Warehouse 002,North,174,29,1218.71,73,1,2026-05-24T00:00:00+07:00
INV-000278,SKU-0028,Electronics Item 0028,Electronics,WH002,North Warehouse 002,North,290,67,853.79,110,1,2026-05-24T00:00:00+07:00
INV-000279,SKU-0029,Home Item 0029,Home,WH002,North Warehouse 002,North,281,0,128.56,106,1,2026-05-24T00:00:00+07:00
INV-000280,SKU-0030,Grocery Item 0030,Grocery,WH002,North Warehouse 002,North,204,26,2238.90,30,1,2026-05-24T00:00:00+07:00
INV-000281,SKU-0031,Fashion Item 0031,Fashion,WH002,North Warehouse 002,North,584,44,146.57,96,1,2026-05-24T00:00:00+07:00
INV-000282,SKU-0032,Industrial Item 0032,Industrial,WH002,North Warehouse 002,North,564,35,1504.89,83,1,2026-05-24T00:00:00+07:00
INV-000283,SKU-0033,Electronics Item 0033,Electronics,WH002,North Warehouse 002,North,245,54,2312.11,94,1,2026-05-24T00:00:00+07:00
INV-000284,SKU-0034,Home Item 0034,Home,WH002,North Warehouse 002,North,173,17,1432.62,59,1,2026-05-24T00:00:00+07:00
INV-000285,SKU-0035,Grocery Item 0035,Grocery,WH002,North Warehouse 002,North,318,42,890.84,111,1,2026-05-24T00:00:00+07:00
INV-000286,SKU-0036,Fashion Item 0036,Fashion,WH002,North Warehouse 002,North,142,6,1689.52,73,1,2026-05-24T00:00:00+07:00
INV-000287,SKU-0037,Industrial Item 0037,Industrial,WH002,North Warehouse 002,North,713,70,1247.24,106,1,2026-05-24T00:00:00+07:00
INV-000288,SKU-0038,Electronics Item 0038,Electronics,WH002,North Warehouse 002,North,307,5,186.30,97,1,2026-05-24T00:00:00+07:00
INV-000289,SKU-0039,Home Item 0039,Home,WH002,North Warehouse 002,North,152,34,430.49,112,1,2026-05-24T00:00:00+07:00
INV-000290,SKU-0040,Grocery Item 0040,Grocery,WH002,North Warehouse 002,North,376,14,1642.10,51,1,2026-05-24T00:00:00+07:00
INV-000291,SKU-0041,Fashion Item 0041,Fashion,WH002,North Warehouse 002,North,398,41,57.10,99,1,2026-05-24T00:00:00+07:00
INV-000292,SKU-0042,Industrial Item 0042,Industrial,WH002,North Warehouse 002,North,742,33,1065.01,109,1,2026-05-24T00:00:00+07:00
INV-000293,SKU-0043,Electronics Item 0043,Electronics,WH002,North Warehouse 002,North,307,43,193.25,96,1,2026-05-24T00:00:00+07:00
INV-000294,SKU-0044,Home Item 0044,Home,WH002,North Warehouse 002,North,132,1,1005.63,56,1,2026-05-24T00:00:00+07:00
INV-000295,SKU-0045,Grocery Item 0045,Grocery,WH002,North Warehouse 002,North,702,15,743.13,86,1,2026-05-24T00:00:00+07:00
INV-000296,SKU-0046,Fashion Item 0046,Fashion,WH002,North Warehouse 002,North,570,43,387.70,26,1,2026-05-24T00:00:00+07:00
INV-000297,SKU-0047,Industrial Item 0047,Industrial,WH002,North Warehouse 002,North,482,11,33.04,88,1,2026-05-24T00:00:00+07:00
INV-000298,SKU-0048,Electronics Item 0048,Electronics,WH002,North Warehouse 002,North,589,42,1512.04,66,1,2026-05-24T00:00:00+07:00
INV-000299,SKU-0049,Home Item 0049,Home,WH002,North Warehouse 002,North,727,40,187.19,70,1,2026-05-24T00:00:00+07:00
INV-000300,SKU-0050,Grocery Item 0050,Grocery,WH002,North Warehouse 002,North,130,18,2202.40,114,1,2026-05-24T00:00:00+07:00
INV-000301,SKU-0051,Fashion Item 0051,Fashion,WH002,North Warehouse 002,North,170,41,1043.95,98,1,2026-05-24T00:00:00+07:00
INV-000302,SKU-0052,Industrial Item 0052,Industrial,WH002,North Warehouse 002,North,403,49,1839.49,110,1,2026-05-24T00:00:00+07:00
INV-000303,SKU-0053,Electronics Item 0053,Electronics,WH002,North Warehouse 002,North,295,29,2322.83,85,1,2026-05-24T00:00:00+07:00
INV-000304,SKU-0054,Home Item 0054,Home,WH002,North Warehouse 002,North,264,53,390.89,25,1,2026-05-24T00:00:00+07:00
INV-000305,SKU-0055,Grocery Item 0055,Grocery,WH002,North Warehouse 002,North,743,46,2094.85,109,1,2026-05-24T00:00:00+07:00
INV-000306,SKU-0056,Fashion Item 0056,Fashion,WH002,North Warehouse 002,North,797,72,1178.91,76,1,2026-05-24T00:00:00+07:00
INV-000307,SKU-0057,Industrial Item 0057,Industrial,WH002,North Warehouse 002,North,626,57,1002.97,102,1,2026-05-24T00:00:00+07:00
INV-000308,SKU-0058,Electronics Item 0058,Electronics,WH002,North Warehouse 002,North,708,21,1370.80,103,1,2026-05-24T00:00:00+07:00
INV-000309,SKU-0059,Home Item 0059,Home,WH002,North Warehouse 002,North,784,39,1398.87,34,1,2026-05-24T00:00:00+07:00
INV-000310,SKU-0060,Grocery Item 0060,Grocery,WH002,North Warehouse 002,North,731,38,2100.51,116,1,2026-05-24T00:00:00+07:00
INV-000311,SKU-0061,Fashion Item 0061,Fashion,WH002,North Warehouse 002,North,172,25,95.39,25,1,2026-05-24T00:00:00+07:00
INV-000312,SKU-0062,Industrial Item 0062,Industrial,WH002,North Warehouse 002,North,337,71,451.97,113,1,2026-05-24T00:00:00+07:00
INV-000313,SKU-0063,Electronics Item 0063,Electronics,WH002,North Warehouse 002,North,400,68,1986.96,53,1,2026-05-24T00:00:00+07:00
INV-000314,SKU-0064,Home Item 0064,Home,WH002,North Warehouse 002,North,471,11,1203.86,47,1,2026-05-24T00:00:00+07:00
INV-000315,SKU-0065,Grocery Item 0065,Grocery,WH002,North Warehouse 002,North,338,1,423.79,89,1,2026-05-24T00:00:00+07:00
INV-000316,SKU-0066,Fashion Item 0066,Fashion,WH002,North Warehouse 002,North,139,23,1526.26,56,1,2026-05-24T00:00:00+07:00
INV-000317,SKU-0067,Industrial Item 0067,Industrial,WH002,North Warehouse 002,North,338,4,1663.85,73,1,2026-05-24T00:00:00+07:00
INV-000318,SKU-0068,Electronics Item 0068,Electronics,WH002,North Warehouse 002,North,790,9,1476.95,47,1,2026-05-24T00:00:00+07:00
INV-000319,SKU-0069,Home Item 0069,Home,WH002,North Warehouse 002,North,518,66,1451.56,51,1,2026-05-24T00:00:00+07:00
INV-000320,SKU-0070,Grocery Item 0070,Grocery,WH002,North Warehouse 002,North,93,9,1841.23,100,1,2026-05-24T00:00:00+07:00
INV-000321,SKU-0071,Fashion Item 0071,Fashion,WH002,North Warehouse 002,North,623,31,939.49,88,1,2026-05-24T00:00:00+07:00
INV-000322,SKU-0072,Industrial Item 0072,Industrial,WH002,North Warehouse 002,North,531,25,1919.98,101,1,2026-05-24T00:00:00+07:00
INV-000323,SKU-0073,Electronics Item 0073,Electronics,WH002,North Warehouse 002,North,237,48,573.28,95,1,2026-05-24T00:00:00+07:00
INV-000324,SKU-0074,Home Item 0074,Home,WH002,North Warehouse 002,North,600,66,444.94,109,1,2026-05-24T00:00:00+07:00
INV-000325,SKU-0075,Grocery Item 0075,Grocery,WH002,North Warehouse 002,North,502,6,964.19,29,1,2026-05-24T00:00:00+07:00
INV-000326,SKU-0076,Fashion Item 0076,Fashion,WH002,North Warehouse 002,North,247,31,1240.95,107,1,2026-05-24T00:00:00+07:00
INV-000327,SKU-0077,Industrial Item 0077,Industrial,WH002,North Warehouse 002,North,514,11,1629.39,55,1,2026-05-24T00:00:00+07:00
INV-000328,SKU-0078,Electronics Item 0078,Electronics,WH002,North Warehouse 002,North,617,27,2317.53,55,1,2026-05-24T00:00:00+07:00
INV-000329,SKU-0079,Home Item 0079,Home,WH002,North Warehouse 002,North,470,35,2337.16,44,1,2026-05-24T00:00:00+07:00
INV-000330,SKU-0080,Grocery Item 0080,Grocery,WH002,North Warehouse 002,North,547,11,1096.13,120,1,2026-05-24T00:00:00+07:00
INV-000331,SKU-0081,Fashion Item 0081,Fashion,WH002,North Warehouse 002,North,271,64,2413.39,92,1,2026-05-24T00:00:00+07:00
INV-000332,SKU-0082,Industrial Item 0082,Industrial,WH002,North Warehouse 002,North,320,56,1999.92,60,1,2026-05-24T00:00:00+07:00
INV-000333,SKU-0083,Electronics Item 0083,Electronics,WH002,North Warehouse 002,North,782,80,437.25,73,1,2026-05-24T00:00:00+07:00
INV-000334,SKU-0084,Home Item 0084,Home,WH002,North Warehouse 002,North,494,11,307.54,51,1,2026-05-24T00:00:00+07:00
INV-000335,SKU-0085,Grocery Item 0085,Grocery,WH002,North Warehouse 002,North,548,68,2129.92,81,1,2026-05-24T00:00:00+07:00
INV-000336,SKU-0086,Fashion Item 0086,Fashion,WH002,North Warehouse 002,North,284,13,1179.40,42,1,2026-05-24T00:00:00+07:00
INV-000337,SKU-0087,Industrial Item 0087,Industrial,WH002,North Warehouse 002,North,243,4,1090.47,90,1,2026-05-24T00:00:00+07:00
INV-000338,SKU-0088,Electronics Item 0088,Electronics,WH002,North Warehouse 002,North,203,1,2467.41,60,1,2026-05-24T00:00:00+07:00
INV-000339,SKU-0089,Home Item 0089,Home,WH002,North Warehouse 002,North,252,10,773.35,116,1,2026-05-24T00:00:00+07:00
INV-000340,SKU-0090,Grocery Item 0090,Grocery,WH002,North Warehouse 002,North,320,62,216.46,107,1,2026-05-24T00:00:00+07:00
INV-000341,SKU-0091,Fashion Item 0091,Fashion,WH002,North Warehouse 002,North,344,62,324.64,110,1,2026-05-24T00:00:00+07:00
INV-000342,SKU-0092,Industrial Item 0092,Industrial,WH002,North Warehouse 002,North,237,15,157.30,44,1,2026-05-24T00:00:00+07:00
INV-000343,SKU-0093,Electronics Item 0093,Electronics,WH002,North Warehouse 002,North,740,70,1452.66,92,1,2026-05-24T00:00:00+07:00
INV-000344,SKU-0094,Home Item 0094,Home,WH002,North Warehouse 002,North,202,44,2474.56,54,1,2026-05-24T00:00:00+07:00
INV-000345,SKU-0095,Grocery Item 0095,Grocery,WH002,North Warehouse 002,North,312,48,1219.00,47,1,2026-05-24T00:00:00+07:00
INV-000346,SKU-0096,Fashion Item 0096,Fashion,WH002,North Warehouse 002,North,268,0,55.74,97,1,2026-05-24T00:00:00+07:00
INV-000347,SKU-0097,Industrial Item 0097,Industrial,WH002,North Warehouse 002,North,724,39,1105.92,75,1,2026-05-24T00:00:00+07:00
INV-000348,SKU-0098,Electronics Item 0098,Electronics,WH002,North Warehouse 002,North,565,67,1189.46,116,1,2026-05-24T00:00:00+07:00
INV-000349,SKU-0099,Home Item 0099,Home,WH002,North Warehouse 002,North,157,28,1152.28,109,1,2026-05-24T00:00:00+07:00
INV-000350,SKU-0100,Grocery Item 0100,Grocery,WH002,North Warehouse 002,North,182,43,1560.14,42,1,2026-05-24T00:00:00+07:00
INV-000351,SKU-0101,Fashion Item 0101,Fashion,WH002,North Warehouse 002,North,148,30,996.24,64,1,2026-05-24T00:00:00+07:00
INV-000352,SKU-0102,Industrial Item 0102,Industrial,WH002,North Warehouse 002,North,761,31,1824.38,107,1,2026-05-24T00:00:00+07:00
INV-000353,SKU-0103,Electronics Item 0103,Electronics,WH002,North Warehouse 002,North,382,37,1144.35,55,1,2026-05-24T00:00:00+07:00
INV-000354,SKU-0104,Home Item 0104,Home,WH002,North Warehouse 002,North,557,62,161.55,67,1,2026-05-24T00:00:00+07:00
INV-000355,SKU-0105,Grocery Item 0105,Grocery,WH002,North Warehouse 002,North,705,0,1045.83,58,1,2026-05-24T00:00:00+07:00
INV-000356,SKU-0106,Fashion Item 0106,Fashion,WH002,North Warehouse 002,North,614,66,1141.29,63,1,2026-05-24T00:00:00+07:00
INV-000357,SKU-0107,Industrial Item 0107,Industrial,WH002,North Warehouse 002,North,628,62,961.45,109,1,2026-05-24T00:00:00+07:00
INV-000358,SKU-0108,Electronics Item 0108,Electronics,WH002,North Warehouse 002,North,496,41,1523.11,59,1,2026-05-24T00:00:00+07:00
INV-000359,SKU-0109,Home Item 0109,Home,WH002,North Warehouse 002,North,460,62,660.81,75,1,2026-05-24T00:00:00+07:00
INV-000360,SKU-0110,Grocery Item 0110,Grocery,WH002,North Warehouse 002,North,786,54,204.45,103,1,2026-05-24T00:00:00+07:00
INV-000361,SKU-0111,Fashion Item 0111,Fashion,WH002,North Warehouse 002,North,608,25,1996.52,105,1,2026-05-24T00:00:00+07:00
INV-000362,SKU-0112,Industrial Item 0112,Industrial,WH002,North Warehouse 002,North,196,37,1439.35,30,1,2026-05-24T00:00:00+07:00
INV-000363,SKU-0113,Electronics Item 0113,Electronics,WH002,North Warehouse 002,North,595,30,1392.58,79,1,2026-05-24T00:00:00+07:00
INV-000364,SKU-0114,Home Item 0114,Home,WH002,North Warehouse 002,North,178,35,9.03,95,1,2026-05-24T00:00:00+07:00
INV-000365,SKU-0115,Grocery Item 0115,Grocery,WH002,North Warehouse 002,North,665,36,1331.95,62,1,2026-05-24T00:00:00+07:00
INV-000366,SKU-0116,Fashion Item 0116,Fashion,WH002,North Warehouse 002,North,119,5,2076.91,109,1,2026-05-24T00:00:00+07:00
INV-000367,SKU-0117,Industrial Item 0117,Industrial,WH002,North Warehouse 002,North,620,12,1337.64,52,1,2026-05-24T00:00:00+07:00
INV-000368,SKU-0118,Electronics Item 0118,Electronics,WH002,North Warehouse 002,North,587,73,1444.19,64,1,2026-05-24T00:00:00+07:00
INV-000369,SKU-0119,Home Item 0119,Home,WH002,North Warehouse 002,North,422,46,592.59,108,1,2026-05-24T00:00:00+07:00
INV-000370,SKU-0120,Grocery Item 0120,Grocery,WH002,North Warehouse 002,North,552,1,2355.55,114,1,2026-05-24T00:00:00+07:00
INV-000371,SKU-0121,Fashion Item 0121,Fashion,WH002,North Warehouse 002,North,578,58,1334.68,100,1,2026-05-24T00:00:00+07:00
INV-000372,SKU-0122,Industrial Item 0122,Industrial,WH002,North Warehouse 002,North,503,22,1227.01,95,1,2026-05-24T00:00:00+07:00
INV-000373,SKU-0123,Electronics Item 0123,Electronics,WH002,North Warehouse 002,North,292,19,148.38,109,1,2026-05-24T00:00:00+07:00
INV-000374,SKU-0124,Home Item 0124,Home,WH002,North Warehouse 002,North,785,58,1147.99,113,1,2026-05-24T00:00:00+07:00
INV-000375,SKU-0125,Grocery Item 0125,Grocery,WH002,North Warehouse 002,North,657,71,1899.26,33,1,2026-05-24T00:00:00+07:00
INV-000376,SKU-0126,Fashion Item 0126,Fashion,WH002,North Warehouse 002,North,285,26,1251.11,83,1,2026-05-24T00:00:00+07:00
INV-000377,SKU-0127,Industrial Item 0127,Industrial,WH002,North Warehouse 002,North,205,22,493.37,41,1,2026-05-24T00:00:00+07:00
INV-000378,SKU-0128,Electronics Item 0128,Electronics,WH002,North Warehouse 002,North,311,24,2009.43,99,1,2026-05-24T00:00:00+07:00
INV-000379,SKU-0129,Home Item 0129,Home,WH002,North Warehouse 002,North,634,31,1724.11,50,1,2026-05-24T00:00:00+07:00
INV-000380,SKU-0130,Grocery Item 0130,Grocery,WH002,North Warehouse 002,North,635,46,803.69,75,1,2026-05-24T00:00:00+07:00
INV-000381,SKU-0131,Fashion Item 0131,Fashion,WH002,North Warehouse 002,North,767,25,1450.18,91,1,2026-05-24T00:00:00+07:00
INV-000382,SKU-0132,Industrial Item 0132,Industrial,WH002,North Warehouse 002,North,353,28,1231.36,79,1,2026-05-24T00:00:00+07:00
INV-000383,SKU-0133,Electronics Item 0133,Electronics,WH002,North Warehouse 002,North,446,21,1628.97,105,1,2026-05-24T00:00:00+07:00
INV-000384,SKU-0134,Home Item 0134,Home,WH002,North Warehouse 002,North,93,4,319.54,58,1,2026-05-24T00:00:00+07:00
INV-000385,SKU-0135,Grocery Item 0135,Grocery,WH002,North Warehouse 002,North,133,31,540.99,69,1,2026-05-24T00:00:00+07:00
INV-000386,SKU-0136,Fashion Item 0136,Fashion,WH002,North Warehouse 002,North,700,25,2294.17,63,1,2026-05-24T00:00:00+07:00
INV-000387,SKU-0137,Industrial Item 0137,Industrial,WH002,North Warehouse 002,North,527,29,2274.50,50,1,2026-05-24T00:00:00+07:00
INV-000388,SKU-0138,Electronics Item 0138,Electronics,WH002,North Warehouse 002,North,793,64,502.46,106,1,2026-05-24T00:00:00+07:00
INV-000389,SKU-0139,Home Item 0139,Home,WH002,North Warehouse 002,North,418,3,1799.44,100,1,2026-05-24T00:00:00+07:00
INV-000390,SKU-0140,Grocery Item 0140,Grocery,WH002,North Warehouse 002,North,217,23,2107.74,89,1,2026-05-24T00:00:00+07:00
INV-000391,SKU-0141,Fashion Item 0141,Fashion,WH002,North Warehouse 002,North,531,19,1698.65,46,1,2026-05-24T00:00:00+07:00
INV-000392,SKU-0142,Industrial Item 0142,Industrial,WH002,North Warehouse 002,North,402,11,768.08,55,1,2026-05-24T00:00:00+07:00
INV-000393,SKU-0143,Electronics Item 0143,Electronics,WH002,North Warehouse 002,North,369,11,435.86,98,1,2026-05-24T00:00:00+07:00
INV-000394,SKU-0144,Home Item 0144,Home,WH002,North Warehouse 002,North,108,12,923.45,102,1,2026-05-24T00:00:00+07:00
INV-000395,SKU-0145,Grocery Item 0145,Grocery,WH002,North Warehouse 002,North,714,42,1800.71,88,1,2026-05-24T00:00:00+07:00
INV-000396,SKU-0146,Fashion Item 0146,Fashion,WH002,North Warehouse 002,North,741,13,59.69,73,1,2026-05-24T00:00:00+07:00
INV-000397,SKU-0147,Industrial Item 0147,Industrial,WH002,North Warehouse 002,North,425,66,2234.93,36,1,2026-05-24T00:00:00+07:00
INV-000398,SKU-0148,Electronics Item 0148,Electronics,WH002,North Warehouse 002,North,102,12,265.62,50,1,2026-05-24T00:00:00+07:00
INV-000399,SKU-0149,Home Item 0149,Home,WH002,North Warehouse 002,North,728,50,801.49,85,1,2026-05-24T00:00:00+07:00
INV-000400,SKU-0150,Grocery Item 0150,Grocery,WH002,North Warehouse 002,North,265,20,712.51,34,1,2026-05-24T00:00:00+07:00
INV-000401,SKU-0151,Fashion Item 0151,Fashion,WH002,North Warehouse 002,North,236,33,600.97,70,1,2026-05-24T00:00:00+07:00
INV-000402,SKU-0152,Industrial Item 0152,Industrial,WH002,North Warehouse 002,North,288,23,1529.35,91,1,2026-05-24T00:00:00+07:00
INV-000403,SKU-0153,Electronics Item 0153,Electronics,WH002,North Warehouse 002,North,282,33,1770.84,115,1,2026-05-24T00:00:00+07:00
INV-000404,SKU-0154,Home Item 0154,Home,WH002,North Warehouse 002,North,98,7,2094.17,33,1,2026-05-24T00:00:00+07:00
INV-000405,SKU-0155,Grocery Item 0155,Grocery,WH002,North Warehouse 002,North,436,9,379.38,104,1,2026-05-24T00:00:00+07:00
INV-000406,SKU-0156,Fashion Item 0156,Fashion,WH002,North Warehouse 002,North,383,38,2019.43,91,1,2026-05-24T00:00:00+07:00
INV-000407,SKU-0157,Industrial Item 0157,Industrial,WH002,North Warehouse 002,North,649,27,926.41,28,1,2026-05-24T00:00:00+07:00
INV-000408,SKU-0158,Electronics Item 0158,Electronics,WH002,North Warehouse 002,North,720,58,2065.77,84,1,2026-05-24T00:00:00+07:00
INV-000409,SKU-0159,Home Item 0159,Home,WH002,North Warehouse 002,North,519,59,1053.40,94,1,2026-05-24T00:00:00+07:00
INV-000410,SKU-0160,Grocery Item 0160,Grocery,WH002,North Warehouse 002,North,614,35,2245.20,64,1,2026-05-24T00:00:00+07:00
INV-000411,SKU-0161,Fashion Item 0161,Fashion,WH002,North Warehouse 002,North,375,12,1203.50,42,1,2026-05-24T00:00:00+07:00
INV-000412,SKU-0162,Industrial Item 0162,Industrial,WH002,North Warehouse 002,North,633,47,884.76,46,1,2026-05-24T00:00:00+07:00
INV-000413,SKU-0163,Electronics Item 0163,Electronics,WH002,North Warehouse 002,North,367,56,67.91,102,1,2026-05-24T00:00:00+07:00
INV-000414,SKU-0164,Home Item 0164,Home,WH002,North Warehouse 002,North,291,14,1759.71,67,1,2026-05-24T00:00:00+07:00
INV-000415,SKU-0165,Grocery Item 0165,Grocery,WH002,North Warehouse 002,North,624,54,2398.12,72,1,2026-05-24T00:00:00+07:00
INV-000416,SKU-0166,Fashion Item 0166,Fashion,WH002,North Warehouse 002,North,137,9,1871.83,73,1,2026-05-24T00:00:00+07:00
INV-000417,SKU-0167,Industrial Item 0167,Industrial,WH002,North Warehouse 002,North,311,24,2025.67,66,1,2026-05-24T00:00:00+07:00
INV-000418,SKU-0168,Electronics Item 0168,Electronics,WH002,North Warehouse 002,North,563,55,177.86,48,1,2026-05-24T00:00:00+07:00
INV-000419,SKU-0169,Home Item 0169,Home,WH002,North Warehouse 002,North,432,11,1239.23,49,1,2026-05-24T00:00:00+07:00
INV-000420,SKU-0170,Grocery Item 0170,Grocery,WH002,North Warehouse 002,North,559,54,1512.24,39,1,2026-05-24T00:00:00+07:00
INV-000421,SKU-0171,Fashion Item 0171,Fashion,WH002,North Warehouse 002,North,567,40,2010.38,76,1,2026-05-24T00:00:00+07:00
INV-000422,SKU-0172,Industrial Item 0172,Industrial,WH002,North Warehouse 002,North,170,41,1899.19,116,1,2026-05-24T00:00:00+07:00
INV-000423,SKU-0173,Electronics Item 0173,Electronics,WH002,North Warehouse 002,North,433,27,1512.93,41,1,2026-05-24T00:00:00+07:00
INV-000424,SKU-0174,Home Item 0174,Home,WH002,North Warehouse 002,North,756,1,514.71,102,1,2026-05-24T00:00:00+07:00
INV-000425,SKU-0175,Grocery Item 0175,Grocery,WH002,North Warehouse 002,North,94,2,2278.47,118,1,2026-05-24T00:00:00+07:00
INV-000426,SKU-0176,Fashion Item 0176,Fashion,WH002,North Warehouse 002,North,269,39,890.01,38,1,2026-05-24T00:00:00+07:00
INV-000427,SKU-0177,Industrial Item 0177,Industrial,WH002,North Warehouse 002,North,415,71,1812.70,71,1,2026-05-24T00:00:00+07:00
INV-000428,SKU-0178,Electronics Item 0178,Electronics,WH002,North Warehouse 002,North,650,21,1671.94,103,1,2026-05-24T00:00:00+07:00
INV-000429,SKU-0179,Home Item 0179,Home,WH002,North Warehouse 002,North,581,21,799.71,88,1,2026-05-24T00:00:00+07:00
INV-000430,SKU-0180,Grocery Item 0180,Grocery,WH002,North Warehouse 002,North,509,60,2161.39,68,1,2026-05-24T00:00:00+07:00
INV-000431,SKU-0181,Fashion Item 0181,Fashion,WH002,North Warehouse 002,North,641,69,1818.70,39,1,2026-05-24T00:00:00+07:00
INV-000432,SKU-0182,Industrial Item 0182,Industrial,WH002,North Warehouse 002,North,376,9,558.39,92,1,2026-05-24T00:00:00+07:00
INV-000433,SKU-0183,Electronics Item 0183,Electronics,WH002,North Warehouse 002,North,467,2,775.80,60,1,2026-05-24T00:00:00+07:00
INV-000434,SKU-0184,Home Item 0184,Home,WH002,North Warehouse 002,North,358,1,34.12,90,1,2026-05-24T00:00:00+07:00
INV-000435,SKU-0185,Grocery Item 0185,Grocery,WH002,North Warehouse 002,North,609,49,2008.67,75,1,2026-05-24T00:00:00+07:00
INV-000436,SKU-0186,Fashion Item 0186,Fashion,WH002,North Warehouse 002,North,307,39,2090.20,29,1,2026-05-24T00:00:00+07:00
INV-000437,SKU-0187,Industrial Item 0187,Industrial,WH002,North Warehouse 002,North,125,8,2401.86,87,1,2026-05-24T00:00:00+07:00
INV-000438,SKU-0188,Electronics Item 0188,Electronics,WH002,North Warehouse 002,North,401,62,163.72,98,1,2026-05-24T00:00:00+07:00
INV-000439,SKU-0189,Home Item 0189,Home,WH002,North Warehouse 002,North,123,20,1126.33,85,1,2026-05-24T00:00:00+07:00
INV-000440,SKU-0190,Grocery Item 0190,Grocery,WH002,North Warehouse 002,North,165,14,774.57,49,1,2026-05-24T00:00:00+07:00
INV-000441,SKU-0191,Fashion Item 0191,Fashion,WH002,North Warehouse 002,North,91,2,1044.09,56,1,2026-05-24T00:00:00+07:00
INV-000442,SKU-0192,Industrial Item 0192,Industrial,WH002,North Warehouse 002,North,669,67,1800.03,35,1,2026-05-24T00:00:00+07:00
INV-000443,SKU-0193,Electronics Item 0193,Electronics,WH002,North Warehouse 002,North,166,23,167.11,54,1,2026-05-24T00:00:00+07:00
INV-000444,SKU-0194,Home Item 0194,Home,WH002,North Warehouse 002,North,535,46,2081.42,106,1,2026-05-24T00:00:00+07:00
INV-000445,SKU-0195,Grocery Item 0195,Grocery,WH002,North Warehouse 002,North,97,19,1860.26,88,1,2026-05-24T00:00:00+07:00
INV-000446,SKU-0196,Fashion Item 0196,Fashion,WH002,North Warehouse 002,North,116,25,1777.97,92,1,2026-05-24T00:00:00+07:00
INV-000447,SKU-0197,Industrial Item 0197,Industrial,WH002,North Warehouse 002,North,312,29,134.53,91,1,2026-05-24T00:00:00+07:00
INV-000448,SKU-0198,Electronics Item 0198,Electronics,WH002,North Warehouse 002,North,292,11,1482.00,105,1,2026-05-24T00:00:00+07:00
INV-000449,SKU-0199,Home Item 0199,Home,WH002,North Warehouse 002,North,171,7,406.35,27,1,2026-05-24T00:00:00+07:00
INV-000450,SKU-0200,Grocery Item 0200,Grocery,WH002,North Warehouse 002,North,137,14,1522.18,68,1,2026-05-24T00:00:00+07:00
INV-000451,SKU-0201,Fashion Item 0201,Fashion,WH002,North Warehouse 002,North,103,13,1176.59,64,1,2026-05-24T00:00:00+07:00
INV-000452,SKU-0202,Industrial Item 0202,Industrial,WH002,North Warehouse 002,North,93,11,465.85,109,1,2026-05-24T00:00:00+07:00
INV-000453,SKU-0203,Electronics Item 0203,Electronics,WH002,North Warehouse 002,North,550,10,1572.73,31,1,2026-05-24T00:00:00+07:00
INV-000454,SKU-0204,Home Item 0204,Home,WH002,North Warehouse 002,North,536,17,1092.12,70,1,2026-05-24T00:00:00+07:00
INV-000455,SKU-0205,Grocery Item 0205,Grocery,WH002,North Warehouse 002,North,615,36,831.62,39,1,2026-05-24T00:00:00+07:00
INV-000456,SKU-0206,Fashion Item 0206,Fashion,WH002,North Warehouse 002,North,83,18,1148.52,58,1,2026-05-24T00:00:00+07:00
INV-000457,SKU-0207,Industrial Item 0207,Industrial,WH002,North Warehouse 002,North,751,10,356.25,95,1,2026-05-24T00:00:00+07:00
INV-000458,SKU-0208,Electronics Item 0208,Electronics,WH002,North Warehouse 002,North,448,54,49.31,27,1,2026-05-24T00:00:00+07:00
INV-000459,SKU-0209,Home Item 0209,Home,WH002,North Warehouse 002,North,770,72,2101.60,44,1,2026-05-24T00:00:00+07:00
INV-000460,SKU-0210,Grocery Item 0210,Grocery,WH002,North Warehouse 002,North,572,42,114.02,57,1,2026-05-24T00:00:00+07:00
INV-000461,SKU-0211,Fashion Item 0211,Fashion,WH002,North Warehouse 002,North,209,38,710.91,43,1,2026-05-24T00:00:00+07:00
INV-000462,SKU-0212,Industrial Item 0212,Industrial,WH002,North Warehouse 002,North,608,20,2221.57,88,1,2026-05-24T00:00:00+07:00
INV-000463,SKU-0213,Electronics Item 0213,Electronics,WH002,North Warehouse 002,North,152,7,60.23,73,1,2026-05-24T00:00:00+07:00
INV-000464,SKU-0214,Home Item 0214,Home,WH002,North Warehouse 002,North,299,9,107.32,39,1,2026-05-24T00:00:00+07:00
INV-000465,SKU-0215,Grocery Item 0215,Grocery,WH002,North Warehouse 002,North,746,41,1969.95,29,1,2026-05-24T00:00:00+07:00
INV-000466,SKU-0216,Fashion Item 0216,Fashion,WH002,North Warehouse 002,North,349,71,2130.99,114,1,2026-05-24T00:00:00+07:00
INV-000467,SKU-0217,Industrial Item 0217,Industrial,WH002,North Warehouse 002,North,130,7,2370.14,83,1,2026-05-24T00:00:00+07:00
INV-000468,SKU-0218,Electronics Item 0218,Electronics,WH002,North Warehouse 002,North,679,26,2122.76,91,1,2026-05-24T00:00:00+07:00
INV-000469,SKU-0219,Home Item 0219,Home,WH002,North Warehouse 002,North,664,23,1911.26,107,1,2026-05-24T00:00:00+07:00
INV-000470,SKU-0220,Grocery Item 0220,Grocery,WH002,North Warehouse 002,North,309,2,314.06,53,1,2026-05-24T00:00:00+07:00
INV-000471,SKU-0221,Fashion Item 0221,Fashion,WH002,North Warehouse 002,North,703,60,1888.34,109,1,2026-05-24T00:00:00+07:00
INV-000472,SKU-0222,Industrial Item 0222,Industrial,WH002,North Warehouse 002,North,616,32,2039.46,41,1,2026-05-24T00:00:00+07:00
INV-000473,SKU-0223,Electronics Item 0223,Electronics,WH002,North Warehouse 002,North,136,25,60.42,42,1,2026-05-24T00:00:00+07:00
INV-000474,SKU-0224,Home Item 0224,Home,WH002,North Warehouse 002,North,402,63,1040.50,114,1,2026-05-24T00:00:00+07:00
INV-000475,SKU-0225,Grocery Item 0225,Grocery,WH002,North Warehouse 002,North,301,16,347.06,90,1,2026-05-24T00:00:00+07:00
INV-000476,SKU-0226,Fashion Item 0226,Fashion,WH002,North Warehouse 002,North,328,54,1026.68,34,1,2026-05-24T00:00:00+07:00
INV-000477,SKU-0227,Industrial Item 0227,Industrial,WH002,North Warehouse 002,North,209,16,672.30,57,1,2026-05-24T00:00:00+07:00
INV-000478,SKU-0228,Electronics Item 0228,Electronics,WH002,North Warehouse 002,North,552,38,1975.74,108,1,2026-05-24T00:00:00+07:00
INV-000479,SKU-0229,Home Item 0229,Home,WH002,North Warehouse 002,North,193,45,8.50,112,1,2026-05-24T00:00:00+07:00
INV-000480,SKU-0230,Grocery Item 0230,Grocery,WH002,North Warehouse 002,North,244,37,1411.79,37,1,2026-05-24T00:00:00+07:00
INV-000481,SKU-0231,Fashion Item 0231,Fashion,WH002,North Warehouse 002,North,560,38,971.90,110,1,2026-05-24T00:00:00+07:00
INV-000482,SKU-0232,Industrial Item 0232,Industrial,WH002,North Warehouse 002,North,487,47,1174.10,59,1,2026-05-24T00:00:00+07:00
INV-000483,SKU-0233,Electronics Item 0233,Electronics,WH002,North Warehouse 002,North,211,9,1065.52,83,1,2026-05-24T00:00:00+07:00
INV-000484,SKU-0234,Home Item 0234,Home,WH002,North Warehouse 002,North,233,38,1502.70,88,1,2026-05-24T00:00:00+07:00
INV-000485,SKU-0235,Grocery Item 0235,Grocery,WH002,North Warehouse 002,North,235,6,1995.44,119,1,2026-05-24T00:00:00+07:00
INV-000486,SKU-0236,Fashion Item 0236,Fashion,WH002,North Warehouse 002,North,103,6,119.50,88,1,2026-05-24T00:00:00+07:00
INV-000487,SKU-0237,Industrial Item 0237,Industrial,WH002,North Warehouse 002,North,557,29,794.43,44,1,2026-05-24T00:00:00+07:00
INV-000488,SKU-0238,Electronics Item 0238,Electronics,WH002,North Warehouse 002,North,231,30,1425.62,110,1,2026-05-24T00:00:00+07:00
INV-000489,SKU-0239,Home Item 0239,Home,WH002,North Warehouse 002,North,656,76,1655.93,36,1,2026-05-24T00:00:00+07:00
INV-000490,SKU-0240,Grocery Item 0240,Grocery,WH002,North Warehouse 002,North,791,77,572.58,63,1,2026-05-24T00:00:00+07:00
INV-000491,SKU-0241,Fashion Item 0241,Fashion,WH002,North Warehouse 002,North,243,60,2198.86,56,1,2026-05-24T00:00:00+07:00
INV-000492,SKU-0242,Industrial Item 0242,Industrial,WH002,North Warehouse 002,North,237,49,2378.24,65,1,2026-05-24T00:00:00+07:00
INV-000493,SKU-0243,Electronics Item 0243,Electronics,WH002,North Warehouse 002,North,576,60,652.48,57,1,2026-05-24T00:00:00+07:00
INV-000494,SKU-0244,Home Item 0244,Home,WH002,North Warehouse 002,North,651,63,2130.75,73,1,2026-05-24T00:00:00+07:00
INV-000495,SKU-0245,Grocery Item 0245,Grocery,WH002,North Warehouse 002,North,369,76,1808.39,79,1,2026-05-24T00:00:00+07:00
INV-000496,SKU-0246,Fashion Item 0246,Fashion,WH002,North Warehouse 002,North,556,62,1669.49,54,1,2026-05-24T00:00:00+07:00
INV-000497,SKU-0247,Industrial Item 0247,Industrial,WH002,North Warehouse 002,North,240,2,24.44,120,1,2026-05-24T00:00:00+07:00
INV-000498,SKU-0248,Electronics Item 0248,Electronics,WH002,North Warehouse 002,North,434,73,832.87,111,1,2026-05-24T00:00:00+07:00
INV-000499,SKU-0249,Home Item 0249,Home,WH002,North Warehouse 002,North,394,59,1341.93,75,1,2026-05-24T00:00:00+07:00
INV-000500,SKU-0250,Grocery Item 0250,Grocery,WH002,North Warehouse 002,North,349,58,1328.50,28,1,2026-05-24T00:00:00+07:00
INV-000501,SKU-0001,Industrial Item 0001,Industrial,WH003,North Warehouse 003,North,370,28,2195.08,59,1,2026-05-24T00:00:00+07:00
INV-000502,SKU-0002,Electronics Item 0002,Electronics,WH003,North Warehouse 003,North,518,65,1859.24,75,1,2026-05-24T00:00:00+07:00
INV-000503,SKU-0003,Home Item 0003,Home,WH003,North Warehouse 003,North,416,35,888.09,89,1,2026-05-24T00:00:00+07:00
INV-000504,SKU-0004,Grocery Item 0004,Grocery,WH003,North Warehouse 003,North,108,23,2254.66,33,1,2026-05-24T00:00:00+07:00
INV-000505,SKU-0005,Fashion Item 0005,Fashion,WH003,North Warehouse 003,North,563,21,471.35,33,1,2026-05-24T00:00:00+07:00
INV-000506,SKU-0006,Industrial Item 0006,Industrial,WH003,North Warehouse 003,North,678,21,1618.00,51,1,2026-05-24T00:00:00+07:00
INV-000507,SKU-0007,Electronics Item 0007,Electronics,WH003,North Warehouse 003,North,541,68,2435.09,112,1,2026-05-24T00:00:00+07:00
INV-000508,SKU-0008,Home Item 0008,Home,WH003,North Warehouse 003,North,592,6,87.74,66,1,2026-05-24T00:00:00+07:00
INV-000509,SKU-0009,Grocery Item 0009,Grocery,WH003,North Warehouse 003,North,369,47,173.31,77,1,2026-05-24T00:00:00+07:00
INV-000510,SKU-0010,Fashion Item 0010,Fashion,WH003,North Warehouse 003,North,443,76,1016.91,28,1,2026-05-24T00:00:00+07:00
INV-000511,SKU-0011,Industrial Item 0011,Industrial,WH003,North Warehouse 003,North,791,27,349.85,82,1,2026-05-24T00:00:00+07:00
INV-000512,SKU-0012,Electronics Item 0012,Electronics,WH003,North Warehouse 003,North,208,36,2279.23,55,1,2026-05-24T00:00:00+07:00
INV-000513,SKU-0013,Home Item 0013,Home,WH003,North Warehouse 003,North,663,28,284.42,45,1,2026-05-24T00:00:00+07:00
INV-000514,SKU-0014,Grocery Item 0014,Grocery,WH003,North Warehouse 003,North,136,33,2400.69,64,1,2026-05-24T00:00:00+07:00
INV-000515,SKU-0015,Fashion Item 0015,Fashion,WH003,North Warehouse 003,North,265,57,1228.60,35,1,2026-05-24T00:00:00+07:00
INV-000516,SKU-0016,Industrial Item 0016,Industrial,WH003,North Warehouse 003,North,118,17,1818.39,46,1,2026-05-24T00:00:00+07:00
INV-000517,SKU-0017,Electronics Item 0017,Electronics,WH003,North Warehouse 003,North,577,54,668.33,62,1,2026-05-24T00:00:00+07:00
INV-000518,SKU-0018,Home Item 0018,Home,WH003,North Warehouse 003,North,766,11,2040.19,98,1,2026-05-24T00:00:00+07:00
INV-000519,SKU-0019,Grocery Item 0019,Grocery,WH003,North Warehouse 003,North,772,46,2364.59,65,1,2026-05-24T00:00:00+07:00
INV-000520,SKU-0020,Fashion Item 0020,Fashion,WH003,North Warehouse 003,North,180,40,1816.31,35,1,2026-05-24T00:00:00+07:00
INV-000521,SKU-0021,Industrial Item 0021,Industrial,WH003,North Warehouse 003,North,322,43,1299.53,64,1,2026-05-24T00:00:00+07:00
INV-000522,SKU-0022,Electronics Item 0022,Electronics,WH003,North Warehouse 003,North,159,25,2346.28,108,1,2026-05-24T00:00:00+07:00
INV-000523,SKU-0023,Home Item 0023,Home,WH003,North Warehouse 003,North,118,28,880.17,43,1,2026-05-24T00:00:00+07:00
INV-000524,SKU-0024,Grocery Item 0024,Grocery,WH003,North Warehouse 003,North,402,31,521.21,105,1,2026-05-24T00:00:00+07:00
INV-000525,SKU-0025,Fashion Item 0025,Fashion,WH003,North Warehouse 003,North,402,50,861.37,93,1,2026-05-24T00:00:00+07:00
INV-000526,SKU-0026,Industrial Item 0026,Industrial,WH003,North Warehouse 003,North,95,5,423.97,75,1,2026-05-24T00:00:00+07:00
INV-000527,SKU-0027,Electronics Item 0027,Electronics,WH003,North Warehouse 003,North,134,30,1719.42,89,1,2026-05-24T00:00:00+07:00
INV-000528,SKU-0028,Home Item 0028,Home,WH003,North Warehouse 003,North,132,13,2452.30,110,1,2026-05-24T00:00:00+07:00
INV-000529,SKU-0029,Grocery Item 0029,Grocery,WH003,North Warehouse 003,North,267,39,1191.66,32,1,2026-05-24T00:00:00+07:00
INV-000530,SKU-0030,Fashion Item 0030,Fashion,WH003,North Warehouse 003,North,798,7,187.35,69,1,2026-05-24T00:00:00+07:00
INV-000531,SKU-0031,Industrial Item 0031,Industrial,WH003,North Warehouse 003,North,784,10,2240.40,71,1,2026-05-24T00:00:00+07:00
INV-000532,SKU-0032,Electronics Item 0032,Electronics,WH003,North Warehouse 003,North,599,62,1477.67,63,1,2026-05-24T00:00:00+07:00
INV-000533,SKU-0033,Home Item 0033,Home,WH003,North Warehouse 003,North,387,50,1607.21,89,1,2026-05-24T00:00:00+07:00
INV-000534,SKU-0034,Grocery Item 0034,Grocery,WH003,North Warehouse 003,North,279,58,1508.47,34,1,2026-05-24T00:00:00+07:00
INV-000535,SKU-0035,Fashion Item 0035,Fashion,WH003,North Warehouse 003,North,722,46,1471.38,62,1,2026-05-24T00:00:00+07:00
INV-000536,SKU-0036,Industrial Item 0036,Industrial,WH003,North Warehouse 003,North,487,7,662.06,116,1,2026-05-24T00:00:00+07:00
INV-000537,SKU-0037,Electronics Item 0037,Electronics,WH003,North Warehouse 003,North,125,20,1607.64,60,1,2026-05-24T00:00:00+07:00
INV-000538,SKU-0038,Home Item 0038,Home,WH003,North Warehouse 003,North,91,21,541.49,41,1,2026-05-24T00:00:00+07:00
INV-000539,SKU-0039,Grocery Item 0039,Grocery,WH003,North Warehouse 003,North,335,25,2059.03,79,1,2026-05-24T00:00:00+07:00
INV-000540,SKU-0040,Fashion Item 0040,Fashion,WH003,North Warehouse 003,North,519,63,28.84,107,1,2026-05-24T00:00:00+07:00
INV-000541,SKU-0041,Industrial Item 0041,Industrial,WH003,North Warehouse 003,North,110,25,1777.11,87,1,2026-05-24T00:00:00+07:00
INV-000542,SKU-0042,Electronics Item 0042,Electronics,WH003,North Warehouse 003,North,653,14,38.51,95,1,2026-05-24T00:00:00+07:00
INV-000543,SKU-0043,Home Item 0043,Home,WH003,North Warehouse 003,North,96,21,682.79,107,1,2026-05-24T00:00:00+07:00
INV-000544,SKU-0044,Grocery Item 0044,Grocery,WH003,North Warehouse 003,North,639,73,1830.42,111,1,2026-05-24T00:00:00+07:00
INV-000545,SKU-0045,Fashion Item 0045,Fashion,WH003,North Warehouse 003,North,569,12,91.79,44,1,2026-05-24T00:00:00+07:00
INV-000546,SKU-0046,Industrial Item 0046,Industrial,WH003,North Warehouse 003,North,194,25,1454.68,86,1,2026-05-24T00:00:00+07:00
INV-000547,SKU-0047,Electronics Item 0047,Electronics,WH003,North Warehouse 003,North,495,55,1220.90,66,1,2026-05-24T00:00:00+07:00
INV-000548,SKU-0048,Home Item 0048,Home,WH003,North Warehouse 003,North,369,31,1278.90,109,1,2026-05-24T00:00:00+07:00
INV-000549,SKU-0049,Grocery Item 0049,Grocery,WH003,North Warehouse 003,North,659,9,1784.79,58,1,2026-05-24T00:00:00+07:00
INV-000550,SKU-0050,Fashion Item 0050,Fashion,WH003,North Warehouse 003,North,129,6,240.94,95,1,2026-05-24T00:00:00+07:00
INV-000551,SKU-0051,Industrial Item 0051,Industrial,WH003,North Warehouse 003,North,152,24,227.80,81,1,2026-05-24T00:00:00+07:00
INV-000552,SKU-0052,Electronics Item 0052,Electronics,WH003,North Warehouse 003,North,84,20,7.78,28,1,2026-05-24T00:00:00+07:00
INV-000553,SKU-0053,Home Item 0053,Home,WH003,North Warehouse 003,North,108,10,420.60,43,1,2026-05-24T00:00:00+07:00
INV-000554,SKU-0054,Grocery Item 0054,Grocery,WH003,North Warehouse 003,North,756,49,1671.70,109,1,2026-05-24T00:00:00+07:00
INV-000555,SKU-0055,Fashion Item 0055,Fashion,WH003,North Warehouse 003,North,647,75,337.47,42,1,2026-05-24T00:00:00+07:00
INV-000556,SKU-0056,Industrial Item 0056,Industrial,WH003,North Warehouse 003,North,108,2,2112.03,43,1,2026-05-24T00:00:00+07:00
INV-000557,SKU-0057,Electronics Item 0057,Electronics,WH003,North Warehouse 003,North,780,49,2499.66,115,1,2026-05-24T00:00:00+07:00
INV-000558,SKU-0058,Home Item 0058,Home,WH003,North Warehouse 003,North,429,40,1740.97,72,1,2026-05-24T00:00:00+07:00
INV-000559,SKU-0059,Grocery Item 0059,Grocery,WH003,North Warehouse 003,North,104,8,1739.84,71,1,2026-05-24T00:00:00+07:00
INV-000560,SKU-0060,Fashion Item 0060,Fashion,WH003,North Warehouse 003,North,495,33,636.37,93,1,2026-05-24T00:00:00+07:00
INV-000561,SKU-0061,Industrial Item 0061,Industrial,WH003,North Warehouse 003,North,103,23,7.83,92,1,2026-05-24T00:00:00+07:00
INV-000562,SKU-0062,Electronics Item 0062,Electronics,WH003,North Warehouse 003,North,325,29,773.84,86,1,2026-05-24T00:00:00+07:00
INV-000563,SKU-0063,Home Item 0063,Home,WH003,North Warehouse 003,North,556,62,571.57,25,1,2026-05-24T00:00:00+07:00
INV-000564,SKU-0064,Grocery Item 0064,Grocery,WH003,North Warehouse 003,North,216,34,1247.28,111,1,2026-05-24T00:00:00+07:00
INV-000565,SKU-0065,Fashion Item 0065,Fashion,WH003,North Warehouse 003,North,639,20,1611.60,84,1,2026-05-24T00:00:00+07:00
INV-000566,SKU-0066,Industrial Item 0066,Industrial,WH003,North Warehouse 003,North,207,27,1526.01,83,1,2026-05-24T00:00:00+07:00
INV-000567,SKU-0067,Electronics Item 0067,Electronics,WH003,North Warehouse 003,North,637,48,1186.11,105,1,2026-05-24T00:00:00+07:00
INV-000568,SKU-0068,Home Item 0068,Home,WH003,North Warehouse 003,North,305,49,174.56,68,1,2026-05-24T00:00:00+07:00
INV-000569,SKU-0069,Grocery Item 0069,Grocery,WH003,North Warehouse 003,North,260,15,757.08,44,1,2026-05-24T00:00:00+07:00
INV-000570,SKU-0070,Fashion Item 0070,Fashion,WH003,North Warehouse 003,North,793,23,1583.07,37,1,2026-05-24T00:00:00+07:00
INV-000571,SKU-0071,Industrial Item 0071,Industrial,WH003,North Warehouse 003,North,373,79,2447.66,42,1,2026-05-24T00:00:00+07:00
INV-000572,SKU-0072,Electronics Item 0072,Electronics,WH003,North Warehouse 003,North,589,40,1610.34,100,1,2026-05-24T00:00:00+07:00
INV-000573,SKU-0073,Home Item 0073,Home,WH003,North Warehouse 003,North,555,40,18.19,60,1,2026-05-24T00:00:00+07:00
INV-000574,SKU-0074,Grocery Item 0074,Grocery,WH003,North Warehouse 003,North,614,67,1349.76,65,1,2026-05-24T00:00:00+07:00
INV-000575,SKU-0075,Fashion Item 0075,Fashion,WH003,North Warehouse 003,North,507,49,890.28,85,1,2026-05-24T00:00:00+07:00
INV-000576,SKU-0076,Industrial Item 0076,Industrial,WH003,North Warehouse 003,North,109,21,551.44,108,1,2026-05-24T00:00:00+07:00
INV-000577,SKU-0077,Electronics Item 0077,Electronics,WH003,North Warehouse 003,North,636,3,2356.80,50,1,2026-05-24T00:00:00+07:00
INV-000578,SKU-0078,Home Item 0078,Home,WH003,North Warehouse 003,North,672,74,146.79,89,1,2026-05-24T00:00:00+07:00
INV-000579,SKU-0079,Grocery Item 0079,Grocery,WH003,North Warehouse 003,North,311,72,354.87,76,1,2026-05-24T00:00:00+07:00
INV-000580,SKU-0080,Fashion Item 0080,Fashion,WH003,North Warehouse 003,North,548,36,830.37,42,1,2026-05-24T00:00:00+07:00
INV-000581,SKU-0081,Industrial Item 0081,Industrial,WH003,North Warehouse 003,North,175,9,1451.70,29,1,2026-05-24T00:00:00+07:00
INV-000582,SKU-0082,Electronics Item 0082,Electronics,WH003,North Warehouse 003,North,359,34,2339.40,111,1,2026-05-24T00:00:00+07:00
INV-000583,SKU-0083,Home Item 0083,Home,WH003,North Warehouse 003,North,502,19,248.82,109,1,2026-05-24T00:00:00+07:00
INV-000584,SKU-0084,Grocery Item 0084,Grocery,WH003,North Warehouse 003,North,619,19,688.36,55,1,2026-05-24T00:00:00+07:00
INV-000585,SKU-0085,Fashion Item 0085,Fashion,WH003,North Warehouse 003,North,175,19,705.62,60,1,2026-05-24T00:00:00+07:00
INV-000586,SKU-0086,Industrial Item 0086,Industrial,WH003,North Warehouse 003,North,413,6,1066.14,93,1,2026-05-24T00:00:00+07:00
INV-000587,SKU-0087,Electronics Item 0087,Electronics,WH003,North Warehouse 003,North,454,62,1545.72,109,1,2026-05-24T00:00:00+07:00
INV-000588,SKU-0088,Home Item 0088,Home,WH003,North Warehouse 003,North,144,28,2130.00,76,1,2026-05-24T00:00:00+07:00
INV-000589,SKU-0089,Grocery Item 0089,Grocery,WH003,North Warehouse 003,North,236,53,446.12,113,1,2026-05-24T00:00:00+07:00
INV-000590,SKU-0090,Fashion Item 0090,Fashion,WH003,North Warehouse 003,North,95,8,157.72,112,1,2026-05-24T00:00:00+07:00
INV-000591,SKU-0091,Industrial Item 0091,Industrial,WH003,North Warehouse 003,North,558,66,192.58,41,1,2026-05-24T00:00:00+07:00
INV-000592,SKU-0092,Electronics Item 0092,Electronics,WH003,North Warehouse 003,North,620,22,384.73,55,1,2026-05-24T00:00:00+07:00
INV-000593,SKU-0093,Home Item 0093,Home,WH003,North Warehouse 003,North,308,63,333.93,65,1,2026-05-24T00:00:00+07:00
INV-000594,SKU-0094,Grocery Item 0094,Grocery,WH003,North Warehouse 003,North,408,12,1680.91,50,1,2026-05-24T00:00:00+07:00
INV-000595,SKU-0095,Fashion Item 0095,Fashion,WH003,North Warehouse 003,North,337,73,1051.17,85,1,2026-05-24T00:00:00+07:00
INV-000596,SKU-0096,Industrial Item 0096,Industrial,WH003,North Warehouse 003,North,782,30,2330.87,101,1,2026-05-24T00:00:00+07:00
INV-000597,SKU-0097,Electronics Item 0097,Electronics,WH003,North Warehouse 003,North,696,47,2485.85,65,1,2026-05-24T00:00:00+07:00
INV-000598,SKU-0098,Home Item 0098,Home,WH003,North Warehouse 003,North,703,53,1788.08,35,1,2026-05-24T00:00:00+07:00
INV-000599,SKU-0099,Grocery Item 0099,Grocery,WH003,North Warehouse 003,North,512,61,1749.77,80,1,2026-05-24T00:00:00+07:00
INV-000600,SKU-0100,Fashion Item 0100,Fashion,WH003,North Warehouse 003,North,652,19,547.43,53,1,2026-05-24T00:00:00+07:00
INV-000601,SKU-0101,Industrial Item 0101,Industrial,WH003,North Warehouse 003,North,121,25,2458.93,37,1,2026-05-24T00:00:00+07:00
INV-000602,SKU-0102,Electronics Item 0102,Electronics,WH003,North Warehouse 003,North,332,51,982.85,90,1,2026-05-24T00:00:00+07:00
INV-000603,SKU-0103,Home Item 0103,Home,WH003,North Warehouse 003,North,720,39,247.74,85,1,2026-05-24T00:00:00+07:00
INV-000604,SKU-0104,Grocery Item 0104,Grocery,WH003,North Warehouse 003,North,135,23,441.15,41,1,2026-05-24T00:00:00+07:00
INV-000605,SKU-0105,Fashion Item 0105,Fashion,WH003,North Warehouse 003,North,120,26,1951.11,91,1,2026-05-24T00:00:00+07:00
INV-000606,SKU-0106,Industrial Item 0106,Industrial,WH003,North Warehouse 003,North,647,9,1720.37,102,1,2026-05-24T00:00:00+07:00
INV-000607,SKU-0107,Electronics Item 0107,Electronics,WH003,North Warehouse 003,North,678,20,871.19,95,1,2026-05-24T00:00:00+07:00
INV-000608,SKU-0108,Home Item 0108,Home,WH003,North Warehouse 003,North,377,13,2180.26,112,1,2026-05-24T00:00:00+07:00
INV-000609,SKU-0109,Grocery Item 0109,Grocery,WH003,North Warehouse 003,North,149,10,1503.40,88,1,2026-05-24T00:00:00+07:00
INV-000610,SKU-0110,Fashion Item 0110,Fashion,WH003,North Warehouse 003,North,609,67,1163.98,72,1,2026-05-24T00:00:00+07:00
INV-000611,SKU-0111,Industrial Item 0111,Industrial,WH003,North Warehouse 003,North,800,61,2496.92,94,1,2026-05-24T00:00:00+07:00
INV-000612,SKU-0112,Electronics Item 0112,Electronics,WH003,North Warehouse 003,North,726,75,1635.58,60,1,2026-05-24T00:00:00+07:00
INV-000613,SKU-0113,Home Item 0113,Home,WH003,North Warehouse 003,North,684,74,2406.91,58,1,2026-05-24T00:00:00+07:00
INV-000614,SKU-0114,Grocery Item 0114,Grocery,WH003,North Warehouse 003,North,754,24,1469.21,30,1,2026-05-24T00:00:00+07:00
INV-000615,SKU-0115,Fashion Item 0115,Fashion,WH003,North Warehouse 003,North,130,19,1105.58,97,1,2026-05-24T00:00:00+07:00
INV-000616,SKU-0116,Industrial Item 0116,Industrial,WH003,North Warehouse 003,North,561,19,1235.57,102,1,2026-05-24T00:00:00+07:00
INV-000617,SKU-0117,Electronics Item 0117,Electronics,WH003,North Warehouse 003,North,240,52,2331.64,76,1,2026-05-24T00:00:00+07:00
INV-000618,SKU-0118,Home Item 0118,Home,WH003,North Warehouse 003,North,571,33,2269.19,87,1,2026-05-24T00:00:00+07:00
INV-000619,SKU-0119,Grocery Item 0119,Grocery,WH003,North Warehouse 003,North,119,6,1129.54,39,1,2026-05-24T00:00:00+07:00
INV-000620,SKU-0120,Fashion Item 0120,Fashion,WH003,North Warehouse 003,North,606,56,1581.79,62,1,2026-05-24T00:00:00+07:00
INV-000621,SKU-0121,Industrial Item 0121,Industrial,WH003,North Warehouse 003,North,476,50,483.20,113,1,2026-05-24T00:00:00+07:00
INV-000622,SKU-0122,Electronics Item 0122,Electronics,WH003,North Warehouse 003,North,201,13,1235.72,86,1,2026-05-24T00:00:00+07:00
INV-000623,SKU-0123,Home Item 0123,Home,WH003,North Warehouse 003,North,762,66,579.09,69,1,2026-05-24T00:00:00+07:00
INV-000624,SKU-0124,Grocery Item 0124,Grocery,WH003,North Warehouse 003,North,145,12,413.96,25,1,2026-05-24T00:00:00+07:00
INV-000625,SKU-0125,Fashion Item 0125,Fashion,WH003,North Warehouse 003,North,134,12,1374.56,118,1,2026-05-24T00:00:00+07:00
INV-000626,SKU-0126,Industrial Item 0126,Industrial,WH003,North Warehouse 003,North,764,17,621.73,59,1,2026-05-24T00:00:00+07:00
INV-000627,SKU-0127,Electronics Item 0127,Electronics,WH003,North Warehouse 003,North,324,34,1942.31,110,1,2026-05-24T00:00:00+07:00
INV-000628,SKU-0128,Home Item 0128,Home,WH003,North Warehouse 003,North,712,56,2364.85,88,1,2026-05-24T00:00:00+07:00
INV-000629,SKU-0129,Grocery Item 0129,Grocery,WH003,North Warehouse 003,North,489,66,417.41,41,1,2026-05-24T00:00:00+07:00
INV-000630,SKU-0130,Fashion Item 0130,Fashion,WH003,North Warehouse 003,North,346,7,1938.60,29,1,2026-05-24T00:00:00+07:00
INV-000631,SKU-0131,Industrial Item 0131,Industrial,WH003,North Warehouse 003,North,634,0,1340.82,102,1,2026-05-24T00:00:00+07:00
INV-000632,SKU-0132,Electronics Item 0132,Electronics,WH003,North Warehouse 003,North,223,13,779.69,56,1,2026-05-24T00:00:00+07:00
INV-000633,SKU-0133,Home Item 0133,Home,WH003,North Warehouse 003,North,496,12,290.82,86,1,2026-05-24T00:00:00+07:00
INV-000634,SKU-0134,Grocery Item 0134,Grocery,WH003,North Warehouse 003,North,473,34,1669.76,36,1,2026-05-24T00:00:00+07:00
INV-000635,SKU-0135,Fashion Item 0135,Fashion,WH003,North Warehouse 003,North,533,38,716.40,81,1,2026-05-24T00:00:00+07:00
INV-000636,SKU-0136,Industrial Item 0136,Industrial,WH003,North Warehouse 003,North,176,41,358.81,83,1,2026-05-24T00:00:00+07:00
INV-000637,SKU-0137,Electronics Item 0137,Electronics,WH003,North Warehouse 003,North,348,80,69.15,72,1,2026-05-24T00:00:00+07:00
INV-000638,SKU-0138,Home Item 0138,Home,WH003,North Warehouse 003,North,587,15,2066.85,56,1,2026-05-24T00:00:00+07:00
INV-000639,SKU-0139,Grocery Item 0139,Grocery,WH003,North Warehouse 003,North,596,48,2369.28,56,1,2026-05-24T00:00:00+07:00
INV-000640,SKU-0140,Fashion Item 0140,Fashion,WH003,North Warehouse 003,North,230,35,538.89,51,1,2026-05-24T00:00:00+07:00
INV-000641,SKU-0141,Industrial Item 0141,Industrial,WH003,North Warehouse 003,North,742,56,240.05,56,1,2026-05-24T00:00:00+07:00
INV-000642,SKU-0142,Electronics Item 0142,Electronics,WH003,North Warehouse 003,North,303,40,1964.31,103,1,2026-05-24T00:00:00+07:00
INV-000643,SKU-0143,Home Item 0143,Home,WH003,North Warehouse 003,North,178,7,216.18,35,1,2026-05-24T00:00:00+07:00
INV-000644,SKU-0144,Grocery Item 0144,Grocery,WH003,North Warehouse 003,North,314,2,662.87,99,1,2026-05-24T00:00:00+07:00
INV-000645,SKU-0145,Fashion Item 0145,Fashion,WH003,North Warehouse 003,North,183,6,1689.83,42,1,2026-05-24T00:00:00+07:00
INV-000646,SKU-0146,Industrial Item 0146,Industrial,WH003,North Warehouse 003,North,739,52,2165.13,65,1,2026-05-24T00:00:00+07:00
INV-000647,SKU-0147,Electronics Item 0147,Electronics,WH003,North Warehouse 003,North,344,14,2150.90,26,1,2026-05-24T00:00:00+07:00
INV-000648,SKU-0148,Home Item 0148,Home,WH003,North Warehouse 003,North,120,5,1302.54,97,1,2026-05-24T00:00:00+07:00
INV-000649,SKU-0149,Grocery Item 0149,Grocery,WH003,North Warehouse 003,North,221,44,64.13,60,1,2026-05-24T00:00:00+07:00
INV-000650,SKU-0150,Fashion Item 0150,Fashion,WH003,North Warehouse 003,North,573,32,1266.64,112,1,2026-05-24T00:00:00+07:00
INV-000651,SKU-0151,Industrial Item 0151,Industrial,WH003,North Warehouse 003,North,612,43,2122.23,117,1,2026-05-24T00:00:00+07:00
INV-000652,SKU-0152,Electronics Item 0152,Electronics,WH003,North Warehouse 003,North,421,49,804.14,104,1,2026-05-24T00:00:00+07:00
INV-000653,SKU-0153,Home Item 0153,Home,WH003,North Warehouse 003,North,209,29,1100.90,57,1,2026-05-24T00:00:00+07:00
INV-000654,SKU-0154,Grocery Item 0154,Grocery,WH003,North Warehouse 003,North,131,10,1528.67,111,1,2026-05-24T00:00:00+07:00
INV-000655,SKU-0155,Fashion Item 0155,Fashion,WH003,North Warehouse 003,North,197,10,2017.19,87,1,2026-05-24T00:00:00+07:00
INV-000656,SKU-0156,Industrial Item 0156,Industrial,WH003,North Warehouse 003,North,95,10,1190.98,65,1,2026-05-24T00:00:00+07:00
INV-000657,SKU-0157,Electronics Item 0157,Electronics,WH003,North Warehouse 003,North,488,13,1578.25,83,1,2026-05-24T00:00:00+07:00
INV-000658,SKU-0158,Home Item 0158,Home,WH003,North Warehouse 003,North,776,24,632.79,82,1,2026-05-24T00:00:00+07:00
INV-000659,SKU-0159,Grocery Item 0159,Grocery,WH003,North Warehouse 003,North,250,14,1330.53,79,1,2026-05-24T00:00:00+07:00
INV-000660,SKU-0160,Fashion Item 0160,Fashion,WH003,North Warehouse 003,North,443,73,1941.85,42,1,2026-05-24T00:00:00+07:00
INV-000661,SKU-0161,Industrial Item 0161,Industrial,WH003,North Warehouse 003,North,126,19,2349.83,105,1,2026-05-24T00:00:00+07:00
INV-000662,SKU-0162,Electronics Item 0162,Electronics,WH003,North Warehouse 003,North,173,41,921.26,79,1,2026-05-24T00:00:00+07:00
INV-000663,SKU-0163,Home Item 0163,Home,WH003,North Warehouse 003,North,331,9,31.22,92,1,2026-05-24T00:00:00+07:00
INV-000664,SKU-0164,Grocery Item 0164,Grocery,WH003,North Warehouse 003,North,483,37,652.32,73,1,2026-05-24T00:00:00+07:00
INV-000665,SKU-0165,Fashion Item 0165,Fashion,WH003,North Warehouse 003,North,84,12,1588.40,80,1,2026-05-24T00:00:00+07:00
INV-000666,SKU-0166,Industrial Item 0166,Industrial,WH003,North Warehouse 003,North,557,38,518.60,29,1,2026-05-24T00:00:00+07:00
INV-000667,SKU-0167,Electronics Item 0167,Electronics,WH003,North Warehouse 003,North,775,28,1108.64,37,1,2026-05-24T00:00:00+07:00
INV-000668,SKU-0168,Home Item 0168,Home,WH003,North Warehouse 003,North,313,75,2323.39,107,1,2026-05-24T00:00:00+07:00
INV-000669,SKU-0169,Grocery Item 0169,Grocery,WH003,North Warehouse 003,North,731,20,332.63,92,1,2026-05-24T00:00:00+07:00
INV-000670,SKU-0170,Fashion Item 0170,Fashion,WH003,North Warehouse 003,North,528,46,307.26,39,1,2026-05-24T00:00:00+07:00
INV-000671,SKU-0171,Industrial Item 0171,Industrial,WH003,North Warehouse 003,North,320,18,138.18,115,1,2026-05-24T00:00:00+07:00
INV-000672,SKU-0172,Electronics Item 0172,Electronics,WH003,North Warehouse 003,North,481,54,625.75,77,1,2026-05-24T00:00:00+07:00
INV-000673,SKU-0173,Home Item 0173,Home,WH003,North Warehouse 003,North,217,27,515.61,58,1,2026-05-24T00:00:00+07:00
INV-000674,SKU-0174,Grocery Item 0174,Grocery,WH003,North Warehouse 003,North,539,33,722.41,83,1,2026-05-24T00:00:00+07:00
INV-000675,SKU-0175,Fashion Item 0175,Fashion,WH003,North Warehouse 003,North,460,8,1425.67,27,1,2026-05-24T00:00:00+07:00
INV-000676,SKU-0176,Industrial Item 0176,Industrial,WH003,North Warehouse 003,North,420,1,183.46,43,1,2026-05-24T00:00:00+07:00
INV-000677,SKU-0177,Electronics Item 0177,Electronics,WH003,North Warehouse 003,North,390,15,2339.61,44,1,2026-05-24T00:00:00+07:00
INV-000678,SKU-0178,Home Item 0178,Home,WH003,North Warehouse 003,North,442,37,61.79,50,1,2026-05-24T00:00:00+07:00
INV-000679,SKU-0179,Grocery Item 0179,Grocery,WH003,North Warehouse 003,North,509,23,175.86,89,1,2026-05-24T00:00:00+07:00
INV-000680,SKU-0180,Fashion Item 0180,Fashion,WH003,North Warehouse 003,North,361,5,1571.29,46,1,2026-05-24T00:00:00+07:00
INV-000681,SKU-0181,Industrial Item 0181,Industrial,WH003,North Warehouse 003,North,609,18,1973.24,33,1,2026-05-24T00:00:00+07:00
INV-000682,SKU-0182,Electronics Item 0182,Electronics,WH003,North Warehouse 003,North,481,75,437.24,118,1,2026-05-24T00:00:00+07:00
INV-000683,SKU-0183,Home Item 0183,Home,WH003,North Warehouse 003,North,703,5,1799.68,44,1,2026-05-24T00:00:00+07:00
INV-000684,SKU-0184,Grocery Item 0184,Grocery,WH003,North Warehouse 003,North,205,25,2366.60,52,1,2026-05-24T00:00:00+07:00
INV-000685,SKU-0185,Fashion Item 0185,Fashion,WH003,North Warehouse 003,North,183,25,1685.28,56,1,2026-05-24T00:00:00+07:00
INV-000686,SKU-0186,Industrial Item 0186,Industrial,WH003,North Warehouse 003,North,514,59,1007.79,107,1,2026-05-24T00:00:00+07:00
INV-000687,SKU-0187,Electronics Item 0187,Electronics,WH003,North Warehouse 003,North,266,11,1994.14,67,1,2026-05-24T00:00:00+07:00
INV-000688,SKU-0188,Home Item 0188,Home,WH003,North Warehouse 003,North,791,73,973.10,30,1,2026-05-24T00:00:00+07:00
INV-000689,SKU-0189,Grocery Item 0189,Grocery,WH003,North Warehouse 003,North,409,48,315.89,112,1,2026-05-24T00:00:00+07:00
INV-000690,SKU-0190,Fashion Item 0190,Fashion,WH003,North Warehouse 003,North,447,29,1702.73,95,1,2026-05-24T00:00:00+07:00
INV-000691,SKU-0191,Industrial Item 0191,Industrial,WH003,North Warehouse 003,North,645,44,1948.58,97,1,2026-05-24T00:00:00+07:00
INV-000692,SKU-0192,Electronics Item 0192,Electronics,WH003,North Warehouse 003,North,218,44,292.41,85,1,2026-05-24T00:00:00+07:00
INV-000693,SKU-0193,Home Item 0193,Home,WH003,North Warehouse 003,North,97,9,1099.30,63,1,2026-05-24T00:00:00+07:00
INV-000694,SKU-0194,Grocery Item 0194,Grocery,WH003,North Warehouse 003,North,199,2,1505.48,76,1,2026-05-24T00:00:00+07:00
INV-000695,SKU-0195,Fashion Item 0195,Fashion,WH003,North Warehouse 003,North,123,28,2054.31,49,1,2026-05-24T00:00:00+07:00
INV-000696,SKU-0196,Industrial Item 0196,Industrial,WH003,North Warehouse 003,North,203,22,2360.59,90,1,2026-05-24T00:00:00+07:00
INV-000697,SKU-0197,Electronics Item 0197,Electronics,WH003,North Warehouse 003,North,703,61,41.57,66,1,2026-05-24T00:00:00+07:00
INV-000698,SKU-0198,Home Item 0198,Home,WH003,North Warehouse 003,North,680,47,133.19,89,1,2026-05-24T00:00:00+07:00
INV-000699,SKU-0199,Grocery Item 0199,Grocery,WH003,North Warehouse 003,North,771,40,7.04,85,1,2026-05-24T00:00:00+07:00
INV-000700,SKU-0200,Fashion Item 0200,Fashion,WH003,North Warehouse 003,North,259,63,2320.18,109,1,2026-05-24T00:00:00+07:00
INV-000701,SKU-0201,Industrial Item 0201,Industrial,WH003,North Warehouse 003,North,800,25,484.49,42,1,2026-05-24T00:00:00+07:00
INV-000702,SKU-0202,Electronics Item 0202,Electronics,WH003,North Warehouse 003,North,571,7,1428.05,81,1,2026-05-24T00:00:00+07:00
INV-000703,SKU-0203,Home Item 0203,Home,WH003,North Warehouse 003,North,200,31,834.33,60,1,2026-05-24T00:00:00+07:00
INV-000704,SKU-0204,Grocery Item 0204,Grocery,WH003,North Warehouse 003,North,286,5,456.76,119,1,2026-05-24T00:00:00+07:00
INV-000705,SKU-0205,Fashion Item 0205,Fashion,WH003,North Warehouse 003,North,383,69,780.22,61,1,2026-05-24T00:00:00+07:00
INV-000706,SKU-0206,Industrial Item 0206,Industrial,WH003,North Warehouse 003,North,478,69,1179.70,66,1,2026-05-24T00:00:00+07:00
INV-000707,SKU-0207,Electronics Item 0207,Electronics,WH003,North Warehouse 003,North,433,44,1712.94,114,1,2026-05-24T00:00:00+07:00
INV-000708,SKU-0208,Home Item 0208,Home,WH003,North Warehouse 003,North,530,17,2368.89,111,1,2026-05-24T00:00:00+07:00
INV-000709,SKU-0209,Grocery Item 0209,Grocery,WH003,North Warehouse 003,North,127,9,695.73,93,1,2026-05-24T00:00:00+07:00
INV-000710,SKU-0210,Fashion Item 0210,Fashion,WH003,North Warehouse 003,North,663,7,2337.01,92,1,2026-05-24T00:00:00+07:00
INV-000711,SKU-0211,Industrial Item 0211,Industrial,WH003,North Warehouse 003,North,463,13,1604.17,95,1,2026-05-24T00:00:00+07:00
INV-000712,SKU-0212,Electronics Item 0212,Electronics,WH003,North Warehouse 003,North,195,38,2294.60,102,1,2026-05-24T00:00:00+07:00
INV-000713,SKU-0213,Home Item 0213,Home,WH003,North Warehouse 003,North,237,15,2314.20,116,1,2026-05-24T00:00:00+07:00
INV-000714,SKU-0214,Grocery Item 0214,Grocery,WH003,North Warehouse 003,North,103,13,1735.00,120,1,2026-05-24T00:00:00+07:00
INV-000715,SKU-0215,Fashion Item 0215,Fashion,WH003,North Warehouse 003,North,114,9,2195.35,49,1,2026-05-24T00:00:00+07:00
INV-000716,SKU-0216,Industrial Item 0216,Industrial,WH003,North Warehouse 003,North,263,52,173.11,26,1,2026-05-24T00:00:00+07:00
INV-000717,SKU-0217,Electronics Item 0217,Electronics,WH003,North Warehouse 003,North,605,22,440.83,35,1,2026-05-24T00:00:00+07:00
INV-000718,SKU-0218,Home Item 0218,Home,WH003,North Warehouse 003,North,482,42,823.11,103,1,2026-05-24T00:00:00+07:00
INV-000719,SKU-0219,Grocery Item 0219,Grocery,WH003,North Warehouse 003,North,183,12,1791.29,98,1,2026-05-24T00:00:00+07:00
INV-000720,SKU-0220,Fashion Item 0220,Fashion,WH003,North Warehouse 003,North,643,78,1649.79,65,1,2026-05-24T00:00:00+07:00
INV-000721,SKU-0221,Industrial Item 0221,Industrial,WH003,North Warehouse 003,North,583,71,769.15,83,1,2026-05-24T00:00:00+07:00
INV-000722,SKU-0222,Electronics Item 0222,Electronics,WH003,North Warehouse 003,North,206,35,1134.38,60,1,2026-05-24T00:00:00+07:00
INV-000723,SKU-0223,Home Item 0223,Home,WH003,North Warehouse 003,North,523,7,803.91,114,1,2026-05-24T00:00:00+07:00
INV-000724,SKU-0224,Grocery Item 0224,Grocery,WH003,North Warehouse 003,North,206,16,1977.03,114,1,2026-05-24T00:00:00+07:00
INV-000725,SKU-0225,Fashion Item 0225,Fashion,WH003,North Warehouse 003,North,97,4,1217.63,86,1,2026-05-24T00:00:00+07:00
INV-000726,SKU-0226,Industrial Item 0226,Industrial,WH003,North Warehouse 003,North,682,58,97.41,51,1,2026-05-24T00:00:00+07:00
INV-000727,SKU-0227,Electronics Item 0227,Electronics,WH003,North Warehouse 003,North,620,52,424.40,69,1,2026-05-24T00:00:00+07:00
INV-000728,SKU-0228,Home Item 0228,Home,WH003,North Warehouse 003,North,517,75,845.23,65,1,2026-05-24T00:00:00+07:00
INV-000729,SKU-0229,Grocery Item 0229,Grocery,WH003,North Warehouse 003,North,495,71,1579.84,31,1,2026-05-24T00:00:00+07:00
INV-000730,SKU-0230,Fashion Item 0230,Fashion,WH003,North Warehouse 003,North,183,44,276.79,77,1,2026-05-24T00:00:00+07:00
INV-000731,SKU-0231,Industrial Item 0231,Industrial,WH003,North Warehouse 003,North,145,9,1980.51,41,1,2026-05-24T00:00:00+07:00
INV-000732,SKU-0232,Electronics Item 0232,Electronics,WH003,North Warehouse 003,North,197,12,1522.41,34,1,2026-05-24T00:00:00+07:00
INV-000733,SKU-0233,Home Item 0233,Home,WH003,North Warehouse 003,North,679,76,1916.10,25,1,2026-05-24T00:00:00+07:00
INV-000734,SKU-0234,Grocery Item 0234,Grocery,WH003,North Warehouse 003,North,566,50,1045.16,105,1,2026-05-24T00:00:00+07:00
INV-000735,SKU-0235,Fashion Item 0235,Fashion,WH003,North Warehouse 003,North,123,7,1241.98,66,1,2026-05-24T00:00:00+07:00
INV-000736,SKU-0236,Industrial Item 0236,Industrial,WH003,North Warehouse 003,North,390,7,1899.67,63,1,2026-05-24T00:00:00+07:00
INV-000737,SKU-0237,Electronics Item 0237,Electronics,WH003,North Warehouse 003,North,716,56,1198.51,66,1,2026-05-24T00:00:00+07:00
INV-000738,SKU-0238,Home Item 0238,Home,WH003,North Warehouse 003,North,606,74,956.38,114,1,2026-05-24T00:00:00+07:00
INV-000739,SKU-0239,Grocery Item 0239,Grocery,WH003,North Warehouse 003,North,693,5,2251.55,111,1,2026-05-24T00:00:00+07:00
INV-000740,SKU-0240,Fashion Item 0240,Fashion,WH003,North Warehouse 003,North,391,60,1508.03,111,1,2026-05-24T00:00:00+07:00
INV-000741,SKU-0241,Industrial Item 0241,Industrial,WH003,North Warehouse 003,North,720,66,55.18,72,1,2026-05-24T00:00:00+07:00
INV-000742,SKU-0242,Electronics Item 0242,Electronics,WH003,North Warehouse 003,North,209,2,1163.96,111,1,2026-05-24T00:00:00+07:00
INV-000743,SKU-0243,Home Item 0243,Home,WH003,North Warehouse 003,North,148,12,1842.77,80,1,2026-05-24T00:00:00+07:00
INV-000744,SKU-0244,Grocery Item 0244,Grocery,WH003,North Warehouse 003,North,237,53,2371.68,71,1,2026-05-24T00:00:00+07:00
INV-000745,SKU-0245,Fashion Item 0245,Fashion,WH003,North Warehouse 003,North,293,65,1484.38,26,1,2026-05-24T00:00:00+07:00
INV-000746,SKU-0246,Industrial Item 0246,Industrial,WH003,North Warehouse 003,North,350,10,977.94,28,1,2026-05-24T00:00:00+07:00
INV-000747,SKU-0247,Electronics Item 0247,Electronics,WH003,North Warehouse 003,North,407,32,1671.35,67,1,2026-05-24T00:00:00+07:00
INV-000748,SKU-0248,Home Item 0248,Home,WH003,North Warehouse 003,North,121,26,2348.06,73,1,2026-05-24T00:00:00+07:00
INV-000749,SKU-0249,Grocery Item 0249,Grocery,WH003,North Warehouse 003,North,408,70,1985.03,107,1,2026-05-24T00:00:00+07:00
INV-000750,SKU-0250,Fashion Item 0250,Fashion,WH003,North Warehouse 003,North,443,14,547.15,103,1,2026-05-24T00:00:00+07:00
INV-000751,SKU-0001,Electronics Item 0001,Electronics,WH004,North Warehouse 004,North,128,22,1777.53,75,1,2026-05-24T00:00:00+07:00
INV-000752,SKU-0002,Home Item 0002,Home,WH004,North Warehouse 004,North,638,44,368.11,71,1,2026-05-24T00:00:00+07:00
INV-000753,SKU-0003,Grocery Item 0003,Grocery,WH004,North Warehouse 004,North,604,30,921.01,37,1,2026-05-24T00:00:00+07:00
INV-000754,SKU-0004,Fashion Item 0004,Fashion,WH004,North Warehouse 004,North,781,37,878.67,50,1,2026-05-24T00:00:00+07:00
INV-000755,SKU-0005,Industrial Item 0005,Industrial,WH004,North Warehouse 004,North,208,25,1634.22,40,1,2026-05-24T00:00:00+07:00
INV-000756,SKU-0006,Electronics Item 0006,Electronics,WH004,North Warehouse 004,North,176,38,1707.23,59,1,2026-05-24T00:00:00+07:00
INV-000757,SKU-0007,Home Item 0007,Home,WH004,North Warehouse 004,North,405,68,2401.57,92,1,2026-05-24T00:00:00+07:00
INV-000758,SKU-0008,Grocery Item 0008,Grocery,WH004,North Warehouse 004,North,583,80,337.83,99,1,2026-05-24T00:00:00+07:00
INV-000759,SKU-0009,Fashion Item 0009,Fashion,WH004,North Warehouse 004,North,419,57,2152.43,72,1,2026-05-24T00:00:00+07:00
INV-000760,SKU-0010,Industrial Item 0010,Industrial,WH004,North Warehouse 004,North,251,7,1174.65,45,1,2026-05-24T00:00:00+07:00
INV-000761,SKU-0011,Electronics Item 0011,Electronics,WH004,North Warehouse 004,North,377,7,1859.27,100,1,2026-05-24T00:00:00+07:00
INV-000762,SKU-0012,Home Item 0012,Home,WH004,North Warehouse 004,North,140,10,1275.41,120,1,2026-05-24T00:00:00+07:00
INV-000763,SKU-0013,Grocery Item 0013,Grocery,WH004,North Warehouse 004,North,306,10,115.80,54,1,2026-05-24T00:00:00+07:00
INV-000764,SKU-0014,Fashion Item 0014,Fashion,WH004,North Warehouse 004,North,172,4,1579.35,78,1,2026-05-24T00:00:00+07:00
INV-000765,SKU-0015,Industrial Item 0015,Industrial,WH004,North Warehouse 004,North,665,61,101.75,74,1,2026-05-24T00:00:00+07:00
INV-000766,SKU-0016,Electronics Item 0016,Electronics,WH004,North Warehouse 004,North,126,7,1720.80,91,1,2026-05-24T00:00:00+07:00
INV-000767,SKU-0017,Home Item 0017,Home,WH004,North Warehouse 004,North,268,45,1826.30,38,1,2026-05-24T00:00:00+07:00
INV-000768,SKU-0018,Grocery Item 0018,Grocery,WH004,North Warehouse 004,North,237,25,2014.12,53,1,2026-05-24T00:00:00+07:00
INV-000769,SKU-0019,Fashion Item 0019,Fashion,WH004,North Warehouse 004,North,529,14,1983.76,29,1,2026-05-24T00:00:00+07:00
INV-000770,SKU-0020,Industrial Item 0020,Industrial,WH004,North Warehouse 004,North,391,3,1784.42,102,1,2026-05-24T00:00:00+07:00
INV-000771,SKU-0021,Electronics Item 0021,Electronics,WH004,North Warehouse 004,North,615,21,111.83,57,1,2026-05-24T00:00:00+07:00
INV-000772,SKU-0022,Home Item 0022,Home,WH004,North Warehouse 004,North,289,71,492.70,59,1,2026-05-24T00:00:00+07:00
INV-000773,SKU-0023,Grocery Item 0023,Grocery,WH004,North Warehouse 004,North,339,60,961.08,56,1,2026-05-24T00:00:00+07:00
INV-000774,SKU-0024,Fashion Item 0024,Fashion,WH004,North Warehouse 004,North,176,22,340.10,56,1,2026-05-24T00:00:00+07:00
INV-000775,SKU-0025,Industrial Item 0025,Industrial,WH004,North Warehouse 004,North,441,80,1317.03,57,1,2026-05-24T00:00:00+07:00
INV-000776,SKU-0026,Electronics Item 0026,Electronics,WH004,North Warehouse 004,North,586,55,1958.19,34,1,2026-05-24T00:00:00+07:00
INV-000777,SKU-0027,Home Item 0027,Home,WH004,North Warehouse 004,North,755,33,2185.87,52,1,2026-05-24T00:00:00+07:00
INV-000778,SKU-0028,Grocery Item 0028,Grocery,WH004,North Warehouse 004,North,672,45,1707.15,79,1,2026-05-24T00:00:00+07:00
INV-000779,SKU-0029,Fashion Item 0029,Fashion,WH004,North Warehouse 004,North,460,45,385.53,38,1,2026-05-24T00:00:00+07:00
INV-000780,SKU-0030,Industrial Item 0030,Industrial,WH004,North Warehouse 004,North,288,30,2267.39,53,1,2026-05-24T00:00:00+07:00
INV-000781,SKU-0031,Electronics Item 0031,Electronics,WH004,North Warehouse 004,North,705,72,714.94,35,1,2026-05-24T00:00:00+07:00
INV-000782,SKU-0032,Home Item 0032,Home,WH004,North Warehouse 004,North,256,45,1192.73,97,1,2026-05-24T00:00:00+07:00
INV-000783,SKU-0033,Grocery Item 0033,Grocery,WH004,North Warehouse 004,North,197,35,46.92,68,1,2026-05-24T00:00:00+07:00
INV-000784,SKU-0034,Fashion Item 0034,Fashion,WH004,North Warehouse 004,North,488,31,2344.34,120,1,2026-05-24T00:00:00+07:00
INV-000785,SKU-0035,Industrial Item 0035,Industrial,WH004,North Warehouse 004,North,462,6,1059.35,71,1,2026-05-24T00:00:00+07:00
INV-000786,SKU-0036,Electronics Item 0036,Electronics,WH004,North Warehouse 004,North,563,29,2150.17,107,1,2026-05-24T00:00:00+07:00
INV-000787,SKU-0037,Home Item 0037,Home,WH004,North Warehouse 004,North,538,30,2450.66,96,1,2026-05-24T00:00:00+07:00
INV-000788,SKU-0038,Grocery Item 0038,Grocery,WH004,North Warehouse 004,North,202,22,1364.21,115,1,2026-05-24T00:00:00+07:00
INV-000789,SKU-0039,Fashion Item 0039,Fashion,WH004,North Warehouse 004,North,187,18,349.55,99,1,2026-05-24T00:00:00+07:00
INV-000790,SKU-0040,Industrial Item 0040,Industrial,WH004,North Warehouse 004,North,251,12,1147.75,99,1,2026-05-24T00:00:00+07:00
INV-000791,SKU-0041,Electronics Item 0041,Electronics,WH004,North Warehouse 004,North,91,9,516.73,109,1,2026-05-24T00:00:00+07:00
INV-000792,SKU-0042,Home Item 0042,Home,WH004,North Warehouse 004,North,252,46,1180.66,112,1,2026-05-24T00:00:00+07:00
INV-000793,SKU-0043,Grocery Item 0043,Grocery,WH004,North Warehouse 004,North,792,14,716.23,61,1,2026-05-24T00:00:00+07:00
INV-000794,SKU-0044,Fashion Item 0044,Fashion,WH004,North Warehouse 004,North,277,67,2312.35,40,1,2026-05-24T00:00:00+07:00
INV-000795,SKU-0045,Industrial Item 0045,Industrial,WH004,North Warehouse 004,North,604,58,2252.25,37,1,2026-05-24T00:00:00+07:00
INV-000796,SKU-0046,Electronics Item 0046,Electronics,WH004,North Warehouse 004,North,663,49,1987.48,61,1,2026-05-24T00:00:00+07:00
INV-000797,SKU-0047,Home Item 0047,Home,WH004,North Warehouse 004,North,627,19,561.31,52,1,2026-05-24T00:00:00+07:00
INV-000798,SKU-0048,Grocery Item 0048,Grocery,WH004,North Warehouse 004,North,138,10,399.52,65,1,2026-05-24T00:00:00+07:00
INV-000799,SKU-0049,Fashion Item 0049,Fashion,WH004,North Warehouse 004,North,721,8,2387.43,29,1,2026-05-24T00:00:00+07:00
INV-000800,SKU-0050,Industrial Item 0050,Industrial,WH004,North Warehouse 004,North,556,37,1334.00,99,1,2026-05-24T00:00:00+07:00
INV-000801,SKU-0051,Electronics Item 0051,Electronics,WH004,North Warehouse 004,North,403,79,2081.01,31,1,2026-05-24T00:00:00+07:00
INV-000802,SKU-0052,Home Item 0052,Home,WH004,North Warehouse 004,North,494,10,1748.18,104,1,2026-05-24T00:00:00+07:00
INV-000803,SKU-0053,Grocery Item 0053,Grocery,WH004,North Warehouse 004,North,591,21,128.90,73,1,2026-05-24T00:00:00+07:00
INV-000804,SKU-0054,Fashion Item 0054,Fashion,WH004,North Warehouse 004,North,654,55,394.70,115,1,2026-05-24T00:00:00+07:00
INV-000805,SKU-0055,Industrial Item 0055,Industrial,WH004,North Warehouse 004,North,181,0,897.27,65,1,2026-05-24T00:00:00+07:00
INV-000806,SKU-0056,Electronics Item 0056,Electronics,WH004,North Warehouse 004,North,513,68,7.48,75,1,2026-05-24T00:00:00+07:00
INV-000807,SKU-0057,Home Item 0057,Home,WH004,North Warehouse 004,North,111,21,2382.66,92,1,2026-05-24T00:00:00+07:00
INV-000808,SKU-0058,Grocery Item 0058,Grocery,WH004,North Warehouse 004,North,447,69,928.07,55,1,2026-05-24T00:00:00+07:00
INV-000809,SKU-0059,Fashion Item 0059,Fashion,WH004,North Warehouse 004,North,631,9,790.43,69,1,2026-05-24T00:00:00+07:00
INV-000810,SKU-0060,Industrial Item 0060,Industrial,WH004,North Warehouse 004,North,104,11,1633.98,84,1,2026-05-24T00:00:00+07:00
INV-000811,SKU-0061,Electronics Item 0061,Electronics,WH004,North Warehouse 004,North,256,2,1286.47,105,1,2026-05-24T00:00:00+07:00
INV-000812,SKU-0062,Home Item 0062,Home,WH004,North Warehouse 004,North,753,26,719.46,89,1,2026-05-24T00:00:00+07:00
INV-000813,SKU-0063,Grocery Item 0063,Grocery,WH004,North Warehouse 004,North,598,47,1829.39,74,1,2026-05-24T00:00:00+07:00
INV-000814,SKU-0064,Fashion Item 0064,Fashion,WH004,North Warehouse 004,North,254,8,1663.54,77,1,2026-05-24T00:00:00+07:00
INV-000815,SKU-0065,Industrial Item 0065,Industrial,WH004,North Warehouse 004,North,203,20,2061.14,110,1,2026-05-24T00:00:00+07:00
INV-000816,SKU-0066,Electronics Item 0066,Electronics,WH004,North Warehouse 004,North,591,17,2085.77,49,1,2026-05-24T00:00:00+07:00
INV-000817,SKU-0067,Home Item 0067,Home,WH004,North Warehouse 004,North,488,53,730.53,48,1,2026-05-24T00:00:00+07:00
INV-000818,SKU-0068,Grocery Item 0068,Grocery,WH004,North Warehouse 004,North,763,19,1147.92,77,1,2026-05-24T00:00:00+07:00
INV-000819,SKU-0069,Fashion Item 0069,Fashion,WH004,North Warehouse 004,North,553,62,1895.93,37,1,2026-05-24T00:00:00+07:00
INV-000820,SKU-0070,Industrial Item 0070,Industrial,WH004,North Warehouse 004,North,261,32,1972.05,49,1,2026-05-24T00:00:00+07:00
INV-000821,SKU-0071,Electronics Item 0071,Electronics,WH004,North Warehouse 004,North,279,38,1446.78,43,1,2026-05-24T00:00:00+07:00
INV-000822,SKU-0072,Home Item 0072,Home,WH004,North Warehouse 004,North,531,80,2144.12,69,1,2026-05-24T00:00:00+07:00
INV-000823,SKU-0073,Grocery Item 0073,Grocery,WH004,North Warehouse 004,North,524,8,461.14,28,1,2026-05-24T00:00:00+07:00
INV-000824,SKU-0074,Fashion Item 0074,Fashion,WH004,North Warehouse 004,North,706,14,831.39,82,1,2026-05-24T00:00:00+07:00
INV-000825,SKU-0075,Industrial Item 0075,Industrial,WH004,North Warehouse 004,North,475,64,873.37,90,1,2026-05-24T00:00:00+07:00
INV-000826,SKU-0076,Electronics Item 0076,Electronics,WH004,North Warehouse 004,North,190,2,1943.04,53,1,2026-05-24T00:00:00+07:00
INV-000827,SKU-0077,Home Item 0077,Home,WH004,North Warehouse 004,North,109,2,49.44,63,1,2026-05-24T00:00:00+07:00
INV-000828,SKU-0078,Grocery Item 0078,Grocery,WH004,North Warehouse 004,North,640,53,1251.42,92,1,2026-05-24T00:00:00+07:00
INV-000829,SKU-0079,Fashion Item 0079,Fashion,WH004,North Warehouse 004,North,399,80,1764.69,90,1,2026-05-24T00:00:00+07:00
INV-000830,SKU-0080,Industrial Item 0080,Industrial,WH004,North Warehouse 004,North,779,70,1169.52,65,1,2026-05-24T00:00:00+07:00
INV-000831,SKU-0081,Electronics Item 0081,Electronics,WH004,North Warehouse 004,North,565,16,2098.95,93,1,2026-05-24T00:00:00+07:00
INV-000832,SKU-0082,Home Item 0082,Home,WH004,North Warehouse 004,North,133,24,384.32,56,1,2026-05-24T00:00:00+07:00
INV-000833,SKU-0083,Grocery Item 0083,Grocery,WH004,North Warehouse 004,North,626,13,1591.98,84,1,2026-05-24T00:00:00+07:00
INV-000834,SKU-0084,Fashion Item 0084,Fashion,WH004,North Warehouse 004,North,489,50,1228.05,48,1,2026-05-24T00:00:00+07:00
INV-000835,SKU-0085,Industrial Item 0085,Industrial,WH004,North Warehouse 004,North,400,35,1810.41,99,1,2026-05-24T00:00:00+07:00
INV-000836,SKU-0086,Electronics Item 0086,Electronics,WH004,North Warehouse 004,North,279,25,289.91,112,1,2026-05-24T00:00:00+07:00
INV-000837,SKU-0087,Home Item 0087,Home,WH004,North Warehouse 004,North,179,34,1121.04,94,1,2026-05-24T00:00:00+07:00
INV-000838,SKU-0088,Grocery Item 0088,Grocery,WH004,North Warehouse 004,North,614,26,1812.62,70,1,2026-05-24T00:00:00+07:00
INV-000839,SKU-0089,Fashion Item 0089,Fashion,WH004,North Warehouse 004,North,488,55,611.87,109,1,2026-05-24T00:00:00+07:00
INV-000840,SKU-0090,Industrial Item 0090,Industrial,WH004,North Warehouse 004,North,515,7,2186.82,115,1,2026-05-24T00:00:00+07:00
INV-000841,SKU-0091,Electronics Item 0091,Electronics,WH004,North Warehouse 004,North,510,62,1159.94,42,1,2026-05-24T00:00:00+07:00
INV-000842,SKU-0092,Home Item 0092,Home,WH004,North Warehouse 004,North,754,71,432.34,80,1,2026-05-24T00:00:00+07:00
INV-000843,SKU-0093,Grocery Item 0093,Grocery,WH004,North Warehouse 004,North,505,15,553.38,115,1,2026-05-24T00:00:00+07:00
INV-000844,SKU-0094,Fashion Item 0094,Fashion,WH004,North Warehouse 004,North,256,23,2201.82,53,1,2026-05-24T00:00:00+07:00
INV-000845,SKU-0095,Industrial Item 0095,Industrial,WH004,North Warehouse 004,North,170,28,818.34,84,1,2026-05-24T00:00:00+07:00
INV-000846,SKU-0096,Electronics Item 0096,Electronics,WH004,North Warehouse 004,North,721,45,1289.55,49,1,2026-05-24T00:00:00+07:00
INV-000847,SKU-0097,Home Item 0097,Home,WH004,North Warehouse 004,North,128,29,395.29,107,1,2026-05-24T00:00:00+07:00
INV-000848,SKU-0098,Grocery Item 0098,Grocery,WH004,North Warehouse 004,North,710,75,1687.76,41,1,2026-05-24T00:00:00+07:00
INV-000849,SKU-0099,Fashion Item 0099,Fashion,WH004,North Warehouse 004,North,495,71,1149.64,63,1,2026-05-24T00:00:00+07:00
INV-000850,SKU-0100,Industrial Item 0100,Industrial,WH004,North Warehouse 004,North,195,12,2121.39,112,1,2026-05-24T00:00:00+07:00
INV-000851,SKU-0101,Electronics Item 0101,Electronics,WH004,North Warehouse 004,North,612,63,787.16,106,1,2026-05-24T00:00:00+07:00
INV-000852,SKU-0102,Home Item 0102,Home,WH004,North Warehouse 004,North,512,68,605.08,51,1,2026-05-24T00:00:00+07:00
INV-000853,SKU-0103,Grocery Item 0103,Grocery,WH004,North Warehouse 004,North,674,37,1806.00,61,1,2026-05-24T00:00:00+07:00
INV-000854,SKU-0104,Fashion Item 0104,Fashion,WH004,North Warehouse 004,North,149,11,1578.28,36,1,2026-05-24T00:00:00+07:00
INV-000855,SKU-0105,Industrial Item 0105,Industrial,WH004,North Warehouse 004,North,772,7,2168.23,86,1,2026-05-24T00:00:00+07:00
INV-000856,SKU-0106,Electronics Item 0106,Electronics,WH004,North Warehouse 004,North,650,73,1141.78,48,1,2026-05-24T00:00:00+07:00
INV-000857,SKU-0107,Home Item 0107,Home,WH004,North Warehouse 004,North,639,36,903.54,66,1,2026-05-24T00:00:00+07:00
INV-000858,SKU-0108,Grocery Item 0108,Grocery,WH004,North Warehouse 004,North,578,1,647.84,105,1,2026-05-24T00:00:00+07:00
INV-000859,SKU-0109,Fashion Item 0109,Fashion,WH004,North Warehouse 004,North,438,70,1633.87,67,1,2026-05-24T00:00:00+07:00
INV-000860,SKU-0110,Industrial Item 0110,Industrial,WH004,North Warehouse 004,North,85,7,1415.15,66,1,2026-05-24T00:00:00+07:00
INV-000861,SKU-0111,Electronics Item 0111,Electronics,WH004,North Warehouse 004,North,733,32,1122.38,112,1,2026-05-24T00:00:00+07:00
INV-000862,SKU-0112,Home Item 0112,Home,WH004,North Warehouse 004,North,468,79,2301.59,115,1,2026-05-24T00:00:00+07:00
INV-000863,SKU-0113,Grocery Item 0113,Grocery,WH004,North Warehouse 004,North,800,56,2181.50,88,1,2026-05-24T00:00:00+07:00
INV-000864,SKU-0114,Fashion Item 0114,Fashion,WH004,North Warehouse 004,North,479,15,1319.15,63,1,2026-05-24T00:00:00+07:00
INV-000865,SKU-0115,Industrial Item 0115,Industrial,WH004,North Warehouse 004,North,760,29,6.92,86,1,2026-05-24T00:00:00+07:00
INV-000866,SKU-0116,Electronics Item 0116,Electronics,WH004,North Warehouse 004,North,325,61,1093.49,72,1,2026-05-24T00:00:00+07:00
INV-000867,SKU-0117,Home Item 0117,Home,WH004,North Warehouse 004,North,245,13,275.54,49,1,2026-05-24T00:00:00+07:00
INV-000868,SKU-0118,Grocery Item 0118,Grocery,WH004,North Warehouse 004,North,292,34,1851.73,46,1,2026-05-24T00:00:00+07:00
INV-000869,SKU-0119,Fashion Item 0119,Fashion,WH004,North Warehouse 004,North,460,15,482.63,109,1,2026-05-24T00:00:00+07:00
INV-000870,SKU-0120,Industrial Item 0120,Industrial,WH004,North Warehouse 004,North,552,70,1411.87,46,1,2026-05-24T00:00:00+07:00
INV-000871,SKU-0121,Electronics Item 0121,Electronics,WH004,North Warehouse 004,North,540,27,532.21,94,1,2026-05-24T00:00:00+07:00
INV-000872,SKU-0122,Home Item 0122,Home,WH004,North Warehouse 004,North,595,59,1567.43,43,1,2026-05-24T00:00:00+07:00
INV-000873,SKU-0123,Grocery Item 0123,Grocery,WH004,North Warehouse 004,North,146,24,1225.05,30,1,2026-05-24T00:00:00+07:00
INV-000874,SKU-0124,Fashion Item 0124,Fashion,WH004,North Warehouse 004,North,529,21,711.86,35,1,2026-05-24T00:00:00+07:00
INV-000875,SKU-0125,Industrial Item 0125,Industrial,WH004,North Warehouse 004,North,325,60,2003.95,34,1,2026-05-24T00:00:00+07:00
INV-000876,SKU-0126,Electronics Item 0126,Electronics,WH004,North Warehouse 004,North,243,21,1410.32,83,1,2026-05-24T00:00:00+07:00
INV-000877,SKU-0127,Home Item 0127,Home,WH004,North Warehouse 004,North,405,19,1473.34,42,1,2026-05-24T00:00:00+07:00
INV-000878,SKU-0128,Grocery Item 0128,Grocery,WH004,North Warehouse 004,North,733,6,1297.84,92,1,2026-05-24T00:00:00+07:00
INV-000879,SKU-0129,Fashion Item 0129,Fashion,WH004,North Warehouse 004,North,154,29,1487.92,101,1,2026-05-24T00:00:00+07:00
INV-000880,SKU-0130,Industrial Item 0130,Industrial,WH004,North Warehouse 004,North,703,80,269.78,95,1,2026-05-24T00:00:00+07:00
INV-000881,SKU-0131,Electronics Item 0131,Electronics,WH004,North Warehouse 004,North,680,60,2233.57,97,1,2026-05-24T00:00:00+07:00
INV-000882,SKU-0132,Home Item 0132,Home,WH004,North Warehouse 004,North,249,11,1766.54,95,1,2026-05-24T00:00:00+07:00
INV-000883,SKU-0133,Grocery Item 0133,Grocery,WH004,North Warehouse 004,North,352,36,408.74,67,1,2026-05-24T00:00:00+07:00
INV-000884,SKU-0134,Fashion Item 0134,Fashion,WH004,North Warehouse 004,North,780,34,747.37,91,1,2026-05-24T00:00:00+07:00
INV-000885,SKU-0135,Industrial Item 0135,Industrial,WH004,North Warehouse 004,North,285,46,2133.35,112,1,2026-05-24T00:00:00+07:00
INV-000886,SKU-0136,Electronics Item 0136,Electronics,WH004,North Warehouse 004,North,408,33,1554.16,72,1,2026-05-24T00:00:00+07:00
INV-000887,SKU-0137,Home Item 0137,Home,WH004,North Warehouse 004,North,450,74,1339.71,101,1,2026-05-24T00:00:00+07:00
INV-000888,SKU-0138,Grocery Item 0138,Grocery,WH004,North Warehouse 004,North,424,59,1256.97,65,1,2026-05-24T00:00:00+07:00
INV-000889,SKU-0139,Fashion Item 0139,Fashion,WH004,North Warehouse 004,North,477,62,2267.96,45,1,2026-05-24T00:00:00+07:00
INV-000890,SKU-0140,Industrial Item 0140,Industrial,WH004,North Warehouse 004,North,100,24,1820.98,37,1,2026-05-24T00:00:00+07:00
INV-000891,SKU-0141,Electronics Item 0141,Electronics,WH004,North Warehouse 004,North,748,31,348.19,54,1,2026-05-24T00:00:00+07:00
INV-000892,SKU-0142,Home Item 0142,Home,WH004,North Warehouse 004,North,133,5,306.23,59,1,2026-05-24T00:00:00+07:00
INV-000893,SKU-0143,Grocery Item 0143,Grocery,WH004,North Warehouse 004,North,658,45,2032.09,78,1,2026-05-24T00:00:00+07:00
INV-000894,SKU-0144,Fashion Item 0144,Fashion,WH004,North Warehouse 004,North,302,61,1791.75,34,1,2026-05-24T00:00:00+07:00
INV-000895,SKU-0145,Industrial Item 0145,Industrial,WH004,North Warehouse 004,North,727,62,694.44,95,1,2026-05-24T00:00:00+07:00
INV-000896,SKU-0146,Electronics Item 0146,Electronics,WH004,North Warehouse 004,North,783,49,1821.49,75,1,2026-05-24T00:00:00+07:00
INV-000897,SKU-0147,Home Item 0147,Home,WH004,North Warehouse 004,North,478,60,280.47,99,1,2026-05-24T00:00:00+07:00
INV-000898,SKU-0148,Grocery Item 0148,Grocery,WH004,North Warehouse 004,North,327,8,765.62,103,1,2026-05-24T00:00:00+07:00
INV-000899,SKU-0149,Fashion Item 0149,Fashion,WH004,North Warehouse 004,North,275,57,1711.22,81,1,2026-05-24T00:00:00+07:00
INV-000900,SKU-0150,Industrial Item 0150,Industrial,WH004,North Warehouse 004,North,537,15,1630.47,35,1,2026-05-24T00:00:00+07:00
INV-000901,SKU-0151,Electronics Item 0151,Electronics,WH004,North Warehouse 004,North,457,39,182.78,42,1,2026-05-24T00:00:00+07:00
INV-000902,SKU-0152,Home Item 0152,Home,WH004,North Warehouse 004,North,781,16,766.19,41,1,2026-05-24T00:00:00+07:00
INV-000903,SKU-0153,Grocery Item 0153,Grocery,WH004,North Warehouse 004,North,116,5,2194.09,48,1,2026-05-24T00:00:00+07:00
INV-000904,SKU-0154,Fashion Item 0154,Fashion,WH004,North Warehouse 004,North,170,40,1899.45,68,1,2026-05-24T00:00:00+07:00
INV-000905,SKU-0155,Industrial Item 0155,Industrial,WH004,North Warehouse 004,North,454,24,2144.60,51,1,2026-05-24T00:00:00+07:00
INV-000906,SKU-0156,Electronics Item 0156,Electronics,WH004,North Warehouse 004,North,459,0,211.76,52,1,2026-05-24T00:00:00+07:00
INV-000907,SKU-0157,Home Item 0157,Home,WH004,North Warehouse 004,North,635,9,597.44,107,1,2026-05-24T00:00:00+07:00
INV-000908,SKU-0158,Grocery Item 0158,Grocery,WH004,North Warehouse 004,North,647,62,1715.19,75,1,2026-05-24T00:00:00+07:00
INV-000909,SKU-0159,Fashion Item 0159,Fashion,WH004,North Warehouse 004,North,102,5,409.05,64,1,2026-05-24T00:00:00+07:00
INV-000910,SKU-0160,Industrial Item 0160,Industrial,WH004,North Warehouse 004,North,220,28,1270.17,55,1,2026-05-24T00:00:00+07:00
INV-000911,SKU-0161,Electronics Item 0161,Electronics,WH004,North Warehouse 004,North,689,46,1187.58,78,1,2026-05-24T00:00:00+07:00
INV-000912,SKU-0162,Home Item 0162,Home,WH004,North Warehouse 004,North,237,29,2312.68,33,1,2026-05-24T00:00:00+07:00
INV-000913,SKU-0163,Grocery Item 0163,Grocery,WH004,North Warehouse 004,North,780,16,1703.34,96,1,2026-05-24T00:00:00+07:00
INV-000914,SKU-0164,Fashion Item 0164,Fashion,WH004,North Warehouse 004,North,302,33,112.62,46,1,2026-05-24T00:00:00+07:00
INV-000915,SKU-0165,Industrial Item 0165,Industrial,WH004,North Warehouse 004,North,494,62,446.40,65,1,2026-05-24T00:00:00+07:00
INV-000916,SKU-0166,Electronics Item 0166,Electronics,WH004,North Warehouse 004,North,103,7,2243.93,90,1,2026-05-24T00:00:00+07:00
INV-000917,SKU-0167,Home Item 0167,Home,WH004,North Warehouse 004,North,567,52,2098.04,94,1,2026-05-24T00:00:00+07:00
INV-000918,SKU-0168,Grocery Item 0168,Grocery,WH004,North Warehouse 004,North,332,77,815.49,53,1,2026-05-24T00:00:00+07:00
INV-000919,SKU-0169,Fashion Item 0169,Fashion,WH004,North Warehouse 004,North,474,33,1600.31,80,1,2026-05-24T00:00:00+07:00
INV-000920,SKU-0170,Industrial Item 0170,Industrial,WH004,North Warehouse 004,North,160,3,2372.69,31,1,2026-05-24T00:00:00+07:00
INV-000921,SKU-0171,Electronics Item 0171,Electronics,WH004,North Warehouse 004,North,648,48,2046.94,33,1,2026-05-24T00:00:00+07:00
INV-000922,SKU-0172,Home Item 0172,Home,WH004,North Warehouse 004,North,754,24,1514.39,79,1,2026-05-24T00:00:00+07:00
INV-000923,SKU-0173,Grocery Item 0173,Grocery,WH004,North Warehouse 004,North,541,11,751.58,119,1,2026-05-24T00:00:00+07:00
INV-000924,SKU-0174,Fashion Item 0174,Fashion,WH004,North Warehouse 004,North,750,14,1952.72,53,1,2026-05-24T00:00:00+07:00
INV-000925,SKU-0175,Industrial Item 0175,Industrial,WH004,North Warehouse 004,North,346,53,308.77,105,1,2026-05-24T00:00:00+07:00
INV-000926,SKU-0176,Electronics Item 0176,Electronics,WH004,North Warehouse 004,North,715,9,154.86,114,1,2026-05-24T00:00:00+07:00
INV-000927,SKU-0177,Home Item 0177,Home,WH004,North Warehouse 004,North,501,0,802.84,73,1,2026-05-24T00:00:00+07:00
INV-000928,SKU-0178,Grocery Item 0178,Grocery,WH004,North Warehouse 004,North,597,61,999.76,67,1,2026-05-24T00:00:00+07:00
INV-000929,SKU-0179,Fashion Item 0179,Fashion,WH004,North Warehouse 004,North,622,33,2389.43,74,1,2026-05-24T00:00:00+07:00
INV-000930,SKU-0180,Industrial Item 0180,Industrial,WH004,North Warehouse 004,North,346,67,1661.42,104,1,2026-05-24T00:00:00+07:00
INV-000931,SKU-0181,Electronics Item 0181,Electronics,WH004,North Warehouse 004,North,205,26,2182.51,60,1,2026-05-24T00:00:00+07:00
INV-000932,SKU-0182,Home Item 0182,Home,WH004,North Warehouse 004,North,320,62,1995.17,82,1,2026-05-24T00:00:00+07:00
INV-000933,SKU-0183,Grocery Item 0183,Grocery,WH004,North Warehouse 004,North,167,12,351.62,39,1,2026-05-24T00:00:00+07:00
INV-000934,SKU-0184,Fashion Item 0184,Fashion,WH004,North Warehouse 004,North,637,10,1214.50,28,1,2026-05-24T00:00:00+07:00
INV-000935,SKU-0185,Industrial Item 0185,Industrial,WH004,North Warehouse 004,North,440,35,1508.04,98,1,2026-05-24T00:00:00+07:00
INV-000936,SKU-0186,Electronics Item 0186,Electronics,WH004,North Warehouse 004,North,768,76,2138.25,120,1,2026-05-24T00:00:00+07:00
INV-000937,SKU-0187,Home Item 0187,Home,WH004,North Warehouse 004,North,232,50,230.26,41,1,2026-05-24T00:00:00+07:00
INV-000938,SKU-0188,Grocery Item 0188,Grocery,WH004,North Warehouse 004,North,237,2,1592.26,48,1,2026-05-24T00:00:00+07:00
INV-000939,SKU-0189,Fashion Item 0189,Fashion,WH004,North Warehouse 004,North,708,47,391.42,66,1,2026-05-24T00:00:00+07:00
INV-000940,SKU-0190,Industrial Item 0190,Industrial,WH004,North Warehouse 004,North,443,2,638.78,79,1,2026-05-24T00:00:00+07:00
INV-000941,SKU-0191,Electronics Item 0191,Electronics,WH004,North Warehouse 004,North,334,24,2273.17,31,1,2026-05-24T00:00:00+07:00
INV-000942,SKU-0192,Home Item 0192,Home,WH004,North Warehouse 004,North,785,35,2089.41,112,1,2026-05-24T00:00:00+07:00
INV-000943,SKU-0193,Grocery Item 0193,Grocery,WH004,North Warehouse 004,North,601,67,752.51,81,1,2026-05-24T00:00:00+07:00
INV-000944,SKU-0194,Fashion Item 0194,Fashion,WH004,North Warehouse 004,North,279,44,1021.39,47,1,2026-05-24T00:00:00+07:00
INV-000945,SKU-0195,Industrial Item 0195,Industrial,WH004,North Warehouse 004,North,494,78,947.88,32,1,2026-05-24T00:00:00+07:00
INV-000946,SKU-0196,Electronics Item 0196,Electronics,WH004,North Warehouse 004,North,214,19,1610.35,96,1,2026-05-24T00:00:00+07:00
INV-000947,SKU-0197,Home Item 0197,Home,WH004,North Warehouse 004,North,165,7,1598.07,80,1,2026-05-24T00:00:00+07:00
INV-000948,SKU-0198,Grocery Item 0198,Grocery,WH004,North Warehouse 004,North,129,16,2253.44,92,1,2026-05-24T00:00:00+07:00
INV-000949,SKU-0199,Fashion Item 0199,Fashion,WH004,North Warehouse 004,North,737,53,2449.32,36,1,2026-05-24T00:00:00+07:00
INV-000950,SKU-0200,Industrial Item 0200,Industrial,WH004,North Warehouse 004,North,662,60,1020.41,76,1,2026-05-24T00:00:00+07:00
INV-000951,SKU-0201,Electronics Item 0201,Electronics,WH004,North Warehouse 004,North,356,68,1088.23,35,1,2026-05-24T00:00:00+07:00
INV-000952,SKU-0202,Home Item 0202,Home,WH004,North Warehouse 004,North,430,35,1630.62,103,1,2026-05-24T00:00:00+07:00
INV-000953,SKU-0203,Grocery Item 0203,Grocery,WH004,North Warehouse 004,North,749,77,1226.19,63,1,2026-05-24T00:00:00+07:00
INV-000954,SKU-0204,Fashion Item 0204,Fashion,WH004,North Warehouse 004,North,608,23,1040.12,54,1,2026-05-24T00:00:00+07:00
INV-000955,SKU-0205,Industrial Item 0205,Industrial,WH004,North Warehouse 004,North,128,16,1282.90,51,1,2026-05-24T00:00:00+07:00
INV-000956,SKU-0206,Electronics Item 0206,Electronics,WH004,North Warehouse 004,North,580,40,397.51,98,1,2026-05-24T00:00:00+07:00
INV-000957,SKU-0207,Home Item 0207,Home,WH004,North Warehouse 004,North,436,62,690.51,118,1,2026-05-24T00:00:00+07:00
INV-000958,SKU-0208,Grocery Item 0208,Grocery,WH004,North Warehouse 004,North,226,8,555.93,98,1,2026-05-24T00:00:00+07:00
INV-000959,SKU-0209,Fashion Item 0209,Fashion,WH004,North Warehouse 004,North,717,9,1000.54,50,1,2026-05-24T00:00:00+07:00
INV-000960,SKU-0210,Industrial Item 0210,Industrial,WH004,North Warehouse 004,North,164,16,2444.52,64,1,2026-05-24T00:00:00+07:00
INV-000961,SKU-0211,Electronics Item 0211,Electronics,WH004,North Warehouse 004,North,544,60,1738.53,53,1,2026-05-24T00:00:00+07:00
INV-000962,SKU-0212,Home Item 0212,Home,WH004,North Warehouse 004,North,376,17,1722.98,119,1,2026-05-24T00:00:00+07:00
INV-000963,SKU-0213,Grocery Item 0213,Grocery,WH004,North Warehouse 004,North,387,77,1014.34,76,1,2026-05-24T00:00:00+07:00
INV-000964,SKU-0214,Fashion Item 0214,Fashion,WH004,North Warehouse 004,North,259,51,787.97,79,1,2026-05-24T00:00:00+07:00
INV-000965,SKU-0215,Industrial Item 0215,Industrial,WH004,North Warehouse 004,North,756,74,950.18,25,1,2026-05-24T00:00:00+07:00
INV-000966,SKU-0216,Electronics Item 0216,Electronics,WH004,North Warehouse 004,North,744,62,1742.93,81,1,2026-05-24T00:00:00+07:00
INV-000967,SKU-0217,Home Item 0217,Home,WH004,North Warehouse 004,North,514,78,1751.83,88,1,2026-05-24T00:00:00+07:00
INV-000968,SKU-0218,Grocery Item 0218,Grocery,WH004,North Warehouse 004,North,241,22,398.83,70,1,2026-05-24T00:00:00+07:00
INV-000969,SKU-0219,Fashion Item 0219,Fashion,WH004,North Warehouse 004,North,399,53,2091.71,82,1,2026-05-24T00:00:00+07:00
INV-000970,SKU-0220,Industrial Item 0220,Industrial,WH004,North Warehouse 004,North,778,64,849.54,48,1,2026-05-24T00:00:00+07:00
INV-000971,SKU-0221,Electronics Item 0221,Electronics,WH004,North Warehouse 004,North,739,39,1015.63,53,1,2026-05-24T00:00:00+07:00
INV-000972,SKU-0222,Home Item 0222,Home,WH004,North Warehouse 004,North,789,31,112.17,96,1,2026-05-24T00:00:00+07:00
INV-000973,SKU-0223,Grocery Item 0223,Grocery,WH004,North Warehouse 004,North,330,40,1873.20,69,1,2026-05-24T00:00:00+07:00
INV-000974,SKU-0224,Fashion Item 0224,Fashion,WH004,North Warehouse 004,North,653,39,1172.28,89,1,2026-05-24T00:00:00+07:00
INV-000975,SKU-0225,Industrial Item 0225,Industrial,WH004,North Warehouse 004,North,87,13,1779.15,115,1,2026-05-24T00:00:00+07:00
INV-000976,SKU-0226,Electronics Item 0226,Electronics,WH004,North Warehouse 004,North,780,30,902.61,31,1,2026-05-24T00:00:00+07:00
INV-000977,SKU-0227,Home Item 0227,Home,WH004,North Warehouse 004,North,152,12,1112.99,46,1,2026-05-24T00:00:00+07:00
INV-000978,SKU-0228,Grocery Item 0228,Grocery,WH004,North Warehouse 004,North,319,70,1588.63,32,1,2026-05-24T00:00:00+07:00
INV-000979,SKU-0229,Fashion Item 0229,Fashion,WH004,North Warehouse 004,North,673,50,71.19,55,1,2026-05-24T00:00:00+07:00
INV-000980,SKU-0230,Industrial Item 0230,Industrial,WH004,North Warehouse 004,North,417,27,943.06,101,1,2026-05-24T00:00:00+07:00
INV-000981,SKU-0231,Electronics Item 0231,Electronics,WH004,North Warehouse 004,North,789,41,1608.10,35,1,2026-05-24T00:00:00+07:00
INV-000982,SKU-0232,Home Item 0232,Home,WH004,North Warehouse 004,North,746,67,1641.36,84,1,2026-05-24T00:00:00+07:00
INV-000983,SKU-0233,Grocery Item 0233,Grocery,WH004,North Warehouse 004,North,354,37,387.24,115,1,2026-05-24T00:00:00+07:00
INV-000984,SKU-0234,Fashion Item 0234,Fashion,WH004,North Warehouse 004,North,81,2,1406.53,30,1,2026-05-24T00:00:00+07:00
INV-000985,SKU-0235,Industrial Item 0235,Industrial,WH004,North Warehouse 004,North,380,33,1897.57,28,1,2026-05-24T00:00:00+07:00
INV-000986,SKU-0236,Electronics Item 0236,Electronics,WH004,North Warehouse 004,North,653,61,2269.55,34,1,2026-05-24T00:00:00+07:00
INV-000987,SKU-0237,Home Item 0237,Home,WH004,North Warehouse 004,North,414,0,1293.79,57,1,2026-05-24T00:00:00+07:00
INV-000988,SKU-0238,Grocery Item 0238,Grocery,WH004,North Warehouse 004,North,334,66,2116.49,55,1,2026-05-24T00:00:00+07:00
INV-000989,SKU-0239,Fashion Item 0239,Fashion,WH004,North Warehouse 004,North,638,15,1067.92,49,1,2026-05-24T00:00:00+07:00
INV-000990,SKU-0240,Industrial Item 0240,Industrial,WH004,North Warehouse 004,North,625,31,843.78,116,1,2026-05-24T00:00:00+07:00
INV-000991,SKU-0241,Electronics Item 0241,Electronics,WH004,North Warehouse 004,North,341,14,247.34,108,1,2026-05-24T00:00:00+07:00
INV-000992,SKU-0242,Home Item 0242,Home,WH004,North Warehouse 004,North,527,46,655.86,92,1,2026-05-24T00:00:00+07:00
INV-000993,SKU-0243,Grocery Item 0243,Grocery,WH004,North Warehouse 004,North,254,5,1754.18,45,1,2026-05-24T00:00:00+07:00
INV-000994,SKU-0244,Fashion Item 0244,Fashion,WH004,North Warehouse 004,North,211,13,441.43,79,1,2026-05-24T00:00:00+07:00
INV-000995,SKU-0245,Industrial Item 0245,Industrial,WH004,North Warehouse 004,North,418,6,1182.92,110,1,2026-05-24T00:00:00+07:00
INV-000996,SKU-0246,Electronics Item 0246,Electronics,WH004,North Warehouse 004,North,169,21,2208.42,117,1,2026-05-24T00:00:00+07:00
INV-000997,SKU-0247,Home Item 0247,Home,WH004,North Warehouse 004,North,182,21,2062.77,73,1,2026-05-24T00:00:00+07:00
INV-000998,SKU-0248,Grocery Item 0248,Grocery,WH004,North Warehouse 004,North,152,34,1582.71,120,1,2026-05-24T00:00:00+07:00
INV-000999,SKU-0249,Fashion Item 0249,Fashion,WH004,North Warehouse 004,North,681,26,442.66,86,1,2026-05-24T00:00:00+07:00
INV-001000,SKU-0250,Industrial Item 0250,Industrial,WH004,North Warehouse 004,North,723,47,1573.97,112,1,2026-05-24T00:00:00+07:00
INV-001001,SKU-0001,Home Item 0001,Home,WH005,North Warehouse 005,North,283,57,2383.50,61,1,2026-05-24T00:00:00+07:00
INV-001002,SKU-0002,Grocery Item 0002,Grocery,WH005,North Warehouse 005,North,428,10,2146.89,107,1,2026-05-24T00:00:00+07:00
INV-001003,SKU-0003,Fashion Item 0003,Fashion,WH005,North Warehouse 005,North,672,61,2068.99,110,1,2026-05-24T00:00:00+07:00
INV-001004,SKU-0004,Industrial Item 0004,Industrial,WH005,North Warehouse 005,North,402,21,148.03,103,1,2026-05-24T00:00:00+07:00
INV-001005,SKU-0005,Electronics Item 0005,Electronics,WH005,North Warehouse 005,North,126,24,2312.66,35,1,2026-05-24T00:00:00+07:00
INV-001006,SKU-0006,Home Item 0006,Home,WH005,North Warehouse 005,North,194,8,2463.50,48,1,2026-05-24T00:00:00+07:00
INV-001007,SKU-0007,Grocery Item 0007,Grocery,WH005,North Warehouse 005,North,337,2,808.23,73,1,2026-05-24T00:00:00+07:00
INV-001008,SKU-0008,Fashion Item 0008,Fashion,WH005,North Warehouse 005,North,338,17,1686.57,41,1,2026-05-24T00:00:00+07:00
INV-001009,SKU-0009,Industrial Item 0009,Industrial,WH005,North Warehouse 005,North,428,26,14.47,68,1,2026-05-24T00:00:00+07:00
INV-001010,SKU-0010,Electronics Item 0010,Electronics,WH005,North Warehouse 005,North,364,4,1312.97,114,1,2026-05-24T00:00:00+07:00
INV-001011,SKU-0011,Home Item 0011,Home,WH005,North Warehouse 005,North,247,60,1391.92,69,1,2026-05-24T00:00:00+07:00
INV-001012,SKU-0012,Grocery Item 0012,Grocery,WH005,North Warehouse 005,North,341,49,954.52,51,1,2026-05-24T00:00:00+07:00
INV-001013,SKU-0013,Fashion Item 0013,Fashion,WH005,North Warehouse 005,North,721,10,360.78,89,1,2026-05-24T00:00:00+07:00
INV-001014,SKU-0014,Industrial Item 0014,Industrial,WH005,North Warehouse 005,North,603,61,185.53,105,1,2026-05-24T00:00:00+07:00
INV-001015,SKU-0015,Electronics Item 0015,Electronics,WH005,North Warehouse 005,North,188,4,1978.33,100,1,2026-05-24T00:00:00+07:00
INV-001016,SKU-0016,Home Item 0016,Home,WH005,North Warehouse 005,North,241,4,1674.86,85,1,2026-05-24T00:00:00+07:00
INV-001017,SKU-0017,Grocery Item 0017,Grocery,WH005,North Warehouse 005,North,179,6,1483.07,37,1,2026-05-24T00:00:00+07:00
INV-001018,SKU-0018,Fashion Item 0018,Fashion,WH005,North Warehouse 005,North,273,14,1054.37,42,1,2026-05-24T00:00:00+07:00
INV-001019,SKU-0019,Industrial Item 0019,Industrial,WH005,North Warehouse 005,North,334,20,1776.13,66,1,2026-05-24T00:00:00+07:00
INV-001020,SKU-0020,Electronics Item 0020,Electronics,WH005,North Warehouse 005,North,559,77,12.99,90,1,2026-05-24T00:00:00+07:00
INV-001021,SKU-0021,Home Item 0021,Home,WH005,North Warehouse 005,North,373,52,1424.65,93,1,2026-05-24T00:00:00+07:00
INV-001022,SKU-0022,Grocery Item 0022,Grocery,WH005,North Warehouse 005,North,466,32,2371.29,41,1,2026-05-24T00:00:00+07:00
INV-001023,SKU-0023,Fashion Item 0023,Fashion,WH005,North Warehouse 005,North,486,1,2153.75,84,1,2026-05-24T00:00:00+07:00
INV-001024,SKU-0024,Industrial Item 0024,Industrial,WH005,North Warehouse 005,North,793,24,641.16,120,1,2026-05-24T00:00:00+07:00
INV-001025,SKU-0025,Electronics Item 0025,Electronics,WH005,North Warehouse 005,North,410,19,1509.25,106,1,2026-05-24T00:00:00+07:00
INV-001026,SKU-0026,Home Item 0026,Home,WH005,North Warehouse 005,North,736,19,2197.10,43,1,2026-05-24T00:00:00+07:00
INV-001027,SKU-0027,Grocery Item 0027,Grocery,WH005,North Warehouse 005,North,223,16,1767.15,86,1,2026-05-24T00:00:00+07:00
INV-001028,SKU-0028,Fashion Item 0028,Fashion,WH005,North Warehouse 005,North,326,32,1010.96,94,1,2026-05-24T00:00:00+07:00
INV-001029,SKU-0029,Industrial Item 0029,Industrial,WH005,North Warehouse 005,North,655,61,1208.44,84,1,2026-05-24T00:00:00+07:00
INV-001030,SKU-0030,Electronics Item 0030,Electronics,WH005,North Warehouse 005,North,696,12,1797.80,85,1,2026-05-24T00:00:00+07:00
INV-001031,SKU-0031,Home Item 0031,Home,WH005,North Warehouse 005,North,505,46,1232.22,73,1,2026-05-24T00:00:00+07:00
INV-001032,SKU-0032,Grocery Item 0032,Grocery,WH005,North Warehouse 005,North,621,18,525.97,46,1,2026-05-24T00:00:00+07:00
INV-001033,SKU-0033,Fashion Item 0033,Fashion,WH005,North Warehouse 005,North,231,10,2036.12,46,1,2026-05-24T00:00:00+07:00
INV-001034,SKU-0034,Industrial Item 0034,Industrial,WH005,North Warehouse 005,North,776,44,1727.65,46,1,2026-05-24T00:00:00+07:00
INV-001035,SKU-0035,Electronics Item 0035,Electronics,WH005,North Warehouse 005,North,730,28,33.03,115,1,2026-05-24T00:00:00+07:00
INV-001036,SKU-0036,Home Item 0036,Home,WH005,North Warehouse 005,North,387,0,2105.60,111,1,2026-05-24T00:00:00+07:00
INV-001037,SKU-0037,Grocery Item 0037,Grocery,WH005,North Warehouse 005,North,211,30,209.62,103,1,2026-05-24T00:00:00+07:00
INV-001038,SKU-0038,Fashion Item 0038,Fashion,WH005,North Warehouse 005,North,125,4,1653.25,107,1,2026-05-24T00:00:00+07:00
INV-001039,SKU-0039,Industrial Item 0039,Industrial,WH005,North Warehouse 005,North,297,8,2317.30,94,1,2026-05-24T00:00:00+07:00
INV-001040,SKU-0040,Electronics Item 0040,Electronics,WH005,North Warehouse 005,North,709,4,1228.61,71,1,2026-05-24T00:00:00+07:00
INV-001041,SKU-0041,Home Item 0041,Home,WH005,North Warehouse 005,North,310,75,1644.61,59,1,2026-05-24T00:00:00+07:00
INV-001042,SKU-0042,Grocery Item 0042,Grocery,WH005,North Warehouse 005,North,212,11,2352.39,38,1,2026-05-24T00:00:00+07:00
INV-001043,SKU-0043,Fashion Item 0043,Fashion,WH005,North Warehouse 005,North,285,69,1840.46,115,1,2026-05-24T00:00:00+07:00
INV-001044,SKU-0044,Industrial Item 0044,Industrial,WH005,North Warehouse 005,North,541,50,513.91,120,1,2026-05-24T00:00:00+07:00
INV-001045,SKU-0045,Electronics Item 0045,Electronics,WH005,North Warehouse 005,North,178,24,587.31,51,1,2026-05-24T00:00:00+07:00
INV-001046,SKU-0046,Home Item 0046,Home,WH005,North Warehouse 005,North,676,0,1563.20,73,1,2026-05-24T00:00:00+07:00
INV-001047,SKU-0047,Grocery Item 0047,Grocery,WH005,North Warehouse 005,North,702,49,124.84,72,1,2026-05-24T00:00:00+07:00
INV-001048,SKU-0048,Fashion Item 0048,Fashion,WH005,North Warehouse 005,North,255,38,1522.17,31,1,2026-05-24T00:00:00+07:00
INV-001049,SKU-0049,Industrial Item 0049,Industrial,WH005,North Warehouse 005,North,375,64,829.58,116,1,2026-05-24T00:00:00+07:00
INV-001050,SKU-0050,Electronics Item 0050,Electronics,WH005,North Warehouse 005,North,578,28,1752.78,86,1,2026-05-24T00:00:00+07:00
INV-001051,SKU-0051,Home Item 0051,Home,WH005,North Warehouse 005,North,506,54,750.92,40,1,2026-05-24T00:00:00+07:00
INV-001052,SKU-0052,Grocery Item 0052,Grocery,WH005,North Warehouse 005,North,467,41,2024.64,29,1,2026-05-24T00:00:00+07:00
INV-001053,SKU-0053,Fashion Item 0053,Fashion,WH005,North Warehouse 005,North,192,41,1613.96,94,1,2026-05-24T00:00:00+07:00
INV-001054,SKU-0054,Industrial Item 0054,Industrial,WH005,North Warehouse 005,North,674,64,225.61,71,1,2026-05-24T00:00:00+07:00
INV-001055,SKU-0055,Electronics Item 0055,Electronics,WH005,North Warehouse 005,North,684,71,896.38,59,1,2026-05-24T00:00:00+07:00
INV-001056,SKU-0056,Home Item 0056,Home,WH005,North Warehouse 005,North,532,45,992.12,87,1,2026-05-24T00:00:00+07:00
INV-001057,SKU-0057,Grocery Item 0057,Grocery,WH005,North Warehouse 005,North,172,13,2400.20,76,1,2026-05-24T00:00:00+07:00
INV-001058,SKU-0058,Fashion Item 0058,Fashion,WH005,North Warehouse 005,North,533,72,557.67,31,1,2026-05-24T00:00:00+07:00
INV-001059,SKU-0059,Industrial Item 0059,Industrial,WH005,North Warehouse 005,North,231,7,1167.61,101,1,2026-05-24T00:00:00+07:00
INV-001060,SKU-0060,Electronics Item 0060,Electronics,WH005,North Warehouse 005,North,145,33,1352.85,53,1,2026-05-24T00:00:00+07:00
INV-001061,SKU-0061,Home Item 0061,Home,WH005,North Warehouse 005,North,797,1,1663.09,65,1,2026-05-24T00:00:00+07:00
INV-001062,SKU-0062,Grocery Item 0062,Grocery,WH005,North Warehouse 005,North,541,50,411.59,74,1,2026-05-24T00:00:00+07:00
INV-001063,SKU-0063,Fashion Item 0063,Fashion,WH005,North Warehouse 005,North,180,7,1099.46,42,1,2026-05-24T00:00:00+07:00
INV-001064,SKU-0064,Industrial Item 0064,Industrial,WH005,North Warehouse 005,North,101,5,1048.98,61,1,2026-05-24T00:00:00+07:00
INV-001065,SKU-0065,Electronics Item 0065,Electronics,WH005,North Warehouse 005,North,755,42,2298.31,108,1,2026-05-24T00:00:00+07:00
INV-001066,SKU-0066,Home Item 0066,Home,WH005,North Warehouse 005,North,502,13,557.34,109,1,2026-05-24T00:00:00+07:00
INV-001067,SKU-0067,Grocery Item 0067,Grocery,WH005,North Warehouse 005,North,177,33,260.77,102,1,2026-05-24T00:00:00+07:00
INV-001068,SKU-0068,Fashion Item 0068,Fashion,WH005,North Warehouse 005,North,374,63,1380.68,57,1,2026-05-24T00:00:00+07:00
INV-001069,SKU-0069,Industrial Item 0069,Industrial,WH005,North Warehouse 005,North,415,28,465.27,67,1,2026-05-24T00:00:00+07:00
INV-001070,SKU-0070,Electronics Item 0070,Electronics,WH005,North Warehouse 005,North,368,72,1061.44,68,1,2026-05-24T00:00:00+07:00
INV-001071,SKU-0071,Home Item 0071,Home,WH005,North Warehouse 005,North,491,44,2370.99,38,1,2026-05-24T00:00:00+07:00
INV-001072,SKU-0072,Grocery Item 0072,Grocery,WH005,North Warehouse 005,North,683,79,283.21,31,1,2026-05-24T00:00:00+07:00
INV-001073,SKU-0073,Fashion Item 0073,Fashion,WH005,North Warehouse 005,North,587,80,551.12,113,1,2026-05-24T00:00:00+07:00
INV-001074,SKU-0074,Industrial Item 0074,Industrial,WH005,North Warehouse 005,North,647,6,1321.21,112,1,2026-05-24T00:00:00+07:00
INV-001075,SKU-0075,Electronics Item 0075,Electronics,WH005,North Warehouse 005,North,620,52,482.97,53,1,2026-05-24T00:00:00+07:00
INV-001076,SKU-0076,Home Item 0076,Home,WH005,North Warehouse 005,North,445,73,1686.32,57,1,2026-05-24T00:00:00+07:00
INV-001077,SKU-0077,Grocery Item 0077,Grocery,WH005,North Warehouse 005,North,703,0,1454.56,81,1,2026-05-24T00:00:00+07:00
INV-001078,SKU-0078,Fashion Item 0078,Fashion,WH005,North Warehouse 005,North,410,63,1368.39,88,1,2026-05-24T00:00:00+07:00
INV-001079,SKU-0079,Industrial Item 0079,Industrial,WH005,North Warehouse 005,North,734,9,873.57,69,1,2026-05-24T00:00:00+07:00
INV-001080,SKU-0080,Electronics Item 0080,Electronics,WH005,North Warehouse 005,North,396,42,399.32,29,1,2026-05-24T00:00:00+07:00
INV-001081,SKU-0081,Home Item 0081,Home,WH005,North Warehouse 005,North,131,6,1317.44,68,1,2026-05-24T00:00:00+07:00
INV-001082,SKU-0082,Grocery Item 0082,Grocery,WH005,North Warehouse 005,North,304,30,1146.10,55,1,2026-05-24T00:00:00+07:00
INV-001083,SKU-0083,Fashion Item 0083,Fashion,WH005,North Warehouse 005,North,653,29,1620.91,91,1,2026-05-24T00:00:00+07:00
INV-001084,SKU-0084,Industrial Item 0084,Industrial,WH005,North Warehouse 005,North,758,30,905.72,59,1,2026-05-24T00:00:00+07:00
INV-001085,SKU-0085,Electronics Item 0085,Electronics,WH005,North Warehouse 005,North,153,17,126.83,118,1,2026-05-24T00:00:00+07:00
INV-001086,SKU-0086,Home Item 0086,Home,WH005,North Warehouse 005,North,792,35,2449.05,96,1,2026-05-24T00:00:00+07:00
INV-001087,SKU-0087,Grocery Item 0087,Grocery,WH005,North Warehouse 005,North,540,52,2372.42,109,1,2026-05-24T00:00:00+07:00
INV-001088,SKU-0088,Fashion Item 0088,Fashion,WH005,North Warehouse 005,North,287,27,2450.92,51,1,2026-05-24T00:00:00+07:00
INV-001089,SKU-0089,Industrial Item 0089,Industrial,WH005,North Warehouse 005,North,675,34,2408.26,83,1,2026-05-24T00:00:00+07:00
INV-001090,SKU-0090,Electronics Item 0090,Electronics,WH005,North Warehouse 005,North,659,73,114.87,107,1,2026-05-24T00:00:00+07:00
INV-001091,SKU-0091,Home Item 0091,Home,WH005,North Warehouse 005,North,349,65,953.57,76,1,2026-05-24T00:00:00+07:00
INV-001092,SKU-0092,Grocery Item 0092,Grocery,WH005,North Warehouse 005,North,295,5,2098.16,79,1,2026-05-24T00:00:00+07:00
INV-001093,SKU-0093,Fashion Item 0093,Fashion,WH005,North Warehouse 005,North,768,62,756.90,47,1,2026-05-24T00:00:00+07:00
INV-001094,SKU-0094,Industrial Item 0094,Industrial,WH005,North Warehouse 005,North,683,12,1784.00,49,1,2026-05-24T00:00:00+07:00
INV-001095,SKU-0095,Electronics Item 0095,Electronics,WH005,North Warehouse 005,North,630,0,492.84,35,1,2026-05-24T00:00:00+07:00
INV-001096,SKU-0096,Home Item 0096,Home,WH005,North Warehouse 005,North,110,23,381.61,55,1,2026-05-24T00:00:00+07:00
INV-001097,SKU-0097,Grocery Item 0097,Grocery,WH005,North Warehouse 005,North,328,18,1606.35,33,1,2026-05-24T00:00:00+07:00
INV-001098,SKU-0098,Fashion Item 0098,Fashion,WH005,North Warehouse 005,North,179,24,2227.00,33,1,2026-05-24T00:00:00+07:00
INV-001099,SKU-0099,Industrial Item 0099,Industrial,WH005,North Warehouse 005,North,777,14,2371.75,77,1,2026-05-24T00:00:00+07:00
INV-001100,SKU-0100,Electronics Item 0100,Electronics,WH005,North Warehouse 005,North,705,56,2208.14,96,1,2026-05-24T00:00:00+07:00
INV-001101,SKU-0101,Home Item 0101,Home,WH005,North Warehouse 005,North,731,57,553.80,26,1,2026-05-24T00:00:00+07:00
INV-001102,SKU-0102,Grocery Item 0102,Grocery,WH005,North Warehouse 005,North,707,27,795.47,79,1,2026-05-24T00:00:00+07:00
INV-001103,SKU-0103,Fashion Item 0103,Fashion,WH005,North Warehouse 005,North,473,60,2422.27,40,1,2026-05-24T00:00:00+07:00
INV-001104,SKU-0104,Industrial Item 0104,Industrial,WH005,North Warehouse 005,North,594,58,2241.04,50,1,2026-05-24T00:00:00+07:00
INV-001105,SKU-0105,Electronics Item 0105,Electronics,WH005,North Warehouse 005,North,383,78,1034.90,47,1,2026-05-24T00:00:00+07:00
INV-001106,SKU-0106,Home Item 0106,Home,WH005,North Warehouse 005,North,785,5,1152.07,86,1,2026-05-24T00:00:00+07:00
INV-001107,SKU-0107,Grocery Item 0107,Grocery,WH005,North Warehouse 005,North,758,43,522.22,66,1,2026-05-24T00:00:00+07:00
INV-001108,SKU-0108,Fashion Item 0108,Fashion,WH005,North Warehouse 005,North,125,3,1952.06,70,1,2026-05-24T00:00:00+07:00
INV-001109,SKU-0109,Industrial Item 0109,Industrial,WH005,North Warehouse 005,North,581,59,1027.60,30,1,2026-05-24T00:00:00+07:00
INV-001110,SKU-0110,Electronics Item 0110,Electronics,WH005,North Warehouse 005,North,514,61,2216.86,27,1,2026-05-24T00:00:00+07:00
INV-001111,SKU-0111,Home Item 0111,Home,WH005,North Warehouse 005,North,191,22,931.75,111,1,2026-05-24T00:00:00+07:00
INV-001112,SKU-0112,Grocery Item 0112,Grocery,WH005,North Warehouse 005,North,459,48,331.34,98,1,2026-05-24T00:00:00+07:00
INV-001113,SKU-0113,Fashion Item 0113,Fashion,WH005,North Warehouse 005,North,246,10,1101.89,116,1,2026-05-24T00:00:00+07:00
INV-001114,SKU-0114,Industrial Item 0114,Industrial,WH005,North Warehouse 005,North,292,32,639.08,106,1,2026-05-24T00:00:00+07:00
INV-001115,SKU-0115,Electronics Item 0115,Electronics,WH005,North Warehouse 005,North,599,32,1679.33,107,1,2026-05-24T00:00:00+07:00
INV-001116,SKU-0116,Home Item 0116,Home,WH005,North Warehouse 005,North,636,54,1553.55,35,1,2026-05-24T00:00:00+07:00
INV-001117,SKU-0117,Grocery Item 0117,Grocery,WH005,North Warehouse 005,North,420,56,1199.10,93,1,2026-05-24T00:00:00+07:00
INV-001118,SKU-0118,Fashion Item 0118,Fashion,WH005,North Warehouse 005,North,103,1,1520.42,77,1,2026-05-24T00:00:00+07:00
INV-001119,SKU-0119,Industrial Item 0119,Industrial,WH005,North Warehouse 005,North,339,27,988.53,74,1,2026-05-24T00:00:00+07:00
INV-001120,SKU-0120,Electronics Item 0120,Electronics,WH005,North Warehouse 005,North,270,52,994.28,118,1,2026-05-24T00:00:00+07:00
INV-001121,SKU-0121,Home Item 0121,Home,WH005,North Warehouse 005,North,132,14,940.27,107,1,2026-05-24T00:00:00+07:00
INV-001122,SKU-0122,Grocery Item 0122,Grocery,WH005,North Warehouse 005,North,441,67,670.63,33,1,2026-05-24T00:00:00+07:00
INV-001123,SKU-0123,Fashion Item 0123,Fashion,WH005,North Warehouse 005,North,232,52,210.90,37,1,2026-05-24T00:00:00+07:00
INV-001124,SKU-0124,Industrial Item 0124,Industrial,WH005,North Warehouse 005,North,125,9,197.79,73,1,2026-05-24T00:00:00+07:00
INV-001125,SKU-0125,Electronics Item 0125,Electronics,WH005,North Warehouse 005,North,295,45,363.00,71,1,2026-05-24T00:00:00+07:00
INV-001126,SKU-0126,Home Item 0126,Home,WH005,North Warehouse 005,North,684,57,802.17,77,1,2026-05-24T00:00:00+07:00
INV-001127,SKU-0127,Grocery Item 0127,Grocery,WH005,North Warehouse 005,North,765,4,477.42,53,1,2026-05-24T00:00:00+07:00
INV-001128,SKU-0128,Fashion Item 0128,Fashion,WH005,North Warehouse 005,North,289,61,486.03,116,1,2026-05-24T00:00:00+07:00
INV-001129,SKU-0129,Industrial Item 0129,Industrial,WH005,North Warehouse 005,North,141,2,125.17,106,1,2026-05-24T00:00:00+07:00
INV-001130,SKU-0130,Electronics Item 0130,Electronics,WH005,North Warehouse 005,North,88,13,232.83,56,1,2026-05-24T00:00:00+07:00
INV-001131,SKU-0131,Home Item 0131,Home,WH005,North Warehouse 005,North,323,18,385.92,82,1,2026-05-24T00:00:00+07:00
INV-001132,SKU-0132,Grocery Item 0132,Grocery,WH005,North Warehouse 005,North,550,55,638.34,90,1,2026-05-24T00:00:00+07:00
INV-001133,SKU-0133,Fashion Item 0133,Fashion,WH005,North Warehouse 005,North,776,34,1372.73,87,1,2026-05-24T00:00:00+07:00
INV-001134,SKU-0134,Industrial Item 0134,Industrial,WH005,North Warehouse 005,North,169,1,2204.20,60,1,2026-05-24T00:00:00+07:00
INV-001135,SKU-0135,Electronics Item 0135,Electronics,WH005,North Warehouse 005,North,184,34,2175.43,99,1,2026-05-24T00:00:00+07:00
INV-001136,SKU-0136,Home Item 0136,Home,WH005,North Warehouse 005,North,435,63,215.03,82,1,2026-05-24T00:00:00+07:00
INV-001137,SKU-0137,Grocery Item 0137,Grocery,WH005,North Warehouse 005,North,485,3,1089.14,51,1,2026-05-24T00:00:00+07:00
INV-001138,SKU-0138,Fashion Item 0138,Fashion,WH005,North Warehouse 005,North,448,61,2022.77,46,1,2026-05-24T00:00:00+07:00
INV-001139,SKU-0139,Industrial Item 0139,Industrial,WH005,North Warehouse 005,North,349,8,379.66,76,1,2026-05-24T00:00:00+07:00
INV-001140,SKU-0140,Electronics Item 0140,Electronics,WH005,North Warehouse 005,North,325,64,1623.45,47,1,2026-05-24T00:00:00+07:00
INV-001141,SKU-0141,Home Item 0141,Home,WH005,North Warehouse 005,North,139,34,133.03,42,1,2026-05-24T00:00:00+07:00
INV-001142,SKU-0142,Grocery Item 0142,Grocery,WH005,North Warehouse 005,North,615,61,1133.20,106,1,2026-05-24T00:00:00+07:00
INV-001143,SKU-0143,Fashion Item 0143,Fashion,WH005,North Warehouse 005,North,633,65,141.96,51,1,2026-05-24T00:00:00+07:00
INV-001144,SKU-0144,Industrial Item 0144,Industrial,WH005,North Warehouse 005,North,792,64,2458.16,103,1,2026-05-24T00:00:00+07:00
INV-001145,SKU-0145,Electronics Item 0145,Electronics,WH005,North Warehouse 005,North,538,31,36.95,38,1,2026-05-24T00:00:00+07:00
INV-001146,SKU-0146,Home Item 0146,Home,WH005,North Warehouse 005,North,352,10,1898.23,34,1,2026-05-24T00:00:00+07:00
INV-001147,SKU-0147,Grocery Item 0147,Grocery,WH005,North Warehouse 005,North,445,37,141.89,102,1,2026-05-24T00:00:00+07:00
INV-001148,SKU-0148,Fashion Item 0148,Fashion,WH005,North Warehouse 005,North,675,11,1086.17,50,1,2026-05-24T00:00:00+07:00
INV-001149,SKU-0149,Industrial Item 0149,Industrial,WH005,North Warehouse 005,North,548,7,1408.37,115,1,2026-05-24T00:00:00+07:00
INV-001150,SKU-0150,Electronics Item 0150,Electronics,WH005,North Warehouse 005,North,760,7,1065.89,89,1,2026-05-24T00:00:00+07:00
INV-001151,SKU-0151,Home Item 0151,Home,WH005,North Warehouse 005,North,509,13,592.00,40,1,2026-05-24T00:00:00+07:00
INV-001152,SKU-0152,Grocery Item 0152,Grocery,WH005,North Warehouse 005,North,691,23,1677.54,42,1,2026-05-24T00:00:00+07:00
INV-001153,SKU-0153,Fashion Item 0153,Fashion,WH005,North Warehouse 005,North,363,9,311.63,120,1,2026-05-24T00:00:00+07:00
INV-001154,SKU-0154,Industrial Item 0154,Industrial,WH005,North Warehouse 005,North,349,45,339.71,63,1,2026-05-24T00:00:00+07:00
INV-001155,SKU-0155,Electronics Item 0155,Electronics,WH005,North Warehouse 005,North,270,47,1531.56,54,1,2026-05-24T00:00:00+07:00
INV-001156,SKU-0156,Home Item 0156,Home,WH005,North Warehouse 005,North,609,59,2134.36,97,1,2026-05-24T00:00:00+07:00
INV-001157,SKU-0157,Grocery Item 0157,Grocery,WH005,North Warehouse 005,North,479,47,1018.96,50,1,2026-05-24T00:00:00+07:00
INV-001158,SKU-0158,Fashion Item 0158,Fashion,WH005,North Warehouse 005,North,273,5,1164.99,110,1,2026-05-24T00:00:00+07:00
INV-001159,SKU-0159,Industrial Item 0159,Industrial,WH005,North Warehouse 005,North,560,13,1363.04,76,1,2026-05-24T00:00:00+07:00
INV-001160,SKU-0160,Electronics Item 0160,Electronics,WH005,North Warehouse 005,North,160,33,2406.33,39,1,2026-05-24T00:00:00+07:00
INV-001161,SKU-0161,Home Item 0161,Home,WH005,North Warehouse 005,North,639,34,1490.07,53,1,2026-05-24T00:00:00+07:00
INV-001162,SKU-0162,Grocery Item 0162,Grocery,WH005,North Warehouse 005,North,370,68,2086.62,56,1,2026-05-24T00:00:00+07:00
INV-001163,SKU-0163,Fashion Item 0163,Fashion,WH005,North Warehouse 005,North,380,6,1307.02,50,1,2026-05-24T00:00:00+07:00
INV-001164,SKU-0164,Industrial Item 0164,Industrial,WH005,North Warehouse 005,North,601,44,1638.73,97,1,2026-05-24T00:00:00+07:00
INV-001165,SKU-0165,Electronics Item 0165,Electronics,WH005,North Warehouse 005,North,720,45,1963.10,44,1,2026-05-24T00:00:00+07:00
INV-001166,SKU-0166,Home Item 0166,Home,WH005,North Warehouse 005,North,103,24,155.93,102,1,2026-05-24T00:00:00+07:00
INV-001167,SKU-0167,Grocery Item 0167,Grocery,WH005,North Warehouse 005,North,510,60,2480.11,69,1,2026-05-24T00:00:00+07:00
INV-001168,SKU-0168,Fashion Item 0168,Fashion,WH005,North Warehouse 005,North,476,39,2390.11,32,1,2026-05-24T00:00:00+07:00
INV-001169,SKU-0169,Industrial Item 0169,Industrial,WH005,North Warehouse 005,North,545,11,277.01,91,1,2026-05-24T00:00:00+07:00
INV-001170,SKU-0170,Electronics Item 0170,Electronics,WH005,North Warehouse 005,North,417,24,236.48,26,1,2026-05-24T00:00:00+07:00
INV-001171,SKU-0171,Home Item 0171,Home,WH005,North Warehouse 005,North,550,55,1620.91,83,1,2026-05-24T00:00:00+07:00
INV-001172,SKU-0172,Grocery Item 0172,Grocery,WH005,North Warehouse 005,North,488,71,379.48,51,1,2026-05-24T00:00:00+07:00
INV-001173,SKU-0173,Fashion Item 0173,Fashion,WH005,North Warehouse 005,North,329,31,1044.30,119,1,2026-05-24T00:00:00+07:00
INV-001174,SKU-0174,Industrial Item 0174,Industrial,WH005,North Warehouse 005,North,609,16,836.87,60,1,2026-05-24T00:00:00+07:00
INV-001175,SKU-0175,Electronics Item 0175,Electronics,WH005,North Warehouse 005,North,329,74,1786.39,117,1,2026-05-24T00:00:00+07:00
INV-001176,SKU-0176,Home Item 0176,Home,WH005,North Warehouse 005,North,273,68,1981.69,86,1,2026-05-24T00:00:00+07:00
INV-001177,SKU-0177,Grocery Item 0177,Grocery,WH005,North Warehouse 005,North,587,22,1200.19,37,1,2026-05-24T00:00:00+07:00
INV-001178,SKU-0178,Fashion Item 0178,Fashion,WH005,North Warehouse 005,North,682,51,472.40,93,1,2026-05-24T00:00:00+07:00
INV-001179,SKU-0179,Industrial Item 0179,Industrial,WH005,North Warehouse 005,North,505,31,1267.25,59,1,2026-05-24T00:00:00+07:00
INV-001180,SKU-0180,Electronics Item 0180,Electronics,WH005,North Warehouse 005,North,92,3,1510.71,94,1,2026-05-24T00:00:00+07:00
INV-001181,SKU-0181,Home Item 0181,Home,WH005,North Warehouse 005,North,257,39,77.52,116,1,2026-05-24T00:00:00+07:00
INV-001182,SKU-0182,Grocery Item 0182,Grocery,WH005,North Warehouse 005,North,183,30,1578.76,100,1,2026-05-24T00:00:00+07:00
INV-001183,SKU-0183,Fashion Item 0183,Fashion,WH005,North Warehouse 005,North,616,55,1404.60,58,1,2026-05-24T00:00:00+07:00
INV-001184,SKU-0184,Industrial Item 0184,Industrial,WH005,North Warehouse 005,North,400,29,974.47,76,1,2026-05-24T00:00:00+07:00
INV-001185,SKU-0185,Electronics Item 0185,Electronics,WH005,North Warehouse 005,North,534,8,342.39,104,1,2026-05-24T00:00:00+07:00
INV-001186,SKU-0186,Home Item 0186,Home,WH005,North Warehouse 005,North,226,36,2167.82,57,1,2026-05-24T00:00:00+07:00
INV-001187,SKU-0187,Grocery Item 0187,Grocery,WH005,North Warehouse 005,North,248,56,214.49,33,1,2026-05-24T00:00:00+07:00
INV-001188,SKU-0188,Fashion Item 0188,Fashion,WH005,North Warehouse 005,North,361,4,718.20,110,1,2026-05-24T00:00:00+07:00
INV-001189,SKU-0189,Industrial Item 0189,Industrial,WH005,North Warehouse 005,North,122,28,311.63,28,1,2026-05-24T00:00:00+07:00
INV-001190,SKU-0190,Electronics Item 0190,Electronics,WH005,North Warehouse 005,North,290,17,714.25,27,1,2026-05-24T00:00:00+07:00
INV-001191,SKU-0191,Home Item 0191,Home,WH005,North Warehouse 005,North,468,61,141.24,113,1,2026-05-24T00:00:00+07:00
INV-001192,SKU-0192,Grocery Item 0192,Grocery,WH005,North Warehouse 005,North,443,58,781.42,47,1,2026-05-24T00:00:00+07:00
INV-001193,SKU-0193,Fashion Item 0193,Fashion,WH005,North Warehouse 005,North,683,8,885.42,119,1,2026-05-24T00:00:00+07:00
INV-001194,SKU-0194,Industrial Item 0194,Industrial,WH005,North Warehouse 005,North,788,6,672.97,71,1,2026-05-24T00:00:00+07:00
INV-001195,SKU-0195,Electronics Item 0195,Electronics,WH005,North Warehouse 005,North,538,8,1521.80,36,1,2026-05-24T00:00:00+07:00
INV-001196,SKU-0196,Home Item 0196,Home,WH005,North Warehouse 005,North,124,12,2283.57,97,1,2026-05-24T00:00:00+07:00
INV-001197,SKU-0197,Grocery Item 0197,Grocery,WH005,North Warehouse 005,North,331,50,279.05,36,1,2026-05-24T00:00:00+07:00
INV-001198,SKU-0198,Fashion Item 0198,Fashion,WH005,North Warehouse 005,North,534,26,837.08,41,1,2026-05-24T00:00:00+07:00
INV-001199,SKU-0199,Industrial Item 0199,Industrial,WH005,North Warehouse 005,North,211,32,552.73,38,1,2026-05-24T00:00:00+07:00
INV-001200,SKU-0200,Electronics Item 0200,Electronics,WH005,North Warehouse 005,North,183,1,90.72,27,1,2026-05-24T00:00:00+07:00
INV-001201,SKU-0201,Home Item 0201,Home,WH005,North Warehouse 005,North,749,50,691.43,63,1,2026-05-24T00:00:00+07:00
INV-001202,SKU-0202,Grocery Item 0202,Grocery,WH005,North Warehouse 005,North,276,36,94.22,119,1,2026-05-24T00:00:00+07:00
INV-001203,SKU-0203,Fashion Item 0203,Fashion,WH005,North Warehouse 005,North,376,43,30.53,82,1,2026-05-24T00:00:00+07:00
INV-001204,SKU-0204,Industrial Item 0204,Industrial,WH005,North Warehouse 005,North,268,44,578.96,66,1,2026-05-24T00:00:00+07:00
INV-001205,SKU-0205,Electronics Item 0205,Electronics,WH005,North Warehouse 005,North,211,33,1679.53,38,1,2026-05-24T00:00:00+07:00
INV-001206,SKU-0206,Home Item 0206,Home,WH005,North Warehouse 005,North,759,42,1823.71,114,1,2026-05-24T00:00:00+07:00
INV-001207,SKU-0207,Grocery Item 0207,Grocery,WH005,North Warehouse 005,North,102,1,1656.82,75,1,2026-05-24T00:00:00+07:00
INV-001208,SKU-0208,Fashion Item 0208,Fashion,WH005,North Warehouse 005,North,267,18,1361.68,60,1,2026-05-24T00:00:00+07:00
INV-001209,SKU-0209,Industrial Item 0209,Industrial,WH005,North Warehouse 005,North,264,55,1919.31,108,1,2026-05-24T00:00:00+07:00
INV-001210,SKU-0210,Electronics Item 0210,Electronics,WH005,North Warehouse 005,North,331,58,730.29,56,1,2026-05-24T00:00:00+07:00
INV-001211,SKU-0211,Home Item 0211,Home,WH005,North Warehouse 005,North,240,48,1553.93,53,1,2026-05-24T00:00:00+07:00
INV-001212,SKU-0212,Grocery Item 0212,Grocery,WH005,North Warehouse 005,North,364,72,374.85,25,1,2026-05-24T00:00:00+07:00
INV-001213,SKU-0213,Fashion Item 0213,Fashion,WH005,North Warehouse 005,North,750,28,1063.15,99,1,2026-05-24T00:00:00+07:00
INV-001214,SKU-0214,Industrial Item 0214,Industrial,WH005,North Warehouse 005,North,343,68,572.87,88,1,2026-05-24T00:00:00+07:00
INV-001215,SKU-0215,Electronics Item 0215,Electronics,WH005,North Warehouse 005,North,334,53,1532.89,114,1,2026-05-24T00:00:00+07:00
INV-001216,SKU-0216,Home Item 0216,Home,WH005,North Warehouse 005,North,116,13,2427.61,26,1,2026-05-24T00:00:00+07:00
INV-001217,SKU-0217,Grocery Item 0217,Grocery,WH005,North Warehouse 005,North,205,15,855.99,101,1,2026-05-24T00:00:00+07:00
INV-001218,SKU-0218,Fashion Item 0218,Fashion,WH005,North Warehouse 005,North,183,42,1860.38,99,1,2026-05-24T00:00:00+07:00
INV-001219,SKU-0219,Industrial Item 0219,Industrial,WH005,North Warehouse 005,North,787,14,664.12,56,1,2026-05-24T00:00:00+07:00
INV-001220,SKU-0220,Electronics Item 0220,Electronics,WH005,North Warehouse 005,North,183,20,191.42,33,1,2026-05-24T00:00:00+07:00
INV-001221,SKU-0221,Home Item 0221,Home,WH005,North Warehouse 005,North,569,46,146.79,62,1,2026-05-24T00:00:00+07:00
INV-001222,SKU-0222,Grocery Item 0222,Grocery,WH005,North Warehouse 005,North,189,45,1856.71,79,1,2026-05-24T00:00:00+07:00
INV-001223,SKU-0223,Fashion Item 0223,Fashion,WH005,North Warehouse 005,North,634,73,107.51,75,1,2026-05-24T00:00:00+07:00
INV-001224,SKU-0224,Industrial Item 0224,Industrial,WH005,North Warehouse 005,North,779,55,1596.12,76,1,2026-05-24T00:00:00+07:00
INV-001225,SKU-0225,Electronics Item 0225,Electronics,WH005,North Warehouse 005,North,799,51,1634.36,94,1,2026-05-24T00:00:00+07:00
INV-001226,SKU-0226,Home Item 0226,Home,WH005,North Warehouse 005,North,271,6,296.62,48,1,2026-05-24T00:00:00+07:00
INV-001227,SKU-0227,Grocery Item 0227,Grocery,WH005,North Warehouse 005,North,138,5,964.82,106,1,2026-05-24T00:00:00+07:00
INV-001228,SKU-0228,Fashion Item 0228,Fashion,WH005,North Warehouse 005,North,164,5,1826.96,82,1,2026-05-24T00:00:00+07:00
INV-001229,SKU-0229,Industrial Item 0229,Industrial,WH005,North Warehouse 005,North,228,56,1026.79,112,1,2026-05-24T00:00:00+07:00
INV-001230,SKU-0230,Electronics Item 0230,Electronics,WH005,North Warehouse 005,North,629,7,638.33,43,1,2026-05-24T00:00:00+07:00
INV-001231,SKU-0231,Home Item 0231,Home,WH005,North Warehouse 005,North,336,54,354.60,28,1,2026-05-24T00:00:00+07:00
INV-001232,SKU-0232,Grocery Item 0232,Grocery,WH005,North Warehouse 005,North,153,34,87.28,91,1,2026-05-24T00:00:00+07:00
INV-001233,SKU-0233,Fashion Item 0233,Fashion,WH005,North Warehouse 005,North,388,6,164.96,62,1,2026-05-24T00:00:00+07:00
INV-001234,SKU-0234,Industrial Item 0234,Industrial,WH005,North Warehouse 005,North,750,12,1378.17,38,1,2026-05-24T00:00:00+07:00
INV-001235,SKU-0235,Electronics Item 0235,Electronics,WH005,North Warehouse 005,North,222,35,398.04,82,1,2026-05-24T00:00:00+07:00
INV-001236,SKU-0236,Home Item 0236,Home,WH005,North Warehouse 005,North,344,38,923.11,33,1,2026-05-24T00:00:00+07:00
INV-001237,SKU-0237,Grocery Item 0237,Grocery,WH005,North Warehouse 005,North,567,62,433.10,99,1,2026-05-24T00:00:00+07:00
INV-001238,SKU-0238,Fashion Item 0238,Fashion,WH005,North Warehouse 005,North,550,33,186.31,63,1,2026-05-24T00:00:00+07:00
INV-001239,SKU-0239,Industrial Item 0239,Industrial,WH005,North Warehouse 005,North,641,64,1046.77,101,1,2026-05-24T00:00:00+07:00
INV-001240,SKU-0240,Electronics Item 0240,Electronics,WH005,North Warehouse 005,North,685,70,1353.40,91,1,2026-05-24T00:00:00+07:00
INV-001241,SKU-0241,Home Item 0241,Home,WH005,North Warehouse 005,North,387,67,1716.35,46,1,2026-05-24T00:00:00+07:00
INV-001242,SKU-0242,Grocery Item 0242,Grocery,WH005,North Warehouse 005,North,417,63,754.80,27,1,2026-05-24T00:00:00+07:00
INV-001243,SKU-0243,Fashion Item 0243,Fashion,WH005,North Warehouse 005,North,196,40,1767.47,112,1,2026-05-24T00:00:00+07:00
INV-001244,SKU-0244,Industrial Item 0244,Industrial,WH005,North Warehouse 005,North,202,49,1991.57,52,1,2026-05-24T00:00:00+07:00
INV-001245,SKU-0245,Electronics Item 0245,Electronics,WH005,North Warehouse 005,North,724,41,2487.72,55,1,2026-05-24T00:00:00+07:00
INV-001246,SKU-0246,Home Item 0246,Home,WH005,North Warehouse 005,North,783,11,2247.47,109,1,2026-05-24T00:00:00+07:00
INV-001247,SKU-0247,Grocery Item 0247,Grocery,WH005,North Warehouse 005,North,403,24,608.79,77,1,2026-05-24T00:00:00+07:00
INV-001248,SKU-0248,Fashion Item 0248,Fashion,WH005,North Warehouse 005,North,245,48,1056.50,63,1,2026-05-24T00:00:00+07:00
INV-001249,SKU-0249,Industrial Item 0249,Industrial,WH005,North Warehouse 005,North,542,47,363.84,89,1,2026-05-24T00:00:00+07:00
INV-001250,SKU-0250,Electronics Item 0250,Electronics,WH005,North Warehouse 005,North,650,9,1384.24,52,1,2026-05-24T00:00:00+07:00
INV-001251,SKU-0001,Grocery Item 0001,Grocery,WH006,Central Warehouse 006,Central,106,11,580.56,63,1,2026-05-24T00:00:00+07:00
INV-001252,SKU-0002,Fashion Item 0002,Fashion,WH006,Central Warehouse 006,Central,111,16,2341.99,72,1,2026-05-24T00:00:00+07:00
INV-001253,SKU-0003,Industrial Item 0003,Industrial,WH006,Central Warehouse 006,Central,195,39,1315.33,54,1,2026-05-24T00:00:00+07:00
INV-001254,SKU-0004,Electronics Item 0004,Electronics,WH006,Central Warehouse 006,Central,627,37,2124.59,45,1,2026-05-24T00:00:00+07:00
INV-001255,SKU-0005,Home Item 0005,Home,WH006,Central Warehouse 006,Central,609,38,1937.65,81,1,2026-05-24T00:00:00+07:00
INV-001256,SKU-0006,Grocery Item 0006,Grocery,WH006,Central Warehouse 006,Central,205,41,1605.29,44,1,2026-05-24T00:00:00+07:00
INV-001257,SKU-0007,Fashion Item 0007,Fashion,WH006,Central Warehouse 006,Central,793,39,461.07,58,1,2026-05-24T00:00:00+07:00
INV-001258,SKU-0008,Industrial Item 0008,Industrial,WH006,Central Warehouse 006,Central,487,54,2148.19,51,1,2026-05-24T00:00:00+07:00
INV-001259,SKU-0009,Electronics Item 0009,Electronics,WH006,Central Warehouse 006,Central,516,29,103.42,83,1,2026-05-24T00:00:00+07:00
INV-001260,SKU-0010,Home Item 0010,Home,WH006,Central Warehouse 006,Central,668,29,2177.32,101,1,2026-05-24T00:00:00+07:00
INV-001261,SKU-0011,Grocery Item 0011,Grocery,WH006,Central Warehouse 006,Central,194,31,395.79,66,1,2026-05-24T00:00:00+07:00
INV-001262,SKU-0012,Fashion Item 0012,Fashion,WH006,Central Warehouse 006,Central,558,2,766.39,44,1,2026-05-24T00:00:00+07:00
INV-001263,SKU-0013,Industrial Item 0013,Industrial,WH006,Central Warehouse 006,Central,468,36,1924.04,83,1,2026-05-24T00:00:00+07:00
INV-001264,SKU-0014,Electronics Item 0014,Electronics,WH006,Central Warehouse 006,Central,329,77,132.69,34,1,2026-05-24T00:00:00+07:00
INV-001265,SKU-0015,Home Item 0015,Home,WH006,Central Warehouse 006,Central,214,32,1053.44,38,1,2026-05-24T00:00:00+07:00
INV-001266,SKU-0016,Grocery Item 0016,Grocery,WH006,Central Warehouse 006,Central,367,42,858.42,99,1,2026-05-24T00:00:00+07:00
INV-001267,SKU-0017,Fashion Item 0017,Fashion,WH006,Central Warehouse 006,Central,338,37,1545.81,28,1,2026-05-24T00:00:00+07:00
INV-001268,SKU-0018,Industrial Item 0018,Industrial,WH006,Central Warehouse 006,Central,606,13,1502.27,113,1,2026-05-24T00:00:00+07:00
INV-001269,SKU-0019,Electronics Item 0019,Electronics,WH006,Central Warehouse 006,Central,276,64,691.78,83,1,2026-05-24T00:00:00+07:00
INV-001270,SKU-0020,Home Item 0020,Home,WH006,Central Warehouse 006,Central,586,13,1973.88,79,1,2026-05-24T00:00:00+07:00
INV-001271,SKU-0021,Grocery Item 0021,Grocery,WH006,Central Warehouse 006,Central,388,69,891.54,100,1,2026-05-24T00:00:00+07:00
INV-001272,SKU-0022,Fashion Item 0022,Fashion,WH006,Central Warehouse 006,Central,635,15,2413.34,39,1,2026-05-24T00:00:00+07:00
INV-001273,SKU-0023,Industrial Item 0023,Industrial,WH006,Central Warehouse 006,Central,705,50,1390.37,118,1,2026-05-24T00:00:00+07:00
INV-001274,SKU-0024,Electronics Item 0024,Electronics,WH006,Central Warehouse 006,Central,372,25,1606.77,96,1,2026-05-24T00:00:00+07:00
INV-001275,SKU-0025,Home Item 0025,Home,WH006,Central Warehouse 006,Central,605,45,555.29,108,1,2026-05-24T00:00:00+07:00
INV-001276,SKU-0026,Grocery Item 0026,Grocery,WH006,Central Warehouse 006,Central,161,9,473.47,92,1,2026-05-24T00:00:00+07:00
INV-001277,SKU-0027,Fashion Item 0027,Fashion,WH006,Central Warehouse 006,Central,458,51,1319.36,42,1,2026-05-24T00:00:00+07:00
INV-001278,SKU-0028,Industrial Item 0028,Industrial,WH006,Central Warehouse 006,Central,132,3,1035.04,107,1,2026-05-24T00:00:00+07:00
INV-001279,SKU-0029,Electronics Item 0029,Electronics,WH006,Central Warehouse 006,Central,647,13,530.50,29,1,2026-05-24T00:00:00+07:00
INV-001280,SKU-0030,Home Item 0030,Home,WH006,Central Warehouse 006,Central,439,34,1893.46,96,1,2026-05-24T00:00:00+07:00
INV-001281,SKU-0031,Grocery Item 0031,Grocery,WH006,Central Warehouse 006,Central,633,56,1291.72,62,1,2026-05-24T00:00:00+07:00
INV-001282,SKU-0032,Fashion Item 0032,Fashion,WH006,Central Warehouse 006,Central,765,17,180.55,60,1,2026-05-24T00:00:00+07:00
INV-001283,SKU-0033,Industrial Item 0033,Industrial,WH006,Central Warehouse 006,Central,745,16,101.85,108,1,2026-05-24T00:00:00+07:00
INV-001284,SKU-0034,Electronics Item 0034,Electronics,WH006,Central Warehouse 006,Central,760,1,1305.76,111,1,2026-05-24T00:00:00+07:00
INV-001285,SKU-0035,Home Item 0035,Home,WH006,Central Warehouse 006,Central,231,10,2305.40,66,1,2026-05-24T00:00:00+07:00
INV-001286,SKU-0036,Grocery Item 0036,Grocery,WH006,Central Warehouse 006,Central,404,42,2220.58,63,1,2026-05-24T00:00:00+07:00
INV-001287,SKU-0037,Fashion Item 0037,Fashion,WH006,Central Warehouse 006,Central,481,9,28.82,54,1,2026-05-24T00:00:00+07:00
INV-001288,SKU-0038,Industrial Item 0038,Industrial,WH006,Central Warehouse 006,Central,170,19,2461.63,94,1,2026-05-24T00:00:00+07:00
INV-001289,SKU-0039,Electronics Item 0039,Electronics,WH006,Central Warehouse 006,Central,444,8,596.82,115,1,2026-05-24T00:00:00+07:00
INV-001290,SKU-0040,Home Item 0040,Home,WH006,Central Warehouse 006,Central,609,51,1078.16,109,1,2026-05-24T00:00:00+07:00
INV-001291,SKU-0041,Grocery Item 0041,Grocery,WH006,Central Warehouse 006,Central,624,59,1391.83,101,1,2026-05-24T00:00:00+07:00
INV-001292,SKU-0042,Fashion Item 0042,Fashion,WH006,Central Warehouse 006,Central,380,19,2355.34,88,1,2026-05-24T00:00:00+07:00
INV-001293,SKU-0043,Industrial Item 0043,Industrial,WH006,Central Warehouse 006,Central,305,71,121.33,48,1,2026-05-24T00:00:00+07:00
INV-001294,SKU-0044,Electronics Item 0044,Electronics,WH006,Central Warehouse 006,Central,175,43,855.78,38,1,2026-05-24T00:00:00+07:00
INV-001295,SKU-0045,Home Item 0045,Home,WH006,Central Warehouse 006,Central,172,29,674.79,56,1,2026-05-24T00:00:00+07:00
INV-001296,SKU-0046,Grocery Item 0046,Grocery,WH006,Central Warehouse 006,Central,497,80,717.60,39,1,2026-05-24T00:00:00+07:00
INV-001297,SKU-0047,Fashion Item 0047,Fashion,WH006,Central Warehouse 006,Central,331,28,1353.30,84,1,2026-05-24T00:00:00+07:00
INV-001298,SKU-0048,Industrial Item 0048,Industrial,WH006,Central Warehouse 006,Central,414,55,151.25,70,1,2026-05-24T00:00:00+07:00
INV-001299,SKU-0049,Electronics Item 0049,Electronics,WH006,Central Warehouse 006,Central,173,12,1469.43,66,1,2026-05-24T00:00:00+07:00
INV-001300,SKU-0050,Home Item 0050,Home,WH006,Central Warehouse 006,Central,447,77,554.77,45,1,2026-05-24T00:00:00+07:00
INV-001301,SKU-0051,Grocery Item 0051,Grocery,WH006,Central Warehouse 006,Central,576,7,366.51,114,1,2026-05-24T00:00:00+07:00
INV-001302,SKU-0052,Fashion Item 0052,Fashion,WH006,Central Warehouse 006,Central,737,53,1131.33,68,1,2026-05-24T00:00:00+07:00
INV-001303,SKU-0053,Industrial Item 0053,Industrial,WH006,Central Warehouse 006,Central,769,30,1657.67,78,1,2026-05-24T00:00:00+07:00
INV-001304,SKU-0054,Electronics Item 0054,Electronics,WH006,Central Warehouse 006,Central,239,13,948.29,56,1,2026-05-24T00:00:00+07:00
INV-001305,SKU-0055,Home Item 0055,Home,WH006,Central Warehouse 006,Central,133,18,1399.13,94,1,2026-05-24T00:00:00+07:00
INV-001306,SKU-0056,Grocery Item 0056,Grocery,WH006,Central Warehouse 006,Central,641,10,1408.39,31,1,2026-05-24T00:00:00+07:00
INV-001307,SKU-0057,Fashion Item 0057,Fashion,WH006,Central Warehouse 006,Central,309,29,824.53,89,1,2026-05-24T00:00:00+07:00
INV-001308,SKU-0058,Industrial Item 0058,Industrial,WH006,Central Warehouse 006,Central,246,19,409.71,90,1,2026-05-24T00:00:00+07:00
INV-001309,SKU-0059,Electronics Item 0059,Electronics,WH006,Central Warehouse 006,Central,284,48,1912.30,49,1,2026-05-24T00:00:00+07:00
INV-001310,SKU-0060,Home Item 0060,Home,WH006,Central Warehouse 006,Central,269,7,2028.87,55,1,2026-05-24T00:00:00+07:00
INV-001311,SKU-0061,Grocery Item 0061,Grocery,WH006,Central Warehouse 006,Central,402,71,1323.40,46,1,2026-05-24T00:00:00+07:00
INV-001312,SKU-0062,Fashion Item 0062,Fashion,WH006,Central Warehouse 006,Central,779,40,628.24,35,1,2026-05-24T00:00:00+07:00
INV-001313,SKU-0063,Industrial Item 0063,Industrial,WH006,Central Warehouse 006,Central,741,7,656.06,99,1,2026-05-24T00:00:00+07:00
INV-001314,SKU-0064,Electronics Item 0064,Electronics,WH006,Central Warehouse 006,Central,424,19,2336.43,111,1,2026-05-24T00:00:00+07:00
INV-001315,SKU-0065,Home Item 0065,Home,WH006,Central Warehouse 006,Central,745,72,1491.00,85,1,2026-05-24T00:00:00+07:00
INV-001316,SKU-0066,Grocery Item 0066,Grocery,WH006,Central Warehouse 006,Central,499,66,972.03,79,1,2026-05-24T00:00:00+07:00
INV-001317,SKU-0067,Fashion Item 0067,Fashion,WH006,Central Warehouse 006,Central,420,22,1525.15,95,1,2026-05-24T00:00:00+07:00
INV-001318,SKU-0068,Industrial Item 0068,Industrial,WH006,Central Warehouse 006,Central,780,60,1706.89,113,1,2026-05-24T00:00:00+07:00
INV-001319,SKU-0069,Electronics Item 0069,Electronics,WH006,Central Warehouse 006,Central,225,32,1192.07,60,1,2026-05-24T00:00:00+07:00
INV-001320,SKU-0070,Home Item 0070,Home,WH006,Central Warehouse 006,Central,394,17,1905.59,38,1,2026-05-24T00:00:00+07:00
INV-001321,SKU-0071,Grocery Item 0071,Grocery,WH006,Central Warehouse 006,Central,655,0,835.37,32,1,2026-05-24T00:00:00+07:00
INV-001322,SKU-0072,Fashion Item 0072,Fashion,WH006,Central Warehouse 006,Central,546,61,2170.68,60,1,2026-05-24T00:00:00+07:00
INV-001323,SKU-0073,Industrial Item 0073,Industrial,WH006,Central Warehouse 006,Central,378,33,2316.47,93,1,2026-05-24T00:00:00+07:00
INV-001324,SKU-0074,Electronics Item 0074,Electronics,WH006,Central Warehouse 006,Central,91,4,1209.33,90,1,2026-05-24T00:00:00+07:00
INV-001325,SKU-0075,Home Item 0075,Home,WH006,Central Warehouse 006,Central,719,29,1828.72,51,1,2026-05-24T00:00:00+07:00
INV-001326,SKU-0076,Grocery Item 0076,Grocery,WH006,Central Warehouse 006,Central,355,43,1948.54,99,1,2026-05-24T00:00:00+07:00
INV-001327,SKU-0077,Fashion Item 0077,Fashion,WH006,Central Warehouse 006,Central,241,60,662.47,84,1,2026-05-24T00:00:00+07:00
INV-001328,SKU-0078,Industrial Item 0078,Industrial,WH006,Central Warehouse 006,Central,281,15,1952.76,118,1,2026-05-24T00:00:00+07:00
INV-001329,SKU-0079,Electronics Item 0079,Electronics,WH006,Central Warehouse 006,Central,373,68,320.97,41,1,2026-05-24T00:00:00+07:00
INV-001330,SKU-0080,Home Item 0080,Home,WH006,Central Warehouse 006,Central,687,61,360.07,92,1,2026-05-24T00:00:00+07:00
INV-001331,SKU-0081,Grocery Item 0081,Grocery,WH006,Central Warehouse 006,Central,222,20,1743.80,92,1,2026-05-24T00:00:00+07:00
INV-001332,SKU-0082,Fashion Item 0082,Fashion,WH006,Central Warehouse 006,Central,98,14,2216.34,61,1,2026-05-24T00:00:00+07:00
INV-001333,SKU-0083,Industrial Item 0083,Industrial,WH006,Central Warehouse 006,Central,262,43,1363.01,54,1,2026-05-24T00:00:00+07:00
INV-001334,SKU-0084,Electronics Item 0084,Electronics,WH006,Central Warehouse 006,Central,104,14,1797.52,75,1,2026-05-24T00:00:00+07:00
INV-001335,SKU-0085,Home Item 0085,Home,WH006,Central Warehouse 006,Central,214,4,438.70,76,1,2026-05-24T00:00:00+07:00
INV-001336,SKU-0086,Grocery Item 0086,Grocery,WH006,Central Warehouse 006,Central,309,66,1865.98,51,1,2026-05-24T00:00:00+07:00
INV-001337,SKU-0087,Fashion Item 0087,Fashion,WH006,Central Warehouse 006,Central,469,54,1449.85,52,1,2026-05-24T00:00:00+07:00
INV-001338,SKU-0088,Industrial Item 0088,Industrial,WH006,Central Warehouse 006,Central,647,44,958.82,81,1,2026-05-24T00:00:00+07:00
INV-001339,SKU-0089,Electronics Item 0089,Electronics,WH006,Central Warehouse 006,Central,674,10,1768.85,89,1,2026-05-24T00:00:00+07:00
INV-001340,SKU-0090,Home Item 0090,Home,WH006,Central Warehouse 006,Central,767,44,2133.28,80,1,2026-05-24T00:00:00+07:00
INV-001341,SKU-0091,Grocery Item 0091,Grocery,WH006,Central Warehouse 006,Central,88,4,891.27,120,1,2026-05-24T00:00:00+07:00
INV-001342,SKU-0092,Fashion Item 0092,Fashion,WH006,Central Warehouse 006,Central,358,8,2390.89,65,1,2026-05-24T00:00:00+07:00
INV-001343,SKU-0093,Industrial Item 0093,Industrial,WH006,Central Warehouse 006,Central,126,23,1788.70,79,1,2026-05-24T00:00:00+07:00
INV-001344,SKU-0094,Electronics Item 0094,Electronics,WH006,Central Warehouse 006,Central,357,60,359.34,32,1,2026-05-24T00:00:00+07:00
INV-001345,SKU-0095,Home Item 0095,Home,WH006,Central Warehouse 006,Central,533,66,501.84,85,1,2026-05-24T00:00:00+07:00
INV-001346,SKU-0096,Grocery Item 0096,Grocery,WH006,Central Warehouse 006,Central,483,30,336.25,86,1,2026-05-24T00:00:00+07:00
INV-001347,SKU-0097,Fashion Item 0097,Fashion,WH006,Central Warehouse 006,Central,613,2,1805.83,103,1,2026-05-24T00:00:00+07:00
INV-001348,SKU-0098,Industrial Item 0098,Industrial,WH006,Central Warehouse 006,Central,126,10,214.27,71,1,2026-05-24T00:00:00+07:00
INV-001349,SKU-0099,Electronics Item 0099,Electronics,WH006,Central Warehouse 006,Central,136,13,1529.65,44,1,2026-05-24T00:00:00+07:00
INV-001350,SKU-0100,Home Item 0100,Home,WH006,Central Warehouse 006,Central,199,46,581.11,54,1,2026-05-24T00:00:00+07:00
INV-001351,SKU-0101,Grocery Item 0101,Grocery,WH006,Central Warehouse 006,Central,630,47,248.73,73,1,2026-05-24T00:00:00+07:00
INV-001352,SKU-0102,Fashion Item 0102,Fashion,WH006,Central Warehouse 006,Central,668,56,1571.97,27,1,2026-05-24T00:00:00+07:00
INV-001353,SKU-0103,Industrial Item 0103,Industrial,WH006,Central Warehouse 006,Central,267,59,2099.48,51,1,2026-05-24T00:00:00+07:00
INV-001354,SKU-0104,Electronics Item 0104,Electronics,WH006,Central Warehouse 006,Central,126,20,1601.53,103,1,2026-05-24T00:00:00+07:00
INV-001355,SKU-0105,Home Item 0105,Home,WH006,Central Warehouse 006,Central,701,32,115.34,39,1,2026-05-24T00:00:00+07:00
INV-001356,SKU-0106,Grocery Item 0106,Grocery,WH006,Central Warehouse 006,Central,379,78,905.30,52,1,2026-05-24T00:00:00+07:00
INV-001357,SKU-0107,Fashion Item 0107,Fashion,WH006,Central Warehouse 006,Central,383,35,1324.22,39,1,2026-05-24T00:00:00+07:00
INV-001358,SKU-0108,Industrial Item 0108,Industrial,WH006,Central Warehouse 006,Central,554,3,1269.33,93,1,2026-05-24T00:00:00+07:00
INV-001359,SKU-0109,Electronics Item 0109,Electronics,WH006,Central Warehouse 006,Central,649,65,381.09,71,1,2026-05-24T00:00:00+07:00
INV-001360,SKU-0110,Home Item 0110,Home,WH006,Central Warehouse 006,Central,509,16,1719.95,25,1,2026-05-24T00:00:00+07:00
INV-001361,SKU-0111,Grocery Item 0111,Grocery,WH006,Central Warehouse 006,Central,715,39,2115.54,29,1,2026-05-24T00:00:00+07:00
INV-001362,SKU-0112,Fashion Item 0112,Fashion,WH006,Central Warehouse 006,Central,83,18,288.48,33,1,2026-05-24T00:00:00+07:00
INV-001363,SKU-0113,Industrial Item 0113,Industrial,WH006,Central Warehouse 006,Central,633,51,881.69,32,1,2026-05-24T00:00:00+07:00
INV-001364,SKU-0114,Electronics Item 0114,Electronics,WH006,Central Warehouse 006,Central,534,70,1291.31,36,1,2026-05-24T00:00:00+07:00
INV-001365,SKU-0115,Home Item 0115,Home,WH006,Central Warehouse 006,Central,455,6,137.56,39,1,2026-05-24T00:00:00+07:00
INV-001366,SKU-0116,Grocery Item 0116,Grocery,WH006,Central Warehouse 006,Central,409,50,1370.49,120,1,2026-05-24T00:00:00+07:00
INV-001367,SKU-0117,Fashion Item 0117,Fashion,WH006,Central Warehouse 006,Central,86,11,232.80,66,1,2026-05-24T00:00:00+07:00
INV-001368,SKU-0118,Industrial Item 0118,Industrial,WH006,Central Warehouse 006,Central,371,7,490.31,74,1,2026-05-24T00:00:00+07:00
INV-001369,SKU-0119,Electronics Item 0119,Electronics,WH006,Central Warehouse 006,Central,683,58,362.31,107,1,2026-05-24T00:00:00+07:00
INV-001370,SKU-0120,Home Item 0120,Home,WH006,Central Warehouse 006,Central,237,16,896.66,78,1,2026-05-24T00:00:00+07:00
INV-001371,SKU-0121,Grocery Item 0121,Grocery,WH006,Central Warehouse 006,Central,666,11,459.02,80,1,2026-05-24T00:00:00+07:00
INV-001372,SKU-0122,Fashion Item 0122,Fashion,WH006,Central Warehouse 006,Central,682,66,481.84,111,1,2026-05-24T00:00:00+07:00
INV-001373,SKU-0123,Industrial Item 0123,Industrial,WH006,Central Warehouse 006,Central,764,26,1506.12,81,1,2026-05-24T00:00:00+07:00
INV-001374,SKU-0124,Electronics Item 0124,Electronics,WH006,Central Warehouse 006,Central,105,6,28.62,110,1,2026-05-24T00:00:00+07:00
INV-001375,SKU-0125,Home Item 0125,Home,WH006,Central Warehouse 006,Central,188,39,215.75,57,1,2026-05-24T00:00:00+07:00
INV-001376,SKU-0126,Grocery Item 0126,Grocery,WH006,Central Warehouse 006,Central,538,31,1996.08,94,1,2026-05-24T00:00:00+07:00
INV-001377,SKU-0127,Fashion Item 0127,Fashion,WH006,Central Warehouse 006,Central,730,26,2368.19,44,1,2026-05-24T00:00:00+07:00
INV-001378,SKU-0128,Industrial Item 0128,Industrial,WH006,Central Warehouse 006,Central,245,7,2050.04,79,1,2026-05-24T00:00:00+07:00
INV-001379,SKU-0129,Electronics Item 0129,Electronics,WH006,Central Warehouse 006,Central,282,49,1738.23,104,1,2026-05-24T00:00:00+07:00
INV-001380,SKU-0130,Home Item 0130,Home,WH006,Central Warehouse 006,Central,206,35,2169.19,45,1,2026-05-24T00:00:00+07:00
INV-001381,SKU-0131,Grocery Item 0131,Grocery,WH006,Central Warehouse 006,Central,274,55,1243.60,77,1,2026-05-24T00:00:00+07:00
INV-001382,SKU-0132,Fashion Item 0132,Fashion,WH006,Central Warehouse 006,Central,201,29,158.34,59,1,2026-05-24T00:00:00+07:00
INV-001383,SKU-0133,Industrial Item 0133,Industrial,WH006,Central Warehouse 006,Central,680,36,1220.69,52,1,2026-05-24T00:00:00+07:00
INV-001384,SKU-0134,Electronics Item 0134,Electronics,WH006,Central Warehouse 006,Central,223,35,1255.72,108,1,2026-05-24T00:00:00+07:00
INV-001385,SKU-0135,Home Item 0135,Home,WH006,Central Warehouse 006,Central,550,52,2262.34,104,1,2026-05-24T00:00:00+07:00
INV-001386,SKU-0136,Grocery Item 0136,Grocery,WH006,Central Warehouse 006,Central,624,74,841.29,90,1,2026-05-24T00:00:00+07:00
INV-001387,SKU-0137,Fashion Item 0137,Fashion,WH006,Central Warehouse 006,Central,416,2,1393.11,117,1,2026-05-24T00:00:00+07:00
INV-001388,SKU-0138,Industrial Item 0138,Industrial,WH006,Central Warehouse 006,Central,438,50,2490.17,70,1,2026-05-24T00:00:00+07:00
INV-001389,SKU-0139,Electronics Item 0139,Electronics,WH006,Central Warehouse 006,Central,413,48,176.29,64,1,2026-05-24T00:00:00+07:00
INV-001390,SKU-0140,Home Item 0140,Home,WH006,Central Warehouse 006,Central,449,18,353.33,109,1,2026-05-24T00:00:00+07:00
INV-001391,SKU-0141,Grocery Item 0141,Grocery,WH006,Central Warehouse 006,Central,675,0,1678.08,70,1,2026-05-24T00:00:00+07:00
INV-001392,SKU-0142,Fashion Item 0142,Fashion,WH006,Central Warehouse 006,Central,457,33,40.51,87,1,2026-05-24T00:00:00+07:00
INV-001393,SKU-0143,Industrial Item 0143,Industrial,WH006,Central Warehouse 006,Central,157,3,337.82,105,1,2026-05-24T00:00:00+07:00
INV-001394,SKU-0144,Electronics Item 0144,Electronics,WH006,Central Warehouse 006,Central,444,0,2447.30,70,1,2026-05-24T00:00:00+07:00
INV-001395,SKU-0145,Home Item 0145,Home,WH006,Central Warehouse 006,Central,111,19,1548.58,57,1,2026-05-24T00:00:00+07:00
INV-001396,SKU-0146,Grocery Item 0146,Grocery,WH006,Central Warehouse 006,Central,477,21,637.33,90,1,2026-05-24T00:00:00+07:00
INV-001397,SKU-0147,Fashion Item 0147,Fashion,WH006,Central Warehouse 006,Central,608,28,1382.23,57,1,2026-05-24T00:00:00+07:00
INV-001398,SKU-0148,Industrial Item 0148,Industrial,WH006,Central Warehouse 006,Central,699,6,2332.00,27,1,2026-05-24T00:00:00+07:00
INV-001399,SKU-0149,Electronics Item 0149,Electronics,WH006,Central Warehouse 006,Central,335,59,965.69,110,1,2026-05-24T00:00:00+07:00
INV-001400,SKU-0150,Home Item 0150,Home,WH006,Central Warehouse 006,Central,752,2,1097.62,68,1,2026-05-24T00:00:00+07:00
INV-001401,SKU-0151,Grocery Item 0151,Grocery,WH006,Central Warehouse 006,Central,184,17,146.73,39,1,2026-05-24T00:00:00+07:00
INV-001402,SKU-0152,Fashion Item 0152,Fashion,WH006,Central Warehouse 006,Central,625,24,1042.01,35,1,2026-05-24T00:00:00+07:00
INV-001403,SKU-0153,Industrial Item 0153,Industrial,WH006,Central Warehouse 006,Central,731,2,1804.00,75,1,2026-05-24T00:00:00+07:00
INV-001404,SKU-0154,Electronics Item 0154,Electronics,WH006,Central Warehouse 006,Central,758,24,1870.01,85,1,2026-05-24T00:00:00+07:00
INV-001405,SKU-0155,Home Item 0155,Home,WH006,Central Warehouse 006,Central,116,9,2450.83,36,1,2026-05-24T00:00:00+07:00
INV-001406,SKU-0156,Grocery Item 0156,Grocery,WH006,Central Warehouse 006,Central,780,74,2319.16,81,1,2026-05-24T00:00:00+07:00
INV-001407,SKU-0157,Fashion Item 0157,Fashion,WH006,Central Warehouse 006,Central,206,37,2382.98,105,1,2026-05-24T00:00:00+07:00
INV-001408,SKU-0158,Industrial Item 0158,Industrial,WH006,Central Warehouse 006,Central,540,77,2444.80,59,1,2026-05-24T00:00:00+07:00
INV-001409,SKU-0159,Electronics Item 0159,Electronics,WH006,Central Warehouse 006,Central,230,4,302.43,42,1,2026-05-24T00:00:00+07:00
INV-001410,SKU-0160,Home Item 0160,Home,WH006,Central Warehouse 006,Central,154,9,39.17,66,1,2026-05-24T00:00:00+07:00
INV-001411,SKU-0161,Grocery Item 0161,Grocery,WH006,Central Warehouse 006,Central,322,60,1912.77,102,1,2026-05-24T00:00:00+07:00
INV-001412,SKU-0162,Fashion Item 0162,Fashion,WH006,Central Warehouse 006,Central,491,57,277.48,54,1,2026-05-24T00:00:00+07:00
INV-001413,SKU-0163,Industrial Item 0163,Industrial,WH006,Central Warehouse 006,Central,638,50,2369.78,47,1,2026-05-24T00:00:00+07:00
INV-001414,SKU-0164,Electronics Item 0164,Electronics,WH006,Central Warehouse 006,Central,325,53,1170.29,107,1,2026-05-24T00:00:00+07:00
INV-001415,SKU-0165,Home Item 0165,Home,WH006,Central Warehouse 006,Central,690,17,183.82,60,1,2026-05-24T00:00:00+07:00
INV-001416,SKU-0166,Grocery Item 0166,Grocery,WH006,Central Warehouse 006,Central,546,19,818.32,103,1,2026-05-24T00:00:00+07:00
INV-001417,SKU-0167,Fashion Item 0167,Fashion,WH006,Central Warehouse 006,Central,566,43,2027.67,55,1,2026-05-24T00:00:00+07:00
INV-001418,SKU-0168,Industrial Item 0168,Industrial,WH006,Central Warehouse 006,Central,231,15,863.91,55,1,2026-05-24T00:00:00+07:00
INV-001419,SKU-0169,Electronics Item 0169,Electronics,WH006,Central Warehouse 006,Central,671,4,13.86,39,1,2026-05-24T00:00:00+07:00
INV-001420,SKU-0170,Home Item 0170,Home,WH006,Central Warehouse 006,Central,504,17,1537.75,55,1,2026-05-24T00:00:00+07:00
INV-001421,SKU-0171,Grocery Item 0171,Grocery,WH006,Central Warehouse 006,Central,374,4,101.48,32,1,2026-05-24T00:00:00+07:00
INV-001422,SKU-0172,Fashion Item 0172,Fashion,WH006,Central Warehouse 006,Central,456,36,1574.31,109,1,2026-05-24T00:00:00+07:00
INV-001423,SKU-0173,Industrial Item 0173,Industrial,WH006,Central Warehouse 006,Central,219,41,458.86,120,1,2026-05-24T00:00:00+07:00
INV-001424,SKU-0174,Electronics Item 0174,Electronics,WH006,Central Warehouse 006,Central,235,31,2490.64,98,1,2026-05-24T00:00:00+07:00
INV-001425,SKU-0175,Home Item 0175,Home,WH006,Central Warehouse 006,Central,637,23,2396.00,33,1,2026-05-24T00:00:00+07:00
INV-001426,SKU-0176,Grocery Item 0176,Grocery,WH006,Central Warehouse 006,Central,798,45,699.53,66,1,2026-05-24T00:00:00+07:00
INV-001427,SKU-0177,Fashion Item 0177,Fashion,WH006,Central Warehouse 006,Central,193,0,1177.55,112,1,2026-05-24T00:00:00+07:00
INV-001428,SKU-0178,Industrial Item 0178,Industrial,WH006,Central Warehouse 006,Central,365,28,1309.66,27,1,2026-05-24T00:00:00+07:00
INV-001429,SKU-0179,Electronics Item 0179,Electronics,WH006,Central Warehouse 006,Central,585,15,1708.96,103,1,2026-05-24T00:00:00+07:00
INV-001430,SKU-0180,Home Item 0180,Home,WH006,Central Warehouse 006,Central,655,45,2205.31,81,1,2026-05-24T00:00:00+07:00
INV-001431,SKU-0181,Grocery Item 0181,Grocery,WH006,Central Warehouse 006,Central,714,71,1516.18,52,1,2026-05-24T00:00:00+07:00
INV-001432,SKU-0182,Fashion Item 0182,Fashion,WH006,Central Warehouse 006,Central,587,5,2048.31,80,1,2026-05-24T00:00:00+07:00
INV-001433,SKU-0183,Industrial Item 0183,Industrial,WH006,Central Warehouse 006,Central,304,18,926.21,42,1,2026-05-24T00:00:00+07:00
INV-001434,SKU-0184,Electronics Item 0184,Electronics,WH006,Central Warehouse 006,Central,210,47,2455.34,63,1,2026-05-24T00:00:00+07:00
INV-001435,SKU-0185,Home Item 0185,Home,WH006,Central Warehouse 006,Central,641,11,896.38,33,1,2026-05-24T00:00:00+07:00
INV-001436,SKU-0186,Grocery Item 0186,Grocery,WH006,Central Warehouse 006,Central,181,12,1772.14,39,1,2026-05-24T00:00:00+07:00
INV-001437,SKU-0187,Fashion Item 0187,Fashion,WH006,Central Warehouse 006,Central,278,4,1227.70,90,1,2026-05-24T00:00:00+07:00
INV-001438,SKU-0188,Industrial Item 0188,Industrial,WH006,Central Warehouse 006,Central,715,5,1274.86,58,1,2026-05-24T00:00:00+07:00
INV-001439,SKU-0189,Electronics Item 0189,Electronics,WH006,Central Warehouse 006,Central,420,22,1991.61,76,1,2026-05-24T00:00:00+07:00
INV-001440,SKU-0190,Home Item 0190,Home,WH006,Central Warehouse 006,Central,382,23,802.78,88,1,2026-05-24T00:00:00+07:00
INV-001441,SKU-0191,Grocery Item 0191,Grocery,WH006,Central Warehouse 006,Central,261,48,2363.96,35,1,2026-05-24T00:00:00+07:00
INV-001442,SKU-0192,Fashion Item 0192,Fashion,WH006,Central Warehouse 006,Central,293,13,802.86,61,1,2026-05-24T00:00:00+07:00
INV-001443,SKU-0193,Industrial Item 0193,Industrial,WH006,Central Warehouse 006,Central,676,69,235.24,39,1,2026-05-24T00:00:00+07:00
INV-001444,SKU-0194,Electronics Item 0194,Electronics,WH006,Central Warehouse 006,Central,553,13,1400.68,57,1,2026-05-24T00:00:00+07:00
INV-001445,SKU-0195,Home Item 0195,Home,WH006,Central Warehouse 006,Central,448,34,282.68,100,1,2026-05-24T00:00:00+07:00
INV-001446,SKU-0196,Grocery Item 0196,Grocery,WH006,Central Warehouse 006,Central,577,41,857.16,87,1,2026-05-24T00:00:00+07:00
INV-001447,SKU-0197,Fashion Item 0197,Fashion,WH006,Central Warehouse 006,Central,622,79,1534.90,40,1,2026-05-24T00:00:00+07:00
INV-001448,SKU-0198,Industrial Item 0198,Industrial,WH006,Central Warehouse 006,Central,521,70,709.45,42,1,2026-05-24T00:00:00+07:00
INV-001449,SKU-0199,Electronics Item 0199,Electronics,WH006,Central Warehouse 006,Central,350,37,555.18,56,1,2026-05-24T00:00:00+07:00
INV-001450,SKU-0200,Home Item 0200,Home,WH006,Central Warehouse 006,Central,676,70,1445.19,56,1,2026-05-24T00:00:00+07:00
INV-001451,SKU-0201,Grocery Item 0201,Grocery,WH006,Central Warehouse 006,Central,697,70,1001.45,71,1,2026-05-24T00:00:00+07:00
INV-001452,SKU-0202,Fashion Item 0202,Fashion,WH006,Central Warehouse 006,Central,181,7,2311.61,54,1,2026-05-24T00:00:00+07:00
INV-001453,SKU-0203,Industrial Item 0203,Industrial,WH006,Central Warehouse 006,Central,122,10,1894.89,31,1,2026-05-24T00:00:00+07:00
INV-001454,SKU-0204,Electronics Item 0204,Electronics,WH006,Central Warehouse 006,Central,180,18,124.69,44,1,2026-05-24T00:00:00+07:00
INV-001455,SKU-0205,Home Item 0205,Home,WH006,Central Warehouse 006,Central,141,10,2399.39,57,1,2026-05-24T00:00:00+07:00
INV-001456,SKU-0206,Grocery Item 0206,Grocery,WH006,Central Warehouse 006,Central,163,27,2138.92,62,1,2026-05-24T00:00:00+07:00
INV-001457,SKU-0207,Fashion Item 0207,Fashion,WH006,Central Warehouse 006,Central,630,74,1333.06,85,1,2026-05-24T00:00:00+07:00
INV-001458,SKU-0208,Industrial Item 0208,Industrial,WH006,Central Warehouse 006,Central,459,19,1408.43,112,1,2026-05-24T00:00:00+07:00
INV-001459,SKU-0209,Electronics Item 0209,Electronics,WH006,Central Warehouse 006,Central,199,18,241.26,40,1,2026-05-24T00:00:00+07:00
INV-001460,SKU-0210,Home Item 0210,Home,WH006,Central Warehouse 006,Central,265,5,2168.08,55,1,2026-05-24T00:00:00+07:00
INV-001461,SKU-0211,Grocery Item 0211,Grocery,WH006,Central Warehouse 006,Central,126,17,1591.39,95,1,2026-05-24T00:00:00+07:00
INV-001462,SKU-0212,Fashion Item 0212,Fashion,WH006,Central Warehouse 006,Central,535,65,1971.88,32,1,2026-05-24T00:00:00+07:00
INV-001463,SKU-0213,Industrial Item 0213,Industrial,WH006,Central Warehouse 006,Central,407,35,627.00,118,1,2026-05-24T00:00:00+07:00
INV-001464,SKU-0214,Electronics Item 0214,Electronics,WH006,Central Warehouse 006,Central,793,42,1030.68,40,1,2026-05-24T00:00:00+07:00
INV-001465,SKU-0215,Home Item 0215,Home,WH006,Central Warehouse 006,Central,665,32,595.93,31,1,2026-05-24T00:00:00+07:00
INV-001466,SKU-0216,Grocery Item 0216,Grocery,WH006,Central Warehouse 006,Central,490,21,2153.60,27,1,2026-05-24T00:00:00+07:00
INV-001467,SKU-0217,Fashion Item 0217,Fashion,WH006,Central Warehouse 006,Central,629,21,1400.63,108,1,2026-05-24T00:00:00+07:00
INV-001468,SKU-0218,Industrial Item 0218,Industrial,WH006,Central Warehouse 006,Central,712,62,1695.42,52,1,2026-05-24T00:00:00+07:00
INV-001469,SKU-0219,Electronics Item 0219,Electronics,WH006,Central Warehouse 006,Central,210,26,1191.90,90,1,2026-05-24T00:00:00+07:00
INV-001470,SKU-0220,Home Item 0220,Home,WH006,Central Warehouse 006,Central,413,65,1624.38,41,1,2026-05-24T00:00:00+07:00
INV-001471,SKU-0221,Grocery Item 0221,Grocery,WH006,Central Warehouse 006,Central,99,1,694.10,26,1,2026-05-24T00:00:00+07:00
INV-001472,SKU-0222,Fashion Item 0222,Fashion,WH006,Central Warehouse 006,Central,582,71,2178.87,26,1,2026-05-24T00:00:00+07:00
INV-001473,SKU-0223,Industrial Item 0223,Industrial,WH006,Central Warehouse 006,Central,641,53,377.16,46,1,2026-05-24T00:00:00+07:00
INV-001474,SKU-0224,Electronics Item 0224,Electronics,WH006,Central Warehouse 006,Central,362,55,428.88,119,1,2026-05-24T00:00:00+07:00
INV-001475,SKU-0225,Home Item 0225,Home,WH006,Central Warehouse 006,Central,550,28,296.15,76,1,2026-05-24T00:00:00+07:00
INV-001476,SKU-0226,Grocery Item 0226,Grocery,WH006,Central Warehouse 006,Central,218,49,220.79,49,1,2026-05-24T00:00:00+07:00
INV-001477,SKU-0227,Fashion Item 0227,Fashion,WH006,Central Warehouse 006,Central,319,23,78.01,88,1,2026-05-24T00:00:00+07:00
INV-001478,SKU-0228,Industrial Item 0228,Industrial,WH006,Central Warehouse 006,Central,94,15,1250.27,85,1,2026-05-24T00:00:00+07:00
INV-001479,SKU-0229,Electronics Item 0229,Electronics,WH006,Central Warehouse 006,Central,380,76,774.72,102,1,2026-05-24T00:00:00+07:00
INV-001480,SKU-0230,Home Item 0230,Home,WH006,Central Warehouse 006,Central,82,5,926.06,25,1,2026-05-24T00:00:00+07:00
INV-001481,SKU-0231,Grocery Item 0231,Grocery,WH006,Central Warehouse 006,Central,462,67,749.21,45,1,2026-05-24T00:00:00+07:00
INV-001482,SKU-0232,Fashion Item 0232,Fashion,WH006,Central Warehouse 006,Central,202,24,682.86,118,1,2026-05-24T00:00:00+07:00
INV-001483,SKU-0233,Industrial Item 0233,Industrial,WH006,Central Warehouse 006,Central,405,10,450.86,87,1,2026-05-24T00:00:00+07:00
INV-001484,SKU-0234,Electronics Item 0234,Electronics,WH006,Central Warehouse 006,Central,402,77,515.08,100,1,2026-05-24T00:00:00+07:00
INV-001485,SKU-0235,Home Item 0235,Home,WH006,Central Warehouse 006,Central,611,19,1940.21,40,1,2026-05-24T00:00:00+07:00
INV-001486,SKU-0236,Grocery Item 0236,Grocery,WH006,Central Warehouse 006,Central,791,20,1454.42,111,1,2026-05-24T00:00:00+07:00
INV-001487,SKU-0237,Fashion Item 0237,Fashion,WH006,Central Warehouse 006,Central,571,53,692.96,33,1,2026-05-24T00:00:00+07:00
INV-001488,SKU-0238,Industrial Item 0238,Industrial,WH006,Central Warehouse 006,Central,145,4,870.34,40,1,2026-05-24T00:00:00+07:00
INV-001489,SKU-0239,Electronics Item 0239,Electronics,WH006,Central Warehouse 006,Central,297,34,2058.45,111,1,2026-05-24T00:00:00+07:00
INV-001490,SKU-0240,Home Item 0240,Home,WH006,Central Warehouse 006,Central,721,8,1512.78,83,1,2026-05-24T00:00:00+07:00
INV-001491,SKU-0241,Grocery Item 0241,Grocery,WH006,Central Warehouse 006,Central,565,24,2169.92,60,1,2026-05-24T00:00:00+07:00
INV-001492,SKU-0242,Fashion Item 0242,Fashion,WH006,Central Warehouse 006,Central,704,24,1727.00,39,1,2026-05-24T00:00:00+07:00
INV-001493,SKU-0243,Industrial Item 0243,Industrial,WH006,Central Warehouse 006,Central,173,6,1974.52,115,1,2026-05-24T00:00:00+07:00
INV-001494,SKU-0244,Electronics Item 0244,Electronics,WH006,Central Warehouse 006,Central,104,19,1583.86,57,1,2026-05-24T00:00:00+07:00
INV-001495,SKU-0245,Home Item 0245,Home,WH006,Central Warehouse 006,Central,217,42,673.43,117,1,2026-05-24T00:00:00+07:00
INV-001496,SKU-0246,Grocery Item 0246,Grocery,WH006,Central Warehouse 006,Central,302,20,2416.12,41,1,2026-05-24T00:00:00+07:00
INV-001497,SKU-0247,Fashion Item 0247,Fashion,WH006,Central Warehouse 006,Central,557,22,1095.99,112,1,2026-05-24T00:00:00+07:00
INV-001498,SKU-0248,Industrial Item 0248,Industrial,WH006,Central Warehouse 006,Central,362,30,2490.53,103,1,2026-05-24T00:00:00+07:00
INV-001499,SKU-0249,Electronics Item 0249,Electronics,WH006,Central Warehouse 006,Central,677,30,1716.62,116,1,2026-05-24T00:00:00+07:00
INV-001500,SKU-0250,Home Item 0250,Home,WH006,Central Warehouse 006,Central,122,0,2383.92,73,1,2026-05-24T00:00:00+07:00
INV-001501,SKU-0001,Fashion Item 0001,Fashion,WH007,Central Warehouse 007,Central,701,9,630.15,107,1,2026-05-24T00:00:00+07:00
INV-001502,SKU-0002,Industrial Item 0002,Industrial,WH007,Central Warehouse 007,Central,432,10,2005.47,90,1,2026-05-24T00:00:00+07:00
INV-001503,SKU-0003,Electronics Item 0003,Electronics,WH007,Central Warehouse 007,Central,434,29,1638.47,59,1,2026-05-24T00:00:00+07:00
INV-001504,SKU-0004,Home Item 0004,Home,WH007,Central Warehouse 007,Central,304,44,966.09,89,1,2026-05-24T00:00:00+07:00
INV-001505,SKU-0005,Grocery Item 0005,Grocery,WH007,Central Warehouse 007,Central,487,31,296.23,114,1,2026-05-24T00:00:00+07:00
INV-001506,SKU-0006,Fashion Item 0006,Fashion,WH007,Central Warehouse 007,Central,118,18,965.46,110,1,2026-05-24T00:00:00+07:00
INV-001507,SKU-0007,Industrial Item 0007,Industrial,WH007,Central Warehouse 007,Central,400,67,141.05,31,1,2026-05-24T00:00:00+07:00
INV-001508,SKU-0008,Electronics Item 0008,Electronics,WH007,Central Warehouse 007,Central,560,33,230.68,87,1,2026-05-24T00:00:00+07:00
INV-001509,SKU-0009,Home Item 0009,Home,WH007,Central Warehouse 007,Central,399,30,1705.55,88,1,2026-05-24T00:00:00+07:00
INV-001510,SKU-0010,Grocery Item 0010,Grocery,WH007,Central Warehouse 007,Central,475,36,1729.83,35,1,2026-05-24T00:00:00+07:00
INV-001511,SKU-0011,Fashion Item 0011,Fashion,WH007,Central Warehouse 007,Central,604,0,961.68,49,1,2026-05-24T00:00:00+07:00
INV-001512,SKU-0012,Industrial Item 0012,Industrial,WH007,Central Warehouse 007,Central,748,23,1913.67,51,1,2026-05-24T00:00:00+07:00
INV-001513,SKU-0013,Electronics Item 0013,Electronics,WH007,Central Warehouse 007,Central,675,58,222.88,85,1,2026-05-24T00:00:00+07:00
INV-001514,SKU-0014,Home Item 0014,Home,WH007,Central Warehouse 007,Central,747,3,1269.57,75,1,2026-05-24T00:00:00+07:00
INV-001515,SKU-0015,Grocery Item 0015,Grocery,WH007,Central Warehouse 007,Central,623,59,149.17,91,1,2026-05-24T00:00:00+07:00
INV-001516,SKU-0016,Fashion Item 0016,Fashion,WH007,Central Warehouse 007,Central,258,62,2267.21,54,1,2026-05-24T00:00:00+07:00
INV-001517,SKU-0017,Industrial Item 0017,Industrial,WH007,Central Warehouse 007,Central,102,22,962.33,94,1,2026-05-24T00:00:00+07:00
INV-001518,SKU-0018,Electronics Item 0018,Electronics,WH007,Central Warehouse 007,Central,243,52,353.20,51,1,2026-05-24T00:00:00+07:00
INV-001519,SKU-0019,Home Item 0019,Home,WH007,Central Warehouse 007,Central,277,67,537.07,89,1,2026-05-24T00:00:00+07:00
INV-001520,SKU-0020,Grocery Item 0020,Grocery,WH007,Central Warehouse 007,Central,295,67,1261.81,95,1,2026-05-24T00:00:00+07:00
INV-001521,SKU-0021,Fashion Item 0021,Fashion,WH007,Central Warehouse 007,Central,259,62,1655.50,97,1,2026-05-24T00:00:00+07:00
INV-001522,SKU-0022,Industrial Item 0022,Industrial,WH007,Central Warehouse 007,Central,216,43,213.76,100,1,2026-05-24T00:00:00+07:00
INV-001523,SKU-0023,Electronics Item 0023,Electronics,WH007,Central Warehouse 007,Central,732,46,1378.73,110,1,2026-05-24T00:00:00+07:00
INV-001524,SKU-0024,Home Item 0024,Home,WH007,Central Warehouse 007,Central,207,51,146.05,51,1,2026-05-24T00:00:00+07:00
INV-001525,SKU-0025,Grocery Item 0025,Grocery,WH007,Central Warehouse 007,Central,231,11,2285.78,79,1,2026-05-24T00:00:00+07:00
INV-001526,SKU-0026,Fashion Item 0026,Fashion,WH007,Central Warehouse 007,Central,405,3,317.42,76,1,2026-05-24T00:00:00+07:00
INV-001527,SKU-0027,Industrial Item 0027,Industrial,WH007,Central Warehouse 007,Central,395,46,1464.29,64,1,2026-05-24T00:00:00+07:00
INV-001528,SKU-0028,Electronics Item 0028,Electronics,WH007,Central Warehouse 007,Central,548,73,1542.14,86,1,2026-05-24T00:00:00+07:00
INV-001529,SKU-0029,Home Item 0029,Home,WH007,Central Warehouse 007,Central,690,28,501.44,30,1,2026-05-24T00:00:00+07:00
INV-001530,SKU-0030,Grocery Item 0030,Grocery,WH007,Central Warehouse 007,Central,489,41,48.91,35,1,2026-05-24T00:00:00+07:00
INV-001531,SKU-0031,Fashion Item 0031,Fashion,WH007,Central Warehouse 007,Central,501,26,1111.00,110,1,2026-05-24T00:00:00+07:00
INV-001532,SKU-0032,Industrial Item 0032,Industrial,WH007,Central Warehouse 007,Central,609,45,183.17,30,1,2026-05-24T00:00:00+07:00
INV-001533,SKU-0033,Electronics Item 0033,Electronics,WH007,Central Warehouse 007,Central,287,34,166.21,60,1,2026-05-24T00:00:00+07:00
INV-001534,SKU-0034,Home Item 0034,Home,WH007,Central Warehouse 007,Central,641,50,765.57,81,1,2026-05-24T00:00:00+07:00
INV-001535,SKU-0035,Grocery Item 0035,Grocery,WH007,Central Warehouse 007,Central,126,27,945.80,111,1,2026-05-24T00:00:00+07:00
INV-001536,SKU-0036,Fashion Item 0036,Fashion,WH007,Central Warehouse 007,Central,615,65,932.54,100,1,2026-05-24T00:00:00+07:00
INV-001537,SKU-0037,Industrial Item 0037,Industrial,WH007,Central Warehouse 007,Central,225,6,1576.25,106,1,2026-05-24T00:00:00+07:00
INV-001538,SKU-0038,Electronics Item 0038,Electronics,WH007,Central Warehouse 007,Central,108,16,2099.88,49,1,2026-05-24T00:00:00+07:00
INV-001539,SKU-0039,Home Item 0039,Home,WH007,Central Warehouse 007,Central,106,15,401.74,74,1,2026-05-24T00:00:00+07:00
INV-001540,SKU-0040,Grocery Item 0040,Grocery,WH007,Central Warehouse 007,Central,796,30,1572.55,117,1,2026-05-24T00:00:00+07:00
INV-001541,SKU-0041,Fashion Item 0041,Fashion,WH007,Central Warehouse 007,Central,387,5,372.07,109,1,2026-05-24T00:00:00+07:00
INV-001542,SKU-0042,Industrial Item 0042,Industrial,WH007,Central Warehouse 007,Central,432,79,2067.97,95,1,2026-05-24T00:00:00+07:00
INV-001543,SKU-0043,Electronics Item 0043,Electronics,WH007,Central Warehouse 007,Central,716,43,2093.13,98,1,2026-05-24T00:00:00+07:00
INV-001544,SKU-0044,Home Item 0044,Home,WH007,Central Warehouse 007,Central,609,39,1729.59,111,1,2026-05-24T00:00:00+07:00
INV-001545,SKU-0045,Grocery Item 0045,Grocery,WH007,Central Warehouse 007,Central,178,17,1368.15,81,1,2026-05-24T00:00:00+07:00
INV-001546,SKU-0046,Fashion Item 0046,Fashion,WH007,Central Warehouse 007,Central,524,70,1298.57,115,1,2026-05-24T00:00:00+07:00
INV-001547,SKU-0047,Industrial Item 0047,Industrial,WH007,Central Warehouse 007,Central,238,12,1917.75,66,1,2026-05-24T00:00:00+07:00
INV-001548,SKU-0048,Electronics Item 0048,Electronics,WH007,Central Warehouse 007,Central,160,3,2243.75,115,1,2026-05-24T00:00:00+07:00
INV-001549,SKU-0049,Home Item 0049,Home,WH007,Central Warehouse 007,Central,297,55,1729.23,96,1,2026-05-24T00:00:00+07:00
INV-001550,SKU-0050,Grocery Item 0050,Grocery,WH007,Central Warehouse 007,Central,246,34,318.11,42,1,2026-05-24T00:00:00+07:00
INV-001551,SKU-0051,Fashion Item 0051,Fashion,WH007,Central Warehouse 007,Central,503,22,266.30,43,1,2026-05-24T00:00:00+07:00
INV-001552,SKU-0052,Industrial Item 0052,Industrial,WH007,Central Warehouse 007,Central,694,20,1770.46,34,1,2026-05-24T00:00:00+07:00
INV-001553,SKU-0053,Electronics Item 0053,Electronics,WH007,Central Warehouse 007,Central,336,46,1823.86,74,1,2026-05-24T00:00:00+07:00
INV-001554,SKU-0054,Home Item 0054,Home,WH007,Central Warehouse 007,Central,160,10,328.47,34,1,2026-05-24T00:00:00+07:00
INV-001555,SKU-0055,Grocery Item 0055,Grocery,WH007,Central Warehouse 007,Central,598,20,2114.04,51,1,2026-05-24T00:00:00+07:00
INV-001556,SKU-0056,Fashion Item 0056,Fashion,WH007,Central Warehouse 007,Central,325,79,1843.25,118,1,2026-05-24T00:00:00+07:00
INV-001557,SKU-0057,Industrial Item 0057,Industrial,WH007,Central Warehouse 007,Central,319,59,1810.85,112,1,2026-05-24T00:00:00+07:00
INV-001558,SKU-0058,Electronics Item 0058,Electronics,WH007,Central Warehouse 007,Central,642,3,1556.13,28,1,2026-05-24T00:00:00+07:00
INV-001559,SKU-0059,Home Item 0059,Home,WH007,Central Warehouse 007,Central,169,34,566.80,111,1,2026-05-24T00:00:00+07:00
INV-001560,SKU-0060,Grocery Item 0060,Grocery,WH007,Central Warehouse 007,Central,334,0,1169.09,66,1,2026-05-24T00:00:00+07:00
INV-001561,SKU-0061,Fashion Item 0061,Fashion,WH007,Central Warehouse 007,Central,392,44,1350.97,102,1,2026-05-24T00:00:00+07:00
INV-001562,SKU-0062,Industrial Item 0062,Industrial,WH007,Central Warehouse 007,Central,103,0,2282.89,52,1,2026-05-24T00:00:00+07:00
INV-001563,SKU-0063,Electronics Item 0063,Electronics,WH007,Central Warehouse 007,Central,390,16,1490.88,105,1,2026-05-24T00:00:00+07:00
INV-001564,SKU-0064,Home Item 0064,Home,WH007,Central Warehouse 007,Central,417,27,740.62,62,1,2026-05-24T00:00:00+07:00
INV-001565,SKU-0065,Grocery Item 0065,Grocery,WH007,Central Warehouse 007,Central,483,18,39.95,25,1,2026-05-24T00:00:00+07:00
INV-001566,SKU-0066,Fashion Item 0066,Fashion,WH007,Central Warehouse 007,Central,145,31,1723.70,58,1,2026-05-24T00:00:00+07:00
INV-001567,SKU-0067,Industrial Item 0067,Industrial,WH007,Central Warehouse 007,Central,654,31,225.45,113,1,2026-05-24T00:00:00+07:00
INV-001568,SKU-0068,Electronics Item 0068,Electronics,WH007,Central Warehouse 007,Central,573,29,135.76,97,1,2026-05-24T00:00:00+07:00
INV-001569,SKU-0069,Home Item 0069,Home,WH007,Central Warehouse 007,Central,666,5,1177.61,117,1,2026-05-24T00:00:00+07:00
INV-001570,SKU-0070,Grocery Item 0070,Grocery,WH007,Central Warehouse 007,Central,665,30,138.08,32,1,2026-05-24T00:00:00+07:00
INV-001571,SKU-0071,Fashion Item 0071,Fashion,WH007,Central Warehouse 007,Central,565,4,1467.08,94,1,2026-05-24T00:00:00+07:00
INV-001572,SKU-0072,Industrial Item 0072,Industrial,WH007,Central Warehouse 007,Central,133,33,1532.06,117,1,2026-05-24T00:00:00+07:00
INV-001573,SKU-0073,Electronics Item 0073,Electronics,WH007,Central Warehouse 007,Central,294,17,778.37,65,1,2026-05-24T00:00:00+07:00
INV-001574,SKU-0074,Home Item 0074,Home,WH007,Central Warehouse 007,Central,539,67,610.00,46,1,2026-05-24T00:00:00+07:00
INV-001575,SKU-0075,Grocery Item 0075,Grocery,WH007,Central Warehouse 007,Central,252,13,1252.21,28,1,2026-05-24T00:00:00+07:00
INV-001576,SKU-0076,Fashion Item 0076,Fashion,WH007,Central Warehouse 007,Central,157,8,241.22,73,1,2026-05-24T00:00:00+07:00
INV-001577,SKU-0077,Industrial Item 0077,Industrial,WH007,Central Warehouse 007,Central,344,25,1667.35,26,1,2026-05-24T00:00:00+07:00
INV-001578,SKU-0078,Electronics Item 0078,Electronics,WH007,Central Warehouse 007,Central,516,23,208.55,99,1,2026-05-24T00:00:00+07:00
INV-001579,SKU-0079,Home Item 0079,Home,WH007,Central Warehouse 007,Central,147,10,123.33,84,1,2026-05-24T00:00:00+07:00
INV-001580,SKU-0080,Grocery Item 0080,Grocery,WH007,Central Warehouse 007,Central,783,59,1858.03,31,1,2026-05-24T00:00:00+07:00
INV-001581,SKU-0081,Fashion Item 0081,Fashion,WH007,Central Warehouse 007,Central,707,44,364.91,70,1,2026-05-24T00:00:00+07:00
INV-001582,SKU-0082,Industrial Item 0082,Industrial,WH007,Central Warehouse 007,Central,358,50,562.95,85,1,2026-05-24T00:00:00+07:00
INV-001583,SKU-0083,Electronics Item 0083,Electronics,WH007,Central Warehouse 007,Central,224,4,2148.31,116,1,2026-05-24T00:00:00+07:00
INV-001584,SKU-0084,Home Item 0084,Home,WH007,Central Warehouse 007,Central,613,73,1156.68,111,1,2026-05-24T00:00:00+07:00
INV-001585,SKU-0085,Grocery Item 0085,Grocery,WH007,Central Warehouse 007,Central,352,53,616.10,60,1,2026-05-24T00:00:00+07:00
INV-001586,SKU-0086,Fashion Item 0086,Fashion,WH007,Central Warehouse 007,Central,506,44,520.83,75,1,2026-05-24T00:00:00+07:00
INV-001587,SKU-0087,Industrial Item 0087,Industrial,WH007,Central Warehouse 007,Central,161,23,395.27,50,1,2026-05-24T00:00:00+07:00
INV-001588,SKU-0088,Electronics Item 0088,Electronics,WH007,Central Warehouse 007,Central,731,30,2300.84,35,1,2026-05-24T00:00:00+07:00
INV-001589,SKU-0089,Home Item 0089,Home,WH007,Central Warehouse 007,Central,790,13,225.25,54,1,2026-05-24T00:00:00+07:00
INV-001590,SKU-0090,Grocery Item 0090,Grocery,WH007,Central Warehouse 007,Central,606,32,1671.68,52,1,2026-05-24T00:00:00+07:00
INV-001591,SKU-0091,Fashion Item 0091,Fashion,WH007,Central Warehouse 007,Central,605,12,723.22,102,1,2026-05-24T00:00:00+07:00
INV-001592,SKU-0092,Industrial Item 0092,Industrial,WH007,Central Warehouse 007,Central,133,1,1002.24,107,1,2026-05-24T00:00:00+07:00
INV-001593,SKU-0093,Electronics Item 0093,Electronics,WH007,Central Warehouse 007,Central,388,19,1872.05,72,1,2026-05-24T00:00:00+07:00
INV-001594,SKU-0094,Home Item 0094,Home,WH007,Central Warehouse 007,Central,125,1,956.49,79,1,2026-05-24T00:00:00+07:00
INV-001595,SKU-0095,Grocery Item 0095,Grocery,WH007,Central Warehouse 007,Central,119,23,200.88,103,1,2026-05-24T00:00:00+07:00
INV-001596,SKU-0096,Fashion Item 0096,Fashion,WH007,Central Warehouse 007,Central,288,35,1620.77,70,1,2026-05-24T00:00:00+07:00
INV-001597,SKU-0097,Industrial Item 0097,Industrial,WH007,Central Warehouse 007,Central,204,0,474.00,120,1,2026-05-24T00:00:00+07:00
INV-001598,SKU-0098,Electronics Item 0098,Electronics,WH007,Central Warehouse 007,Central,578,5,2420.98,51,1,2026-05-24T00:00:00+07:00
INV-001599,SKU-0099,Home Item 0099,Home,WH007,Central Warehouse 007,Central,674,20,971.80,29,1,2026-05-24T00:00:00+07:00
INV-001600,SKU-0100,Grocery Item 0100,Grocery,WH007,Central Warehouse 007,Central,579,73,376.23,42,1,2026-05-24T00:00:00+07:00
INV-001601,SKU-0101,Fashion Item 0101,Fashion,WH007,Central Warehouse 007,Central,649,74,2171.91,42,1,2026-05-24T00:00:00+07:00
INV-001602,SKU-0102,Industrial Item 0102,Industrial,WH007,Central Warehouse 007,Central,392,66,1391.08,68,1,2026-05-24T00:00:00+07:00
INV-001603,SKU-0103,Electronics Item 0103,Electronics,WH007,Central Warehouse 007,Central,540,32,1176.64,79,1,2026-05-24T00:00:00+07:00
INV-001604,SKU-0104,Home Item 0104,Home,WH007,Central Warehouse 007,Central,568,22,1239.60,81,1,2026-05-24T00:00:00+07:00
INV-001605,SKU-0105,Grocery Item 0105,Grocery,WH007,Central Warehouse 007,Central,708,19,657.94,73,1,2026-05-24T00:00:00+07:00
INV-001606,SKU-0106,Fashion Item 0106,Fashion,WH007,Central Warehouse 007,Central,119,2,658.02,48,1,2026-05-24T00:00:00+07:00
INV-001607,SKU-0107,Industrial Item 0107,Industrial,WH007,Central Warehouse 007,Central,189,15,1108.82,110,1,2026-05-24T00:00:00+07:00
INV-001608,SKU-0108,Electronics Item 0108,Electronics,WH007,Central Warehouse 007,Central,257,9,469.36,52,1,2026-05-24T00:00:00+07:00
INV-001609,SKU-0109,Home Item 0109,Home,WH007,Central Warehouse 007,Central,397,14,1410.58,86,1,2026-05-24T00:00:00+07:00
INV-001610,SKU-0110,Grocery Item 0110,Grocery,WH007,Central Warehouse 007,Central,183,34,533.49,73,1,2026-05-24T00:00:00+07:00
INV-001611,SKU-0111,Fashion Item 0111,Fashion,WH007,Central Warehouse 007,Central,528,67,2369.95,113,1,2026-05-24T00:00:00+07:00
INV-001612,SKU-0112,Industrial Item 0112,Industrial,WH007,Central Warehouse 007,Central,642,0,691.79,29,1,2026-05-24T00:00:00+07:00
INV-001613,SKU-0113,Electronics Item 0113,Electronics,WH007,Central Warehouse 007,Central,547,3,674.86,96,1,2026-05-24T00:00:00+07:00
INV-001614,SKU-0114,Home Item 0114,Home,WH007,Central Warehouse 007,Central,215,11,2268.23,90,1,2026-05-24T00:00:00+07:00
INV-001615,SKU-0115,Grocery Item 0115,Grocery,WH007,Central Warehouse 007,Central,651,26,1771.93,90,1,2026-05-24T00:00:00+07:00
INV-001616,SKU-0116,Fashion Item 0116,Fashion,WH007,Central Warehouse 007,Central,791,64,1020.52,69,1,2026-05-24T00:00:00+07:00
INV-001617,SKU-0117,Industrial Item 0117,Industrial,WH007,Central Warehouse 007,Central,176,15,805.77,73,1,2026-05-24T00:00:00+07:00
INV-001618,SKU-0118,Electronics Item 0118,Electronics,WH007,Central Warehouse 007,Central,97,3,1829.41,79,1,2026-05-24T00:00:00+07:00
INV-001619,SKU-0119,Home Item 0119,Home,WH007,Central Warehouse 007,Central,295,9,2067.58,31,1,2026-05-24T00:00:00+07:00
INV-001620,SKU-0120,Grocery Item 0120,Grocery,WH007,Central Warehouse 007,Central,466,80,1795.02,38,1,2026-05-24T00:00:00+07:00
INV-001621,SKU-0121,Fashion Item 0121,Fashion,WH007,Central Warehouse 007,Central,112,7,2174.36,36,1,2026-05-24T00:00:00+07:00
INV-001622,SKU-0122,Industrial Item 0122,Industrial,WH007,Central Warehouse 007,Central,700,71,749.06,32,1,2026-05-24T00:00:00+07:00
INV-001623,SKU-0123,Electronics Item 0123,Electronics,WH007,Central Warehouse 007,Central,799,72,1818.19,111,1,2026-05-24T00:00:00+07:00
INV-001624,SKU-0124,Home Item 0124,Home,WH007,Central Warehouse 007,Central,758,70,1902.46,84,1,2026-05-24T00:00:00+07:00
INV-001625,SKU-0125,Grocery Item 0125,Grocery,WH007,Central Warehouse 007,Central,208,43,2224.46,49,1,2026-05-24T00:00:00+07:00
INV-001626,SKU-0126,Fashion Item 0126,Fashion,WH007,Central Warehouse 007,Central,362,73,383.35,71,1,2026-05-24T00:00:00+07:00
INV-001627,SKU-0127,Industrial Item 0127,Industrial,WH007,Central Warehouse 007,Central,797,56,1894.78,34,1,2026-05-24T00:00:00+07:00
INV-001628,SKU-0128,Electronics Item 0128,Electronics,WH007,Central Warehouse 007,Central,566,27,1042.54,86,1,2026-05-24T00:00:00+07:00
INV-001629,SKU-0129,Home Item 0129,Home,WH007,Central Warehouse 007,Central,652,30,1431.80,73,1,2026-05-24T00:00:00+07:00
INV-001630,SKU-0130,Grocery Item 0130,Grocery,WH007,Central Warehouse 007,Central,466,76,114.98,97,1,2026-05-24T00:00:00+07:00
INV-001631,SKU-0131,Fashion Item 0131,Fashion,WH007,Central Warehouse 007,Central,292,22,437.54,25,1,2026-05-24T00:00:00+07:00
INV-001632,SKU-0132,Industrial Item 0132,Industrial,WH007,Central Warehouse 007,Central,165,36,1781.33,106,1,2026-05-24T00:00:00+07:00
INV-001633,SKU-0133,Electronics Item 0133,Electronics,WH007,Central Warehouse 007,Central,466,46,2431.38,67,1,2026-05-24T00:00:00+07:00
INV-001634,SKU-0134,Home Item 0134,Home,WH007,Central Warehouse 007,Central,463,68,1058.06,69,1,2026-05-24T00:00:00+07:00
INV-001635,SKU-0135,Grocery Item 0135,Grocery,WH007,Central Warehouse 007,Central,790,47,58.85,39,1,2026-05-24T00:00:00+07:00
INV-001636,SKU-0136,Fashion Item 0136,Fashion,WH007,Central Warehouse 007,Central,635,78,286.54,79,1,2026-05-24T00:00:00+07:00
INV-001637,SKU-0137,Industrial Item 0137,Industrial,WH007,Central Warehouse 007,Central,459,76,1522.76,47,1,2026-05-24T00:00:00+07:00
INV-001638,SKU-0138,Electronics Item 0138,Electronics,WH007,Central Warehouse 007,Central,311,28,2056.42,99,1,2026-05-24T00:00:00+07:00
INV-001639,SKU-0139,Home Item 0139,Home,WH007,Central Warehouse 007,Central,331,54,1569.86,94,1,2026-05-24T00:00:00+07:00
INV-001640,SKU-0140,Grocery Item 0140,Grocery,WH007,Central Warehouse 007,Central,723,13,721.08,116,1,2026-05-24T00:00:00+07:00
INV-001641,SKU-0141,Fashion Item 0141,Fashion,WH007,Central Warehouse 007,Central,550,36,1448.09,68,1,2026-05-24T00:00:00+07:00
INV-001642,SKU-0142,Industrial Item 0142,Industrial,WH007,Central Warehouse 007,Central,146,31,1679.80,37,1,2026-05-24T00:00:00+07:00
INV-001643,SKU-0143,Electronics Item 0143,Electronics,WH007,Central Warehouse 007,Central,678,15,655.55,63,1,2026-05-24T00:00:00+07:00
INV-001644,SKU-0144,Home Item 0144,Home,WH007,Central Warehouse 007,Central,328,53,297.37,80,1,2026-05-24T00:00:00+07:00
INV-001645,SKU-0145,Grocery Item 0145,Grocery,WH007,Central Warehouse 007,Central,486,62,1768.86,116,1,2026-05-24T00:00:00+07:00
INV-001646,SKU-0146,Fashion Item 0146,Fashion,WH007,Central Warehouse 007,Central,623,19,1589.92,40,1,2026-05-24T00:00:00+07:00
INV-001647,SKU-0147,Industrial Item 0147,Industrial,WH007,Central Warehouse 007,Central,231,1,739.55,70,1,2026-05-24T00:00:00+07:00
INV-001648,SKU-0148,Electronics Item 0148,Electronics,WH007,Central Warehouse 007,Central,138,20,1321.37,90,1,2026-05-24T00:00:00+07:00
INV-001649,SKU-0149,Home Item 0149,Home,WH007,Central Warehouse 007,Central,619,18,2116.07,56,1,2026-05-24T00:00:00+07:00
INV-001650,SKU-0150,Grocery Item 0150,Grocery,WH007,Central Warehouse 007,Central,368,29,1574.57,113,1,2026-05-24T00:00:00+07:00
INV-001651,SKU-0151,Fashion Item 0151,Fashion,WH007,Central Warehouse 007,Central,779,15,598.20,70,1,2026-05-24T00:00:00+07:00
INV-001652,SKU-0152,Industrial Item 0152,Industrial,WH007,Central Warehouse 007,Central,454,11,2222.00,43,1,2026-05-24T00:00:00+07:00
INV-001653,SKU-0153,Electronics Item 0153,Electronics,WH007,Central Warehouse 007,Central,327,40,2490.63,41,1,2026-05-24T00:00:00+07:00
INV-001654,SKU-0154,Home Item 0154,Home,WH007,Central Warehouse 007,Central,410,10,192.57,115,1,2026-05-24T00:00:00+07:00
INV-001655,SKU-0155,Grocery Item 0155,Grocery,WH007,Central Warehouse 007,Central,322,9,2119.18,34,1,2026-05-24T00:00:00+07:00
INV-001656,SKU-0156,Fashion Item 0156,Fashion,WH007,Central Warehouse 007,Central,636,10,1262.34,93,1,2026-05-24T00:00:00+07:00
INV-001657,SKU-0157,Industrial Item 0157,Industrial,WH007,Central Warehouse 007,Central,483,19,980.88,102,1,2026-05-24T00:00:00+07:00
INV-001658,SKU-0158,Electronics Item 0158,Electronics,WH007,Central Warehouse 007,Central,442,0,1873.45,28,1,2026-05-24T00:00:00+07:00
INV-001659,SKU-0159,Home Item 0159,Home,WH007,Central Warehouse 007,Central,756,46,550.66,99,1,2026-05-24T00:00:00+07:00
INV-001660,SKU-0160,Grocery Item 0160,Grocery,WH007,Central Warehouse 007,Central,317,22,2457.22,106,1,2026-05-24T00:00:00+07:00
INV-001661,SKU-0161,Fashion Item 0161,Fashion,WH007,Central Warehouse 007,Central,780,79,1519.63,60,1,2026-05-24T00:00:00+07:00
INV-001662,SKU-0162,Industrial Item 0162,Industrial,WH007,Central Warehouse 007,Central,785,11,1244.47,66,1,2026-05-24T00:00:00+07:00
INV-001663,SKU-0163,Electronics Item 0163,Electronics,WH007,Central Warehouse 007,Central,685,36,1517.31,50,1,2026-05-24T00:00:00+07:00
INV-001664,SKU-0164,Home Item 0164,Home,WH007,Central Warehouse 007,Central,292,55,1133.62,62,1,2026-05-24T00:00:00+07:00
INV-001665,SKU-0165,Grocery Item 0165,Grocery,WH007,Central Warehouse 007,Central,445,0,1435.75,49,1,2026-05-24T00:00:00+07:00
INV-001666,SKU-0166,Fashion Item 0166,Fashion,WH007,Central Warehouse 007,Central,287,5,728.02,74,1,2026-05-24T00:00:00+07:00
INV-001667,SKU-0167,Industrial Item 0167,Industrial,WH007,Central Warehouse 007,Central,115,6,1111.54,89,1,2026-05-24T00:00:00+07:00
INV-001668,SKU-0168,Electronics Item 0168,Electronics,WH007,Central Warehouse 007,Central,619,73,934.83,25,1,2026-05-24T00:00:00+07:00
INV-001669,SKU-0169,Home Item 0169,Home,WH007,Central Warehouse 007,Central,619,80,1661.65,88,1,2026-05-24T00:00:00+07:00
INV-001670,SKU-0170,Grocery Item 0170,Grocery,WH007,Central Warehouse 007,Central,323,33,332.79,61,1,2026-05-24T00:00:00+07:00
INV-001671,SKU-0171,Fashion Item 0171,Fashion,WH007,Central Warehouse 007,Central,555,72,1717.12,62,1,2026-05-24T00:00:00+07:00
INV-001672,SKU-0172,Industrial Item 0172,Industrial,WH007,Central Warehouse 007,Central,300,32,997.43,74,1,2026-05-24T00:00:00+07:00
INV-001673,SKU-0173,Electronics Item 0173,Electronics,WH007,Central Warehouse 007,Central,190,46,1448.81,70,1,2026-05-24T00:00:00+07:00
INV-001674,SKU-0174,Home Item 0174,Home,WH007,Central Warehouse 007,Central,262,0,167.09,53,1,2026-05-24T00:00:00+07:00
INV-001675,SKU-0175,Grocery Item 0175,Grocery,WH007,Central Warehouse 007,Central,653,58,1977.60,42,1,2026-05-24T00:00:00+07:00
INV-001676,SKU-0176,Fashion Item 0176,Fashion,WH007,Central Warehouse 007,Central,737,56,272.37,62,1,2026-05-24T00:00:00+07:00
INV-001677,SKU-0177,Industrial Item 0177,Industrial,WH007,Central Warehouse 007,Central,571,70,291.55,110,1,2026-05-24T00:00:00+07:00
INV-001678,SKU-0178,Electronics Item 0178,Electronics,WH007,Central Warehouse 007,Central,166,1,2359.28,75,1,2026-05-24T00:00:00+07:00
INV-001679,SKU-0179,Home Item 0179,Home,WH007,Central Warehouse 007,Central,172,40,1855.65,79,1,2026-05-24T00:00:00+07:00
INV-001680,SKU-0180,Grocery Item 0180,Grocery,WH007,Central Warehouse 007,Central,427,44,1582.22,70,1,2026-05-24T00:00:00+07:00
INV-001681,SKU-0181,Fashion Item 0181,Fashion,WH007,Central Warehouse 007,Central,609,9,1907.05,80,1,2026-05-24T00:00:00+07:00
INV-001682,SKU-0182,Industrial Item 0182,Industrial,WH007,Central Warehouse 007,Central,498,62,1718.71,48,1,2026-05-24T00:00:00+07:00
INV-001683,SKU-0183,Electronics Item 0183,Electronics,WH007,Central Warehouse 007,Central,618,43,314.02,91,1,2026-05-24T00:00:00+07:00
INV-001684,SKU-0184,Home Item 0184,Home,WH007,Central Warehouse 007,Central,151,26,1919.21,89,1,2026-05-24T00:00:00+07:00
INV-001685,SKU-0185,Grocery Item 0185,Grocery,WH007,Central Warehouse 007,Central,344,1,2458.63,66,1,2026-05-24T00:00:00+07:00
INV-001686,SKU-0186,Fashion Item 0186,Fashion,WH007,Central Warehouse 007,Central,145,35,801.39,104,1,2026-05-24T00:00:00+07:00
INV-001687,SKU-0187,Industrial Item 0187,Industrial,WH007,Central Warehouse 007,Central,686,68,1733.65,93,1,2026-05-24T00:00:00+07:00
INV-001688,SKU-0188,Electronics Item 0188,Electronics,WH007,Central Warehouse 007,Central,554,55,374.35,99,1,2026-05-24T00:00:00+07:00
INV-001689,SKU-0189,Home Item 0189,Home,WH007,Central Warehouse 007,Central,213,47,1107.32,61,1,2026-05-24T00:00:00+07:00
INV-001690,SKU-0190,Grocery Item 0190,Grocery,WH007,Central Warehouse 007,Central,797,9,2322.50,116,1,2026-05-24T00:00:00+07:00
INV-001691,SKU-0191,Fashion Item 0191,Fashion,WH007,Central Warehouse 007,Central,542,46,148.57,60,1,2026-05-24T00:00:00+07:00
INV-001692,SKU-0192,Industrial Item 0192,Industrial,WH007,Central Warehouse 007,Central,551,8,731.53,35,1,2026-05-24T00:00:00+07:00
INV-001693,SKU-0193,Electronics Item 0193,Electronics,WH007,Central Warehouse 007,Central,272,17,2156.65,81,1,2026-05-24T00:00:00+07:00
INV-001694,SKU-0194,Home Item 0194,Home,WH007,Central Warehouse 007,Central,344,7,656.50,58,1,2026-05-24T00:00:00+07:00
INV-001695,SKU-0195,Grocery Item 0195,Grocery,WH007,Central Warehouse 007,Central,636,43,1352.19,87,1,2026-05-24T00:00:00+07:00
INV-001696,SKU-0196,Fashion Item 0196,Fashion,WH007,Central Warehouse 007,Central,703,17,2300.32,25,1,2026-05-24T00:00:00+07:00
INV-001697,SKU-0197,Industrial Item 0197,Industrial,WH007,Central Warehouse 007,Central,543,53,304.82,66,1,2026-05-24T00:00:00+07:00
INV-001698,SKU-0198,Electronics Item 0198,Electronics,WH007,Central Warehouse 007,Central,484,74,2435.44,110,1,2026-05-24T00:00:00+07:00
INV-001699,SKU-0199,Home Item 0199,Home,WH007,Central Warehouse 007,Central,687,69,966.01,68,1,2026-05-24T00:00:00+07:00
INV-001700,SKU-0200,Grocery Item 0200,Grocery,WH007,Central Warehouse 007,Central,390,69,1937.99,59,1,2026-05-24T00:00:00+07:00
INV-001701,SKU-0201,Fashion Item 0201,Fashion,WH007,Central Warehouse 007,Central,431,79,1492.25,106,1,2026-05-24T00:00:00+07:00
INV-001702,SKU-0202,Industrial Item 0202,Industrial,WH007,Central Warehouse 007,Central,546,3,1903.87,75,1,2026-05-24T00:00:00+07:00
INV-001703,SKU-0203,Electronics Item 0203,Electronics,WH007,Central Warehouse 007,Central,574,5,973.75,109,1,2026-05-24T00:00:00+07:00
INV-001704,SKU-0204,Home Item 0204,Home,WH007,Central Warehouse 007,Central,226,14,394.41,70,1,2026-05-24T00:00:00+07:00
INV-001705,SKU-0205,Grocery Item 0205,Grocery,WH007,Central Warehouse 007,Central,738,39,644.44,39,1,2026-05-24T00:00:00+07:00
INV-001706,SKU-0206,Fashion Item 0206,Fashion,WH007,Central Warehouse 007,Central,604,33,2398.18,90,1,2026-05-24T00:00:00+07:00
INV-001707,SKU-0207,Industrial Item 0207,Industrial,WH007,Central Warehouse 007,Central,543,15,983.04,74,1,2026-05-24T00:00:00+07:00
INV-001708,SKU-0208,Electronics Item 0208,Electronics,WH007,Central Warehouse 007,Central,359,43,915.70,43,1,2026-05-24T00:00:00+07:00
INV-001709,SKU-0209,Home Item 0209,Home,WH007,Central Warehouse 007,Central,783,80,430.46,91,1,2026-05-24T00:00:00+07:00
INV-001710,SKU-0210,Grocery Item 0210,Grocery,WH007,Central Warehouse 007,Central,216,18,2451.12,27,1,2026-05-24T00:00:00+07:00
INV-001711,SKU-0211,Fashion Item 0211,Fashion,WH007,Central Warehouse 007,Central,586,23,2139.94,48,1,2026-05-24T00:00:00+07:00
INV-001712,SKU-0212,Industrial Item 0212,Industrial,WH007,Central Warehouse 007,Central,299,20,1162.76,71,1,2026-05-24T00:00:00+07:00
INV-001713,SKU-0213,Electronics Item 0213,Electronics,WH007,Central Warehouse 007,Central,680,2,1387.66,76,1,2026-05-24T00:00:00+07:00
INV-001714,SKU-0214,Home Item 0214,Home,WH007,Central Warehouse 007,Central,325,65,385.11,29,1,2026-05-24T00:00:00+07:00
INV-001715,SKU-0215,Grocery Item 0215,Grocery,WH007,Central Warehouse 007,Central,229,13,81.56,78,1,2026-05-24T00:00:00+07:00
INV-001716,SKU-0216,Fashion Item 0216,Fashion,WH007,Central Warehouse 007,Central,728,35,939.07,91,1,2026-05-24T00:00:00+07:00
INV-001717,SKU-0217,Industrial Item 0217,Industrial,WH007,Central Warehouse 007,Central,501,60,553.94,26,1,2026-05-24T00:00:00+07:00
INV-001718,SKU-0218,Electronics Item 0218,Electronics,WH007,Central Warehouse 007,Central,701,20,644.37,37,1,2026-05-24T00:00:00+07:00
INV-001719,SKU-0219,Home Item 0219,Home,WH007,Central Warehouse 007,Central,493,75,1756.30,80,1,2026-05-24T00:00:00+07:00
INV-001720,SKU-0220,Grocery Item 0220,Grocery,WH007,Central Warehouse 007,Central,505,79,648.01,27,1,2026-05-24T00:00:00+07:00
INV-001721,SKU-0221,Fashion Item 0221,Fashion,WH007,Central Warehouse 007,Central,637,64,1972.18,101,1,2026-05-24T00:00:00+07:00
INV-001722,SKU-0222,Industrial Item 0222,Industrial,WH007,Central Warehouse 007,Central,615,42,1727.77,31,1,2026-05-24T00:00:00+07:00
INV-001723,SKU-0223,Electronics Item 0223,Electronics,WH007,Central Warehouse 007,Central,384,53,2413.84,36,1,2026-05-24T00:00:00+07:00
INV-001724,SKU-0224,Home Item 0224,Home,WH007,Central Warehouse 007,Central,256,4,2414.36,43,1,2026-05-24T00:00:00+07:00
INV-001725,SKU-0225,Grocery Item 0225,Grocery,WH007,Central Warehouse 007,Central,387,23,2373.27,74,1,2026-05-24T00:00:00+07:00
INV-001726,SKU-0226,Fashion Item 0226,Fashion,WH007,Central Warehouse 007,Central,337,18,1333.78,54,1,2026-05-24T00:00:00+07:00
INV-001727,SKU-0227,Industrial Item 0227,Industrial,WH007,Central Warehouse 007,Central,274,21,1906.86,102,1,2026-05-24T00:00:00+07:00
INV-001728,SKU-0228,Electronics Item 0228,Electronics,WH007,Central Warehouse 007,Central,538,2,705.56,26,1,2026-05-24T00:00:00+07:00
INV-001729,SKU-0229,Home Item 0229,Home,WH007,Central Warehouse 007,Central,549,16,2328.15,87,1,2026-05-24T00:00:00+07:00
INV-001730,SKU-0230,Grocery Item 0230,Grocery,WH007,Central Warehouse 007,Central,476,47,1406.35,77,1,2026-05-24T00:00:00+07:00
INV-001731,SKU-0231,Fashion Item 0231,Fashion,WH007,Central Warehouse 007,Central,705,24,1074.26,99,1,2026-05-24T00:00:00+07:00
INV-001732,SKU-0232,Industrial Item 0232,Industrial,WH007,Central Warehouse 007,Central,392,34,2301.36,70,1,2026-05-24T00:00:00+07:00
INV-001733,SKU-0233,Electronics Item 0233,Electronics,WH007,Central Warehouse 007,Central,176,14,277.89,53,1,2026-05-24T00:00:00+07:00
INV-001734,SKU-0234,Home Item 0234,Home,WH007,Central Warehouse 007,Central,527,23,1512.23,103,1,2026-05-24T00:00:00+07:00
INV-001735,SKU-0235,Grocery Item 0235,Grocery,WH007,Central Warehouse 007,Central,621,60,1131.66,32,1,2026-05-24T00:00:00+07:00
INV-001736,SKU-0236,Fashion Item 0236,Fashion,WH007,Central Warehouse 007,Central,674,19,1223.30,45,1,2026-05-24T00:00:00+07:00
INV-001737,SKU-0237,Industrial Item 0237,Industrial,WH007,Central Warehouse 007,Central,770,59,967.77,112,1,2026-05-24T00:00:00+07:00
INV-001738,SKU-0238,Electronics Item 0238,Electronics,WH007,Central Warehouse 007,Central,107,4,903.01,63,1,2026-05-24T00:00:00+07:00
INV-001739,SKU-0239,Home Item 0239,Home,WH007,Central Warehouse 007,Central,516,0,2010.62,73,1,2026-05-24T00:00:00+07:00
INV-001740,SKU-0240,Grocery Item 0240,Grocery,WH007,Central Warehouse 007,Central,349,30,892.32,65,1,2026-05-24T00:00:00+07:00
INV-001741,SKU-0241,Fashion Item 0241,Fashion,WH007,Central Warehouse 007,Central,568,19,635.03,120,1,2026-05-24T00:00:00+07:00
INV-001742,SKU-0242,Industrial Item 0242,Industrial,WH007,Central Warehouse 007,Central,770,18,712.58,71,1,2026-05-24T00:00:00+07:00
INV-001743,SKU-0243,Electronics Item 0243,Electronics,WH007,Central Warehouse 007,Central,762,64,1658.78,29,1,2026-05-24T00:00:00+07:00
INV-001744,SKU-0244,Home Item 0244,Home,WH007,Central Warehouse 007,Central,268,58,675.02,53,1,2026-05-24T00:00:00+07:00
INV-001745,SKU-0245,Grocery Item 0245,Grocery,WH007,Central Warehouse 007,Central,752,35,1819.48,43,1,2026-05-24T00:00:00+07:00
INV-001746,SKU-0246,Fashion Item 0246,Fashion,WH007,Central Warehouse 007,Central,487,74,1107.84,66,1,2026-05-24T00:00:00+07:00
INV-001747,SKU-0247,Industrial Item 0247,Industrial,WH007,Central Warehouse 007,Central,151,29,646.79,61,1,2026-05-24T00:00:00+07:00
INV-001748,SKU-0248,Electronics Item 0248,Electronics,WH007,Central Warehouse 007,Central,315,54,2027.97,31,1,2026-05-24T00:00:00+07:00
INV-001749,SKU-0249,Home Item 0249,Home,WH007,Central Warehouse 007,Central,613,50,1072.86,101,1,2026-05-24T00:00:00+07:00
INV-001750,SKU-0250,Grocery Item 0250,Grocery,WH007,Central Warehouse 007,Central,512,38,1441.40,85,1,2026-05-24T00:00:00+07:00
INV-001751,SKU-0001,Industrial Item 0001,Industrial,WH008,Central Warehouse 008,Central,739,74,497.69,105,1,2026-05-24T00:00:00+07:00
INV-001752,SKU-0002,Electronics Item 0002,Electronics,WH008,Central Warehouse 008,Central,634,34,1939.55,110,1,2026-05-24T00:00:00+07:00
INV-001753,SKU-0003,Home Item 0003,Home,WH008,Central Warehouse 008,Central,471,33,1373.47,63,1,2026-05-24T00:00:00+07:00
INV-001754,SKU-0004,Grocery Item 0004,Grocery,WH008,Central Warehouse 008,Central,565,70,145.36,89,1,2026-05-24T00:00:00+07:00
INV-001755,SKU-0005,Fashion Item 0005,Fashion,WH008,Central Warehouse 008,Central,388,14,1196.30,58,1,2026-05-24T00:00:00+07:00
INV-001756,SKU-0006,Industrial Item 0006,Industrial,WH008,Central Warehouse 008,Central,504,39,129.07,43,1,2026-05-24T00:00:00+07:00
INV-001757,SKU-0007,Electronics Item 0007,Electronics,WH008,Central Warehouse 008,Central,350,61,245.26,94,1,2026-05-24T00:00:00+07:00
INV-001758,SKU-0008,Home Item 0008,Home,WH008,Central Warehouse 008,Central,172,30,2488.06,48,1,2026-05-24T00:00:00+07:00
INV-001759,SKU-0009,Grocery Item 0009,Grocery,WH008,Central Warehouse 008,Central,720,69,2226.06,75,1,2026-05-24T00:00:00+07:00
INV-001760,SKU-0010,Fashion Item 0010,Fashion,WH008,Central Warehouse 008,Central,466,44,1374.41,68,1,2026-05-24T00:00:00+07:00
INV-001761,SKU-0011,Industrial Item 0011,Industrial,WH008,Central Warehouse 008,Central,581,69,342.57,105,1,2026-05-24T00:00:00+07:00
INV-001762,SKU-0012,Electronics Item 0012,Electronics,WH008,Central Warehouse 008,Central,169,38,372.81,91,1,2026-05-24T00:00:00+07:00
INV-001763,SKU-0013,Home Item 0013,Home,WH008,Central Warehouse 008,Central,478,70,1455.26,35,1,2026-05-24T00:00:00+07:00
INV-001764,SKU-0014,Grocery Item 0014,Grocery,WH008,Central Warehouse 008,Central,730,5,1955.17,41,1,2026-05-24T00:00:00+07:00
INV-001765,SKU-0015,Fashion Item 0015,Fashion,WH008,Central Warehouse 008,Central,655,10,2290.17,76,1,2026-05-24T00:00:00+07:00
INV-001766,SKU-0016,Industrial Item 0016,Industrial,WH008,Central Warehouse 008,Central,305,13,1696.93,50,1,2026-05-24T00:00:00+07:00
INV-001767,SKU-0017,Electronics Item 0017,Electronics,WH008,Central Warehouse 008,Central,581,46,935.44,31,1,2026-05-24T00:00:00+07:00
INV-001768,SKU-0018,Home Item 0018,Home,WH008,Central Warehouse 008,Central,768,75,1666.61,77,1,2026-05-24T00:00:00+07:00
INV-001769,SKU-0019,Grocery Item 0019,Grocery,WH008,Central Warehouse 008,Central,159,36,1332.56,89,1,2026-05-24T00:00:00+07:00
INV-001770,SKU-0020,Fashion Item 0020,Fashion,WH008,Central Warehouse 008,Central,122,11,438.97,119,1,2026-05-24T00:00:00+07:00
INV-001771,SKU-0021,Industrial Item 0021,Industrial,WH008,Central Warehouse 008,Central,545,65,800.82,46,1,2026-05-24T00:00:00+07:00
INV-001772,SKU-0022,Electronics Item 0022,Electronics,WH008,Central Warehouse 008,Central,252,5,872.37,71,1,2026-05-24T00:00:00+07:00
INV-001773,SKU-0023,Home Item 0023,Home,WH008,Central Warehouse 008,Central,700,78,1212.14,99,1,2026-05-24T00:00:00+07:00
INV-001774,SKU-0024,Grocery Item 0024,Grocery,WH008,Central Warehouse 008,Central,671,10,2291.04,78,1,2026-05-24T00:00:00+07:00
INV-001775,SKU-0025,Fashion Item 0025,Fashion,WH008,Central Warehouse 008,Central,694,10,2315.08,118,1,2026-05-24T00:00:00+07:00
INV-001776,SKU-0026,Industrial Item 0026,Industrial,WH008,Central Warehouse 008,Central,427,4,1752.44,49,1,2026-05-24T00:00:00+07:00
INV-001777,SKU-0027,Electronics Item 0027,Electronics,WH008,Central Warehouse 008,Central,753,13,1796.37,90,1,2026-05-24T00:00:00+07:00
INV-001778,SKU-0028,Home Item 0028,Home,WH008,Central Warehouse 008,Central,682,56,1132.09,96,1,2026-05-24T00:00:00+07:00
INV-001779,SKU-0029,Grocery Item 0029,Grocery,WH008,Central Warehouse 008,Central,623,70,1562.26,35,1,2026-05-24T00:00:00+07:00
INV-001780,SKU-0030,Fashion Item 0030,Fashion,WH008,Central Warehouse 008,Central,218,36,1999.81,104,1,2026-05-24T00:00:00+07:00
INV-001781,SKU-0031,Industrial Item 0031,Industrial,WH008,Central Warehouse 008,Central,635,34,2052.55,47,1,2026-05-24T00:00:00+07:00
INV-001782,SKU-0032,Electronics Item 0032,Electronics,WH008,Central Warehouse 008,Central,109,3,2237.42,25,1,2026-05-24T00:00:00+07:00
INV-001783,SKU-0033,Home Item 0033,Home,WH008,Central Warehouse 008,Central,351,58,1980.40,111,1,2026-05-24T00:00:00+07:00
INV-001784,SKU-0034,Grocery Item 0034,Grocery,WH008,Central Warehouse 008,Central,303,49,2191.67,100,1,2026-05-24T00:00:00+07:00
INV-001785,SKU-0035,Fashion Item 0035,Fashion,WH008,Central Warehouse 008,Central,714,1,2384.53,47,1,2026-05-24T00:00:00+07:00
INV-001786,SKU-0036,Industrial Item 0036,Industrial,WH008,Central Warehouse 008,Central,206,21,891.34,75,1,2026-05-24T00:00:00+07:00
INV-001787,SKU-0037,Electronics Item 0037,Electronics,WH008,Central Warehouse 008,Central,619,12,2037.14,115,1,2026-05-24T00:00:00+07:00
INV-001788,SKU-0038,Home Item 0038,Home,WH008,Central Warehouse 008,Central,398,48,2267.41,32,1,2026-05-24T00:00:00+07:00
INV-001789,SKU-0039,Grocery Item 0039,Grocery,WH008,Central Warehouse 008,Central,231,55,1906.86,31,1,2026-05-24T00:00:00+07:00
INV-001790,SKU-0040,Fashion Item 0040,Fashion,WH008,Central Warehouse 008,Central,604,71,2233.62,75,1,2026-05-24T00:00:00+07:00
INV-001791,SKU-0041,Industrial Item 0041,Industrial,WH008,Central Warehouse 008,Central,624,4,2172.35,58,1,2026-05-24T00:00:00+07:00
INV-001792,SKU-0042,Electronics Item 0042,Electronics,WH008,Central Warehouse 008,Central,572,18,2401.10,44,1,2026-05-24T00:00:00+07:00
INV-001793,SKU-0043,Home Item 0043,Home,WH008,Central Warehouse 008,Central,225,13,349.59,27,1,2026-05-24T00:00:00+07:00
INV-001794,SKU-0044,Grocery Item 0044,Grocery,WH008,Central Warehouse 008,Central,475,67,1096.08,37,1,2026-05-24T00:00:00+07:00
INV-001795,SKU-0045,Fashion Item 0045,Fashion,WH008,Central Warehouse 008,Central,248,48,2138.44,89,1,2026-05-24T00:00:00+07:00
INV-001796,SKU-0046,Industrial Item 0046,Industrial,WH008,Central Warehouse 008,Central,562,18,655.26,119,1,2026-05-24T00:00:00+07:00
INV-001797,SKU-0047,Electronics Item 0047,Electronics,WH008,Central Warehouse 008,Central,673,40,1893.07,55,1,2026-05-24T00:00:00+07:00
INV-001798,SKU-0048,Home Item 0048,Home,WH008,Central Warehouse 008,Central,375,35,796.69,70,1,2026-05-24T00:00:00+07:00
INV-001799,SKU-0049,Grocery Item 0049,Grocery,WH008,Central Warehouse 008,Central,562,27,1047.34,75,1,2026-05-24T00:00:00+07:00
INV-001800,SKU-0050,Fashion Item 0050,Fashion,WH008,Central Warehouse 008,Central,540,47,1368.21,28,1,2026-05-24T00:00:00+07:00
INV-001801,SKU-0051,Industrial Item 0051,Industrial,WH008,Central Warehouse 008,Central,98,6,1728.02,92,1,2026-05-24T00:00:00+07:00
INV-001802,SKU-0052,Electronics Item 0052,Electronics,WH008,Central Warehouse 008,Central,526,31,2478.88,65,1,2026-05-24T00:00:00+07:00
INV-001803,SKU-0053,Home Item 0053,Home,WH008,Central Warehouse 008,Central,758,7,1471.41,99,1,2026-05-24T00:00:00+07:00
INV-001804,SKU-0054,Grocery Item 0054,Grocery,WH008,Central Warehouse 008,Central,138,0,796.45,42,1,2026-05-24T00:00:00+07:00
INV-001805,SKU-0055,Fashion Item 0055,Fashion,WH008,Central Warehouse 008,Central,120,19,1303.67,28,1,2026-05-24T00:00:00+07:00
INV-001806,SKU-0056,Industrial Item 0056,Industrial,WH008,Central Warehouse 008,Central,274,62,386.35,73,1,2026-05-24T00:00:00+07:00
INV-001807,SKU-0057,Electronics Item 0057,Electronics,WH008,Central Warehouse 008,Central,309,34,1320.01,60,1,2026-05-24T00:00:00+07:00
INV-001808,SKU-0058,Home Item 0058,Home,WH008,Central Warehouse 008,Central,662,75,757.84,33,1,2026-05-24T00:00:00+07:00
INV-001809,SKU-0059,Grocery Item 0059,Grocery,WH008,Central Warehouse 008,Central,224,34,1181.32,77,1,2026-05-24T00:00:00+07:00
INV-001810,SKU-0060,Fashion Item 0060,Fashion,WH008,Central Warehouse 008,Central,171,6,171.88,115,1,2026-05-24T00:00:00+07:00
INV-001811,SKU-0061,Industrial Item 0061,Industrial,WH008,Central Warehouse 008,Central,705,74,1944.99,69,1,2026-05-24T00:00:00+07:00
INV-001812,SKU-0062,Electronics Item 0062,Electronics,WH008,Central Warehouse 008,Central,556,26,650.52,35,1,2026-05-24T00:00:00+07:00
INV-001813,SKU-0063,Home Item 0063,Home,WH008,Central Warehouse 008,Central,403,75,904.76,91,1,2026-05-24T00:00:00+07:00
INV-001814,SKU-0064,Grocery Item 0064,Grocery,WH008,Central Warehouse 008,Central,157,32,1187.49,41,1,2026-05-24T00:00:00+07:00
INV-001815,SKU-0065,Fashion Item 0065,Fashion,WH008,Central Warehouse 008,Central,149,13,2020.33,71,1,2026-05-24T00:00:00+07:00
INV-001816,SKU-0066,Industrial Item 0066,Industrial,WH008,Central Warehouse 008,Central,707,72,1313.09,26,1,2026-05-24T00:00:00+07:00
INV-001817,SKU-0067,Electronics Item 0067,Electronics,WH008,Central Warehouse 008,Central,744,40,1135.23,90,1,2026-05-24T00:00:00+07:00
INV-001818,SKU-0068,Home Item 0068,Home,WH008,Central Warehouse 008,Central,640,48,1148.10,113,1,2026-05-24T00:00:00+07:00
INV-001819,SKU-0069,Grocery Item 0069,Grocery,WH008,Central Warehouse 008,Central,578,18,1338.62,70,1,2026-05-24T00:00:00+07:00
INV-001820,SKU-0070,Fashion Item 0070,Fashion,WH008,Central Warehouse 008,Central,641,15,1032.22,115,1,2026-05-24T00:00:00+07:00
INV-001821,SKU-0071,Industrial Item 0071,Industrial,WH008,Central Warehouse 008,Central,408,14,16.91,104,1,2026-05-24T00:00:00+07:00
INV-001822,SKU-0072,Electronics Item 0072,Electronics,WH008,Central Warehouse 008,Central,87,14,1526.08,45,1,2026-05-24T00:00:00+07:00
INV-001823,SKU-0073,Home Item 0073,Home,WH008,Central Warehouse 008,Central,450,14,1077.83,68,1,2026-05-24T00:00:00+07:00
INV-001824,SKU-0074,Grocery Item 0074,Grocery,WH008,Central Warehouse 008,Central,180,27,1772.86,70,1,2026-05-24T00:00:00+07:00
INV-001825,SKU-0075,Fashion Item 0075,Fashion,WH008,Central Warehouse 008,Central,732,7,643.96,56,1,2026-05-24T00:00:00+07:00
INV-001826,SKU-0076,Industrial Item 0076,Industrial,WH008,Central Warehouse 008,Central,279,64,18.04,33,1,2026-05-24T00:00:00+07:00
INV-001827,SKU-0077,Electronics Item 0077,Electronics,WH008,Central Warehouse 008,Central,379,36,1229.30,49,1,2026-05-24T00:00:00+07:00
INV-001828,SKU-0078,Home Item 0078,Home,WH008,Central Warehouse 008,Central,317,63,46.67,90,1,2026-05-24T00:00:00+07:00
INV-001829,SKU-0079,Grocery Item 0079,Grocery,WH008,Central Warehouse 008,Central,208,31,549.98,38,1,2026-05-24T00:00:00+07:00
INV-001830,SKU-0080,Fashion Item 0080,Fashion,WH008,Central Warehouse 008,Central,92,2,1988.79,29,1,2026-05-24T00:00:00+07:00
INV-001831,SKU-0081,Industrial Item 0081,Industrial,WH008,Central Warehouse 008,Central,734,74,1709.62,109,1,2026-05-24T00:00:00+07:00
INV-001832,SKU-0082,Electronics Item 0082,Electronics,WH008,Central Warehouse 008,Central,100,19,1119.70,40,1,2026-05-24T00:00:00+07:00
INV-001833,SKU-0083,Home Item 0083,Home,WH008,Central Warehouse 008,Central,622,2,2202.61,119,1,2026-05-24T00:00:00+07:00
INV-001834,SKU-0084,Grocery Item 0084,Grocery,WH008,Central Warehouse 008,Central,593,72,2352.51,116,1,2026-05-24T00:00:00+07:00
INV-001835,SKU-0085,Fashion Item 0085,Fashion,WH008,Central Warehouse 008,Central,310,71,907.89,34,1,2026-05-24T00:00:00+07:00
INV-001836,SKU-0086,Industrial Item 0086,Industrial,WH008,Central Warehouse 008,Central,178,1,420.19,88,1,2026-05-24T00:00:00+07:00
INV-001837,SKU-0087,Electronics Item 0087,Electronics,WH008,Central Warehouse 008,Central,401,43,2155.24,98,1,2026-05-24T00:00:00+07:00
INV-001838,SKU-0088,Home Item 0088,Home,WH008,Central Warehouse 008,Central,653,53,1837.93,101,1,2026-05-24T00:00:00+07:00
INV-001839,SKU-0089,Grocery Item 0089,Grocery,WH008,Central Warehouse 008,Central,191,20,131.78,39,1,2026-05-24T00:00:00+07:00
INV-001840,SKU-0090,Fashion Item 0090,Fashion,WH008,Central Warehouse 008,Central,538,51,1414.52,40,1,2026-05-24T00:00:00+07:00
INV-001841,SKU-0091,Industrial Item 0091,Industrial,WH008,Central Warehouse 008,Central,640,14,901.27,78,1,2026-05-24T00:00:00+07:00
INV-001842,SKU-0092,Electronics Item 0092,Electronics,WH008,Central Warehouse 008,Central,85,8,1827.69,117,1,2026-05-24T00:00:00+07:00
INV-001843,SKU-0093,Home Item 0093,Home,WH008,Central Warehouse 008,Central,395,3,1215.24,80,1,2026-05-24T00:00:00+07:00
INV-001844,SKU-0094,Grocery Item 0094,Grocery,WH008,Central Warehouse 008,Central,186,6,1610.40,92,1,2026-05-24T00:00:00+07:00
INV-001845,SKU-0095,Fashion Item 0095,Fashion,WH008,Central Warehouse 008,Central,372,42,1467.33,105,1,2026-05-24T00:00:00+07:00
INV-001846,SKU-0096,Industrial Item 0096,Industrial,WH008,Central Warehouse 008,Central,660,74,543.88,95,1,2026-05-24T00:00:00+07:00
INV-001847,SKU-0097,Electronics Item 0097,Electronics,WH008,Central Warehouse 008,Central,613,71,511.75,77,1,2026-05-24T00:00:00+07:00
INV-001848,SKU-0098,Home Item 0098,Home,WH008,Central Warehouse 008,Central,691,35,363.80,43,1,2026-05-24T00:00:00+07:00
INV-001849,SKU-0099,Grocery Item 0099,Grocery,WH008,Central Warehouse 008,Central,512,1,1258.95,40,1,2026-05-24T00:00:00+07:00
INV-001850,SKU-0100,Fashion Item 0100,Fashion,WH008,Central Warehouse 008,Central,283,12,1558.78,44,1,2026-05-24T00:00:00+07:00
INV-001851,SKU-0101,Industrial Item 0101,Industrial,WH008,Central Warehouse 008,Central,431,76,789.33,100,1,2026-05-24T00:00:00+07:00
INV-001852,SKU-0102,Electronics Item 0102,Electronics,WH008,Central Warehouse 008,Central,375,45,1401.75,44,1,2026-05-24T00:00:00+07:00
INV-001853,SKU-0103,Home Item 0103,Home,WH008,Central Warehouse 008,Central,406,21,2192.81,102,1,2026-05-24T00:00:00+07:00
INV-001854,SKU-0104,Grocery Item 0104,Grocery,WH008,Central Warehouse 008,Central,149,34,1626.22,117,1,2026-05-24T00:00:00+07:00
INV-001855,SKU-0105,Fashion Item 0105,Fashion,WH008,Central Warehouse 008,Central,578,47,423.75,107,1,2026-05-24T00:00:00+07:00
INV-001856,SKU-0106,Industrial Item 0106,Industrial,WH008,Central Warehouse 008,Central,91,9,1257.56,26,1,2026-05-24T00:00:00+07:00
INV-001857,SKU-0107,Electronics Item 0107,Electronics,WH008,Central Warehouse 008,Central,111,4,748.56,90,1,2026-05-24T00:00:00+07:00
INV-001858,SKU-0108,Home Item 0108,Home,WH008,Central Warehouse 008,Central,549,5,2228.91,30,1,2026-05-24T00:00:00+07:00
INV-001859,SKU-0109,Grocery Item 0109,Grocery,WH008,Central Warehouse 008,Central,604,52,1176.81,92,1,2026-05-24T00:00:00+07:00
INV-001860,SKU-0110,Fashion Item 0110,Fashion,WH008,Central Warehouse 008,Central,583,64,118.32,94,1,2026-05-24T00:00:00+07:00
INV-001861,SKU-0111,Industrial Item 0111,Industrial,WH008,Central Warehouse 008,Central,683,62,332.11,35,1,2026-05-24T00:00:00+07:00
INV-001862,SKU-0112,Electronics Item 0112,Electronics,WH008,Central Warehouse 008,Central,124,31,387.47,89,1,2026-05-24T00:00:00+07:00
INV-001863,SKU-0113,Home Item 0113,Home,WH008,Central Warehouse 008,Central,223,18,1147.39,26,1,2026-05-24T00:00:00+07:00
INV-001864,SKU-0114,Grocery Item 0114,Grocery,WH008,Central Warehouse 008,Central,399,23,2377.14,119,1,2026-05-24T00:00:00+07:00
INV-001865,SKU-0115,Fashion Item 0115,Fashion,WH008,Central Warehouse 008,Central,487,30,1203.25,31,1,2026-05-24T00:00:00+07:00
INV-001866,SKU-0116,Industrial Item 0116,Industrial,WH008,Central Warehouse 008,Central,470,68,1500.04,105,1,2026-05-24T00:00:00+07:00
INV-001867,SKU-0117,Electronics Item 0117,Electronics,WH008,Central Warehouse 008,Central,563,43,1650.33,100,1,2026-05-24T00:00:00+07:00
INV-001868,SKU-0118,Home Item 0118,Home,WH008,Central Warehouse 008,Central,220,12,2408.28,44,1,2026-05-24T00:00:00+07:00
INV-001869,SKU-0119,Grocery Item 0119,Grocery,WH008,Central Warehouse 008,Central,517,70,839.98,90,1,2026-05-24T00:00:00+07:00
INV-001870,SKU-0120,Fashion Item 0120,Fashion,WH008,Central Warehouse 008,Central,84,4,344.97,116,1,2026-05-24T00:00:00+07:00
INV-001871,SKU-0121,Industrial Item 0121,Industrial,WH008,Central Warehouse 008,Central,462,73,183.54,113,1,2026-05-24T00:00:00+07:00
INV-001872,SKU-0122,Electronics Item 0122,Electronics,WH008,Central Warehouse 008,Central,714,51,1524.79,44,1,2026-05-24T00:00:00+07:00
INV-001873,SKU-0123,Home Item 0123,Home,WH008,Central Warehouse 008,Central,745,20,1228.55,82,1,2026-05-24T00:00:00+07:00
INV-001874,SKU-0124,Grocery Item 0124,Grocery,WH008,Central Warehouse 008,Central,148,33,1289.89,44,1,2026-05-24T00:00:00+07:00
INV-001875,SKU-0125,Fashion Item 0125,Fashion,WH008,Central Warehouse 008,Central,499,78,665.71,112,1,2026-05-24T00:00:00+07:00
INV-001876,SKU-0126,Industrial Item 0126,Industrial,WH008,Central Warehouse 008,Central,627,48,301.33,30,1,2026-05-24T00:00:00+07:00
INV-001877,SKU-0127,Electronics Item 0127,Electronics,WH008,Central Warehouse 008,Central,339,22,1510.21,35,1,2026-05-24T00:00:00+07:00
INV-001878,SKU-0128,Home Item 0128,Home,WH008,Central Warehouse 008,Central,232,10,204.16,26,1,2026-05-24T00:00:00+07:00
INV-001879,SKU-0129,Grocery Item 0129,Grocery,WH008,Central Warehouse 008,Central,415,59,546.16,98,1,2026-05-24T00:00:00+07:00
INV-001880,SKU-0130,Fashion Item 0130,Fashion,WH008,Central Warehouse 008,Central,517,73,1838.04,93,1,2026-05-24T00:00:00+07:00
INV-001881,SKU-0131,Industrial Item 0131,Industrial,WH008,Central Warehouse 008,Central,260,35,1279.14,112,1,2026-05-24T00:00:00+07:00
INV-001882,SKU-0132,Electronics Item 0132,Electronics,WH008,Central Warehouse 008,Central,550,23,1662.47,40,1,2026-05-24T00:00:00+07:00
INV-001883,SKU-0133,Home Item 0133,Home,WH008,Central Warehouse 008,Central,301,23,1321.94,95,1,2026-05-24T00:00:00+07:00
INV-001884,SKU-0134,Grocery Item 0134,Grocery,WH008,Central Warehouse 008,Central,696,80,299.99,27,1,2026-05-24T00:00:00+07:00
INV-001885,SKU-0135,Fashion Item 0135,Fashion,WH008,Central Warehouse 008,Central,642,50,55.51,62,1,2026-05-24T00:00:00+07:00
INV-001886,SKU-0136,Industrial Item 0136,Industrial,WH008,Central Warehouse 008,Central,685,55,1227.04,97,1,2026-05-24T00:00:00+07:00
INV-001887,SKU-0137,Electronics Item 0137,Electronics,WH008,Central Warehouse 008,Central,696,61,1490.72,59,1,2026-05-24T00:00:00+07:00
INV-001888,SKU-0138,Home Item 0138,Home,WH008,Central Warehouse 008,Central,298,73,675.65,109,1,2026-05-24T00:00:00+07:00
INV-001889,SKU-0139,Grocery Item 0139,Grocery,WH008,Central Warehouse 008,Central,729,29,872.82,98,1,2026-05-24T00:00:00+07:00
INV-001890,SKU-0140,Fashion Item 0140,Fashion,WH008,Central Warehouse 008,Central,339,69,2430.74,116,1,2026-05-24T00:00:00+07:00
INV-001891,SKU-0141,Industrial Item 0141,Industrial,WH008,Central Warehouse 008,Central,420,71,1113.65,92,1,2026-05-24T00:00:00+07:00
INV-001892,SKU-0142,Electronics Item 0142,Electronics,WH008,Central Warehouse 008,Central,503,9,1389.06,95,1,2026-05-24T00:00:00+07:00
INV-001893,SKU-0143,Home Item 0143,Home,WH008,Central Warehouse 008,Central,399,63,1517.06,108,1,2026-05-24T00:00:00+07:00
INV-001894,SKU-0144,Grocery Item 0144,Grocery,WH008,Central Warehouse 008,Central,129,24,1132.98,40,1,2026-05-24T00:00:00+07:00
INV-001895,SKU-0145,Fashion Item 0145,Fashion,WH008,Central Warehouse 008,Central,390,67,1384.82,111,1,2026-05-24T00:00:00+07:00
INV-001896,SKU-0146,Industrial Item 0146,Industrial,WH008,Central Warehouse 008,Central,589,15,716.78,65,1,2026-05-24T00:00:00+07:00
INV-001897,SKU-0147,Electronics Item 0147,Electronics,WH008,Central Warehouse 008,Central,526,15,165.49,79,1,2026-05-24T00:00:00+07:00
INV-001898,SKU-0148,Home Item 0148,Home,WH008,Central Warehouse 008,Central,674,3,433.82,91,1,2026-05-24T00:00:00+07:00
INV-001899,SKU-0149,Grocery Item 0149,Grocery,WH008,Central Warehouse 008,Central,608,59,1916.10,68,1,2026-05-24T00:00:00+07:00
INV-001900,SKU-0150,Fashion Item 0150,Fashion,WH008,Central Warehouse 008,Central,156,27,61.79,26,1,2026-05-24T00:00:00+07:00
INV-001901,SKU-0151,Industrial Item 0151,Industrial,WH008,Central Warehouse 008,Central,666,39,2245.91,96,1,2026-05-24T00:00:00+07:00
INV-001902,SKU-0152,Electronics Item 0152,Electronics,WH008,Central Warehouse 008,Central,415,36,2318.50,98,1,2026-05-24T00:00:00+07:00
INV-001903,SKU-0153,Home Item 0153,Home,WH008,Central Warehouse 008,Central,83,7,1512.35,64,1,2026-05-24T00:00:00+07:00
INV-001904,SKU-0154,Grocery Item 0154,Grocery,WH008,Central Warehouse 008,Central,706,75,1462.78,107,1,2026-05-24T00:00:00+07:00
INV-001905,SKU-0155,Fashion Item 0155,Fashion,WH008,Central Warehouse 008,Central,101,24,2143.88,63,1,2026-05-24T00:00:00+07:00
INV-001906,SKU-0156,Industrial Item 0156,Industrial,WH008,Central Warehouse 008,Central,223,18,2144.82,116,1,2026-05-24T00:00:00+07:00
INV-001907,SKU-0157,Electronics Item 0157,Electronics,WH008,Central Warehouse 008,Central,684,14,1617.36,72,1,2026-05-24T00:00:00+07:00
INV-001908,SKU-0158,Home Item 0158,Home,WH008,Central Warehouse 008,Central,714,62,1310.72,55,1,2026-05-24T00:00:00+07:00
INV-001909,SKU-0159,Grocery Item 0159,Grocery,WH008,Central Warehouse 008,Central,405,32,1258.02,52,1,2026-05-24T00:00:00+07:00
INV-001910,SKU-0160,Fashion Item 0160,Fashion,WH008,Central Warehouse 008,Central,323,40,2398.80,81,1,2026-05-24T00:00:00+07:00
INV-001911,SKU-0161,Industrial Item 0161,Industrial,WH008,Central Warehouse 008,Central,752,28,2292.85,34,1,2026-05-24T00:00:00+07:00
INV-001912,SKU-0162,Electronics Item 0162,Electronics,WH008,Central Warehouse 008,Central,272,47,1277.14,26,1,2026-05-24T00:00:00+07:00
INV-001913,SKU-0163,Home Item 0163,Home,WH008,Central Warehouse 008,Central,521,70,574.57,53,1,2026-05-24T00:00:00+07:00
INV-001914,SKU-0164,Grocery Item 0164,Grocery,WH008,Central Warehouse 008,Central,786,56,1613.99,56,1,2026-05-24T00:00:00+07:00
INV-001915,SKU-0165,Fashion Item 0165,Fashion,WH008,Central Warehouse 008,Central,792,73,1778.69,49,1,2026-05-24T00:00:00+07:00
INV-001916,SKU-0166,Industrial Item 0166,Industrial,WH008,Central Warehouse 008,Central,253,9,30.40,80,1,2026-05-24T00:00:00+07:00
INV-001917,SKU-0167,Electronics Item 0167,Electronics,WH008,Central Warehouse 008,Central,511,77,2193.67,103,1,2026-05-24T00:00:00+07:00
INV-001918,SKU-0168,Home Item 0168,Home,WH008,Central Warehouse 008,Central,627,42,158.91,100,1,2026-05-24T00:00:00+07:00
INV-001919,SKU-0169,Grocery Item 0169,Grocery,WH008,Central Warehouse 008,Central,192,25,1679.73,79,1,2026-05-24T00:00:00+07:00
INV-001920,SKU-0170,Fashion Item 0170,Fashion,WH008,Central Warehouse 008,Central,244,46,171.86,116,1,2026-05-24T00:00:00+07:00
INV-001921,SKU-0171,Industrial Item 0171,Industrial,WH008,Central Warehouse 008,Central,674,76,147.85,61,1,2026-05-24T00:00:00+07:00
INV-001922,SKU-0172,Electronics Item 0172,Electronics,WH008,Central Warehouse 008,Central,517,1,1317.47,31,1,2026-05-24T00:00:00+07:00
INV-001923,SKU-0173,Home Item 0173,Home,WH008,Central Warehouse 008,Central,720,64,1123.75,99,1,2026-05-24T00:00:00+07:00
INV-001924,SKU-0174,Grocery Item 0174,Grocery,WH008,Central Warehouse 008,Central,712,0,31.71,93,1,2026-05-24T00:00:00+07:00
INV-001925,SKU-0175,Fashion Item 0175,Fashion,WH008,Central Warehouse 008,Central,703,29,224.57,120,1,2026-05-24T00:00:00+07:00
INV-001926,SKU-0176,Industrial Item 0176,Industrial,WH008,Central Warehouse 008,Central,738,49,2224.19,104,1,2026-05-24T00:00:00+07:00
INV-001927,SKU-0177,Electronics Item 0177,Electronics,WH008,Central Warehouse 008,Central,216,9,1126.26,97,1,2026-05-24T00:00:00+07:00
INV-001928,SKU-0178,Home Item 0178,Home,WH008,Central Warehouse 008,Central,197,33,1288.90,38,1,2026-05-24T00:00:00+07:00
INV-001929,SKU-0179,Grocery Item 0179,Grocery,WH008,Central Warehouse 008,Central,164,33,1492.39,50,1,2026-05-24T00:00:00+07:00
INV-001930,SKU-0180,Fashion Item 0180,Fashion,WH008,Central Warehouse 008,Central,521,78,574.39,33,1,2026-05-24T00:00:00+07:00
INV-001931,SKU-0181,Industrial Item 0181,Industrial,WH008,Central Warehouse 008,Central,549,19,250.99,113,1,2026-05-24T00:00:00+07:00
INV-001932,SKU-0182,Electronics Item 0182,Electronics,WH008,Central Warehouse 008,Central,147,28,1061.72,102,1,2026-05-24T00:00:00+07:00
INV-001933,SKU-0183,Home Item 0183,Home,WH008,Central Warehouse 008,Central,155,0,1723.70,86,1,2026-05-24T00:00:00+07:00
INV-001934,SKU-0184,Grocery Item 0184,Grocery,WH008,Central Warehouse 008,Central,609,71,1782.64,112,1,2026-05-24T00:00:00+07:00
INV-001935,SKU-0185,Fashion Item 0185,Fashion,WH008,Central Warehouse 008,Central,591,36,33.19,78,1,2026-05-24T00:00:00+07:00
INV-001936,SKU-0186,Industrial Item 0186,Industrial,WH008,Central Warehouse 008,Central,119,26,716.46,37,1,2026-05-24T00:00:00+07:00
INV-001937,SKU-0187,Electronics Item 0187,Electronics,WH008,Central Warehouse 008,Central,586,72,348.96,26,1,2026-05-24T00:00:00+07:00
INV-001938,SKU-0188,Home Item 0188,Home,WH008,Central Warehouse 008,Central,303,44,914.39,46,1,2026-05-24T00:00:00+07:00
INV-001939,SKU-0189,Grocery Item 0189,Grocery,WH008,Central Warehouse 008,Central,301,27,696.66,77,1,2026-05-24T00:00:00+07:00
INV-001940,SKU-0190,Fashion Item 0190,Fashion,WH008,Central Warehouse 008,Central,508,38,1165.14,37,1,2026-05-24T00:00:00+07:00
INV-001941,SKU-0191,Industrial Item 0191,Industrial,WH008,Central Warehouse 008,Central,83,18,1852.92,50,1,2026-05-24T00:00:00+07:00
INV-001942,SKU-0192,Electronics Item 0192,Electronics,WH008,Central Warehouse 008,Central,722,49,1709.06,68,1,2026-05-24T00:00:00+07:00
INV-001943,SKU-0193,Home Item 0193,Home,WH008,Central Warehouse 008,Central,735,24,2030.66,28,1,2026-05-24T00:00:00+07:00
INV-001944,SKU-0194,Grocery Item 0194,Grocery,WH008,Central Warehouse 008,Central,155,6,165.42,53,1,2026-05-24T00:00:00+07:00
INV-001945,SKU-0195,Fashion Item 0195,Fashion,WH008,Central Warehouse 008,Central,744,14,683.78,45,1,2026-05-24T00:00:00+07:00
INV-001946,SKU-0196,Industrial Item 0196,Industrial,WH008,Central Warehouse 008,Central,756,60,1267.46,51,1,2026-05-24T00:00:00+07:00
INV-001947,SKU-0197,Electronics Item 0197,Electronics,WH008,Central Warehouse 008,Central,502,64,1508.33,79,1,2026-05-24T00:00:00+07:00
INV-001948,SKU-0198,Home Item 0198,Home,WH008,Central Warehouse 008,Central,783,29,1871.79,45,1,2026-05-24T00:00:00+07:00
INV-001949,SKU-0199,Grocery Item 0199,Grocery,WH008,Central Warehouse 008,Central,438,1,1342.12,44,1,2026-05-24T00:00:00+07:00
INV-001950,SKU-0200,Fashion Item 0200,Fashion,WH008,Central Warehouse 008,Central,382,63,179.51,64,1,2026-05-24T00:00:00+07:00
INV-001951,SKU-0201,Industrial Item 0201,Industrial,WH008,Central Warehouse 008,Central,195,48,1913.09,93,1,2026-05-24T00:00:00+07:00
INV-001952,SKU-0202,Electronics Item 0202,Electronics,WH008,Central Warehouse 008,Central,213,16,1873.45,67,1,2026-05-24T00:00:00+07:00
INV-001953,SKU-0203,Home Item 0203,Home,WH008,Central Warehouse 008,Central,767,55,222.53,39,1,2026-05-24T00:00:00+07:00
INV-001954,SKU-0204,Grocery Item 0204,Grocery,WH008,Central Warehouse 008,Central,677,75,2084.75,106,1,2026-05-24T00:00:00+07:00
INV-001955,SKU-0205,Fashion Item 0205,Fashion,WH008,Central Warehouse 008,Central,406,40,1395.31,115,1,2026-05-24T00:00:00+07:00
INV-001956,SKU-0206,Industrial Item 0206,Industrial,WH008,Central Warehouse 008,Central,474,77,763.38,75,1,2026-05-24T00:00:00+07:00
INV-001957,SKU-0207,Electronics Item 0207,Electronics,WH008,Central Warehouse 008,Central,463,66,1852.60,91,1,2026-05-24T00:00:00+07:00
INV-001958,SKU-0208,Home Item 0208,Home,WH008,Central Warehouse 008,Central,477,15,974.73,44,1,2026-05-24T00:00:00+07:00
INV-001959,SKU-0209,Grocery Item 0209,Grocery,WH008,Central Warehouse 008,Central,561,13,2118.86,83,1,2026-05-24T00:00:00+07:00
INV-001960,SKU-0210,Fashion Item 0210,Fashion,WH008,Central Warehouse 008,Central,335,67,645.06,36,1,2026-05-24T00:00:00+07:00
INV-001961,SKU-0211,Industrial Item 0211,Industrial,WH008,Central Warehouse 008,Central,487,76,837.27,116,1,2026-05-24T00:00:00+07:00
INV-001962,SKU-0212,Electronics Item 0212,Electronics,WH008,Central Warehouse 008,Central,213,47,1143.12,70,1,2026-05-24T00:00:00+07:00
INV-001963,SKU-0213,Home Item 0213,Home,WH008,Central Warehouse 008,Central,317,76,1632.10,93,1,2026-05-24T00:00:00+07:00
INV-001964,SKU-0214,Grocery Item 0214,Grocery,WH008,Central Warehouse 008,Central,637,67,1626.38,34,1,2026-05-24T00:00:00+07:00
INV-001965,SKU-0215,Fashion Item 0215,Fashion,WH008,Central Warehouse 008,Central,596,22,2282.92,30,1,2026-05-24T00:00:00+07:00
INV-001966,SKU-0216,Industrial Item 0216,Industrial,WH008,Central Warehouse 008,Central,87,12,1446.06,51,1,2026-05-24T00:00:00+07:00
INV-001967,SKU-0217,Electronics Item 0217,Electronics,WH008,Central Warehouse 008,Central,397,9,6.69,44,1,2026-05-24T00:00:00+07:00
INV-001968,SKU-0218,Home Item 0218,Home,WH008,Central Warehouse 008,Central,606,20,309.96,54,1,2026-05-24T00:00:00+07:00
INV-001969,SKU-0219,Grocery Item 0219,Grocery,WH008,Central Warehouse 008,Central,628,14,1728.96,50,1,2026-05-24T00:00:00+07:00
INV-001970,SKU-0220,Fashion Item 0220,Fashion,WH008,Central Warehouse 008,Central,114,17,103.54,50,1,2026-05-24T00:00:00+07:00
INV-001971,SKU-0221,Industrial Item 0221,Industrial,WH008,Central Warehouse 008,Central,689,77,1385.70,104,1,2026-05-24T00:00:00+07:00
INV-001972,SKU-0222,Electronics Item 0222,Electronics,WH008,Central Warehouse 008,Central,736,76,1604.07,40,1,2026-05-24T00:00:00+07:00
INV-001973,SKU-0223,Home Item 0223,Home,WH008,Central Warehouse 008,Central,601,63,780.02,77,1,2026-05-24T00:00:00+07:00
INV-001974,SKU-0224,Grocery Item 0224,Grocery,WH008,Central Warehouse 008,Central,175,21,294.01,40,1,2026-05-24T00:00:00+07:00
INV-001975,SKU-0225,Fashion Item 0225,Fashion,WH008,Central Warehouse 008,Central,727,29,1915.15,69,1,2026-05-24T00:00:00+07:00
INV-001976,SKU-0226,Industrial Item 0226,Industrial,WH008,Central Warehouse 008,Central,256,12,332.54,92,1,2026-05-24T00:00:00+07:00
INV-001977,SKU-0227,Electronics Item 0227,Electronics,WH008,Central Warehouse 008,Central,780,2,284.09,28,1,2026-05-24T00:00:00+07:00
INV-001978,SKU-0228,Home Item 0228,Home,WH008,Central Warehouse 008,Central,560,74,100.29,98,1,2026-05-24T00:00:00+07:00
INV-001979,SKU-0229,Grocery Item 0229,Grocery,WH008,Central Warehouse 008,Central,519,78,2338.48,109,1,2026-05-24T00:00:00+07:00
INV-001980,SKU-0230,Fashion Item 0230,Fashion,WH008,Central Warehouse 008,Central,204,50,566.98,111,1,2026-05-24T00:00:00+07:00
INV-001981,SKU-0231,Industrial Item 0231,Industrial,WH008,Central Warehouse 008,Central,104,17,454.27,119,1,2026-05-24T00:00:00+07:00
INV-001982,SKU-0232,Electronics Item 0232,Electronics,WH008,Central Warehouse 008,Central,766,54,523.84,105,1,2026-05-24T00:00:00+07:00
INV-001983,SKU-0233,Home Item 0233,Home,WH008,Central Warehouse 008,Central,696,50,417.09,37,1,2026-05-24T00:00:00+07:00
INV-001984,SKU-0234,Grocery Item 0234,Grocery,WH008,Central Warehouse 008,Central,131,7,811.46,37,1,2026-05-24T00:00:00+07:00
INV-001985,SKU-0235,Fashion Item 0235,Fashion,WH008,Central Warehouse 008,Central,118,29,1651.59,89,1,2026-05-24T00:00:00+07:00
INV-001986,SKU-0236,Industrial Item 0236,Industrial,WH008,Central Warehouse 008,Central,85,14,858.28,34,1,2026-05-24T00:00:00+07:00
INV-001987,SKU-0237,Electronics Item 0237,Electronics,WH008,Central Warehouse 008,Central,396,30,1128.23,59,1,2026-05-24T00:00:00+07:00
INV-001988,SKU-0238,Home Item 0238,Home,WH008,Central Warehouse 008,Central,680,43,775.33,93,1,2026-05-24T00:00:00+07:00
INV-001989,SKU-0239,Grocery Item 0239,Grocery,WH008,Central Warehouse 008,Central,97,12,1765.31,116,1,2026-05-24T00:00:00+07:00
INV-001990,SKU-0240,Fashion Item 0240,Fashion,WH008,Central Warehouse 008,Central,247,5,2296.33,64,1,2026-05-24T00:00:00+07:00
INV-001991,SKU-0241,Industrial Item 0241,Industrial,WH008,Central Warehouse 008,Central,592,55,2227.71,45,1,2026-05-24T00:00:00+07:00
INV-001992,SKU-0242,Electronics Item 0242,Electronics,WH008,Central Warehouse 008,Central,107,11,283.53,75,1,2026-05-24T00:00:00+07:00
INV-001993,SKU-0243,Home Item 0243,Home,WH008,Central Warehouse 008,Central,774,63,2463.57,92,1,2026-05-24T00:00:00+07:00
INV-001994,SKU-0244,Grocery Item 0244,Grocery,WH008,Central Warehouse 008,Central,781,63,2158.68,34,1,2026-05-24T00:00:00+07:00
INV-001995,SKU-0245,Fashion Item 0245,Fashion,WH008,Central Warehouse 008,Central,700,54,826.39,59,1,2026-05-24T00:00:00+07:00
INV-001996,SKU-0246,Industrial Item 0246,Industrial,WH008,Central Warehouse 008,Central,634,64,1399.33,48,1,2026-05-24T00:00:00+07:00
INV-001997,SKU-0247,Electronics Item 0247,Electronics,WH008,Central Warehouse 008,Central,392,75,1429.65,77,1,2026-05-24T00:00:00+07:00
INV-001998,SKU-0248,Home Item 0248,Home,WH008,Central Warehouse 008,Central,677,76,1783.38,119,1,2026-05-24T00:00:00+07:00
INV-001999,SKU-0249,Grocery Item 0249,Grocery,WH008,Central Warehouse 008,Central,124,21,2357.28,59,1,2026-05-24T00:00:00+07:00
INV-002000,SKU-0250,Fashion Item 0250,Fashion,WH008,Central Warehouse 008,Central,625,71,1438.19,37,1,2026-05-24T00:00:00+07:00
INV-002001,SKU-0001,Electronics Item 0001,Electronics,WH009,Central Warehouse 009,Central,636,5,1864.34,60,1,2026-05-24T00:00:00+07:00
INV-002002,SKU-0002,Home Item 0002,Home,WH009,Central Warehouse 009,Central,556,36,483.65,70,1,2026-05-24T00:00:00+07:00
INV-002003,SKU-0003,Grocery Item 0003,Grocery,WH009,Central Warehouse 009,Central,634,43,1130.94,75,1,2026-05-24T00:00:00+07:00
INV-002004,SKU-0004,Fashion Item 0004,Fashion,WH009,Central Warehouse 009,Central,103,6,1723.50,26,1,2026-05-24T00:00:00+07:00
INV-002005,SKU-0005,Industrial Item 0005,Industrial,WH009,Central Warehouse 009,Central,598,15,920.81,43,1,2026-05-24T00:00:00+07:00
INV-002006,SKU-0006,Electronics Item 0006,Electronics,WH009,Central Warehouse 009,Central,203,23,1362.60,34,1,2026-05-24T00:00:00+07:00
INV-002007,SKU-0007,Home Item 0007,Home,WH009,Central Warehouse 009,Central,622,0,1244.15,38,1,2026-05-24T00:00:00+07:00
INV-002008,SKU-0008,Grocery Item 0008,Grocery,WH009,Central Warehouse 009,Central,136,10,1561.67,82,1,2026-05-24T00:00:00+07:00
INV-002009,SKU-0009,Fashion Item 0009,Fashion,WH009,Central Warehouse 009,Central,226,8,2055.51,90,1,2026-05-24T00:00:00+07:00
INV-002010,SKU-0010,Industrial Item 0010,Industrial,WH009,Central Warehouse 009,Central,772,32,940.57,120,1,2026-05-24T00:00:00+07:00
INV-002011,SKU-0011,Electronics Item 0011,Electronics,WH009,Central Warehouse 009,Central,290,44,724.48,67,1,2026-05-24T00:00:00+07:00
INV-002012,SKU-0012,Home Item 0012,Home,WH009,Central Warehouse 009,Central,268,54,252.02,63,1,2026-05-24T00:00:00+07:00
INV-002013,SKU-0013,Grocery Item 0013,Grocery,WH009,Central Warehouse 009,Central,479,45,805.36,59,1,2026-05-24T00:00:00+07:00
INV-002014,SKU-0014,Fashion Item 0014,Fashion,WH009,Central Warehouse 009,Central,592,69,73.10,98,1,2026-05-24T00:00:00+07:00
INV-002015,SKU-0015,Industrial Item 0015,Industrial,WH009,Central Warehouse 009,Central,471,48,1517.60,27,1,2026-05-24T00:00:00+07:00
INV-002016,SKU-0016,Electronics Item 0016,Electronics,WH009,Central Warehouse 009,Central,595,79,199.20,57,1,2026-05-24T00:00:00+07:00
INV-002017,SKU-0017,Home Item 0017,Home,WH009,Central Warehouse 009,Central,368,17,604.35,107,1,2026-05-24T00:00:00+07:00
INV-002018,SKU-0018,Grocery Item 0018,Grocery,WH009,Central Warehouse 009,Central,494,21,1596.02,48,1,2026-05-24T00:00:00+07:00
INV-002019,SKU-0019,Fashion Item 0019,Fashion,WH009,Central Warehouse 009,Central,465,43,1009.70,94,1,2026-05-24T00:00:00+07:00
INV-002020,SKU-0020,Industrial Item 0020,Industrial,WH009,Central Warehouse 009,Central,104,8,2303.82,44,1,2026-05-24T00:00:00+07:00
INV-002021,SKU-0021,Electronics Item 0021,Electronics,WH009,Central Warehouse 009,Central,354,18,1317.92,115,1,2026-05-24T00:00:00+07:00
INV-002022,SKU-0022,Home Item 0022,Home,WH009,Central Warehouse 009,Central,452,36,1787.81,112,1,2026-05-24T00:00:00+07:00
INV-002023,SKU-0023,Grocery Item 0023,Grocery,WH009,Central Warehouse 009,Central,378,11,1146.10,76,1,2026-05-24T00:00:00+07:00
INV-002024,SKU-0024,Fashion Item 0024,Fashion,WH009,Central Warehouse 009,Central,656,66,1870.82,110,1,2026-05-24T00:00:00+07:00
INV-002025,SKU-0025,Industrial Item 0025,Industrial,WH009,Central Warehouse 009,Central,540,78,1579.17,50,1,2026-05-24T00:00:00+07:00
INV-002026,SKU-0026,Electronics Item 0026,Electronics,WH009,Central Warehouse 009,Central,572,3,672.03,62,1,2026-05-24T00:00:00+07:00
INV-002027,SKU-0027,Home Item 0027,Home,WH009,Central Warehouse 009,Central,155,5,734.65,102,1,2026-05-24T00:00:00+07:00
INV-002028,SKU-0028,Grocery Item 0028,Grocery,WH009,Central Warehouse 009,Central,203,8,2229.70,118,1,2026-05-24T00:00:00+07:00
INV-002029,SKU-0029,Fashion Item 0029,Fashion,WH009,Central Warehouse 009,Central,400,1,599.13,83,1,2026-05-24T00:00:00+07:00
INV-002030,SKU-0030,Industrial Item 0030,Industrial,WH009,Central Warehouse 009,Central,512,71,1134.60,34,1,2026-05-24T00:00:00+07:00
INV-002031,SKU-0031,Electronics Item 0031,Electronics,WH009,Central Warehouse 009,Central,205,3,1017.84,70,1,2026-05-24T00:00:00+07:00
INV-002032,SKU-0032,Home Item 0032,Home,WH009,Central Warehouse 009,Central,558,40,1598.75,103,1,2026-05-24T00:00:00+07:00
INV-002033,SKU-0033,Grocery Item 0033,Grocery,WH009,Central Warehouse 009,Central,689,64,1043.10,85,1,2026-05-24T00:00:00+07:00
INV-002034,SKU-0034,Fashion Item 0034,Fashion,WH009,Central Warehouse 009,Central,715,4,1491.67,50,1,2026-05-24T00:00:00+07:00
INV-002035,SKU-0035,Industrial Item 0035,Industrial,WH009,Central Warehouse 009,Central,639,76,627.13,35,1,2026-05-24T00:00:00+07:00
INV-002036,SKU-0036,Electronics Item 0036,Electronics,WH009,Central Warehouse 009,Central,123,21,1117.44,78,1,2026-05-24T00:00:00+07:00
INV-002037,SKU-0037,Home Item 0037,Home,WH009,Central Warehouse 009,Central,450,24,1158.52,37,1,2026-05-24T00:00:00+07:00
INV-002038,SKU-0038,Grocery Item 0038,Grocery,WH009,Central Warehouse 009,Central,379,53,1946.75,104,1,2026-05-24T00:00:00+07:00
INV-002039,SKU-0039,Fashion Item 0039,Fashion,WH009,Central Warehouse 009,Central,364,58,467.19,73,1,2026-05-24T00:00:00+07:00
INV-002040,SKU-0040,Industrial Item 0040,Industrial,WH009,Central Warehouse 009,Central,177,19,1858.14,70,1,2026-05-24T00:00:00+07:00
INV-002041,SKU-0041,Electronics Item 0041,Electronics,WH009,Central Warehouse 009,Central,395,21,397.34,118,1,2026-05-24T00:00:00+07:00
INV-002042,SKU-0042,Home Item 0042,Home,WH009,Central Warehouse 009,Central,282,59,1999.32,84,1,2026-05-24T00:00:00+07:00
INV-002043,SKU-0043,Grocery Item 0043,Grocery,WH009,Central Warehouse 009,Central,681,43,477.32,114,1,2026-05-24T00:00:00+07:00
INV-002044,SKU-0044,Fashion Item 0044,Fashion,WH009,Central Warehouse 009,Central,156,32,1206.42,33,1,2026-05-24T00:00:00+07:00
INV-002045,SKU-0045,Industrial Item 0045,Industrial,WH009,Central Warehouse 009,Central,112,17,2061.80,102,1,2026-05-24T00:00:00+07:00
INV-002046,SKU-0046,Electronics Item 0046,Electronics,WH009,Central Warehouse 009,Central,140,13,1869.94,118,1,2026-05-24T00:00:00+07:00
INV-002047,SKU-0047,Home Item 0047,Home,WH009,Central Warehouse 009,Central,539,34,1327.21,89,1,2026-05-24T00:00:00+07:00
INV-002048,SKU-0048,Grocery Item 0048,Grocery,WH009,Central Warehouse 009,Central,107,26,947.50,59,1,2026-05-24T00:00:00+07:00
INV-002049,SKU-0049,Fashion Item 0049,Fashion,WH009,Central Warehouse 009,Central,692,35,1571.23,53,1,2026-05-24T00:00:00+07:00
INV-002050,SKU-0050,Industrial Item 0050,Industrial,WH009,Central Warehouse 009,Central,706,5,1875.49,76,1,2026-05-24T00:00:00+07:00
INV-002051,SKU-0051,Electronics Item 0051,Electronics,WH009,Central Warehouse 009,Central,356,78,2107.80,79,1,2026-05-24T00:00:00+07:00
INV-002052,SKU-0052,Home Item 0052,Home,WH009,Central Warehouse 009,Central,799,38,974.62,29,1,2026-05-24T00:00:00+07:00
INV-002053,SKU-0053,Grocery Item 0053,Grocery,WH009,Central Warehouse 009,Central,406,4,897.57,65,1,2026-05-24T00:00:00+07:00
INV-002054,SKU-0054,Fashion Item 0054,Fashion,WH009,Central Warehouse 009,Central,291,4,2241.22,70,1,2026-05-24T00:00:00+07:00
INV-002055,SKU-0055,Industrial Item 0055,Industrial,WH009,Central Warehouse 009,Central,552,65,28.15,74,1,2026-05-24T00:00:00+07:00
INV-002056,SKU-0056,Electronics Item 0056,Electronics,WH009,Central Warehouse 009,Central,785,58,948.81,93,1,2026-05-24T00:00:00+07:00
INV-002057,SKU-0057,Home Item 0057,Home,WH009,Central Warehouse 009,Central,125,0,577.05,55,1,2026-05-24T00:00:00+07:00
INV-002058,SKU-0058,Grocery Item 0058,Grocery,WH009,Central Warehouse 009,Central,414,77,537.99,33,1,2026-05-24T00:00:00+07:00
INV-002059,SKU-0059,Fashion Item 0059,Fashion,WH009,Central Warehouse 009,Central,138,32,962.64,106,1,2026-05-24T00:00:00+07:00
INV-002060,SKU-0060,Industrial Item 0060,Industrial,WH009,Central Warehouse 009,Central,582,70,1355.91,48,1,2026-05-24T00:00:00+07:00
INV-002061,SKU-0061,Electronics Item 0061,Electronics,WH009,Central Warehouse 009,Central,527,44,1240.99,109,1,2026-05-24T00:00:00+07:00
INV-002062,SKU-0062,Home Item 0062,Home,WH009,Central Warehouse 009,Central,182,36,1741.26,70,1,2026-05-24T00:00:00+07:00
INV-002063,SKU-0063,Grocery Item 0063,Grocery,WH009,Central Warehouse 009,Central,570,77,2040.17,40,1,2026-05-24T00:00:00+07:00
INV-002064,SKU-0064,Fashion Item 0064,Fashion,WH009,Central Warehouse 009,Central,554,58,79.38,108,1,2026-05-24T00:00:00+07:00
INV-002065,SKU-0065,Industrial Item 0065,Industrial,WH009,Central Warehouse 009,Central,217,39,2127.96,53,1,2026-05-24T00:00:00+07:00
INV-002066,SKU-0066,Electronics Item 0066,Electronics,WH009,Central Warehouse 009,Central,229,37,1423.02,70,1,2026-05-24T00:00:00+07:00
INV-002067,SKU-0067,Home Item 0067,Home,WH009,Central Warehouse 009,Central,124,21,1570.25,52,1,2026-05-24T00:00:00+07:00
INV-002068,SKU-0068,Grocery Item 0068,Grocery,WH009,Central Warehouse 009,Central,361,38,741.43,44,1,2026-05-24T00:00:00+07:00
INV-002069,SKU-0069,Fashion Item 0069,Fashion,WH009,Central Warehouse 009,Central,410,38,1784.85,115,1,2026-05-24T00:00:00+07:00
INV-002070,SKU-0070,Industrial Item 0070,Industrial,WH009,Central Warehouse 009,Central,242,36,1630.80,59,1,2026-05-24T00:00:00+07:00
INV-002071,SKU-0071,Electronics Item 0071,Electronics,WH009,Central Warehouse 009,Central,739,32,1451.61,83,1,2026-05-24T00:00:00+07:00
INV-002072,SKU-0072,Home Item 0072,Home,WH009,Central Warehouse 009,Central,715,78,639.27,26,1,2026-05-24T00:00:00+07:00
INV-002073,SKU-0073,Grocery Item 0073,Grocery,WH009,Central Warehouse 009,Central,281,47,1591.92,97,1,2026-05-24T00:00:00+07:00
INV-002074,SKU-0074,Fashion Item 0074,Fashion,WH009,Central Warehouse 009,Central,130,9,1636.08,91,1,2026-05-24T00:00:00+07:00
INV-002075,SKU-0075,Industrial Item 0075,Industrial,WH009,Central Warehouse 009,Central,663,26,1778.16,25,1,2026-05-24T00:00:00+07:00
INV-002076,SKU-0076,Electronics Item 0076,Electronics,WH009,Central Warehouse 009,Central,636,8,2303.81,107,1,2026-05-24T00:00:00+07:00
INV-002077,SKU-0077,Home Item 0077,Home,WH009,Central Warehouse 009,Central,640,43,972.96,105,1,2026-05-24T00:00:00+07:00
INV-002078,SKU-0078,Grocery Item 0078,Grocery,WH009,Central Warehouse 009,Central,795,62,978.65,40,1,2026-05-24T00:00:00+07:00
INV-002079,SKU-0079,Fashion Item 0079,Fashion,WH009,Central Warehouse 009,Central,512,55,1088.20,59,1,2026-05-24T00:00:00+07:00
INV-002080,SKU-0080,Industrial Item 0080,Industrial,WH009,Central Warehouse 009,Central,202,13,1501.58,112,1,2026-05-24T00:00:00+07:00
INV-002081,SKU-0081,Electronics Item 0081,Electronics,WH009,Central Warehouse 009,Central,366,56,857.57,89,1,2026-05-24T00:00:00+07:00
INV-002082,SKU-0082,Home Item 0082,Home,WH009,Central Warehouse 009,Central,592,7,1526.88,79,1,2026-05-24T00:00:00+07:00
INV-002083,SKU-0083,Grocery Item 0083,Grocery,WH009,Central Warehouse 009,Central,290,8,527.38,69,1,2026-05-24T00:00:00+07:00
INV-002084,SKU-0084,Fashion Item 0084,Fashion,WH009,Central Warehouse 009,Central,470,10,32.82,34,1,2026-05-24T00:00:00+07:00
INV-002085,SKU-0085,Industrial Item 0085,Industrial,WH009,Central Warehouse 009,Central,660,33,2126.24,36,1,2026-05-24T00:00:00+07:00
INV-002086,SKU-0086,Electronics Item 0086,Electronics,WH009,Central Warehouse 009,Central,125,13,472.39,40,1,2026-05-24T00:00:00+07:00
INV-002087,SKU-0087,Home Item 0087,Home,WH009,Central Warehouse 009,Central,667,13,1884.36,59,1,2026-05-24T00:00:00+07:00
INV-002088,SKU-0088,Grocery Item 0088,Grocery,WH009,Central Warehouse 009,Central,313,24,2151.00,72,1,2026-05-24T00:00:00+07:00
INV-002089,SKU-0089,Fashion Item 0089,Fashion,WH009,Central Warehouse 009,Central,335,5,252.64,41,1,2026-05-24T00:00:00+07:00
INV-002090,SKU-0090,Industrial Item 0090,Industrial,WH009,Central Warehouse 009,Central,693,32,1626.35,42,1,2026-05-24T00:00:00+07:00
INV-002091,SKU-0091,Electronics Item 0091,Electronics,WH009,Central Warehouse 009,Central,794,11,2392.88,64,1,2026-05-24T00:00:00+07:00
INV-002092,SKU-0092,Home Item 0092,Home,WH009,Central Warehouse 009,Central,393,2,2310.18,62,1,2026-05-24T00:00:00+07:00
INV-002093,SKU-0093,Grocery Item 0093,Grocery,WH009,Central Warehouse 009,Central,616,35,2478.08,115,1,2026-05-24T00:00:00+07:00
INV-002094,SKU-0094,Fashion Item 0094,Fashion,WH009,Central Warehouse 009,Central,127,22,521.17,79,1,2026-05-24T00:00:00+07:00
INV-002095,SKU-0095,Industrial Item 0095,Industrial,WH009,Central Warehouse 009,Central,231,52,1410.11,75,1,2026-05-24T00:00:00+07:00
INV-002096,SKU-0096,Electronics Item 0096,Electronics,WH009,Central Warehouse 009,Central,763,46,772.59,58,1,2026-05-24T00:00:00+07:00
INV-002097,SKU-0097,Home Item 0097,Home,WH009,Central Warehouse 009,Central,361,63,1049.33,106,1,2026-05-24T00:00:00+07:00
INV-002098,SKU-0098,Grocery Item 0098,Grocery,WH009,Central Warehouse 009,Central,118,7,793.86,109,1,2026-05-24T00:00:00+07:00
INV-002099,SKU-0099,Fashion Item 0099,Fashion,WH009,Central Warehouse 009,Central,252,39,967.94,112,1,2026-05-24T00:00:00+07:00
INV-002100,SKU-0100,Industrial Item 0100,Industrial,WH009,Central Warehouse 009,Central,116,5,728.94,49,1,2026-05-24T00:00:00+07:00
INV-002101,SKU-0101,Electronics Item 0101,Electronics,WH009,Central Warehouse 009,Central,592,39,1245.40,27,1,2026-05-24T00:00:00+07:00
INV-002102,SKU-0102,Home Item 0102,Home,WH009,Central Warehouse 009,Central,378,73,1111.98,30,1,2026-05-24T00:00:00+07:00
INV-002103,SKU-0103,Grocery Item 0103,Grocery,WH009,Central Warehouse 009,Central,581,56,347.19,76,1,2026-05-24T00:00:00+07:00
INV-002104,SKU-0104,Fashion Item 0104,Fashion,WH009,Central Warehouse 009,Central,92,17,1910.39,35,1,2026-05-24T00:00:00+07:00
INV-002105,SKU-0105,Industrial Item 0105,Industrial,WH009,Central Warehouse 009,Central,128,3,2128.30,75,1,2026-05-24T00:00:00+07:00
INV-002106,SKU-0106,Electronics Item 0106,Electronics,WH009,Central Warehouse 009,Central,355,41,1909.04,80,1,2026-05-24T00:00:00+07:00
INV-002107,SKU-0107,Home Item 0107,Home,WH009,Central Warehouse 009,Central,388,80,1158.73,87,1,2026-05-24T00:00:00+07:00
INV-002108,SKU-0108,Grocery Item 0108,Grocery,WH009,Central Warehouse 009,Central,758,46,793.93,73,1,2026-05-24T00:00:00+07:00
INV-002109,SKU-0109,Fashion Item 0109,Fashion,WH009,Central Warehouse 009,Central,445,44,33.93,84,1,2026-05-24T00:00:00+07:00
INV-002110,SKU-0110,Industrial Item 0110,Industrial,WH009,Central Warehouse 009,Central,788,59,1276.06,62,1,2026-05-24T00:00:00+07:00
INV-002111,SKU-0111,Electronics Item 0111,Electronics,WH009,Central Warehouse 009,Central,86,18,1306.36,78,1,2026-05-24T00:00:00+07:00
INV-002112,SKU-0112,Home Item 0112,Home,WH009,Central Warehouse 009,Central,223,35,927.41,44,1,2026-05-24T00:00:00+07:00
INV-002113,SKU-0113,Grocery Item 0113,Grocery,WH009,Central Warehouse 009,Central,355,68,850.34,115,1,2026-05-24T00:00:00+07:00
INV-002114,SKU-0114,Fashion Item 0114,Fashion,WH009,Central Warehouse 009,Central,610,35,1317.00,91,1,2026-05-24T00:00:00+07:00
INV-002115,SKU-0115,Industrial Item 0115,Industrial,WH009,Central Warehouse 009,Central,231,15,1239.43,111,1,2026-05-24T00:00:00+07:00
INV-002116,SKU-0116,Electronics Item 0116,Electronics,WH009,Central Warehouse 009,Central,514,66,974.72,36,1,2026-05-24T00:00:00+07:00
INV-002117,SKU-0117,Home Item 0117,Home,WH009,Central Warehouse 009,Central,559,32,2418.53,91,1,2026-05-24T00:00:00+07:00
INV-002118,SKU-0118,Grocery Item 0118,Grocery,WH009,Central Warehouse 009,Central,554,49,875.50,100,1,2026-05-24T00:00:00+07:00
INV-002119,SKU-0119,Fashion Item 0119,Fashion,WH009,Central Warehouse 009,Central,467,68,1821.03,112,1,2026-05-24T00:00:00+07:00
INV-002120,SKU-0120,Industrial Item 0120,Industrial,WH009,Central Warehouse 009,Central,518,4,2255.87,89,1,2026-05-24T00:00:00+07:00
INV-002121,SKU-0121,Electronics Item 0121,Electronics,WH009,Central Warehouse 009,Central,570,13,448.81,92,1,2026-05-24T00:00:00+07:00
INV-002122,SKU-0122,Home Item 0122,Home,WH009,Central Warehouse 009,Central,344,32,944.90,103,1,2026-05-24T00:00:00+07:00
INV-002123,SKU-0123,Grocery Item 0123,Grocery,WH009,Central Warehouse 009,Central,312,57,1801.14,32,1,2026-05-24T00:00:00+07:00
INV-002124,SKU-0124,Fashion Item 0124,Fashion,WH009,Central Warehouse 009,Central,677,20,86.19,37,1,2026-05-24T00:00:00+07:00
INV-002125,SKU-0125,Industrial Item 0125,Industrial,WH009,Central Warehouse 009,Central,365,80,1148.91,30,1,2026-05-24T00:00:00+07:00
INV-002126,SKU-0126,Electronics Item 0126,Electronics,WH009,Central Warehouse 009,Central,180,5,632.52,80,1,2026-05-24T00:00:00+07:00
INV-002127,SKU-0127,Home Item 0127,Home,WH009,Central Warehouse 009,Central,573,27,1938.94,73,1,2026-05-24T00:00:00+07:00
INV-002128,SKU-0128,Grocery Item 0128,Grocery,WH009,Central Warehouse 009,Central,765,64,331.31,98,1,2026-05-24T00:00:00+07:00
INV-002129,SKU-0129,Fashion Item 0129,Fashion,WH009,Central Warehouse 009,Central,746,35,955.39,66,1,2026-05-24T00:00:00+07:00
INV-002130,SKU-0130,Industrial Item 0130,Industrial,WH009,Central Warehouse 009,Central,100,4,1971.91,40,1,2026-05-24T00:00:00+07:00
INV-002131,SKU-0131,Electronics Item 0131,Electronics,WH009,Central Warehouse 009,Central,578,21,288.46,46,1,2026-05-24T00:00:00+07:00
INV-002132,SKU-0132,Home Item 0132,Home,WH009,Central Warehouse 009,Central,243,59,1068.97,76,1,2026-05-24T00:00:00+07:00
INV-002133,SKU-0133,Grocery Item 0133,Grocery,WH009,Central Warehouse 009,Central,688,34,690.23,72,1,2026-05-24T00:00:00+07:00
INV-002134,SKU-0134,Fashion Item 0134,Fashion,WH009,Central Warehouse 009,Central,323,58,2136.28,57,1,2026-05-24T00:00:00+07:00
INV-002135,SKU-0135,Industrial Item 0135,Industrial,WH009,Central Warehouse 009,Central,366,60,1406.20,101,1,2026-05-24T00:00:00+07:00
INV-002136,SKU-0136,Electronics Item 0136,Electronics,WH009,Central Warehouse 009,Central,165,2,767.01,87,1,2026-05-24T00:00:00+07:00
INV-002137,SKU-0137,Home Item 0137,Home,WH009,Central Warehouse 009,Central,477,56,555.13,117,1,2026-05-24T00:00:00+07:00
INV-002138,SKU-0138,Grocery Item 0138,Grocery,WH009,Central Warehouse 009,Central,348,48,1336.19,44,1,2026-05-24T00:00:00+07:00
INV-002139,SKU-0139,Fashion Item 0139,Fashion,WH009,Central Warehouse 009,Central,418,44,2121.12,111,1,2026-05-24T00:00:00+07:00
INV-002140,SKU-0140,Industrial Item 0140,Industrial,WH009,Central Warehouse 009,Central,470,36,1659.20,44,1,2026-05-24T00:00:00+07:00
INV-002141,SKU-0141,Electronics Item 0141,Electronics,WH009,Central Warehouse 009,Central,227,34,1449.61,51,1,2026-05-24T00:00:00+07:00
INV-002142,SKU-0142,Home Item 0142,Home,WH009,Central Warehouse 009,Central,211,47,1400.83,47,1,2026-05-24T00:00:00+07:00
INV-002143,SKU-0143,Grocery Item 0143,Grocery,WH009,Central Warehouse 009,Central,226,41,1710.42,65,1,2026-05-24T00:00:00+07:00
INV-002144,SKU-0144,Fashion Item 0144,Fashion,WH009,Central Warehouse 009,Central,438,52,1412.83,84,1,2026-05-24T00:00:00+07:00
INV-002145,SKU-0145,Industrial Item 0145,Industrial,WH009,Central Warehouse 009,Central,510,76,46.68,67,1,2026-05-24T00:00:00+07:00
INV-002146,SKU-0146,Electronics Item 0146,Electronics,WH009,Central Warehouse 009,Central,445,71,2219.28,55,1,2026-05-24T00:00:00+07:00
INV-002147,SKU-0147,Home Item 0147,Home,WH009,Central Warehouse 009,Central,168,41,1810.85,112,1,2026-05-24T00:00:00+07:00
INV-002148,SKU-0148,Grocery Item 0148,Grocery,WH009,Central Warehouse 009,Central,391,27,423.42,38,1,2026-05-24T00:00:00+07:00
INV-002149,SKU-0149,Fashion Item 0149,Fashion,WH009,Central Warehouse 009,Central,302,57,2406.80,115,1,2026-05-24T00:00:00+07:00
INV-002150,SKU-0150,Industrial Item 0150,Industrial,WH009,Central Warehouse 009,Central,263,54,1021.67,28,1,2026-05-24T00:00:00+07:00
INV-002151,SKU-0151,Electronics Item 0151,Electronics,WH009,Central Warehouse 009,Central,181,22,2351.31,84,1,2026-05-24T00:00:00+07:00
INV-002152,SKU-0152,Home Item 0152,Home,WH009,Central Warehouse 009,Central,498,59,1909.13,75,1,2026-05-24T00:00:00+07:00
INV-002153,SKU-0153,Grocery Item 0153,Grocery,WH009,Central Warehouse 009,Central,716,20,2113.02,59,1,2026-05-24T00:00:00+07:00
INV-002154,SKU-0154,Fashion Item 0154,Fashion,WH009,Central Warehouse 009,Central,617,62,224.27,77,1,2026-05-24T00:00:00+07:00
INV-002155,SKU-0155,Industrial Item 0155,Industrial,WH009,Central Warehouse 009,Central,515,6,2318.73,101,1,2026-05-24T00:00:00+07:00
INV-002156,SKU-0156,Electronics Item 0156,Electronics,WH009,Central Warehouse 009,Central,263,37,1353.77,91,1,2026-05-24T00:00:00+07:00
INV-002157,SKU-0157,Home Item 0157,Home,WH009,Central Warehouse 009,Central,633,11,1419.84,53,1,2026-05-24T00:00:00+07:00
INV-002158,SKU-0158,Grocery Item 0158,Grocery,WH009,Central Warehouse 009,Central,700,68,1853.95,67,1,2026-05-24T00:00:00+07:00
INV-002159,SKU-0159,Fashion Item 0159,Fashion,WH009,Central Warehouse 009,Central,251,55,1569.53,27,1,2026-05-24T00:00:00+07:00
INV-002160,SKU-0160,Industrial Item 0160,Industrial,WH009,Central Warehouse 009,Central,700,66,1582.46,98,1,2026-05-24T00:00:00+07:00
INV-002161,SKU-0161,Electronics Item 0161,Electronics,WH009,Central Warehouse 009,Central,511,61,1966.57,68,1,2026-05-24T00:00:00+07:00
INV-002162,SKU-0162,Home Item 0162,Home,WH009,Central Warehouse 009,Central,708,60,547.85,58,1,2026-05-24T00:00:00+07:00
INV-002163,SKU-0163,Grocery Item 0163,Grocery,WH009,Central Warehouse 009,Central,552,20,1649.23,88,1,2026-05-24T00:00:00+07:00
INV-002164,SKU-0164,Fashion Item 0164,Fashion,WH009,Central Warehouse 009,Central,210,27,553.44,112,1,2026-05-24T00:00:00+07:00
INV-002165,SKU-0165,Industrial Item 0165,Industrial,WH009,Central Warehouse 009,Central,666,54,1084.15,75,1,2026-05-24T00:00:00+07:00
INV-002166,SKU-0166,Electronics Item 0166,Electronics,WH009,Central Warehouse 009,Central,343,70,828.16,75,1,2026-05-24T00:00:00+07:00
INV-002167,SKU-0167,Home Item 0167,Home,WH009,Central Warehouse 009,Central,573,12,1360.12,53,1,2026-05-24T00:00:00+07:00
INV-002168,SKU-0168,Grocery Item 0168,Grocery,WH009,Central Warehouse 009,Central,184,2,1340.74,93,1,2026-05-24T00:00:00+07:00
INV-002169,SKU-0169,Fashion Item 0169,Fashion,WH009,Central Warehouse 009,Central,329,28,124.31,73,1,2026-05-24T00:00:00+07:00
INV-002170,SKU-0170,Industrial Item 0170,Industrial,WH009,Central Warehouse 009,Central,130,16,2054.65,39,1,2026-05-24T00:00:00+07:00
INV-002171,SKU-0171,Electronics Item 0171,Electronics,WH009,Central Warehouse 009,Central,344,27,158.62,37,1,2026-05-24T00:00:00+07:00
INV-002172,SKU-0172,Home Item 0172,Home,WH009,Central Warehouse 009,Central,289,56,1928.01,92,1,2026-05-24T00:00:00+07:00
INV-002173,SKU-0173,Grocery Item 0173,Grocery,WH009,Central Warehouse 009,Central,330,58,498.67,105,1,2026-05-24T00:00:00+07:00
INV-002174,SKU-0174,Fashion Item 0174,Fashion,WH009,Central Warehouse 009,Central,163,8,755.84,118,1,2026-05-24T00:00:00+07:00
INV-002175,SKU-0175,Industrial Item 0175,Industrial,WH009,Central Warehouse 009,Central,246,14,512.52,58,1,2026-05-24T00:00:00+07:00
INV-002176,SKU-0176,Electronics Item 0176,Electronics,WH009,Central Warehouse 009,Central,513,70,200.86,43,1,2026-05-24T00:00:00+07:00
INV-002177,SKU-0177,Home Item 0177,Home,WH009,Central Warehouse 009,Central,639,22,1626.74,30,1,2026-05-24T00:00:00+07:00
INV-002178,SKU-0178,Grocery Item 0178,Grocery,WH009,Central Warehouse 009,Central,691,65,1914.75,109,1,2026-05-24T00:00:00+07:00
INV-002179,SKU-0179,Fashion Item 0179,Fashion,WH009,Central Warehouse 009,Central,565,32,595.80,94,1,2026-05-24T00:00:00+07:00
INV-002180,SKU-0180,Industrial Item 0180,Industrial,WH009,Central Warehouse 009,Central,733,14,2006.25,49,1,2026-05-24T00:00:00+07:00
INV-002181,SKU-0181,Electronics Item 0181,Electronics,WH009,Central Warehouse 009,Central,632,13,2250.74,113,1,2026-05-24T00:00:00+07:00
INV-002182,SKU-0182,Home Item 0182,Home,WH009,Central Warehouse 009,Central,462,59,417.32,58,1,2026-05-24T00:00:00+07:00
INV-002183,SKU-0183,Grocery Item 0183,Grocery,WH009,Central Warehouse 009,Central,757,70,1648.75,84,1,2026-05-24T00:00:00+07:00
INV-002184,SKU-0184,Fashion Item 0184,Fashion,WH009,Central Warehouse 009,Central,382,14,686.54,37,1,2026-05-24T00:00:00+07:00
INV-002185,SKU-0185,Industrial Item 0185,Industrial,WH009,Central Warehouse 009,Central,737,51,1936.41,33,1,2026-05-24T00:00:00+07:00
INV-002186,SKU-0186,Electronics Item 0186,Electronics,WH009,Central Warehouse 009,Central,372,48,1553.20,78,1,2026-05-24T00:00:00+07:00
INV-002187,SKU-0187,Home Item 0187,Home,WH009,Central Warehouse 009,Central,637,46,532.98,53,1,2026-05-24T00:00:00+07:00
INV-002188,SKU-0188,Grocery Item 0188,Grocery,WH009,Central Warehouse 009,Central,528,43,1089.12,36,1,2026-05-24T00:00:00+07:00
INV-002189,SKU-0189,Fashion Item 0189,Fashion,WH009,Central Warehouse 009,Central,788,48,7.80,63,1,2026-05-24T00:00:00+07:00
INV-002190,SKU-0190,Industrial Item 0190,Industrial,WH009,Central Warehouse 009,Central,590,28,816.94,113,1,2026-05-24T00:00:00+07:00
INV-002191,SKU-0191,Electronics Item 0191,Electronics,WH009,Central Warehouse 009,Central,404,7,1160.06,99,1,2026-05-24T00:00:00+07:00
INV-002192,SKU-0192,Home Item 0192,Home,WH009,Central Warehouse 009,Central,232,52,2268.73,34,1,2026-05-24T00:00:00+07:00
INV-002193,SKU-0193,Grocery Item 0193,Grocery,WH009,Central Warehouse 009,Central,449,64,1218.89,70,1,2026-05-24T00:00:00+07:00
INV-002194,SKU-0194,Fashion Item 0194,Fashion,WH009,Central Warehouse 009,Central,453,39,2277.38,69,1,2026-05-24T00:00:00+07:00
INV-002195,SKU-0195,Industrial Item 0195,Industrial,WH009,Central Warehouse 009,Central,659,62,649.38,77,1,2026-05-24T00:00:00+07:00
INV-002196,SKU-0196,Electronics Item 0196,Electronics,WH009,Central Warehouse 009,Central,107,4,1144.69,96,1,2026-05-24T00:00:00+07:00
INV-002197,SKU-0197,Home Item 0197,Home,WH009,Central Warehouse 009,Central,274,63,1940.13,69,1,2026-05-24T00:00:00+07:00
INV-002198,SKU-0198,Grocery Item 0198,Grocery,WH009,Central Warehouse 009,Central,528,4,1905.71,62,1,2026-05-24T00:00:00+07:00
INV-002199,SKU-0199,Fashion Item 0199,Fashion,WH009,Central Warehouse 009,Central,140,31,1292.48,39,1,2026-05-24T00:00:00+07:00
INV-002200,SKU-0200,Industrial Item 0200,Industrial,WH009,Central Warehouse 009,Central,596,4,1293.23,91,1,2026-05-24T00:00:00+07:00
INV-002201,SKU-0201,Electronics Item 0201,Electronics,WH009,Central Warehouse 009,Central,508,13,2115.73,61,1,2026-05-24T00:00:00+07:00
INV-002202,SKU-0202,Home Item 0202,Home,WH009,Central Warehouse 009,Central,421,1,1884.12,84,1,2026-05-24T00:00:00+07:00
INV-002203,SKU-0203,Grocery Item 0203,Grocery,WH009,Central Warehouse 009,Central,712,5,1328.03,104,1,2026-05-24T00:00:00+07:00
INV-002204,SKU-0204,Fashion Item 0204,Fashion,WH009,Central Warehouse 009,Central,797,61,232.09,57,1,2026-05-24T00:00:00+07:00
INV-002205,SKU-0205,Industrial Item 0205,Industrial,WH009,Central Warehouse 009,Central,353,57,1337.12,66,1,2026-05-24T00:00:00+07:00
INV-002206,SKU-0206,Electronics Item 0206,Electronics,WH009,Central Warehouse 009,Central,219,27,2353.05,65,1,2026-05-24T00:00:00+07:00
INV-002207,SKU-0207,Home Item 0207,Home,WH009,Central Warehouse 009,Central,531,59,175.16,37,1,2026-05-24T00:00:00+07:00
INV-002208,SKU-0208,Grocery Item 0208,Grocery,WH009,Central Warehouse 009,Central,544,27,816.17,48,1,2026-05-24T00:00:00+07:00
INV-002209,SKU-0209,Fashion Item 0209,Fashion,WH009,Central Warehouse 009,Central,494,60,199.09,47,1,2026-05-24T00:00:00+07:00
INV-002210,SKU-0210,Industrial Item 0210,Industrial,WH009,Central Warehouse 009,Central,214,17,2498.41,95,1,2026-05-24T00:00:00+07:00
INV-002211,SKU-0211,Electronics Item 0211,Electronics,WH009,Central Warehouse 009,Central,555,67,2354.08,40,1,2026-05-24T00:00:00+07:00
INV-002212,SKU-0212,Home Item 0212,Home,WH009,Central Warehouse 009,Central,272,21,1627.19,51,1,2026-05-24T00:00:00+07:00
INV-002213,SKU-0213,Grocery Item 0213,Grocery,WH009,Central Warehouse 009,Central,797,23,1796.25,72,1,2026-05-24T00:00:00+07:00
INV-002214,SKU-0214,Fashion Item 0214,Fashion,WH009,Central Warehouse 009,Central,701,68,768.34,118,1,2026-05-24T00:00:00+07:00
INV-002215,SKU-0215,Industrial Item 0215,Industrial,WH009,Central Warehouse 009,Central,746,25,1272.36,44,1,2026-05-24T00:00:00+07:00
INV-002216,SKU-0216,Electronics Item 0216,Electronics,WH009,Central Warehouse 009,Central,776,66,1375.03,76,1,2026-05-24T00:00:00+07:00
INV-002217,SKU-0217,Home Item 0217,Home,WH009,Central Warehouse 009,Central,294,22,1784.99,117,1,2026-05-24T00:00:00+07:00
INV-002218,SKU-0218,Grocery Item 0218,Grocery,WH009,Central Warehouse 009,Central,764,16,2314.49,81,1,2026-05-24T00:00:00+07:00
INV-002219,SKU-0219,Fashion Item 0219,Fashion,WH009,Central Warehouse 009,Central,353,17,1509.79,68,1,2026-05-24T00:00:00+07:00
INV-002220,SKU-0220,Industrial Item 0220,Industrial,WH009,Central Warehouse 009,Central,282,54,2009.77,65,1,2026-05-24T00:00:00+07:00
INV-002221,SKU-0221,Electronics Item 0221,Electronics,WH009,Central Warehouse 009,Central,82,12,179.26,56,1,2026-05-24T00:00:00+07:00
INV-002222,SKU-0222,Home Item 0222,Home,WH009,Central Warehouse 009,Central,577,29,2130.74,96,1,2026-05-24T00:00:00+07:00
INV-002223,SKU-0223,Grocery Item 0223,Grocery,WH009,Central Warehouse 009,Central,279,22,1834.98,75,1,2026-05-24T00:00:00+07:00
INV-002224,SKU-0224,Fashion Item 0224,Fashion,WH009,Central Warehouse 009,Central,564,16,2100.14,92,1,2026-05-24T00:00:00+07:00
INV-002225,SKU-0225,Industrial Item 0225,Industrial,WH009,Central Warehouse 009,Central,746,33,276.57,52,1,2026-05-24T00:00:00+07:00
INV-002226,SKU-0226,Electronics Item 0226,Electronics,WH009,Central Warehouse 009,Central,541,73,482.76,57,1,2026-05-24T00:00:00+07:00
INV-002227,SKU-0227,Home Item 0227,Home,WH009,Central Warehouse 009,Central,454,26,1960.78,118,1,2026-05-24T00:00:00+07:00
INV-002228,SKU-0228,Grocery Item 0228,Grocery,WH009,Central Warehouse 009,Central,495,4,2195.00,103,1,2026-05-24T00:00:00+07:00
INV-002229,SKU-0229,Fashion Item 0229,Fashion,WH009,Central Warehouse 009,Central,148,20,2111.39,31,1,2026-05-24T00:00:00+07:00
INV-002230,SKU-0230,Industrial Item 0230,Industrial,WH009,Central Warehouse 009,Central,587,61,157.96,81,1,2026-05-24T00:00:00+07:00
INV-002231,SKU-0231,Electronics Item 0231,Electronics,WH009,Central Warehouse 009,Central,149,31,2100.45,117,1,2026-05-24T00:00:00+07:00
INV-002232,SKU-0232,Home Item 0232,Home,WH009,Central Warehouse 009,Central,621,26,2440.93,85,1,2026-05-24T00:00:00+07:00
INV-002233,SKU-0233,Grocery Item 0233,Grocery,WH009,Central Warehouse 009,Central,234,45,580.22,93,1,2026-05-24T00:00:00+07:00
INV-002234,SKU-0234,Fashion Item 0234,Fashion,WH009,Central Warehouse 009,Central,407,61,97.78,67,1,2026-05-24T00:00:00+07:00
INV-002235,SKU-0235,Industrial Item 0235,Industrial,WH009,Central Warehouse 009,Central,586,8,70.38,85,1,2026-05-24T00:00:00+07:00
INV-002236,SKU-0236,Electronics Item 0236,Electronics,WH009,Central Warehouse 009,Central,585,79,2336.94,103,1,2026-05-24T00:00:00+07:00
INV-002237,SKU-0237,Home Item 0237,Home,WH009,Central Warehouse 009,Central,132,8,312.50,55,1,2026-05-24T00:00:00+07:00
INV-002238,SKU-0238,Grocery Item 0238,Grocery,WH009,Central Warehouse 009,Central,132,31,751.45,57,1,2026-05-24T00:00:00+07:00
INV-002239,SKU-0239,Fashion Item 0239,Fashion,WH009,Central Warehouse 009,Central,181,34,804.45,99,1,2026-05-24T00:00:00+07:00
INV-002240,SKU-0240,Industrial Item 0240,Industrial,WH009,Central Warehouse 009,Central,443,70,1642.82,86,1,2026-05-24T00:00:00+07:00
INV-002241,SKU-0241,Electronics Item 0241,Electronics,WH009,Central Warehouse 009,Central,542,22,2184.13,100,1,2026-05-24T00:00:00+07:00
INV-002242,SKU-0242,Home Item 0242,Home,WH009,Central Warehouse 009,Central,296,25,1101.12,38,1,2026-05-24T00:00:00+07:00
INV-002243,SKU-0243,Grocery Item 0243,Grocery,WH009,Central Warehouse 009,Central,135,1,2187.52,42,1,2026-05-24T00:00:00+07:00
INV-002244,SKU-0244,Fashion Item 0244,Fashion,WH009,Central Warehouse 009,Central,201,6,2461.04,69,1,2026-05-24T00:00:00+07:00
INV-002245,SKU-0245,Industrial Item 0245,Industrial,WH009,Central Warehouse 009,Central,216,31,2051.01,30,1,2026-05-24T00:00:00+07:00
INV-002246,SKU-0246,Electronics Item 0246,Electronics,WH009,Central Warehouse 009,Central,446,57,2342.80,61,1,2026-05-24T00:00:00+07:00
INV-002247,SKU-0247,Home Item 0247,Home,WH009,Central Warehouse 009,Central,765,69,894.72,39,1,2026-05-24T00:00:00+07:00
INV-002248,SKU-0248,Grocery Item 0248,Grocery,WH009,Central Warehouse 009,Central,430,76,1098.86,28,1,2026-05-24T00:00:00+07:00
INV-002249,SKU-0249,Fashion Item 0249,Fashion,WH009,Central Warehouse 009,Central,204,1,720.91,114,1,2026-05-24T00:00:00+07:00
INV-002250,SKU-0250,Industrial Item 0250,Industrial,WH009,Central Warehouse 009,Central,741,5,587.68,51,1,2026-05-24T00:00:00+07:00
INV-002251,SKU-0001,Home Item 0001,Home,WH010,Central Warehouse 010,Central,570,13,1711.24,39,1,2026-05-24T00:00:00+07:00
INV-002252,SKU-0002,Grocery Item 0002,Grocery,WH010,Central Warehouse 010,Central,747,12,1830.90,97,1,2026-05-24T00:00:00+07:00
INV-002253,SKU-0003,Fashion Item 0003,Fashion,WH010,Central Warehouse 010,Central,215,10,69.47,67,1,2026-05-24T00:00:00+07:00
INV-002254,SKU-0004,Industrial Item 0004,Industrial,WH010,Central Warehouse 010,Central,667,59,358.23,29,1,2026-05-24T00:00:00+07:00
INV-002255,SKU-0005,Electronics Item 0005,Electronics,WH010,Central Warehouse 010,Central,353,31,389.47,50,1,2026-05-24T00:00:00+07:00
INV-002256,SKU-0006,Home Item 0006,Home,WH010,Central Warehouse 010,Central,221,22,1024.09,105,1,2026-05-24T00:00:00+07:00
INV-002257,SKU-0007,Grocery Item 0007,Grocery,WH010,Central Warehouse 010,Central,391,33,1471.28,74,1,2026-05-24T00:00:00+07:00
INV-002258,SKU-0008,Fashion Item 0008,Fashion,WH010,Central Warehouse 010,Central,242,32,539.26,73,1,2026-05-24T00:00:00+07:00
INV-002259,SKU-0009,Industrial Item 0009,Industrial,WH010,Central Warehouse 010,Central,643,46,1043.90,42,1,2026-05-24T00:00:00+07:00
INV-002260,SKU-0010,Electronics Item 0010,Electronics,WH010,Central Warehouse 010,Central,761,79,289.99,58,1,2026-05-24T00:00:00+07:00
INV-002261,SKU-0011,Home Item 0011,Home,WH010,Central Warehouse 010,Central,697,24,1417.60,111,1,2026-05-24T00:00:00+07:00
INV-002262,SKU-0012,Grocery Item 0012,Grocery,WH010,Central Warehouse 010,Central,227,0,683.67,76,1,2026-05-24T00:00:00+07:00
INV-002263,SKU-0013,Fashion Item 0013,Fashion,WH010,Central Warehouse 010,Central,541,73,595.78,53,1,2026-05-24T00:00:00+07:00
INV-002264,SKU-0014,Industrial Item 0014,Industrial,WH010,Central Warehouse 010,Central,183,31,665.18,27,1,2026-05-24T00:00:00+07:00
INV-002265,SKU-0015,Electronics Item 0015,Electronics,WH010,Central Warehouse 010,Central,213,37,2245.57,65,1,2026-05-24T00:00:00+07:00
INV-002266,SKU-0016,Home Item 0016,Home,WH010,Central Warehouse 010,Central,454,63,2076.01,83,1,2026-05-24T00:00:00+07:00
INV-002267,SKU-0017,Grocery Item 0017,Grocery,WH010,Central Warehouse 010,Central,335,41,2289.46,86,1,2026-05-24T00:00:00+07:00
INV-002268,SKU-0018,Fashion Item 0018,Fashion,WH010,Central Warehouse 010,Central,276,43,1128.64,110,1,2026-05-24T00:00:00+07:00
INV-002269,SKU-0019,Industrial Item 0019,Industrial,WH010,Central Warehouse 010,Central,410,5,1859.26,107,1,2026-05-24T00:00:00+07:00
INV-002270,SKU-0020,Electronics Item 0020,Electronics,WH010,Central Warehouse 010,Central,745,64,306.98,28,1,2026-05-24T00:00:00+07:00
INV-002271,SKU-0021,Home Item 0021,Home,WH010,Central Warehouse 010,Central,509,13,1164.58,96,1,2026-05-24T00:00:00+07:00
INV-002272,SKU-0022,Grocery Item 0022,Grocery,WH010,Central Warehouse 010,Central,547,10,986.41,90,1,2026-05-24T00:00:00+07:00
INV-002273,SKU-0023,Fashion Item 0023,Fashion,WH010,Central Warehouse 010,Central,192,40,1810.35,76,1,2026-05-24T00:00:00+07:00
INV-002274,SKU-0024,Industrial Item 0024,Industrial,WH010,Central Warehouse 010,Central,225,28,680.42,109,1,2026-05-24T00:00:00+07:00
INV-002275,SKU-0025,Electronics Item 0025,Electronics,WH010,Central Warehouse 010,Central,705,19,1434.07,27,1,2026-05-24T00:00:00+07:00
INV-002276,SKU-0026,Home Item 0026,Home,WH010,Central Warehouse 010,Central,780,13,2418.43,85,1,2026-05-24T00:00:00+07:00
INV-002277,SKU-0027,Grocery Item 0027,Grocery,WH010,Central Warehouse 010,Central,361,13,1514.82,45,1,2026-05-24T00:00:00+07:00
INV-002278,SKU-0028,Fashion Item 0028,Fashion,WH010,Central Warehouse 010,Central,125,6,2290.99,32,1,2026-05-24T00:00:00+07:00
INV-002279,SKU-0029,Industrial Item 0029,Industrial,WH010,Central Warehouse 010,Central,382,64,2032.43,35,1,2026-05-24T00:00:00+07:00
INV-002280,SKU-0030,Electronics Item 0030,Electronics,WH010,Central Warehouse 010,Central,643,7,1192.11,58,1,2026-05-24T00:00:00+07:00
INV-002281,SKU-0031,Home Item 0031,Home,WH010,Central Warehouse 010,Central,665,7,675.63,65,1,2026-05-24T00:00:00+07:00
INV-002282,SKU-0032,Grocery Item 0032,Grocery,WH010,Central Warehouse 010,Central,289,30,1978.44,62,1,2026-05-24T00:00:00+07:00
INV-002283,SKU-0033,Fashion Item 0033,Fashion,WH010,Central Warehouse 010,Central,248,1,748.49,68,1,2026-05-24T00:00:00+07:00
INV-002284,SKU-0034,Industrial Item 0034,Industrial,WH010,Central Warehouse 010,Central,85,17,1635.84,105,1,2026-05-24T00:00:00+07:00
INV-002285,SKU-0035,Electronics Item 0035,Electronics,WH010,Central Warehouse 010,Central,726,58,735.66,51,1,2026-05-24T00:00:00+07:00
INV-002286,SKU-0036,Home Item 0036,Home,WH010,Central Warehouse 010,Central,176,0,1674.72,109,1,2026-05-24T00:00:00+07:00
INV-002287,SKU-0037,Grocery Item 0037,Grocery,WH010,Central Warehouse 010,Central,787,49,2474.45,65,1,2026-05-24T00:00:00+07:00
INV-002288,SKU-0038,Fashion Item 0038,Fashion,WH010,Central Warehouse 010,Central,597,19,1499.35,69,1,2026-05-24T00:00:00+07:00
INV-002289,SKU-0039,Industrial Item 0039,Industrial,WH010,Central Warehouse 010,Central,423,53,36.05,44,1,2026-05-24T00:00:00+07:00
INV-002290,SKU-0040,Electronics Item 0040,Electronics,WH010,Central Warehouse 010,Central,512,3,1385.91,46,1,2026-05-24T00:00:00+07:00
INV-002291,SKU-0041,Home Item 0041,Home,WH010,Central Warehouse 010,Central,371,40,1430.62,99,1,2026-05-24T00:00:00+07:00
INV-002292,SKU-0042,Grocery Item 0042,Grocery,WH010,Central Warehouse 010,Central,303,24,1035.78,102,1,2026-05-24T00:00:00+07:00
INV-002293,SKU-0043,Fashion Item 0043,Fashion,WH010,Central Warehouse 010,Central,728,64,181.25,59,1,2026-05-24T00:00:00+07:00
INV-002294,SKU-0044,Industrial Item 0044,Industrial,WH010,Central Warehouse 010,Central,601,60,1298.23,60,1,2026-05-24T00:00:00+07:00
INV-002295,SKU-0045,Electronics Item 0045,Electronics,WH010,Central Warehouse 010,Central,165,23,1137.23,58,1,2026-05-24T00:00:00+07:00
INV-002296,SKU-0046,Home Item 0046,Home,WH010,Central Warehouse 010,Central,487,4,58.16,92,1,2026-05-24T00:00:00+07:00
INV-002297,SKU-0047,Grocery Item 0047,Grocery,WH010,Central Warehouse 010,Central,677,79,645.40,25,1,2026-05-24T00:00:00+07:00
INV-002298,SKU-0048,Fashion Item 0048,Fashion,WH010,Central Warehouse 010,Central,658,52,527.00,37,1,2026-05-24T00:00:00+07:00
INV-002299,SKU-0049,Industrial Item 0049,Industrial,WH010,Central Warehouse 010,Central,458,39,1006.37,41,1,2026-05-24T00:00:00+07:00
INV-002300,SKU-0050,Electronics Item 0050,Electronics,WH010,Central Warehouse 010,Central,449,40,2386.26,113,1,2026-05-24T00:00:00+07:00
INV-002301,SKU-0051,Home Item 0051,Home,WH010,Central Warehouse 010,Central,768,51,581.41,68,1,2026-05-24T00:00:00+07:00
INV-002302,SKU-0052,Grocery Item 0052,Grocery,WH010,Central Warehouse 010,Central,452,17,1267.05,107,1,2026-05-24T00:00:00+07:00
INV-002303,SKU-0053,Fashion Item 0053,Fashion,WH010,Central Warehouse 010,Central,118,10,333.93,109,1,2026-05-24T00:00:00+07:00
INV-002304,SKU-0054,Industrial Item 0054,Industrial,WH010,Central Warehouse 010,Central,742,80,1521.19,77,1,2026-05-24T00:00:00+07:00
INV-002305,SKU-0055,Electronics Item 0055,Electronics,WH010,Central Warehouse 010,Central,172,42,1120.47,82,1,2026-05-24T00:00:00+07:00
INV-002306,SKU-0056,Home Item 0056,Home,WH010,Central Warehouse 010,Central,463,61,1699.06,54,1,2026-05-24T00:00:00+07:00
INV-002307,SKU-0057,Grocery Item 0057,Grocery,WH010,Central Warehouse 010,Central,548,59,1764.50,117,1,2026-05-24T00:00:00+07:00
INV-002308,SKU-0058,Fashion Item 0058,Fashion,WH010,Central Warehouse 010,Central,785,33,1652.18,80,1,2026-05-24T00:00:00+07:00
INV-002309,SKU-0059,Industrial Item 0059,Industrial,WH010,Central Warehouse 010,Central,174,19,1345.35,49,1,2026-05-24T00:00:00+07:00
INV-002310,SKU-0060,Electronics Item 0060,Electronics,WH010,Central Warehouse 010,Central,261,22,1572.19,75,1,2026-05-24T00:00:00+07:00
INV-002311,SKU-0061,Home Item 0061,Home,WH010,Central Warehouse 010,Central,141,15,1229.78,79,1,2026-05-24T00:00:00+07:00
INV-002312,SKU-0062,Grocery Item 0062,Grocery,WH010,Central Warehouse 010,Central,84,8,2251.88,103,1,2026-05-24T00:00:00+07:00
INV-002313,SKU-0063,Fashion Item 0063,Fashion,WH010,Central Warehouse 010,Central,360,9,820.23,109,1,2026-05-24T00:00:00+07:00
INV-002314,SKU-0064,Industrial Item 0064,Industrial,WH010,Central Warehouse 010,Central,450,44,14.17,34,1,2026-05-24T00:00:00+07:00
INV-002315,SKU-0065,Electronics Item 0065,Electronics,WH010,Central Warehouse 010,Central,630,72,1899.20,97,1,2026-05-24T00:00:00+07:00
INV-002316,SKU-0066,Home Item 0066,Home,WH010,Central Warehouse 010,Central,717,46,637.57,86,1,2026-05-24T00:00:00+07:00
INV-002317,SKU-0067,Grocery Item 0067,Grocery,WH010,Central Warehouse 010,Central,364,44,984.90,86,1,2026-05-24T00:00:00+07:00
INV-002318,SKU-0068,Fashion Item 0068,Fashion,WH010,Central Warehouse 010,Central,392,74,2005.98,51,1,2026-05-24T00:00:00+07:00
INV-002319,SKU-0069,Industrial Item 0069,Industrial,WH010,Central Warehouse 010,Central,771,44,1000.17,67,1,2026-05-24T00:00:00+07:00
INV-002320,SKU-0070,Electronics Item 0070,Electronics,WH010,Central Warehouse 010,Central,658,50,1226.07,89,1,2026-05-24T00:00:00+07:00
INV-002321,SKU-0071,Home Item 0071,Home,WH010,Central Warehouse 010,Central,309,50,1534.76,43,1,2026-05-24T00:00:00+07:00
INV-002322,SKU-0072,Grocery Item 0072,Grocery,WH010,Central Warehouse 010,Central,458,52,595.99,31,1,2026-05-24T00:00:00+07:00
INV-002323,SKU-0073,Fashion Item 0073,Fashion,WH010,Central Warehouse 010,Central,487,73,268.95,102,1,2026-05-24T00:00:00+07:00
INV-002324,SKU-0074,Industrial Item 0074,Industrial,WH010,Central Warehouse 010,Central,546,69,1545.30,118,1,2026-05-24T00:00:00+07:00
INV-002325,SKU-0075,Electronics Item 0075,Electronics,WH010,Central Warehouse 010,Central,589,65,243.69,39,1,2026-05-24T00:00:00+07:00
INV-002326,SKU-0076,Home Item 0076,Home,WH010,Central Warehouse 010,Central,513,39,1272.12,106,1,2026-05-24T00:00:00+07:00
INV-002327,SKU-0077,Grocery Item 0077,Grocery,WH010,Central Warehouse 010,Central,282,48,1686.14,114,1,2026-05-24T00:00:00+07:00
INV-002328,SKU-0078,Fashion Item 0078,Fashion,WH010,Central Warehouse 010,Central,358,60,1973.49,114,1,2026-05-24T00:00:00+07:00
INV-002329,SKU-0079,Industrial Item 0079,Industrial,WH010,Central Warehouse 010,Central,302,23,424.40,102,1,2026-05-24T00:00:00+07:00
INV-002330,SKU-0080,Electronics Item 0080,Electronics,WH010,Central Warehouse 010,Central,198,34,1787.91,46,1,2026-05-24T00:00:00+07:00
INV-002331,SKU-0081,Home Item 0081,Home,WH010,Central Warehouse 010,Central,639,42,2020.13,79,1,2026-05-24T00:00:00+07:00
INV-002332,SKU-0082,Grocery Item 0082,Grocery,WH010,Central Warehouse 010,Central,773,63,1962.63,98,1,2026-05-24T00:00:00+07:00
INV-002333,SKU-0083,Fashion Item 0083,Fashion,WH010,Central Warehouse 010,Central,384,18,1676.51,56,1,2026-05-24T00:00:00+07:00
INV-002334,SKU-0084,Industrial Item 0084,Industrial,WH010,Central Warehouse 010,Central,577,34,1507.18,107,1,2026-05-24T00:00:00+07:00
INV-002335,SKU-0085,Electronics Item 0085,Electronics,WH010,Central Warehouse 010,Central,594,61,313.55,38,1,2026-05-24T00:00:00+07:00
INV-002336,SKU-0086,Home Item 0086,Home,WH010,Central Warehouse 010,Central,170,9,2164.29,118,1,2026-05-24T00:00:00+07:00
INV-002337,SKU-0087,Grocery Item 0087,Grocery,WH010,Central Warehouse 010,Central,594,10,929.38,117,1,2026-05-24T00:00:00+07:00
INV-002338,SKU-0088,Fashion Item 0088,Fashion,WH010,Central Warehouse 010,Central,263,7,2430.33,88,1,2026-05-24T00:00:00+07:00
INV-002339,SKU-0089,Industrial Item 0089,Industrial,WH010,Central Warehouse 010,Central,512,17,846.25,30,1,2026-05-24T00:00:00+07:00
INV-002340,SKU-0090,Electronics Item 0090,Electronics,WH010,Central Warehouse 010,Central,398,30,912.47,117,1,2026-05-24T00:00:00+07:00
INV-002341,SKU-0091,Home Item 0091,Home,WH010,Central Warehouse 010,Central,370,14,815.73,25,1,2026-05-24T00:00:00+07:00
INV-002342,SKU-0092,Grocery Item 0092,Grocery,WH010,Central Warehouse 010,Central,336,77,1150.15,116,1,2026-05-24T00:00:00+07:00
INV-002343,SKU-0093,Fashion Item 0093,Fashion,WH010,Central Warehouse 010,Central,94,6,2357.66,62,1,2026-05-24T00:00:00+07:00
INV-002344,SKU-0094,Industrial Item 0094,Industrial,WH010,Central Warehouse 010,Central,787,22,1437.67,113,1,2026-05-24T00:00:00+07:00
INV-002345,SKU-0095,Electronics Item 0095,Electronics,WH010,Central Warehouse 010,Central,587,54,641.60,33,1,2026-05-24T00:00:00+07:00
INV-002346,SKU-0096,Home Item 0096,Home,WH010,Central Warehouse 010,Central,141,32,2185.93,78,1,2026-05-24T00:00:00+07:00
INV-002347,SKU-0097,Grocery Item 0097,Grocery,WH010,Central Warehouse 010,Central,656,2,1644.37,56,1,2026-05-24T00:00:00+07:00
INV-002348,SKU-0098,Fashion Item 0098,Fashion,WH010,Central Warehouse 010,Central,361,39,2308.59,101,1,2026-05-24T00:00:00+07:00
INV-002349,SKU-0099,Industrial Item 0099,Industrial,WH010,Central Warehouse 010,Central,774,49,350.58,117,1,2026-05-24T00:00:00+07:00
INV-002350,SKU-0100,Electronics Item 0100,Electronics,WH010,Central Warehouse 010,Central,359,55,2074.36,56,1,2026-05-24T00:00:00+07:00
INV-002351,SKU-0101,Home Item 0101,Home,WH010,Central Warehouse 010,Central,467,80,518.06,80,1,2026-05-24T00:00:00+07:00
INV-002352,SKU-0102,Grocery Item 0102,Grocery,WH010,Central Warehouse 010,Central,276,26,300.63,110,1,2026-05-24T00:00:00+07:00
INV-002353,SKU-0103,Fashion Item 0103,Fashion,WH010,Central Warehouse 010,Central,672,16,1688.93,107,1,2026-05-24T00:00:00+07:00
INV-002354,SKU-0104,Industrial Item 0104,Industrial,WH010,Central Warehouse 010,Central,163,23,1668.07,64,1,2026-05-24T00:00:00+07:00
INV-002355,SKU-0105,Electronics Item 0105,Electronics,WH010,Central Warehouse 010,Central,778,78,1795.69,61,1,2026-05-24T00:00:00+07:00
INV-002356,SKU-0106,Home Item 0106,Home,WH010,Central Warehouse 010,Central,751,27,1681.91,112,1,2026-05-24T00:00:00+07:00
INV-002357,SKU-0107,Grocery Item 0107,Grocery,WH010,Central Warehouse 010,Central,232,36,849.02,84,1,2026-05-24T00:00:00+07:00
INV-002358,SKU-0108,Fashion Item 0108,Fashion,WH010,Central Warehouse 010,Central,654,68,336.17,120,1,2026-05-24T00:00:00+07:00
INV-002359,SKU-0109,Industrial Item 0109,Industrial,WH010,Central Warehouse 010,Central,299,73,821.77,84,1,2026-05-24T00:00:00+07:00
INV-002360,SKU-0110,Electronics Item 0110,Electronics,WH010,Central Warehouse 010,Central,665,40,436.72,43,1,2026-05-24T00:00:00+07:00
INV-002361,SKU-0111,Home Item 0111,Home,WH010,Central Warehouse 010,Central,253,35,520.28,87,1,2026-05-24T00:00:00+07:00
INV-002362,SKU-0112,Grocery Item 0112,Grocery,WH010,Central Warehouse 010,Central,663,60,1492.60,37,1,2026-05-24T00:00:00+07:00
INV-002363,SKU-0113,Fashion Item 0113,Fashion,WH010,Central Warehouse 010,Central,498,52,410.28,88,1,2026-05-24T00:00:00+07:00
INV-002364,SKU-0114,Industrial Item 0114,Industrial,WH010,Central Warehouse 010,Central,432,12,2327.49,52,1,2026-05-24T00:00:00+07:00
INV-002365,SKU-0115,Electronics Item 0115,Electronics,WH010,Central Warehouse 010,Central,570,9,1984.50,89,1,2026-05-24T00:00:00+07:00
INV-002366,SKU-0116,Home Item 0116,Home,WH010,Central Warehouse 010,Central,262,34,559.64,51,1,2026-05-24T00:00:00+07:00
INV-002367,SKU-0117,Grocery Item 0117,Grocery,WH010,Central Warehouse 010,Central,469,42,745.14,91,1,2026-05-24T00:00:00+07:00
INV-002368,SKU-0118,Fashion Item 0118,Fashion,WH010,Central Warehouse 010,Central,500,67,814.30,46,1,2026-05-24T00:00:00+07:00
INV-002369,SKU-0119,Industrial Item 0119,Industrial,WH010,Central Warehouse 010,Central,673,16,465.33,72,1,2026-05-24T00:00:00+07:00
INV-002370,SKU-0120,Electronics Item 0120,Electronics,WH010,Central Warehouse 010,Central,581,57,1016.88,59,1,2026-05-24T00:00:00+07:00
INV-002371,SKU-0121,Home Item 0121,Home,WH010,Central Warehouse 010,Central,438,47,297.08,46,1,2026-05-24T00:00:00+07:00
INV-002372,SKU-0122,Grocery Item 0122,Grocery,WH010,Central Warehouse 010,Central,500,25,1025.23,118,1,2026-05-24T00:00:00+07:00
INV-002373,SKU-0123,Fashion Item 0123,Fashion,WH010,Central Warehouse 010,Central,243,31,2355.84,63,1,2026-05-24T00:00:00+07:00
INV-002374,SKU-0124,Industrial Item 0124,Industrial,WH010,Central Warehouse 010,Central,319,39,98.93,107,1,2026-05-24T00:00:00+07:00
INV-002375,SKU-0125,Electronics Item 0125,Electronics,WH010,Central Warehouse 010,Central,278,24,1354.24,86,1,2026-05-24T00:00:00+07:00
INV-002376,SKU-0126,Home Item 0126,Home,WH010,Central Warehouse 010,Central,620,4,250.06,116,1,2026-05-24T00:00:00+07:00
INV-002377,SKU-0127,Grocery Item 0127,Grocery,WH010,Central Warehouse 010,Central,435,74,84.00,64,1,2026-05-24T00:00:00+07:00
INV-002378,SKU-0128,Fashion Item 0128,Fashion,WH010,Central Warehouse 010,Central,433,13,411.02,105,1,2026-05-24T00:00:00+07:00
INV-002379,SKU-0129,Industrial Item 0129,Industrial,WH010,Central Warehouse 010,Central,757,36,613.73,108,1,2026-05-24T00:00:00+07:00
INV-002380,SKU-0130,Electronics Item 0130,Electronics,WH010,Central Warehouse 010,Central,694,48,2410.79,94,1,2026-05-24T00:00:00+07:00
INV-002381,SKU-0131,Home Item 0131,Home,WH010,Central Warehouse 010,Central,526,76,184.56,67,1,2026-05-24T00:00:00+07:00
INV-002382,SKU-0132,Grocery Item 0132,Grocery,WH010,Central Warehouse 010,Central,308,71,2280.60,37,1,2026-05-24T00:00:00+07:00
INV-002383,SKU-0133,Fashion Item 0133,Fashion,WH010,Central Warehouse 010,Central,372,17,416.83,76,1,2026-05-24T00:00:00+07:00
INV-002384,SKU-0134,Industrial Item 0134,Industrial,WH010,Central Warehouse 010,Central,240,33,742.26,100,1,2026-05-24T00:00:00+07:00
INV-002385,SKU-0135,Electronics Item 0135,Electronics,WH010,Central Warehouse 010,Central,272,26,1281.70,91,1,2026-05-24T00:00:00+07:00
INV-002386,SKU-0136,Home Item 0136,Home,WH010,Central Warehouse 010,Central,529,49,937.92,75,1,2026-05-24T00:00:00+07:00
INV-002387,SKU-0137,Grocery Item 0137,Grocery,WH010,Central Warehouse 010,Central,544,66,2345.22,35,1,2026-05-24T00:00:00+07:00
INV-002388,SKU-0138,Fashion Item 0138,Fashion,WH010,Central Warehouse 010,Central,676,9,2249.00,66,1,2026-05-24T00:00:00+07:00
INV-002389,SKU-0139,Industrial Item 0139,Industrial,WH010,Central Warehouse 010,Central,187,44,1135.11,92,1,2026-05-24T00:00:00+07:00
INV-002390,SKU-0140,Electronics Item 0140,Electronics,WH010,Central Warehouse 010,Central,96,3,780.13,111,1,2026-05-24T00:00:00+07:00
INV-002391,SKU-0141,Home Item 0141,Home,WH010,Central Warehouse 010,Central,251,16,1994.35,49,1,2026-05-24T00:00:00+07:00
INV-002392,SKU-0142,Grocery Item 0142,Grocery,WH010,Central Warehouse 010,Central,124,9,1336.40,118,1,2026-05-24T00:00:00+07:00
INV-002393,SKU-0143,Fashion Item 0143,Fashion,WH010,Central Warehouse 010,Central,576,29,2318.14,83,1,2026-05-24T00:00:00+07:00
INV-002394,SKU-0144,Industrial Item 0144,Industrial,WH010,Central Warehouse 010,Central,482,56,67.42,108,1,2026-05-24T00:00:00+07:00
INV-002395,SKU-0145,Electronics Item 0145,Electronics,WH010,Central Warehouse 010,Central,404,57,930.95,63,1,2026-05-24T00:00:00+07:00
INV-002396,SKU-0146,Home Item 0146,Home,WH010,Central Warehouse 010,Central,637,26,1914.18,65,1,2026-05-24T00:00:00+07:00
INV-002397,SKU-0147,Grocery Item 0147,Grocery,WH010,Central Warehouse 010,Central,199,48,874.97,74,1,2026-05-24T00:00:00+07:00
INV-002398,SKU-0148,Fashion Item 0148,Fashion,WH010,Central Warehouse 010,Central,143,1,148.62,115,1,2026-05-24T00:00:00+07:00
INV-002399,SKU-0149,Industrial Item 0149,Industrial,WH010,Central Warehouse 010,Central,654,41,1948.98,80,1,2026-05-24T00:00:00+07:00
INV-002400,SKU-0150,Electronics Item 0150,Electronics,WH010,Central Warehouse 010,Central,313,67,1001.80,54,1,2026-05-24T00:00:00+07:00
INV-002401,SKU-0151,Home Item 0151,Home,WH010,Central Warehouse 010,Central,700,46,1241.70,96,1,2026-05-24T00:00:00+07:00
INV-002402,SKU-0152,Grocery Item 0152,Grocery,WH010,Central Warehouse 010,Central,524,46,1336.69,94,1,2026-05-24T00:00:00+07:00
INV-002403,SKU-0153,Fashion Item 0153,Fashion,WH010,Central Warehouse 010,Central,502,55,1436.94,87,1,2026-05-24T00:00:00+07:00
INV-002404,SKU-0154,Industrial Item 0154,Industrial,WH010,Central Warehouse 010,Central,103,19,2106.49,105,1,2026-05-24T00:00:00+07:00
INV-002405,SKU-0155,Electronics Item 0155,Electronics,WH010,Central Warehouse 010,Central,533,46,1796.57,116,1,2026-05-24T00:00:00+07:00
INV-002406,SKU-0156,Home Item 0156,Home,WH010,Central Warehouse 010,Central,112,2,1780.50,93,1,2026-05-24T00:00:00+07:00
INV-002407,SKU-0157,Grocery Item 0157,Grocery,WH010,Central Warehouse 010,Central,166,19,1645.77,51,1,2026-05-24T00:00:00+07:00
INV-002408,SKU-0158,Fashion Item 0158,Fashion,WH010,Central Warehouse 010,Central,536,70,942.15,66,1,2026-05-24T00:00:00+07:00
INV-002409,SKU-0159,Industrial Item 0159,Industrial,WH010,Central Warehouse 010,Central,572,35,1685.58,38,1,2026-05-24T00:00:00+07:00
INV-002410,SKU-0160,Electronics Item 0160,Electronics,WH010,Central Warehouse 010,Central,252,0,2185.39,30,1,2026-05-24T00:00:00+07:00
INV-002411,SKU-0161,Home Item 0161,Home,WH010,Central Warehouse 010,Central,316,22,1488.04,99,1,2026-05-24T00:00:00+07:00
INV-002412,SKU-0162,Grocery Item 0162,Grocery,WH010,Central Warehouse 010,Central,166,26,635.65,68,1,2026-05-24T00:00:00+07:00
INV-002413,SKU-0163,Fashion Item 0163,Fashion,WH010,Central Warehouse 010,Central,679,53,1076.73,84,1,2026-05-24T00:00:00+07:00
INV-002414,SKU-0164,Industrial Item 0164,Industrial,WH010,Central Warehouse 010,Central,557,51,1232.20,103,1,2026-05-24T00:00:00+07:00
INV-002415,SKU-0165,Electronics Item 0165,Electronics,WH010,Central Warehouse 010,Central,144,14,579.91,55,1,2026-05-24T00:00:00+07:00
INV-002416,SKU-0166,Home Item 0166,Home,WH010,Central Warehouse 010,Central,104,25,768.94,40,1,2026-05-24T00:00:00+07:00
INV-002417,SKU-0167,Grocery Item 0167,Grocery,WH010,Central Warehouse 010,Central,691,38,299.83,47,1,2026-05-24T00:00:00+07:00
INV-002418,SKU-0168,Fashion Item 0168,Fashion,WH010,Central Warehouse 010,Central,148,33,671.34,86,1,2026-05-24T00:00:00+07:00
INV-002419,SKU-0169,Industrial Item 0169,Industrial,WH010,Central Warehouse 010,Central,664,6,1483.45,55,1,2026-05-24T00:00:00+07:00
INV-002420,SKU-0170,Electronics Item 0170,Electronics,WH010,Central Warehouse 010,Central,722,51,1252.71,70,1,2026-05-24T00:00:00+07:00
INV-002421,SKU-0171,Home Item 0171,Home,WH010,Central Warehouse 010,Central,104,3,1277.27,30,1,2026-05-24T00:00:00+07:00
INV-002422,SKU-0172,Grocery Item 0172,Grocery,WH010,Central Warehouse 010,Central,632,44,1865.30,72,1,2026-05-24T00:00:00+07:00
INV-002423,SKU-0173,Fashion Item 0173,Fashion,WH010,Central Warehouse 010,Central,251,11,2297.41,90,1,2026-05-24T00:00:00+07:00
INV-002424,SKU-0174,Industrial Item 0174,Industrial,WH010,Central Warehouse 010,Central,374,46,1156.41,112,1,2026-05-24T00:00:00+07:00
INV-002425,SKU-0175,Electronics Item 0175,Electronics,WH010,Central Warehouse 010,Central,597,43,1165.58,95,1,2026-05-24T00:00:00+07:00
INV-002426,SKU-0176,Home Item 0176,Home,WH010,Central Warehouse 010,Central,579,48,1841.36,106,1,2026-05-24T00:00:00+07:00
INV-002427,SKU-0177,Grocery Item 0177,Grocery,WH010,Central Warehouse 010,Central,674,71,2458.51,112,1,2026-05-24T00:00:00+07:00
INV-002428,SKU-0178,Fashion Item 0178,Fashion,WH010,Central Warehouse 010,Central,242,11,437.00,84,1,2026-05-24T00:00:00+07:00
INV-002429,SKU-0179,Industrial Item 0179,Industrial,WH010,Central Warehouse 010,Central,460,20,1595.81,78,1,2026-05-24T00:00:00+07:00
INV-002430,SKU-0180,Electronics Item 0180,Electronics,WH010,Central Warehouse 010,Central,568,50,628.49,90,1,2026-05-24T00:00:00+07:00
INV-002431,SKU-0181,Home Item 0181,Home,WH010,Central Warehouse 010,Central,309,45,195.59,92,1,2026-05-24T00:00:00+07:00
INV-002432,SKU-0182,Grocery Item 0182,Grocery,WH010,Central Warehouse 010,Central,249,29,711.18,42,1,2026-05-24T00:00:00+07:00
INV-002433,SKU-0183,Fashion Item 0183,Fashion,WH010,Central Warehouse 010,Central,244,6,1439.84,29,1,2026-05-24T00:00:00+07:00
INV-002434,SKU-0184,Industrial Item 0184,Industrial,WH010,Central Warehouse 010,Central,755,53,1900.27,86,1,2026-05-24T00:00:00+07:00
INV-002435,SKU-0185,Electronics Item 0185,Electronics,WH010,Central Warehouse 010,Central,637,6,1702.44,55,1,2026-05-24T00:00:00+07:00
INV-002436,SKU-0186,Home Item 0186,Home,WH010,Central Warehouse 010,Central,394,71,832.69,60,1,2026-05-24T00:00:00+07:00
INV-002437,SKU-0187,Grocery Item 0187,Grocery,WH010,Central Warehouse 010,Central,141,11,2433.77,39,1,2026-05-24T00:00:00+07:00
INV-002438,SKU-0188,Fashion Item 0188,Fashion,WH010,Central Warehouse 010,Central,252,44,729.87,74,1,2026-05-24T00:00:00+07:00
INV-002439,SKU-0189,Industrial Item 0189,Industrial,WH010,Central Warehouse 010,Central,798,24,1075.69,60,1,2026-05-24T00:00:00+07:00
INV-002440,SKU-0190,Electronics Item 0190,Electronics,WH010,Central Warehouse 010,Central,403,45,1759.62,73,1,2026-05-24T00:00:00+07:00
INV-002441,SKU-0191,Home Item 0191,Home,WH010,Central Warehouse 010,Central,144,3,332.47,54,1,2026-05-24T00:00:00+07:00
INV-002442,SKU-0192,Grocery Item 0192,Grocery,WH010,Central Warehouse 010,Central,610,36,2415.88,44,1,2026-05-24T00:00:00+07:00
INV-002443,SKU-0193,Fashion Item 0193,Fashion,WH010,Central Warehouse 010,Central,359,49,1599.84,55,1,2026-05-24T00:00:00+07:00
INV-002444,SKU-0194,Industrial Item 0194,Industrial,WH010,Central Warehouse 010,Central,113,17,49.78,28,1,2026-05-24T00:00:00+07:00
INV-002445,SKU-0195,Electronics Item 0195,Electronics,WH010,Central Warehouse 010,Central,738,78,1754.33,27,1,2026-05-24T00:00:00+07:00
INV-002446,SKU-0196,Home Item 0196,Home,WH010,Central Warehouse 010,Central,678,36,525.86,27,1,2026-05-24T00:00:00+07:00
INV-002447,SKU-0197,Grocery Item 0197,Grocery,WH010,Central Warehouse 010,Central,417,56,2108.03,85,1,2026-05-24T00:00:00+07:00
INV-002448,SKU-0198,Fashion Item 0198,Fashion,WH010,Central Warehouse 010,Central,612,75,863.03,37,1,2026-05-24T00:00:00+07:00
INV-002449,SKU-0199,Industrial Item 0199,Industrial,WH010,Central Warehouse 010,Central,241,40,2185.94,44,1,2026-05-24T00:00:00+07:00
INV-002450,SKU-0200,Electronics Item 0200,Electronics,WH010,Central Warehouse 010,Central,446,43,2315.01,47,1,2026-05-24T00:00:00+07:00
INV-002451,SKU-0201,Home Item 0201,Home,WH010,Central Warehouse 010,Central,467,42,267.15,25,1,2026-05-24T00:00:00+07:00
INV-002452,SKU-0202,Grocery Item 0202,Grocery,WH010,Central Warehouse 010,Central,91,0,1401.29,85,1,2026-05-24T00:00:00+07:00
INV-002453,SKU-0203,Fashion Item 0203,Fashion,WH010,Central Warehouse 010,Central,387,42,2393.74,33,1,2026-05-24T00:00:00+07:00
INV-002454,SKU-0204,Industrial Item 0204,Industrial,WH010,Central Warehouse 010,Central,207,9,690.38,33,1,2026-05-24T00:00:00+07:00
INV-002455,SKU-0205,Electronics Item 0205,Electronics,WH010,Central Warehouse 010,Central,774,11,14.29,56,1,2026-05-24T00:00:00+07:00
INV-002456,SKU-0206,Home Item 0206,Home,WH010,Central Warehouse 010,Central,304,20,1766.06,69,1,2026-05-24T00:00:00+07:00
INV-002457,SKU-0207,Grocery Item 0207,Grocery,WH010,Central Warehouse 010,Central,591,9,2439.20,27,1,2026-05-24T00:00:00+07:00
INV-002458,SKU-0208,Fashion Item 0208,Fashion,WH010,Central Warehouse 010,Central,612,14,67.57,92,1,2026-05-24T00:00:00+07:00
INV-002459,SKU-0209,Industrial Item 0209,Industrial,WH010,Central Warehouse 010,Central,760,6,761.26,107,1,2026-05-24T00:00:00+07:00
INV-002460,SKU-0210,Electronics Item 0210,Electronics,WH010,Central Warehouse 010,Central,144,23,1337.56,27,1,2026-05-24T00:00:00+07:00
INV-002461,SKU-0211,Home Item 0211,Home,WH010,Central Warehouse 010,Central,134,33,205.76,108,1,2026-05-24T00:00:00+07:00
INV-002462,SKU-0212,Grocery Item 0212,Grocery,WH010,Central Warehouse 010,Central,685,74,929.16,112,1,2026-05-24T00:00:00+07:00
INV-002463,SKU-0213,Fashion Item 0213,Fashion,WH010,Central Warehouse 010,Central,584,66,2329.06,77,1,2026-05-24T00:00:00+07:00
INV-002464,SKU-0214,Industrial Item 0214,Industrial,WH010,Central Warehouse 010,Central,170,0,1662.30,57,1,2026-05-24T00:00:00+07:00
INV-002465,SKU-0215,Electronics Item 0215,Electronics,WH010,Central Warehouse 010,Central,91,12,1098.14,41,1,2026-05-24T00:00:00+07:00
INV-002466,SKU-0216,Home Item 0216,Home,WH010,Central Warehouse 010,Central,622,7,1575.64,67,1,2026-05-24T00:00:00+07:00
INV-002467,SKU-0217,Grocery Item 0217,Grocery,WH010,Central Warehouse 010,Central,180,9,971.53,85,1,2026-05-24T00:00:00+07:00
INV-002468,SKU-0218,Fashion Item 0218,Fashion,WH010,Central Warehouse 010,Central,758,30,500.92,82,1,2026-05-24T00:00:00+07:00
INV-002469,SKU-0219,Industrial Item 0219,Industrial,WH010,Central Warehouse 010,Central,785,59,2144.87,49,1,2026-05-24T00:00:00+07:00
INV-002470,SKU-0220,Electronics Item 0220,Electronics,WH010,Central Warehouse 010,Central,85,3,1887.52,116,1,2026-05-24T00:00:00+07:00
INV-002471,SKU-0221,Home Item 0221,Home,WH010,Central Warehouse 010,Central,155,17,986.70,36,1,2026-05-24T00:00:00+07:00
INV-002472,SKU-0222,Grocery Item 0222,Grocery,WH010,Central Warehouse 010,Central,627,62,84.17,35,1,2026-05-24T00:00:00+07:00
INV-002473,SKU-0223,Fashion Item 0223,Fashion,WH010,Central Warehouse 010,Central,419,49,2186.48,87,1,2026-05-24T00:00:00+07:00
INV-002474,SKU-0224,Industrial Item 0224,Industrial,WH010,Central Warehouse 010,Central,526,22,501.67,108,1,2026-05-24T00:00:00+07:00
INV-002475,SKU-0225,Electronics Item 0225,Electronics,WH010,Central Warehouse 010,Central,400,67,1011.01,66,1,2026-05-24T00:00:00+07:00
INV-002476,SKU-0226,Home Item 0226,Home,WH010,Central Warehouse 010,Central,504,31,300.46,81,1,2026-05-24T00:00:00+07:00
INV-002477,SKU-0227,Grocery Item 0227,Grocery,WH010,Central Warehouse 010,Central,399,34,1509.72,114,1,2026-05-24T00:00:00+07:00
INV-002478,SKU-0228,Fashion Item 0228,Fashion,WH010,Central Warehouse 010,Central,645,71,1249.82,111,1,2026-05-24T00:00:00+07:00
INV-002479,SKU-0229,Industrial Item 0229,Industrial,WH010,Central Warehouse 010,Central,627,26,1815.55,36,1,2026-05-24T00:00:00+07:00
INV-002480,SKU-0230,Electronics Item 0230,Electronics,WH010,Central Warehouse 010,Central,506,44,1813.59,57,1,2026-05-24T00:00:00+07:00
INV-002481,SKU-0231,Home Item 0231,Home,WH010,Central Warehouse 010,Central,619,53,281.40,115,1,2026-05-24T00:00:00+07:00
INV-002482,SKU-0232,Grocery Item 0232,Grocery,WH010,Central Warehouse 010,Central,371,68,1000.27,50,1,2026-05-24T00:00:00+07:00
INV-002483,SKU-0233,Fashion Item 0233,Fashion,WH010,Central Warehouse 010,Central,225,13,606.10,84,1,2026-05-24T00:00:00+07:00
INV-002484,SKU-0234,Industrial Item 0234,Industrial,WH010,Central Warehouse 010,Central,627,53,361.14,29,1,2026-05-24T00:00:00+07:00
INV-002485,SKU-0235,Electronics Item 0235,Electronics,WH010,Central Warehouse 010,Central,573,66,2139.24,90,1,2026-05-24T00:00:00+07:00
INV-002486,SKU-0236,Home Item 0236,Home,WH010,Central Warehouse 010,Central,471,9,2127.29,97,1,2026-05-24T00:00:00+07:00
INV-002487,SKU-0237,Grocery Item 0237,Grocery,WH010,Central Warehouse 010,Central,449,19,529.88,112,1,2026-05-24T00:00:00+07:00
INV-002488,SKU-0238,Fashion Item 0238,Fashion,WH010,Central Warehouse 010,Central,168,19,2277.61,79,1,2026-05-24T00:00:00+07:00
INV-002489,SKU-0239,Industrial Item 0239,Industrial,WH010,Central Warehouse 010,Central,755,7,2311.71,94,1,2026-05-24T00:00:00+07:00
INV-002490,SKU-0240,Electronics Item 0240,Electronics,WH010,Central Warehouse 010,Central,694,23,1928.47,70,1,2026-05-24T00:00:00+07:00
INV-002491,SKU-0241,Home Item 0241,Home,WH010,Central Warehouse 010,Central,347,74,691.75,47,1,2026-05-24T00:00:00+07:00
INV-002492,SKU-0242,Grocery Item 0242,Grocery,WH010,Central Warehouse 010,Central,359,57,484.73,62,1,2026-05-24T00:00:00+07:00
INV-002493,SKU-0243,Fashion Item 0243,Fashion,WH010,Central Warehouse 010,Central,559,71,1483.47,27,1,2026-05-24T00:00:00+07:00
INV-002494,SKU-0244,Industrial Item 0244,Industrial,WH010,Central Warehouse 010,Central,420,23,563.07,75,1,2026-05-24T00:00:00+07:00
INV-002495,SKU-0245,Electronics Item 0245,Electronics,WH010,Central Warehouse 010,Central,490,50,2354.43,80,1,2026-05-24T00:00:00+07:00
INV-002496,SKU-0246,Home Item 0246,Home,WH010,Central Warehouse 010,Central,686,47,1427.60,46,1,2026-05-24T00:00:00+07:00
INV-002497,SKU-0247,Grocery Item 0247,Grocery,WH010,Central Warehouse 010,Central,392,71,2364.96,80,1,2026-05-24T00:00:00+07:00
INV-002498,SKU-0248,Fashion Item 0248,Fashion,WH010,Central Warehouse 010,Central,680,15,686.79,84,1,2026-05-24T00:00:00+07:00
INV-002499,SKU-0249,Industrial Item 0249,Industrial,WH010,Central Warehouse 010,Central,656,52,2290.94,35,1,2026-05-24T00:00:00+07:00
INV-002500,SKU-0250,Electronics Item 0250,Electronics,WH010,Central Warehouse 010,Central,385,23,1180.82,35,1,2026-05-24T00:00:00+07:00
INV-002501,SKU-0001,Grocery Item 0001,Grocery,WH011,SouthEast Warehouse 011,SouthEast,443,0,1108.45,92,1,2026-05-24T00:00:00+07:00
INV-002502,SKU-0002,Fashion Item 0002,Fashion,WH011,SouthEast Warehouse 011,SouthEast,234,52,523.17,29,1,2026-05-24T00:00:00+07:00
INV-002503,SKU-0003,Industrial Item 0003,Industrial,WH011,SouthEast Warehouse 011,SouthEast,640,53,2003.79,44,1,2026-05-24T00:00:00+07:00
INV-002504,SKU-0004,Electronics Item 0004,Electronics,WH011,SouthEast Warehouse 011,SouthEast,621,49,636.70,115,1,2026-05-24T00:00:00+07:00
INV-002505,SKU-0005,Home Item 0005,Home,WH011,SouthEast Warehouse 011,SouthEast,210,36,382.60,90,1,2026-05-24T00:00:00+07:00
INV-002506,SKU-0006,Grocery Item 0006,Grocery,WH011,SouthEast Warehouse 011,SouthEast,453,32,2035.13,116,1,2026-05-24T00:00:00+07:00
INV-002507,SKU-0007,Fashion Item 0007,Fashion,WH011,SouthEast Warehouse 011,SouthEast,353,44,1833.25,38,1,2026-05-24T00:00:00+07:00
INV-002508,SKU-0008,Industrial Item 0008,Industrial,WH011,SouthEast Warehouse 011,SouthEast,227,21,2183.88,105,1,2026-05-24T00:00:00+07:00
INV-002509,SKU-0009,Electronics Item 0009,Electronics,WH011,SouthEast Warehouse 011,SouthEast,201,6,2323.29,97,1,2026-05-24T00:00:00+07:00
INV-002510,SKU-0010,Home Item 0010,Home,WH011,SouthEast Warehouse 011,SouthEast,721,72,1634.96,97,1,2026-05-24T00:00:00+07:00
INV-002511,SKU-0011,Grocery Item 0011,Grocery,WH011,SouthEast Warehouse 011,SouthEast,332,11,315.19,68,1,2026-05-24T00:00:00+07:00
INV-002512,SKU-0012,Fashion Item 0012,Fashion,WH011,SouthEast Warehouse 011,SouthEast,731,6,1894.59,54,1,2026-05-24T00:00:00+07:00
INV-002513,SKU-0013,Industrial Item 0013,Industrial,WH011,SouthEast Warehouse 011,SouthEast,745,5,1369.94,70,1,2026-05-24T00:00:00+07:00
INV-002514,SKU-0014,Electronics Item 0014,Electronics,WH011,SouthEast Warehouse 011,SouthEast,92,16,1909.77,51,1,2026-05-24T00:00:00+07:00
INV-002515,SKU-0015,Home Item 0015,Home,WH011,SouthEast Warehouse 011,SouthEast,474,54,1879.58,52,1,2026-05-24T00:00:00+07:00
INV-002516,SKU-0016,Grocery Item 0016,Grocery,WH011,SouthEast Warehouse 011,SouthEast,430,75,2424.84,63,1,2026-05-24T00:00:00+07:00
INV-002517,SKU-0017,Fashion Item 0017,Fashion,WH011,SouthEast Warehouse 011,SouthEast,104,14,341.93,113,1,2026-05-24T00:00:00+07:00
INV-002518,SKU-0018,Industrial Item 0018,Industrial,WH011,SouthEast Warehouse 011,SouthEast,629,13,1981.42,98,1,2026-05-24T00:00:00+07:00
INV-002519,SKU-0019,Electronics Item 0019,Electronics,WH011,SouthEast Warehouse 011,SouthEast,417,62,2265.11,79,1,2026-05-24T00:00:00+07:00
INV-002520,SKU-0020,Home Item 0020,Home,WH011,SouthEast Warehouse 011,SouthEast,156,26,2140.84,68,1,2026-05-24T00:00:00+07:00
INV-002521,SKU-0021,Grocery Item 0021,Grocery,WH011,SouthEast Warehouse 011,SouthEast,318,26,2384.19,37,1,2026-05-24T00:00:00+07:00
INV-002522,SKU-0022,Fashion Item 0022,Fashion,WH011,SouthEast Warehouse 011,SouthEast,393,8,250.58,38,1,2026-05-24T00:00:00+07:00
INV-002523,SKU-0023,Industrial Item 0023,Industrial,WH011,SouthEast Warehouse 011,SouthEast,425,77,1081.11,49,1,2026-05-24T00:00:00+07:00
INV-002524,SKU-0024,Electronics Item 0024,Electronics,WH011,SouthEast Warehouse 011,SouthEast,266,16,2403.83,50,1,2026-05-24T00:00:00+07:00
INV-002525,SKU-0025,Home Item 0025,Home,WH011,SouthEast Warehouse 011,SouthEast,211,45,973.06,101,1,2026-05-24T00:00:00+07:00
INV-002526,SKU-0026,Grocery Item 0026,Grocery,WH011,SouthEast Warehouse 011,SouthEast,414,46,2082.30,71,1,2026-05-24T00:00:00+07:00
INV-002527,SKU-0027,Fashion Item 0027,Fashion,WH011,SouthEast Warehouse 011,SouthEast,732,42,1241.27,25,1,2026-05-24T00:00:00+07:00
INV-002528,SKU-0028,Industrial Item 0028,Industrial,WH011,SouthEast Warehouse 011,SouthEast,781,18,2130.32,100,1,2026-05-24T00:00:00+07:00
INV-002529,SKU-0029,Electronics Item 0029,Electronics,WH011,SouthEast Warehouse 011,SouthEast,526,35,670.18,84,1,2026-05-24T00:00:00+07:00
INV-002530,SKU-0030,Home Item 0030,Home,WH011,SouthEast Warehouse 011,SouthEast,199,13,2226.44,63,1,2026-05-24T00:00:00+07:00
INV-002531,SKU-0031,Grocery Item 0031,Grocery,WH011,SouthEast Warehouse 011,SouthEast,572,26,736.65,26,1,2026-05-24T00:00:00+07:00
INV-002532,SKU-0032,Fashion Item 0032,Fashion,WH011,SouthEast Warehouse 011,SouthEast,342,6,789.90,77,1,2026-05-24T00:00:00+07:00
INV-002533,SKU-0033,Industrial Item 0033,Industrial,WH011,SouthEast Warehouse 011,SouthEast,423,4,2295.45,63,1,2026-05-24T00:00:00+07:00
INV-002534,SKU-0034,Electronics Item 0034,Electronics,WH011,SouthEast Warehouse 011,SouthEast,716,70,1020.17,113,1,2026-05-24T00:00:00+07:00
INV-002535,SKU-0035,Home Item 0035,Home,WH011,SouthEast Warehouse 011,SouthEast,627,3,2432.33,111,1,2026-05-24T00:00:00+07:00
INV-002536,SKU-0036,Grocery Item 0036,Grocery,WH011,SouthEast Warehouse 011,SouthEast,690,17,624.35,72,1,2026-05-24T00:00:00+07:00
INV-002537,SKU-0037,Fashion Item 0037,Fashion,WH011,SouthEast Warehouse 011,SouthEast,135,28,209.46,76,1,2026-05-24T00:00:00+07:00
INV-002538,SKU-0038,Industrial Item 0038,Industrial,WH011,SouthEast Warehouse 011,SouthEast,199,6,2043.50,118,1,2026-05-24T00:00:00+07:00
INV-002539,SKU-0039,Electronics Item 0039,Electronics,WH011,SouthEast Warehouse 011,SouthEast,258,64,1589.12,79,1,2026-05-24T00:00:00+07:00
INV-002540,SKU-0040,Home Item 0040,Home,WH011,SouthEast Warehouse 011,SouthEast,763,72,551.73,119,1,2026-05-24T00:00:00+07:00
INV-002541,SKU-0041,Grocery Item 0041,Grocery,WH011,SouthEast Warehouse 011,SouthEast,262,7,1007.02,77,1,2026-05-24T00:00:00+07:00
INV-002542,SKU-0042,Fashion Item 0042,Fashion,WH011,SouthEast Warehouse 011,SouthEast,122,24,1631.30,86,1,2026-05-24T00:00:00+07:00
INV-002543,SKU-0043,Industrial Item 0043,Industrial,WH011,SouthEast Warehouse 011,SouthEast,294,30,364.87,115,1,2026-05-24T00:00:00+07:00
INV-002544,SKU-0044,Electronics Item 0044,Electronics,WH011,SouthEast Warehouse 011,SouthEast,497,30,1006.71,97,1,2026-05-24T00:00:00+07:00
INV-002545,SKU-0045,Home Item 0045,Home,WH011,SouthEast Warehouse 011,SouthEast,287,9,666.32,33,1,2026-05-24T00:00:00+07:00
INV-002546,SKU-0046,Grocery Item 0046,Grocery,WH011,SouthEast Warehouse 011,SouthEast,525,14,891.73,69,1,2026-05-24T00:00:00+07:00
INV-002547,SKU-0047,Fashion Item 0047,Fashion,WH011,SouthEast Warehouse 011,SouthEast,442,14,682.67,63,1,2026-05-24T00:00:00+07:00
INV-002548,SKU-0048,Industrial Item 0048,Industrial,WH011,SouthEast Warehouse 011,SouthEast,299,41,1859.01,57,1,2026-05-24T00:00:00+07:00
INV-002549,SKU-0049,Electronics Item 0049,Electronics,WH011,SouthEast Warehouse 011,SouthEast,465,2,2371.21,110,1,2026-05-24T00:00:00+07:00
INV-002550,SKU-0050,Home Item 0050,Home,WH011,SouthEast Warehouse 011,SouthEast,763,39,2329.94,104,1,2026-05-24T00:00:00+07:00
INV-002551,SKU-0051,Grocery Item 0051,Grocery,WH011,SouthEast Warehouse 011,SouthEast,655,59,832.40,77,1,2026-05-24T00:00:00+07:00
INV-002552,SKU-0052,Fashion Item 0052,Fashion,WH011,SouthEast Warehouse 011,SouthEast,209,45,2237.13,92,1,2026-05-24T00:00:00+07:00
INV-002553,SKU-0053,Industrial Item 0053,Industrial,WH011,SouthEast Warehouse 011,SouthEast,541,43,298.21,90,1,2026-05-24T00:00:00+07:00
INV-002554,SKU-0054,Electronics Item 0054,Electronics,WH011,SouthEast Warehouse 011,SouthEast,85,13,1313.83,115,1,2026-05-24T00:00:00+07:00
INV-002555,SKU-0055,Home Item 0055,Home,WH011,SouthEast Warehouse 011,SouthEast,663,2,230.26,108,1,2026-05-24T00:00:00+07:00
INV-002556,SKU-0056,Grocery Item 0056,Grocery,WH011,SouthEast Warehouse 011,SouthEast,434,24,14.67,120,1,2026-05-24T00:00:00+07:00
INV-002557,SKU-0057,Fashion Item 0057,Fashion,WH011,SouthEast Warehouse 011,SouthEast,220,2,506.49,82,1,2026-05-24T00:00:00+07:00
INV-002558,SKU-0058,Industrial Item 0058,Industrial,WH011,SouthEast Warehouse 011,SouthEast,623,14,833.33,75,1,2026-05-24T00:00:00+07:00
INV-002559,SKU-0059,Electronics Item 0059,Electronics,WH011,SouthEast Warehouse 011,SouthEast,97,10,1108.94,61,1,2026-05-24T00:00:00+07:00
INV-002560,SKU-0060,Home Item 0060,Home,WH011,SouthEast Warehouse 011,SouthEast,653,67,186.79,30,1,2026-05-24T00:00:00+07:00
INV-002561,SKU-0061,Grocery Item 0061,Grocery,WH011,SouthEast Warehouse 011,SouthEast,229,32,321.29,37,1,2026-05-24T00:00:00+07:00
INV-002562,SKU-0062,Fashion Item 0062,Fashion,WH011,SouthEast Warehouse 011,SouthEast,344,46,1746.47,99,1,2026-05-24T00:00:00+07:00
INV-002563,SKU-0063,Industrial Item 0063,Industrial,WH011,SouthEast Warehouse 011,SouthEast,128,16,2112.09,78,1,2026-05-24T00:00:00+07:00
INV-002564,SKU-0064,Electronics Item 0064,Electronics,WH011,SouthEast Warehouse 011,SouthEast,478,46,1038.44,54,1,2026-05-24T00:00:00+07:00
INV-002565,SKU-0065,Home Item 0065,Home,WH011,SouthEast Warehouse 011,SouthEast,448,70,2139.28,49,1,2026-05-24T00:00:00+07:00
INV-002566,SKU-0066,Grocery Item 0066,Grocery,WH011,SouthEast Warehouse 011,SouthEast,414,29,1793.76,106,1,2026-05-24T00:00:00+07:00
INV-002567,SKU-0067,Fashion Item 0067,Fashion,WH011,SouthEast Warehouse 011,SouthEast,785,79,1221.78,84,1,2026-05-24T00:00:00+07:00
INV-002568,SKU-0068,Industrial Item 0068,Industrial,WH011,SouthEast Warehouse 011,SouthEast,730,10,2118.30,60,1,2026-05-24T00:00:00+07:00
INV-002569,SKU-0069,Electronics Item 0069,Electronics,WH011,SouthEast Warehouse 011,SouthEast,416,74,2461.06,117,1,2026-05-24T00:00:00+07:00
INV-002570,SKU-0070,Home Item 0070,Home,WH011,SouthEast Warehouse 011,SouthEast,500,78,1039.68,97,1,2026-05-24T00:00:00+07:00
INV-002571,SKU-0071,Grocery Item 0071,Grocery,WH011,SouthEast Warehouse 011,SouthEast,365,15,2360.02,91,1,2026-05-24T00:00:00+07:00
INV-002572,SKU-0072,Fashion Item 0072,Fashion,WH011,SouthEast Warehouse 011,SouthEast,365,45,1918.25,88,1,2026-05-24T00:00:00+07:00
INV-002573,SKU-0073,Industrial Item 0073,Industrial,WH011,SouthEast Warehouse 011,SouthEast,638,58,785.65,74,1,2026-05-24T00:00:00+07:00
INV-002574,SKU-0074,Electronics Item 0074,Electronics,WH011,SouthEast Warehouse 011,SouthEast,701,51,12.30,62,1,2026-05-24T00:00:00+07:00
INV-002575,SKU-0075,Home Item 0075,Home,WH011,SouthEast Warehouse 011,SouthEast,238,36,566.76,60,1,2026-05-24T00:00:00+07:00
INV-002576,SKU-0076,Grocery Item 0076,Grocery,WH011,SouthEast Warehouse 011,SouthEast,755,30,630.80,100,1,2026-05-24T00:00:00+07:00
INV-002577,SKU-0077,Fashion Item 0077,Fashion,WH011,SouthEast Warehouse 011,SouthEast,273,2,2470.09,90,1,2026-05-24T00:00:00+07:00
INV-002578,SKU-0078,Industrial Item 0078,Industrial,WH011,SouthEast Warehouse 011,SouthEast,248,20,959.74,80,1,2026-05-24T00:00:00+07:00
INV-002579,SKU-0079,Electronics Item 0079,Electronics,WH011,SouthEast Warehouse 011,SouthEast,467,72,1275.45,84,1,2026-05-24T00:00:00+07:00
INV-002580,SKU-0080,Home Item 0080,Home,WH011,SouthEast Warehouse 011,SouthEast,715,33,269.02,111,1,2026-05-24T00:00:00+07:00
INV-002581,SKU-0081,Grocery Item 0081,Grocery,WH011,SouthEast Warehouse 011,SouthEast,174,40,1342.36,50,1,2026-05-24T00:00:00+07:00
INV-002582,SKU-0082,Fashion Item 0082,Fashion,WH011,SouthEast Warehouse 011,SouthEast,466,41,1361.33,93,1,2026-05-24T00:00:00+07:00
INV-002583,SKU-0083,Industrial Item 0083,Industrial,WH011,SouthEast Warehouse 011,SouthEast,202,15,29.24,116,1,2026-05-24T00:00:00+07:00
INV-002584,SKU-0084,Electronics Item 0084,Electronics,WH011,SouthEast Warehouse 011,SouthEast,383,40,553.55,117,1,2026-05-24T00:00:00+07:00
INV-002585,SKU-0085,Home Item 0085,Home,WH011,SouthEast Warehouse 011,SouthEast,218,42,1501.73,46,1,2026-05-24T00:00:00+07:00
INV-002586,SKU-0086,Grocery Item 0086,Grocery,WH011,SouthEast Warehouse 011,SouthEast,276,51,874.59,120,1,2026-05-24T00:00:00+07:00
INV-002587,SKU-0087,Fashion Item 0087,Fashion,WH011,SouthEast Warehouse 011,SouthEast,217,25,1131.17,48,1,2026-05-24T00:00:00+07:00
INV-002588,SKU-0088,Industrial Item 0088,Industrial,WH011,SouthEast Warehouse 011,SouthEast,243,2,414.10,94,1,2026-05-24T00:00:00+07:00
INV-002589,SKU-0089,Electronics Item 0089,Electronics,WH011,SouthEast Warehouse 011,SouthEast,494,56,1369.57,74,1,2026-05-24T00:00:00+07:00
INV-002590,SKU-0090,Home Item 0090,Home,WH011,SouthEast Warehouse 011,SouthEast,333,69,161.12,36,1,2026-05-24T00:00:00+07:00
INV-002591,SKU-0091,Grocery Item 0091,Grocery,WH011,SouthEast Warehouse 011,SouthEast,200,29,581.84,37,1,2026-05-24T00:00:00+07:00
INV-002592,SKU-0092,Fashion Item 0092,Fashion,WH011,SouthEast Warehouse 011,SouthEast,331,71,793.87,116,1,2026-05-24T00:00:00+07:00
INV-002593,SKU-0093,Industrial Item 0093,Industrial,WH011,SouthEast Warehouse 011,SouthEast,175,14,6.24,86,1,2026-05-24T00:00:00+07:00
INV-002594,SKU-0094,Electronics Item 0094,Electronics,WH011,SouthEast Warehouse 011,SouthEast,689,67,1136.70,91,1,2026-05-24T00:00:00+07:00
INV-002595,SKU-0095,Home Item 0095,Home,WH011,SouthEast Warehouse 011,SouthEast,449,66,2394.37,73,1,2026-05-24T00:00:00+07:00
INV-002596,SKU-0096,Grocery Item 0096,Grocery,WH011,SouthEast Warehouse 011,SouthEast,551,18,1993.48,118,1,2026-05-24T00:00:00+07:00
INV-002597,SKU-0097,Fashion Item 0097,Fashion,WH011,SouthEast Warehouse 011,SouthEast,343,46,2126.67,43,1,2026-05-24T00:00:00+07:00
INV-002598,SKU-0098,Industrial Item 0098,Industrial,WH011,SouthEast Warehouse 011,SouthEast,122,24,1205.84,70,1,2026-05-24T00:00:00+07:00
INV-002599,SKU-0099,Electronics Item 0099,Electronics,WH011,SouthEast Warehouse 011,SouthEast,439,22,103.03,43,1,2026-05-24T00:00:00+07:00
INV-002600,SKU-0100,Home Item 0100,Home,WH011,SouthEast Warehouse 011,SouthEast,716,25,2009.61,35,1,2026-05-24T00:00:00+07:00
INV-002601,SKU-0101,Grocery Item 0101,Grocery,WH011,SouthEast Warehouse 011,SouthEast,109,13,935.46,27,1,2026-05-24T00:00:00+07:00
INV-002602,SKU-0102,Fashion Item 0102,Fashion,WH011,SouthEast Warehouse 011,SouthEast,139,7,2494.11,114,1,2026-05-24T00:00:00+07:00
INV-002603,SKU-0103,Industrial Item 0103,Industrial,WH011,SouthEast Warehouse 011,SouthEast,290,32,1727.65,96,1,2026-05-24T00:00:00+07:00
INV-002604,SKU-0104,Electronics Item 0104,Electronics,WH011,SouthEast Warehouse 011,SouthEast,540,11,2420.70,104,1,2026-05-24T00:00:00+07:00
INV-002605,SKU-0105,Home Item 0105,Home,WH011,SouthEast Warehouse 011,SouthEast,680,67,1666.18,85,1,2026-05-24T00:00:00+07:00
INV-002606,SKU-0106,Grocery Item 0106,Grocery,WH011,SouthEast Warehouse 011,SouthEast,705,45,1277.48,38,1,2026-05-24T00:00:00+07:00
INV-002607,SKU-0107,Fashion Item 0107,Fashion,WH011,SouthEast Warehouse 011,SouthEast,441,4,2315.18,31,1,2026-05-24T00:00:00+07:00
INV-002608,SKU-0108,Industrial Item 0108,Industrial,WH011,SouthEast Warehouse 011,SouthEast,720,45,474.78,30,1,2026-05-24T00:00:00+07:00
INV-002609,SKU-0109,Electronics Item 0109,Electronics,WH011,SouthEast Warehouse 011,SouthEast,90,22,1994.34,53,1,2026-05-24T00:00:00+07:00
INV-002610,SKU-0110,Home Item 0110,Home,WH011,SouthEast Warehouse 011,SouthEast,128,1,1677.80,58,1,2026-05-24T00:00:00+07:00
INV-002611,SKU-0111,Grocery Item 0111,Grocery,WH011,SouthEast Warehouse 011,SouthEast,662,75,91.30,117,1,2026-05-24T00:00:00+07:00
INV-002612,SKU-0112,Fashion Item 0112,Fashion,WH011,SouthEast Warehouse 011,SouthEast,559,3,2452.16,120,1,2026-05-24T00:00:00+07:00
INV-002613,SKU-0113,Industrial Item 0113,Industrial,WH011,SouthEast Warehouse 011,SouthEast,195,13,2274.11,85,1,2026-05-24T00:00:00+07:00
INV-002614,SKU-0114,Electronics Item 0114,Electronics,WH011,SouthEast Warehouse 011,SouthEast,82,20,764.84,35,1,2026-05-24T00:00:00+07:00
INV-002615,SKU-0115,Home Item 0115,Home,WH011,SouthEast Warehouse 011,SouthEast,147,35,1800.93,85,1,2026-05-24T00:00:00+07:00
INV-002616,SKU-0116,Grocery Item 0116,Grocery,WH011,SouthEast Warehouse 011,SouthEast,103,12,1172.03,89,1,2026-05-24T00:00:00+07:00
INV-002617,SKU-0117,Fashion Item 0117,Fashion,WH011,SouthEast Warehouse 011,SouthEast,386,16,1461.85,61,1,2026-05-24T00:00:00+07:00
INV-002618,SKU-0118,Industrial Item 0118,Industrial,WH011,SouthEast Warehouse 011,SouthEast,537,31,869.05,46,1,2026-05-24T00:00:00+07:00
INV-002619,SKU-0119,Electronics Item 0119,Electronics,WH011,SouthEast Warehouse 011,SouthEast,647,3,781.11,62,1,2026-05-24T00:00:00+07:00
INV-002620,SKU-0120,Home Item 0120,Home,WH011,SouthEast Warehouse 011,SouthEast,269,25,1886.00,85,1,2026-05-24T00:00:00+07:00
INV-002621,SKU-0121,Grocery Item 0121,Grocery,WH011,SouthEast Warehouse 011,SouthEast,667,13,866.57,37,1,2026-05-24T00:00:00+07:00
INV-002622,SKU-0122,Fashion Item 0122,Fashion,WH011,SouthEast Warehouse 011,SouthEast,503,44,2100.64,54,1,2026-05-24T00:00:00+07:00
INV-002623,SKU-0123,Industrial Item 0123,Industrial,WH011,SouthEast Warehouse 011,SouthEast,313,43,1523.46,55,1,2026-05-24T00:00:00+07:00
INV-002624,SKU-0124,Electronics Item 0124,Electronics,WH011,SouthEast Warehouse 011,SouthEast,373,54,1075.54,50,1,2026-05-24T00:00:00+07:00
INV-002625,SKU-0125,Home Item 0125,Home,WH011,SouthEast Warehouse 011,SouthEast,704,12,702.97,46,1,2026-05-24T00:00:00+07:00
INV-002626,SKU-0126,Grocery Item 0126,Grocery,WH011,SouthEast Warehouse 011,SouthEast,555,42,846.03,29,1,2026-05-24T00:00:00+07:00
INV-002627,SKU-0127,Fashion Item 0127,Fashion,WH011,SouthEast Warehouse 011,SouthEast,780,53,2384.20,35,1,2026-05-24T00:00:00+07:00
INV-002628,SKU-0128,Industrial Item 0128,Industrial,WH011,SouthEast Warehouse 011,SouthEast,687,17,1004.13,87,1,2026-05-24T00:00:00+07:00
INV-002629,SKU-0129,Electronics Item 0129,Electronics,WH011,SouthEast Warehouse 011,SouthEast,673,49,2280.65,99,1,2026-05-24T00:00:00+07:00
INV-002630,SKU-0130,Home Item 0130,Home,WH011,SouthEast Warehouse 011,SouthEast,292,8,492.62,82,1,2026-05-24T00:00:00+07:00
INV-002631,SKU-0131,Grocery Item 0131,Grocery,WH011,SouthEast Warehouse 011,SouthEast,612,59,2082.37,59,1,2026-05-24T00:00:00+07:00
INV-002632,SKU-0132,Fashion Item 0132,Fashion,WH011,SouthEast Warehouse 011,SouthEast,757,78,2161.67,61,1,2026-05-24T00:00:00+07:00
INV-002633,SKU-0133,Industrial Item 0133,Industrial,WH011,SouthEast Warehouse 011,SouthEast,653,1,2303.59,37,1,2026-05-24T00:00:00+07:00
INV-002634,SKU-0134,Electronics Item 0134,Electronics,WH011,SouthEast Warehouse 011,SouthEast,651,80,1736.02,111,1,2026-05-24T00:00:00+07:00
INV-002635,SKU-0135,Home Item 0135,Home,WH011,SouthEast Warehouse 011,SouthEast,576,21,2499.81,71,1,2026-05-24T00:00:00+07:00
INV-002636,SKU-0136,Grocery Item 0136,Grocery,WH011,SouthEast Warehouse 011,SouthEast,111,19,824.04,100,1,2026-05-24T00:00:00+07:00
INV-002637,SKU-0137,Fashion Item 0137,Fashion,WH011,SouthEast Warehouse 011,SouthEast,318,33,283.89,118,1,2026-05-24T00:00:00+07:00
INV-002638,SKU-0138,Industrial Item 0138,Industrial,WH011,SouthEast Warehouse 011,SouthEast,695,44,570.98,63,1,2026-05-24T00:00:00+07:00
INV-002639,SKU-0139,Electronics Item 0139,Electronics,WH011,SouthEast Warehouse 011,SouthEast,542,7,2441.57,33,1,2026-05-24T00:00:00+07:00
INV-002640,SKU-0140,Home Item 0140,Home,WH011,SouthEast Warehouse 011,SouthEast,167,3,1149.24,64,1,2026-05-24T00:00:00+07:00
INV-002641,SKU-0141,Grocery Item 0141,Grocery,WH011,SouthEast Warehouse 011,SouthEast,259,40,70.96,57,1,2026-05-24T00:00:00+07:00
INV-002642,SKU-0142,Fashion Item 0142,Fashion,WH011,SouthEast Warehouse 011,SouthEast,696,77,1750.55,74,1,2026-05-24T00:00:00+07:00
INV-002643,SKU-0143,Industrial Item 0143,Industrial,WH011,SouthEast Warehouse 011,SouthEast,157,16,2150.88,82,1,2026-05-24T00:00:00+07:00
INV-002644,SKU-0144,Electronics Item 0144,Electronics,WH011,SouthEast Warehouse 011,SouthEast,630,34,1262.03,100,1,2026-05-24T00:00:00+07:00
INV-002645,SKU-0145,Home Item 0145,Home,WH011,SouthEast Warehouse 011,SouthEast,116,0,2291.56,91,1,2026-05-24T00:00:00+07:00
INV-002646,SKU-0146,Grocery Item 0146,Grocery,WH011,SouthEast Warehouse 011,SouthEast,230,37,1478.15,31,1,2026-05-24T00:00:00+07:00
INV-002647,SKU-0147,Fashion Item 0147,Fashion,WH011,SouthEast Warehouse 011,SouthEast,83,10,2366.69,29,1,2026-05-24T00:00:00+07:00
INV-002648,SKU-0148,Industrial Item 0148,Industrial,WH011,SouthEast Warehouse 011,SouthEast,290,36,1111.71,35,1,2026-05-24T00:00:00+07:00
INV-002649,SKU-0149,Electronics Item 0149,Electronics,WH011,SouthEast Warehouse 011,SouthEast,207,4,2269.94,57,1,2026-05-24T00:00:00+07:00
INV-002650,SKU-0150,Home Item 0150,Home,WH011,SouthEast Warehouse 011,SouthEast,153,37,470.79,56,1,2026-05-24T00:00:00+07:00
INV-002651,SKU-0151,Grocery Item 0151,Grocery,WH011,SouthEast Warehouse 011,SouthEast,92,2,963.82,62,1,2026-05-24T00:00:00+07:00
INV-002652,SKU-0152,Fashion Item 0152,Fashion,WH011,SouthEast Warehouse 011,SouthEast,114,7,2450.38,43,1,2026-05-24T00:00:00+07:00
INV-002653,SKU-0153,Industrial Item 0153,Industrial,WH011,SouthEast Warehouse 011,SouthEast,356,24,1212.01,36,1,2026-05-24T00:00:00+07:00
INV-002654,SKU-0154,Electronics Item 0154,Electronics,WH011,SouthEast Warehouse 011,SouthEast,541,22,575.93,30,1,2026-05-24T00:00:00+07:00
INV-002655,SKU-0155,Home Item 0155,Home,WH011,SouthEast Warehouse 011,SouthEast,127,10,2480.91,48,1,2026-05-24T00:00:00+07:00
INV-002656,SKU-0156,Grocery Item 0156,Grocery,WH011,SouthEast Warehouse 011,SouthEast,378,39,382.58,51,1,2026-05-24T00:00:00+07:00
INV-002657,SKU-0157,Fashion Item 0157,Fashion,WH011,SouthEast Warehouse 011,SouthEast,296,7,250.23,70,1,2026-05-24T00:00:00+07:00
INV-002658,SKU-0158,Industrial Item 0158,Industrial,WH011,SouthEast Warehouse 011,SouthEast,315,25,2208.86,95,1,2026-05-24T00:00:00+07:00
INV-002659,SKU-0159,Electronics Item 0159,Electronics,WH011,SouthEast Warehouse 011,SouthEast,236,21,1367.63,94,1,2026-05-24T00:00:00+07:00
INV-002660,SKU-0160,Home Item 0160,Home,WH011,SouthEast Warehouse 011,SouthEast,473,77,2283.14,83,1,2026-05-24T00:00:00+07:00
INV-002661,SKU-0161,Grocery Item 0161,Grocery,WH011,SouthEast Warehouse 011,SouthEast,467,19,1025.12,110,1,2026-05-24T00:00:00+07:00
INV-002662,SKU-0162,Fashion Item 0162,Fashion,WH011,SouthEast Warehouse 011,SouthEast,396,34,2313.87,34,1,2026-05-24T00:00:00+07:00
INV-002663,SKU-0163,Industrial Item 0163,Industrial,WH011,SouthEast Warehouse 011,SouthEast,154,10,2250.00,29,1,2026-05-24T00:00:00+07:00
INV-002664,SKU-0164,Electronics Item 0164,Electronics,WH011,SouthEast Warehouse 011,SouthEast,287,10,2209.38,78,1,2026-05-24T00:00:00+07:00
INV-002665,SKU-0165,Home Item 0165,Home,WH011,SouthEast Warehouse 011,SouthEast,609,68,1790.77,27,1,2026-05-24T00:00:00+07:00
INV-002666,SKU-0166,Grocery Item 0166,Grocery,WH011,SouthEast Warehouse 011,SouthEast,694,14,145.57,26,1,2026-05-24T00:00:00+07:00
INV-002667,SKU-0167,Fashion Item 0167,Fashion,WH011,SouthEast Warehouse 011,SouthEast,332,3,2396.75,117,1,2026-05-24T00:00:00+07:00
INV-002668,SKU-0168,Industrial Item 0168,Industrial,WH011,SouthEast Warehouse 011,SouthEast,470,4,1628.19,62,1,2026-05-24T00:00:00+07:00
INV-002669,SKU-0169,Electronics Item 0169,Electronics,WH011,SouthEast Warehouse 011,SouthEast,515,33,817.22,87,1,2026-05-24T00:00:00+07:00
INV-002670,SKU-0170,Home Item 0170,Home,WH011,SouthEast Warehouse 011,SouthEast,238,35,34.23,63,1,2026-05-24T00:00:00+07:00
INV-002671,SKU-0171,Grocery Item 0171,Grocery,WH011,SouthEast Warehouse 011,SouthEast,556,61,8.39,43,1,2026-05-24T00:00:00+07:00
INV-002672,SKU-0172,Fashion Item 0172,Fashion,WH011,SouthEast Warehouse 011,SouthEast,186,2,512.86,108,1,2026-05-24T00:00:00+07:00
INV-002673,SKU-0173,Industrial Item 0173,Industrial,WH011,SouthEast Warehouse 011,SouthEast,456,20,933.70,57,1,2026-05-24T00:00:00+07:00
INV-002674,SKU-0174,Electronics Item 0174,Electronics,WH011,SouthEast Warehouse 011,SouthEast,613,60,396.50,113,1,2026-05-24T00:00:00+07:00
INV-002675,SKU-0175,Home Item 0175,Home,WH011,SouthEast Warehouse 011,SouthEast,387,4,217.64,63,1,2026-05-24T00:00:00+07:00
INV-002676,SKU-0176,Grocery Item 0176,Grocery,WH011,SouthEast Warehouse 011,SouthEast,366,46,2292.08,61,1,2026-05-24T00:00:00+07:00
INV-002677,SKU-0177,Fashion Item 0177,Fashion,WH011,SouthEast Warehouse 011,SouthEast,629,30,2043.26,43,1,2026-05-24T00:00:00+07:00
INV-002678,SKU-0178,Industrial Item 0178,Industrial,WH011,SouthEast Warehouse 011,SouthEast,183,19,1519.51,76,1,2026-05-24T00:00:00+07:00
INV-002679,SKU-0179,Electronics Item 0179,Electronics,WH011,SouthEast Warehouse 011,SouthEast,649,42,1604.25,41,1,2026-05-24T00:00:00+07:00
INV-002680,SKU-0180,Home Item 0180,Home,WH011,SouthEast Warehouse 011,SouthEast,691,24,663.89,65,1,2026-05-24T00:00:00+07:00
INV-002681,SKU-0181,Grocery Item 0181,Grocery,WH011,SouthEast Warehouse 011,SouthEast,358,7,363.02,77,1,2026-05-24T00:00:00+07:00
INV-002682,SKU-0182,Fashion Item 0182,Fashion,WH011,SouthEast Warehouse 011,SouthEast,114,5,1987.45,99,1,2026-05-24T00:00:00+07:00
INV-002683,SKU-0183,Industrial Item 0183,Industrial,WH011,SouthEast Warehouse 011,SouthEast,752,53,2308.79,65,1,2026-05-24T00:00:00+07:00
INV-002684,SKU-0184,Electronics Item 0184,Electronics,WH011,SouthEast Warehouse 011,SouthEast,744,3,830.85,47,1,2026-05-24T00:00:00+07:00
INV-002685,SKU-0185,Home Item 0185,Home,WH011,SouthEast Warehouse 011,SouthEast,427,44,15.44,94,1,2026-05-24T00:00:00+07:00
INV-002686,SKU-0186,Grocery Item 0186,Grocery,WH011,SouthEast Warehouse 011,SouthEast,418,10,359.86,47,1,2026-05-24T00:00:00+07:00
INV-002687,SKU-0187,Fashion Item 0187,Fashion,WH011,SouthEast Warehouse 011,SouthEast,796,12,1675.76,97,1,2026-05-24T00:00:00+07:00
INV-002688,SKU-0188,Industrial Item 0188,Industrial,WH011,SouthEast Warehouse 011,SouthEast,663,18,1029.96,109,1,2026-05-24T00:00:00+07:00
INV-002689,SKU-0189,Electronics Item 0189,Electronics,WH011,SouthEast Warehouse 011,SouthEast,521,21,1893.15,65,1,2026-05-24T00:00:00+07:00
INV-002690,SKU-0190,Home Item 0190,Home,WH011,SouthEast Warehouse 011,SouthEast,658,57,851.29,57,1,2026-05-24T00:00:00+07:00
INV-002691,SKU-0191,Grocery Item 0191,Grocery,WH011,SouthEast Warehouse 011,SouthEast,567,27,1782.74,104,1,2026-05-24T00:00:00+07:00
INV-002692,SKU-0192,Fashion Item 0192,Fashion,WH011,SouthEast Warehouse 011,SouthEast,340,3,437.06,56,1,2026-05-24T00:00:00+07:00
INV-002693,SKU-0193,Industrial Item 0193,Industrial,WH011,SouthEast Warehouse 011,SouthEast,302,38,1092.96,26,1,2026-05-24T00:00:00+07:00
INV-002694,SKU-0194,Electronics Item 0194,Electronics,WH011,SouthEast Warehouse 011,SouthEast,521,73,701.07,88,1,2026-05-24T00:00:00+07:00
INV-002695,SKU-0195,Home Item 0195,Home,WH011,SouthEast Warehouse 011,SouthEast,295,27,1003.00,57,1,2026-05-24T00:00:00+07:00
INV-002696,SKU-0196,Grocery Item 0196,Grocery,WH011,SouthEast Warehouse 011,SouthEast,142,35,758.25,106,1,2026-05-24T00:00:00+07:00
INV-002697,SKU-0197,Fashion Item 0197,Fashion,WH011,SouthEast Warehouse 011,SouthEast,667,35,1162.75,70,1,2026-05-24T00:00:00+07:00
INV-002698,SKU-0198,Industrial Item 0198,Industrial,WH011,SouthEast Warehouse 011,SouthEast,685,40,931.34,55,1,2026-05-24T00:00:00+07:00
INV-002699,SKU-0199,Electronics Item 0199,Electronics,WH011,SouthEast Warehouse 011,SouthEast,284,23,2304.83,61,1,2026-05-24T00:00:00+07:00
INV-002700,SKU-0200,Home Item 0200,Home,WH011,SouthEast Warehouse 011,SouthEast,282,49,325.53,41,1,2026-05-24T00:00:00+07:00
INV-002701,SKU-0201,Grocery Item 0201,Grocery,WH011,SouthEast Warehouse 011,SouthEast,207,49,438.43,50,1,2026-05-24T00:00:00+07:00
INV-002702,SKU-0202,Fashion Item 0202,Fashion,WH011,SouthEast Warehouse 011,SouthEast,361,43,2363.08,58,1,2026-05-24T00:00:00+07:00
INV-002703,SKU-0203,Industrial Item 0203,Industrial,WH011,SouthEast Warehouse 011,SouthEast,596,40,989.16,111,1,2026-05-24T00:00:00+07:00
INV-002704,SKU-0204,Electronics Item 0204,Electronics,WH011,SouthEast Warehouse 011,SouthEast,410,69,303.62,54,1,2026-05-24T00:00:00+07:00
INV-002705,SKU-0205,Home Item 0205,Home,WH011,SouthEast Warehouse 011,SouthEast,363,72,1103.62,59,1,2026-05-24T00:00:00+07:00
INV-002706,SKU-0206,Grocery Item 0206,Grocery,WH011,SouthEast Warehouse 011,SouthEast,289,33,646.55,109,1,2026-05-24T00:00:00+07:00
INV-002707,SKU-0207,Fashion Item 0207,Fashion,WH011,SouthEast Warehouse 011,SouthEast,633,45,1678.71,61,1,2026-05-24T00:00:00+07:00
INV-002708,SKU-0208,Industrial Item 0208,Industrial,WH011,SouthEast Warehouse 011,SouthEast,589,44,220.57,51,1,2026-05-24T00:00:00+07:00
INV-002709,SKU-0209,Electronics Item 0209,Electronics,WH011,SouthEast Warehouse 011,SouthEast,763,56,852.35,76,1,2026-05-24T00:00:00+07:00
INV-002710,SKU-0210,Home Item 0210,Home,WH011,SouthEast Warehouse 011,SouthEast,294,71,1323.78,61,1,2026-05-24T00:00:00+07:00
INV-002711,SKU-0211,Grocery Item 0211,Grocery,WH011,SouthEast Warehouse 011,SouthEast,241,35,2183.54,105,1,2026-05-24T00:00:00+07:00
INV-002712,SKU-0212,Fashion Item 0212,Fashion,WH011,SouthEast Warehouse 011,SouthEast,167,17,289.90,78,1,2026-05-24T00:00:00+07:00
INV-002713,SKU-0213,Industrial Item 0213,Industrial,WH011,SouthEast Warehouse 011,SouthEast,214,50,1627.75,28,1,2026-05-24T00:00:00+07:00
INV-002714,SKU-0214,Electronics Item 0214,Electronics,WH011,SouthEast Warehouse 011,SouthEast,575,18,588.07,40,1,2026-05-24T00:00:00+07:00
INV-002715,SKU-0215,Home Item 0215,Home,WH011,SouthEast Warehouse 011,SouthEast,329,64,1551.46,41,1,2026-05-24T00:00:00+07:00
INV-002716,SKU-0216,Grocery Item 0216,Grocery,WH011,SouthEast Warehouse 011,SouthEast,234,53,2490.08,51,1,2026-05-24T00:00:00+07:00
INV-002717,SKU-0217,Fashion Item 0217,Fashion,WH011,SouthEast Warehouse 011,SouthEast,344,0,1238.94,116,1,2026-05-24T00:00:00+07:00
INV-002718,SKU-0218,Industrial Item 0218,Industrial,WH011,SouthEast Warehouse 011,SouthEast,115,14,1748.17,36,1,2026-05-24T00:00:00+07:00
INV-002719,SKU-0219,Electronics Item 0219,Electronics,WH011,SouthEast Warehouse 011,SouthEast,484,51,1232.95,58,1,2026-05-24T00:00:00+07:00
INV-002720,SKU-0220,Home Item 0220,Home,WH011,SouthEast Warehouse 011,SouthEast,548,15,1597.82,109,1,2026-05-24T00:00:00+07:00
INV-002721,SKU-0221,Grocery Item 0221,Grocery,WH011,SouthEast Warehouse 011,SouthEast,603,56,2366.25,88,1,2026-05-24T00:00:00+07:00
INV-002722,SKU-0222,Fashion Item 0222,Fashion,WH011,SouthEast Warehouse 011,SouthEast,602,12,1869.48,31,1,2026-05-24T00:00:00+07:00
INV-002723,SKU-0223,Industrial Item 0223,Industrial,WH011,SouthEast Warehouse 011,SouthEast,124,20,432.85,63,1,2026-05-24T00:00:00+07:00
INV-002724,SKU-0224,Electronics Item 0224,Electronics,WH011,SouthEast Warehouse 011,SouthEast,507,64,380.87,74,1,2026-05-24T00:00:00+07:00
INV-002725,SKU-0225,Home Item 0225,Home,WH011,SouthEast Warehouse 011,SouthEast,552,70,807.01,64,1,2026-05-24T00:00:00+07:00
INV-002726,SKU-0226,Grocery Item 0226,Grocery,WH011,SouthEast Warehouse 011,SouthEast,159,31,354.08,83,1,2026-05-24T00:00:00+07:00
INV-002727,SKU-0227,Fashion Item 0227,Fashion,WH011,SouthEast Warehouse 011,SouthEast,759,76,2007.56,31,1,2026-05-24T00:00:00+07:00
INV-002728,SKU-0228,Industrial Item 0228,Industrial,WH011,SouthEast Warehouse 011,SouthEast,282,15,1444.83,67,1,2026-05-24T00:00:00+07:00
INV-002729,SKU-0229,Electronics Item 0229,Electronics,WH011,SouthEast Warehouse 011,SouthEast,484,62,90.94,63,1,2026-05-24T00:00:00+07:00
INV-002730,SKU-0230,Home Item 0230,Home,WH011,SouthEast Warehouse 011,SouthEast,696,17,1294.38,45,1,2026-05-24T00:00:00+07:00
INV-002731,SKU-0231,Grocery Item 0231,Grocery,WH011,SouthEast Warehouse 011,SouthEast,566,6,269.83,45,1,2026-05-24T00:00:00+07:00
INV-002732,SKU-0232,Fashion Item 0232,Fashion,WH011,SouthEast Warehouse 011,SouthEast,436,65,118.79,75,1,2026-05-24T00:00:00+07:00
INV-002733,SKU-0233,Industrial Item 0233,Industrial,WH011,SouthEast Warehouse 011,SouthEast,195,23,2124.75,99,1,2026-05-24T00:00:00+07:00
INV-002734,SKU-0234,Electronics Item 0234,Electronics,WH011,SouthEast Warehouse 011,SouthEast,752,65,1943.58,97,1,2026-05-24T00:00:00+07:00
INV-002735,SKU-0235,Home Item 0235,Home,WH011,SouthEast Warehouse 011,SouthEast,331,80,1248.73,81,1,2026-05-24T00:00:00+07:00
INV-002736,SKU-0236,Grocery Item 0236,Grocery,WH011,SouthEast Warehouse 011,SouthEast,302,69,1174.22,65,1,2026-05-24T00:00:00+07:00
INV-002737,SKU-0237,Fashion Item 0237,Fashion,WH011,SouthEast Warehouse 011,SouthEast,754,39,2436.91,90,1,2026-05-24T00:00:00+07:00
INV-002738,SKU-0238,Industrial Item 0238,Industrial,WH011,SouthEast Warehouse 011,SouthEast,116,29,2358.79,106,1,2026-05-24T00:00:00+07:00
INV-002739,SKU-0239,Electronics Item 0239,Electronics,WH011,SouthEast Warehouse 011,SouthEast,347,70,915.43,106,1,2026-05-24T00:00:00+07:00
INV-002740,SKU-0240,Home Item 0240,Home,WH011,SouthEast Warehouse 011,SouthEast,601,76,1525.56,102,1,2026-05-24T00:00:00+07:00
INV-002741,SKU-0241,Grocery Item 0241,Grocery,WH011,SouthEast Warehouse 011,SouthEast,786,8,2082.97,79,1,2026-05-24T00:00:00+07:00
INV-002742,SKU-0242,Fashion Item 0242,Fashion,WH011,SouthEast Warehouse 011,SouthEast,696,70,944.25,93,1,2026-05-24T00:00:00+07:00
INV-002743,SKU-0243,Industrial Item 0243,Industrial,WH011,SouthEast Warehouse 011,SouthEast,219,34,1551.00,86,1,2026-05-24T00:00:00+07:00
INV-002744,SKU-0244,Electronics Item 0244,Electronics,WH011,SouthEast Warehouse 011,SouthEast,95,11,74.46,66,1,2026-05-24T00:00:00+07:00
INV-002745,SKU-0245,Home Item 0245,Home,WH011,SouthEast Warehouse 011,SouthEast,363,40,563.31,54,1,2026-05-24T00:00:00+07:00
INV-002746,SKU-0246,Grocery Item 0246,Grocery,WH011,SouthEast Warehouse 011,SouthEast,495,3,478.77,113,1,2026-05-24T00:00:00+07:00
INV-002747,SKU-0247,Fashion Item 0247,Fashion,WH011,SouthEast Warehouse 011,SouthEast,788,7,1523.19,74,1,2026-05-24T00:00:00+07:00
INV-002748,SKU-0248,Industrial Item 0248,Industrial,WH011,SouthEast Warehouse 011,SouthEast,402,79,1510.81,74,1,2026-05-24T00:00:00+07:00
INV-002749,SKU-0249,Electronics Item 0249,Electronics,WH011,SouthEast Warehouse 011,SouthEast,415,10,1781.85,83,1,2026-05-24T00:00:00+07:00
INV-002750,SKU-0250,Home Item 0250,Home,WH011,SouthEast Warehouse 011,SouthEast,316,34,607.71,57,1,2026-05-24T00:00:00+07:00
INV-002751,SKU-0001,Fashion Item 0001,Fashion,WH012,SouthEast Warehouse 012,SouthEast,357,25,2397.65,38,1,2026-05-24T00:00:00+07:00
INV-002752,SKU-0002,Industrial Item 0002,Industrial,WH012,SouthEast Warehouse 012,SouthEast,202,32,2387.13,101,1,2026-05-24T00:00:00+07:00
INV-002753,SKU-0003,Electronics Item 0003,Electronics,WH012,SouthEast Warehouse 012,SouthEast,769,40,104.48,28,1,2026-05-24T00:00:00+07:00
INV-002754,SKU-0004,Home Item 0004,Home,WH012,SouthEast Warehouse 012,SouthEast,662,35,1946.14,56,1,2026-05-24T00:00:00+07:00
INV-002755,SKU-0005,Grocery Item 0005,Grocery,WH012,SouthEast Warehouse 012,SouthEast,633,16,1761.63,84,1,2026-05-24T00:00:00+07:00
INV-002756,SKU-0006,Fashion Item 0006,Fashion,WH012,SouthEast Warehouse 012,SouthEast,291,58,1463.00,98,1,2026-05-24T00:00:00+07:00
INV-002757,SKU-0007,Industrial Item 0007,Industrial,WH012,SouthEast Warehouse 012,SouthEast,526,20,1604.15,57,1,2026-05-24T00:00:00+07:00
INV-002758,SKU-0008,Electronics Item 0008,Electronics,WH012,SouthEast Warehouse 012,SouthEast,604,19,2049.97,35,1,2026-05-24T00:00:00+07:00
INV-002759,SKU-0009,Home Item 0009,Home,WH012,SouthEast Warehouse 012,SouthEast,365,27,703.03,63,1,2026-05-24T00:00:00+07:00
INV-002760,SKU-0010,Grocery Item 0010,Grocery,WH012,SouthEast Warehouse 012,SouthEast,251,6,915.80,59,1,2026-05-24T00:00:00+07:00
INV-002761,SKU-0011,Fashion Item 0011,Fashion,WH012,SouthEast Warehouse 012,SouthEast,633,0,83.41,26,1,2026-05-24T00:00:00+07:00
INV-002762,SKU-0012,Industrial Item 0012,Industrial,WH012,SouthEast Warehouse 012,SouthEast,629,37,1325.13,61,1,2026-05-24T00:00:00+07:00
INV-002763,SKU-0013,Electronics Item 0013,Electronics,WH012,SouthEast Warehouse 012,SouthEast,239,7,1627.72,26,1,2026-05-24T00:00:00+07:00
INV-002764,SKU-0014,Home Item 0014,Home,WH012,SouthEast Warehouse 012,SouthEast,369,50,484.68,110,1,2026-05-24T00:00:00+07:00
INV-002765,SKU-0015,Grocery Item 0015,Grocery,WH012,SouthEast Warehouse 012,SouthEast,517,0,330.05,76,1,2026-05-24T00:00:00+07:00
INV-002766,SKU-0016,Fashion Item 0016,Fashion,WH012,SouthEast Warehouse 012,SouthEast,160,2,1379.86,41,1,2026-05-24T00:00:00+07:00
INV-002767,SKU-0017,Industrial Item 0017,Industrial,WH012,SouthEast Warehouse 012,SouthEast,593,22,239.22,120,1,2026-05-24T00:00:00+07:00
INV-002768,SKU-0018,Electronics Item 0018,Electronics,WH012,SouthEast Warehouse 012,SouthEast,682,43,594.56,120,1,2026-05-24T00:00:00+07:00
INV-002769,SKU-0019,Home Item 0019,Home,WH012,SouthEast Warehouse 012,SouthEast,785,45,422.22,95,1,2026-05-24T00:00:00+07:00
INV-002770,SKU-0020,Grocery Item 0020,Grocery,WH012,SouthEast Warehouse 012,SouthEast,700,36,708.33,82,1,2026-05-24T00:00:00+07:00
INV-002771,SKU-0021,Fashion Item 0021,Fashion,WH012,SouthEast Warehouse 012,SouthEast,266,55,1047.09,67,1,2026-05-24T00:00:00+07:00
INV-002772,SKU-0022,Industrial Item 0022,Industrial,WH012,SouthEast Warehouse 012,SouthEast,638,28,213.07,115,1,2026-05-24T00:00:00+07:00
INV-002773,SKU-0023,Electronics Item 0023,Electronics,WH012,SouthEast Warehouse 012,SouthEast,332,48,94.91,56,1,2026-05-24T00:00:00+07:00
INV-002774,SKU-0024,Home Item 0024,Home,WH012,SouthEast Warehouse 012,SouthEast,502,32,832.38,119,1,2026-05-24T00:00:00+07:00
INV-002775,SKU-0025,Grocery Item 0025,Grocery,WH012,SouthEast Warehouse 012,SouthEast,80,5,602.74,94,1,2026-05-24T00:00:00+07:00
INV-002776,SKU-0026,Fashion Item 0026,Fashion,WH012,SouthEast Warehouse 012,SouthEast,537,47,297.34,28,1,2026-05-24T00:00:00+07:00
INV-002777,SKU-0027,Industrial Item 0027,Industrial,WH012,SouthEast Warehouse 012,SouthEast,588,40,664.82,35,1,2026-05-24T00:00:00+07:00
INV-002778,SKU-0028,Electronics Item 0028,Electronics,WH012,SouthEast Warehouse 012,SouthEast,407,79,1215.32,71,1,2026-05-24T00:00:00+07:00
INV-002779,SKU-0029,Home Item 0029,Home,WH012,SouthEast Warehouse 012,SouthEast,418,57,1549.93,68,1,2026-05-24T00:00:00+07:00
INV-002780,SKU-0030,Grocery Item 0030,Grocery,WH012,SouthEast Warehouse 012,SouthEast,427,52,1832.15,119,1,2026-05-24T00:00:00+07:00
INV-002781,SKU-0031,Fashion Item 0031,Fashion,WH012,SouthEast Warehouse 012,SouthEast,738,38,2324.53,29,1,2026-05-24T00:00:00+07:00
INV-002782,SKU-0032,Industrial Item 0032,Industrial,WH012,SouthEast Warehouse 012,SouthEast,423,10,931.08,106,1,2026-05-24T00:00:00+07:00
INV-002783,SKU-0033,Electronics Item 0033,Electronics,WH012,SouthEast Warehouse 012,SouthEast,762,28,1879.06,110,1,2026-05-24T00:00:00+07:00
INV-002784,SKU-0034,Home Item 0034,Home,WH012,SouthEast Warehouse 012,SouthEast,313,5,722.07,67,1,2026-05-24T00:00:00+07:00
INV-002785,SKU-0035,Grocery Item 0035,Grocery,WH012,SouthEast Warehouse 012,SouthEast,141,28,662.79,26,1,2026-05-24T00:00:00+07:00
INV-002786,SKU-0036,Fashion Item 0036,Fashion,WH012,SouthEast Warehouse 012,SouthEast,242,24,614.19,106,1,2026-05-24T00:00:00+07:00
INV-002787,SKU-0037,Industrial Item 0037,Industrial,WH012,SouthEast Warehouse 012,SouthEast,713,76,588.53,27,1,2026-05-24T00:00:00+07:00
INV-002788,SKU-0038,Electronics Item 0038,Electronics,WH012,SouthEast Warehouse 012,SouthEast,191,9,447.45,59,1,2026-05-24T00:00:00+07:00
INV-002789,SKU-0039,Home Item 0039,Home,WH012,SouthEast Warehouse 012,SouthEast,763,34,528.30,38,1,2026-05-24T00:00:00+07:00
INV-002790,SKU-0040,Grocery Item 0040,Grocery,WH012,SouthEast Warehouse 012,SouthEast,605,38,1179.73,83,1,2026-05-24T00:00:00+07:00
INV-002791,SKU-0041,Fashion Item 0041,Fashion,WH012,SouthEast Warehouse 012,SouthEast,572,20,1733.84,73,1,2026-05-24T00:00:00+07:00
INV-002792,SKU-0042,Industrial Item 0042,Industrial,WH012,SouthEast Warehouse 012,SouthEast,565,43,415.45,25,1,2026-05-24T00:00:00+07:00
INV-002793,SKU-0043,Electronics Item 0043,Electronics,WH012,SouthEast Warehouse 012,SouthEast,637,61,2018.44,86,1,2026-05-24T00:00:00+07:00
INV-002794,SKU-0044,Home Item 0044,Home,WH012,SouthEast Warehouse 012,SouthEast,354,32,1059.76,48,1,2026-05-24T00:00:00+07:00
INV-002795,SKU-0045,Grocery Item 0045,Grocery,WH012,SouthEast Warehouse 012,SouthEast,418,31,403.26,29,1,2026-05-24T00:00:00+07:00
INV-002796,SKU-0046,Fashion Item 0046,Fashion,WH012,SouthEast Warehouse 012,SouthEast,733,25,1469.71,32,1,2026-05-24T00:00:00+07:00
INV-002797,SKU-0047,Industrial Item 0047,Industrial,WH012,SouthEast Warehouse 012,SouthEast,576,61,472.65,106,1,2026-05-24T00:00:00+07:00
INV-002798,SKU-0048,Electronics Item 0048,Electronics,WH012,SouthEast Warehouse 012,SouthEast,415,15,2316.10,105,1,2026-05-24T00:00:00+07:00
INV-002799,SKU-0049,Home Item 0049,Home,WH012,SouthEast Warehouse 012,SouthEast,756,56,925.65,25,1,2026-05-24T00:00:00+07:00
INV-002800,SKU-0050,Grocery Item 0050,Grocery,WH012,SouthEast Warehouse 012,SouthEast,104,24,2349.12,44,1,2026-05-24T00:00:00+07:00
INV-002801,SKU-0051,Fashion Item 0051,Fashion,WH012,SouthEast Warehouse 012,SouthEast,296,45,1487.50,71,1,2026-05-24T00:00:00+07:00
INV-002802,SKU-0052,Industrial Item 0052,Industrial,WH012,SouthEast Warehouse 012,SouthEast,320,58,868.80,30,1,2026-05-24T00:00:00+07:00
INV-002803,SKU-0053,Electronics Item 0053,Electronics,WH012,SouthEast Warehouse 012,SouthEast,338,64,2453.17,41,1,2026-05-24T00:00:00+07:00
INV-002804,SKU-0054,Home Item 0054,Home,WH012,SouthEast Warehouse 012,SouthEast,147,11,1926.97,105,1,2026-05-24T00:00:00+07:00
INV-002805,SKU-0055,Grocery Item 0055,Grocery,WH012,SouthEast Warehouse 012,SouthEast,363,68,221.07,35,1,2026-05-24T00:00:00+07:00
INV-002806,SKU-0056,Fashion Item 0056,Fashion,WH012,SouthEast Warehouse 012,SouthEast,398,62,1698.91,111,1,2026-05-24T00:00:00+07:00
INV-002807,SKU-0057,Industrial Item 0057,Industrial,WH012,SouthEast Warehouse 012,SouthEast,320,2,1440.94,25,1,2026-05-24T00:00:00+07:00
INV-002808,SKU-0058,Electronics Item 0058,Electronics,WH012,SouthEast Warehouse 012,SouthEast,235,18,1590.05,120,1,2026-05-24T00:00:00+07:00
INV-002809,SKU-0059,Home Item 0059,Home,WH012,SouthEast Warehouse 012,SouthEast,117,15,1633.66,118,1,2026-05-24T00:00:00+07:00
INV-002810,SKU-0060,Grocery Item 0060,Grocery,WH012,SouthEast Warehouse 012,SouthEast,661,60,658.82,38,1,2026-05-24T00:00:00+07:00
INV-002811,SKU-0061,Fashion Item 0061,Fashion,WH012,SouthEast Warehouse 012,SouthEast,498,9,516.30,62,1,2026-05-24T00:00:00+07:00
INV-002812,SKU-0062,Industrial Item 0062,Industrial,WH012,SouthEast Warehouse 012,SouthEast,695,33,2095.17,99,1,2026-05-24T00:00:00+07:00
INV-002813,SKU-0063,Electronics Item 0063,Electronics,WH012,SouthEast Warehouse 012,SouthEast,500,39,624.01,82,1,2026-05-24T00:00:00+07:00
INV-002814,SKU-0064,Home Item 0064,Home,WH012,SouthEast Warehouse 012,SouthEast,390,43,1277.79,96,1,2026-05-24T00:00:00+07:00
INV-002815,SKU-0065,Grocery Item 0065,Grocery,WH012,SouthEast Warehouse 012,SouthEast,775,13,552.76,41,1,2026-05-24T00:00:00+07:00
INV-002816,SKU-0066,Fashion Item 0066,Fashion,WH012,SouthEast Warehouse 012,SouthEast,88,14,520.76,96,1,2026-05-24T00:00:00+07:00
INV-002817,SKU-0067,Industrial Item 0067,Industrial,WH012,SouthEast Warehouse 012,SouthEast,133,3,65.23,64,1,2026-05-24T00:00:00+07:00
INV-002818,SKU-0068,Electronics Item 0068,Electronics,WH012,SouthEast Warehouse 012,SouthEast,214,26,1023.68,25,1,2026-05-24T00:00:00+07:00
INV-002819,SKU-0069,Home Item 0069,Home,WH012,SouthEast Warehouse 012,SouthEast,121,4,47.01,30,1,2026-05-24T00:00:00+07:00
INV-002820,SKU-0070,Grocery Item 0070,Grocery,WH012,SouthEast Warehouse 012,SouthEast,91,11,1849.34,55,1,2026-05-24T00:00:00+07:00
INV-002821,SKU-0071,Fashion Item 0071,Fashion,WH012,SouthEast Warehouse 012,SouthEast,579,61,2072.78,74,1,2026-05-24T00:00:00+07:00
INV-002822,SKU-0072,Industrial Item 0072,Industrial,WH012,SouthEast Warehouse 012,SouthEast,272,44,2120.09,80,1,2026-05-24T00:00:00+07:00
INV-002823,SKU-0073,Electronics Item 0073,Electronics,WH012,SouthEast Warehouse 012,SouthEast,631,73,1521.59,106,1,2026-05-24T00:00:00+07:00
INV-002824,SKU-0074,Home Item 0074,Home,WH012,SouthEast Warehouse 012,SouthEast,718,26,55.50,33,1,2026-05-24T00:00:00+07:00
INV-002825,SKU-0075,Grocery Item 0075,Grocery,WH012,SouthEast Warehouse 012,SouthEast,709,26,22.36,102,1,2026-05-24T00:00:00+07:00
INV-002826,SKU-0076,Fashion Item 0076,Fashion,WH012,SouthEast Warehouse 012,SouthEast,789,62,461.80,59,1,2026-05-24T00:00:00+07:00
INV-002827,SKU-0077,Industrial Item 0077,Industrial,WH012,SouthEast Warehouse 012,SouthEast,601,57,1056.50,107,1,2026-05-24T00:00:00+07:00
INV-002828,SKU-0078,Electronics Item 0078,Electronics,WH012,SouthEast Warehouse 012,SouthEast,561,44,1929.21,26,1,2026-05-24T00:00:00+07:00
INV-002829,SKU-0079,Home Item 0079,Home,WH012,SouthEast Warehouse 012,SouthEast,417,24,672.95,64,1,2026-05-24T00:00:00+07:00
INV-002830,SKU-0080,Grocery Item 0080,Grocery,WH012,SouthEast Warehouse 012,SouthEast,195,9,2358.11,101,1,2026-05-24T00:00:00+07:00
INV-002831,SKU-0081,Fashion Item 0081,Fashion,WH012,SouthEast Warehouse 012,SouthEast,525,4,1895.31,95,1,2026-05-24T00:00:00+07:00
INV-002832,SKU-0082,Industrial Item 0082,Industrial,WH012,SouthEast Warehouse 012,SouthEast,380,66,2125.52,97,1,2026-05-24T00:00:00+07:00
INV-002833,SKU-0083,Electronics Item 0083,Electronics,WH012,SouthEast Warehouse 012,SouthEast,766,32,191.85,68,1,2026-05-24T00:00:00+07:00
INV-002834,SKU-0084,Home Item 0084,Home,WH012,SouthEast Warehouse 012,SouthEast,482,77,1281.13,87,1,2026-05-24T00:00:00+07:00
INV-002835,SKU-0085,Grocery Item 0085,Grocery,WH012,SouthEast Warehouse 012,SouthEast,363,45,1663.20,108,1,2026-05-24T00:00:00+07:00
INV-002836,SKU-0086,Fashion Item 0086,Fashion,WH012,SouthEast Warehouse 012,SouthEast,538,61,1067.27,112,1,2026-05-24T00:00:00+07:00
INV-002837,SKU-0087,Industrial Item 0087,Industrial,WH012,SouthEast Warehouse 012,SouthEast,750,49,176.98,89,1,2026-05-24T00:00:00+07:00
INV-002838,SKU-0088,Electronics Item 0088,Electronics,WH012,SouthEast Warehouse 012,SouthEast,322,64,973.71,31,1,2026-05-24T00:00:00+07:00
INV-002839,SKU-0089,Home Item 0089,Home,WH012,SouthEast Warehouse 012,SouthEast,723,68,1051.92,112,1,2026-05-24T00:00:00+07:00
INV-002840,SKU-0090,Grocery Item 0090,Grocery,WH012,SouthEast Warehouse 012,SouthEast,375,79,2412.05,27,1,2026-05-24T00:00:00+07:00
INV-002841,SKU-0091,Fashion Item 0091,Fashion,WH012,SouthEast Warehouse 012,SouthEast,499,46,1431.90,39,1,2026-05-24T00:00:00+07:00
INV-002842,SKU-0092,Industrial Item 0092,Industrial,WH012,SouthEast Warehouse 012,SouthEast,259,3,1451.92,113,1,2026-05-24T00:00:00+07:00
INV-002843,SKU-0093,Electronics Item 0093,Electronics,WH012,SouthEast Warehouse 012,SouthEast,233,43,613.74,116,1,2026-05-24T00:00:00+07:00
INV-002844,SKU-0094,Home Item 0094,Home,WH012,SouthEast Warehouse 012,SouthEast,223,39,1101.63,91,1,2026-05-24T00:00:00+07:00
INV-002845,SKU-0095,Grocery Item 0095,Grocery,WH012,SouthEast Warehouse 012,SouthEast,529,60,1584.74,48,1,2026-05-24T00:00:00+07:00
INV-002846,SKU-0096,Fashion Item 0096,Fashion,WH012,SouthEast Warehouse 012,SouthEast,246,0,1815.79,49,1,2026-05-24T00:00:00+07:00
INV-002847,SKU-0097,Industrial Item 0097,Industrial,WH012,SouthEast Warehouse 012,SouthEast,308,39,915.03,71,1,2026-05-24T00:00:00+07:00
INV-002848,SKU-0098,Electronics Item 0098,Electronics,WH012,SouthEast Warehouse 012,SouthEast,203,12,1639.27,92,1,2026-05-24T00:00:00+07:00
INV-002849,SKU-0099,Home Item 0099,Home,WH012,SouthEast Warehouse 012,SouthEast,108,1,327.98,70,1,2026-05-24T00:00:00+07:00
INV-002850,SKU-0100,Grocery Item 0100,Grocery,WH012,SouthEast Warehouse 012,SouthEast,535,13,2090.56,86,1,2026-05-24T00:00:00+07:00
INV-002851,SKU-0101,Fashion Item 0101,Fashion,WH012,SouthEast Warehouse 012,SouthEast,493,33,2489.73,30,1,2026-05-24T00:00:00+07:00
INV-002852,SKU-0102,Industrial Item 0102,Industrial,WH012,SouthEast Warehouse 012,SouthEast,120,22,1949.79,28,1,2026-05-24T00:00:00+07:00
INV-002853,SKU-0103,Electronics Item 0103,Electronics,WH012,SouthEast Warehouse 012,SouthEast,554,29,1289.41,43,1,2026-05-24T00:00:00+07:00
INV-002854,SKU-0104,Home Item 0104,Home,WH012,SouthEast Warehouse 012,SouthEast,197,23,2087.67,98,1,2026-05-24T00:00:00+07:00
INV-002855,SKU-0105,Grocery Item 0105,Grocery,WH012,SouthEast Warehouse 012,SouthEast,125,28,513.74,76,1,2026-05-24T00:00:00+07:00
INV-002856,SKU-0106,Fashion Item 0106,Fashion,WH012,SouthEast Warehouse 012,SouthEast,713,7,391.43,40,1,2026-05-24T00:00:00+07:00
INV-002857,SKU-0107,Industrial Item 0107,Industrial,WH012,SouthEast Warehouse 012,SouthEast,150,34,2092.15,105,1,2026-05-24T00:00:00+07:00
INV-002858,SKU-0108,Electronics Item 0108,Electronics,WH012,SouthEast Warehouse 012,SouthEast,753,79,659.33,42,1,2026-05-24T00:00:00+07:00
INV-002859,SKU-0109,Home Item 0109,Home,WH012,SouthEast Warehouse 012,SouthEast,129,30,1937.20,70,1,2026-05-24T00:00:00+07:00
INV-002860,SKU-0110,Grocery Item 0110,Grocery,WH012,SouthEast Warehouse 012,SouthEast,563,46,914.23,118,1,2026-05-24T00:00:00+07:00
INV-002861,SKU-0111,Fashion Item 0111,Fashion,WH012,SouthEast Warehouse 012,SouthEast,374,58,268.99,107,1,2026-05-24T00:00:00+07:00
INV-002862,SKU-0112,Industrial Item 0112,Industrial,WH012,SouthEast Warehouse 012,SouthEast,174,18,657.66,97,1,2026-05-24T00:00:00+07:00
INV-002863,SKU-0113,Electronics Item 0113,Electronics,WH012,SouthEast Warehouse 012,SouthEast,321,61,957.40,105,1,2026-05-24T00:00:00+07:00
INV-002864,SKU-0114,Home Item 0114,Home,WH012,SouthEast Warehouse 012,SouthEast,427,48,629.50,73,1,2026-05-24T00:00:00+07:00
INV-002865,SKU-0115,Grocery Item 0115,Grocery,WH012,SouthEast Warehouse 012,SouthEast,328,15,1195.74,48,1,2026-05-24T00:00:00+07:00
INV-002866,SKU-0116,Fashion Item 0116,Fashion,WH012,SouthEast Warehouse 012,SouthEast,547,25,2467.15,76,1,2026-05-24T00:00:00+07:00
INV-002867,SKU-0117,Industrial Item 0117,Industrial,WH012,SouthEast Warehouse 012,SouthEast,767,43,620.79,32,1,2026-05-24T00:00:00+07:00
INV-002868,SKU-0118,Electronics Item 0118,Electronics,WH012,SouthEast Warehouse 012,SouthEast,283,58,1360.23,71,1,2026-05-24T00:00:00+07:00
INV-002869,SKU-0119,Home Item 0119,Home,WH012,SouthEast Warehouse 012,SouthEast,483,54,2050.61,50,1,2026-05-24T00:00:00+07:00
INV-002870,SKU-0120,Grocery Item 0120,Grocery,WH012,SouthEast Warehouse 012,SouthEast,178,1,1531.04,66,1,2026-05-24T00:00:00+07:00
INV-002871,SKU-0121,Fashion Item 0121,Fashion,WH012,SouthEast Warehouse 012,SouthEast,323,2,558.94,75,1,2026-05-24T00:00:00+07:00
INV-002872,SKU-0122,Industrial Item 0122,Industrial,WH012,SouthEast Warehouse 012,SouthEast,655,67,833.89,97,1,2026-05-24T00:00:00+07:00
INV-002873,SKU-0123,Electronics Item 0123,Electronics,WH012,SouthEast Warehouse 012,SouthEast,502,79,121.44,91,1,2026-05-24T00:00:00+07:00
INV-002874,SKU-0124,Home Item 0124,Home,WH012,SouthEast Warehouse 012,SouthEast,484,38,1287.25,45,1,2026-05-24T00:00:00+07:00
INV-002875,SKU-0125,Grocery Item 0125,Grocery,WH012,SouthEast Warehouse 012,SouthEast,151,28,59.22,32,1,2026-05-24T00:00:00+07:00
INV-002876,SKU-0126,Fashion Item 0126,Fashion,WH012,SouthEast Warehouse 012,SouthEast,331,2,1588.37,113,1,2026-05-24T00:00:00+07:00
INV-002877,SKU-0127,Industrial Item 0127,Industrial,WH012,SouthEast Warehouse 012,SouthEast,593,1,268.07,71,1,2026-05-24T00:00:00+07:00
INV-002878,SKU-0128,Electronics Item 0128,Electronics,WH012,SouthEast Warehouse 012,SouthEast,335,6,1846.05,57,1,2026-05-24T00:00:00+07:00
INV-002879,SKU-0129,Home Item 0129,Home,WH012,SouthEast Warehouse 012,SouthEast,747,61,1016.30,72,1,2026-05-24T00:00:00+07:00
INV-002880,SKU-0130,Grocery Item 0130,Grocery,WH012,SouthEast Warehouse 012,SouthEast,192,1,610.51,31,1,2026-05-24T00:00:00+07:00
INV-002881,SKU-0131,Fashion Item 0131,Fashion,WH012,SouthEast Warehouse 012,SouthEast,403,57,864.62,49,1,2026-05-24T00:00:00+07:00
INV-002882,SKU-0132,Industrial Item 0132,Industrial,WH012,SouthEast Warehouse 012,SouthEast,307,19,1773.85,83,1,2026-05-24T00:00:00+07:00
INV-002883,SKU-0133,Electronics Item 0133,Electronics,WH012,SouthEast Warehouse 012,SouthEast,153,0,490.95,108,1,2026-05-24T00:00:00+07:00
INV-002884,SKU-0134,Home Item 0134,Home,WH012,SouthEast Warehouse 012,SouthEast,92,9,512.11,114,1,2026-05-24T00:00:00+07:00
INV-002885,SKU-0135,Grocery Item 0135,Grocery,WH012,SouthEast Warehouse 012,SouthEast,133,10,1811.42,102,1,2026-05-24T00:00:00+07:00
INV-002886,SKU-0136,Fashion Item 0136,Fashion,WH012,SouthEast Warehouse 012,SouthEast,623,27,1721.85,96,1,2026-05-24T00:00:00+07:00
INV-002887,SKU-0137,Industrial Item 0137,Industrial,WH012,SouthEast Warehouse 012,SouthEast,361,65,1850.71,82,1,2026-05-24T00:00:00+07:00
INV-002888,SKU-0138,Electronics Item 0138,Electronics,WH012,SouthEast Warehouse 012,SouthEast,409,67,660.83,103,1,2026-05-24T00:00:00+07:00
INV-002889,SKU-0139,Home Item 0139,Home,WH012,SouthEast Warehouse 012,SouthEast,577,28,2237.08,29,1,2026-05-24T00:00:00+07:00
INV-002890,SKU-0140,Grocery Item 0140,Grocery,WH012,SouthEast Warehouse 012,SouthEast,346,70,1971.52,80,1,2026-05-24T00:00:00+07:00
INV-002891,SKU-0141,Fashion Item 0141,Fashion,WH012,SouthEast Warehouse 012,SouthEast,225,15,654.06,100,1,2026-05-24T00:00:00+07:00
INV-002892,SKU-0142,Industrial Item 0142,Industrial,WH012,SouthEast Warehouse 012,SouthEast,270,64,2305.06,70,1,2026-05-24T00:00:00+07:00
INV-002893,SKU-0143,Electronics Item 0143,Electronics,WH012,SouthEast Warehouse 012,SouthEast,227,11,1191.30,58,1,2026-05-24T00:00:00+07:00
INV-002894,SKU-0144,Home Item 0144,Home,WH012,SouthEast Warehouse 012,SouthEast,689,12,1618.64,73,1,2026-05-24T00:00:00+07:00
INV-002895,SKU-0145,Grocery Item 0145,Grocery,WH012,SouthEast Warehouse 012,SouthEast,87,18,509.36,115,1,2026-05-24T00:00:00+07:00
INV-002896,SKU-0146,Fashion Item 0146,Fashion,WH012,SouthEast Warehouse 012,SouthEast,305,43,1214.04,76,1,2026-05-24T00:00:00+07:00
INV-002897,SKU-0147,Industrial Item 0147,Industrial,WH012,SouthEast Warehouse 012,SouthEast,683,60,732.23,112,1,2026-05-24T00:00:00+07:00
INV-002898,SKU-0148,Electronics Item 0148,Electronics,WH012,SouthEast Warehouse 012,SouthEast,476,43,582.72,27,1,2026-05-24T00:00:00+07:00
INV-002899,SKU-0149,Home Item 0149,Home,WH012,SouthEast Warehouse 012,SouthEast,442,56,2338.32,103,1,2026-05-24T00:00:00+07:00
INV-002900,SKU-0150,Grocery Item 0150,Grocery,WH012,SouthEast Warehouse 012,SouthEast,710,64,83.61,40,1,2026-05-24T00:00:00+07:00
INV-002901,SKU-0151,Fashion Item 0151,Fashion,WH012,SouthEast Warehouse 012,SouthEast,257,53,1135.81,63,1,2026-05-24T00:00:00+07:00
INV-002902,SKU-0152,Industrial Item 0152,Industrial,WH012,SouthEast Warehouse 012,SouthEast,612,78,1306.84,81,1,2026-05-24T00:00:00+07:00
INV-002903,SKU-0153,Electronics Item 0153,Electronics,WH012,SouthEast Warehouse 012,SouthEast,199,4,2317.03,92,1,2026-05-24T00:00:00+07:00
INV-002904,SKU-0154,Home Item 0154,Home,WH012,SouthEast Warehouse 012,SouthEast,125,14,337.59,111,1,2026-05-24T00:00:00+07:00
INV-002905,SKU-0155,Grocery Item 0155,Grocery,WH012,SouthEast Warehouse 012,SouthEast,172,33,875.02,53,1,2026-05-24T00:00:00+07:00
INV-002906,SKU-0156,Fashion Item 0156,Fashion,WH012,SouthEast Warehouse 012,SouthEast,676,77,993.21,68,1,2026-05-24T00:00:00+07:00
INV-002907,SKU-0157,Industrial Item 0157,Industrial,WH012,SouthEast Warehouse 012,SouthEast,786,49,1972.98,27,1,2026-05-24T00:00:00+07:00
INV-002908,SKU-0158,Electronics Item 0158,Electronics,WH012,SouthEast Warehouse 012,SouthEast,343,34,1968.37,84,1,2026-05-24T00:00:00+07:00
INV-002909,SKU-0159,Home Item 0159,Home,WH012,SouthEast Warehouse 012,SouthEast,546,34,67.95,84,1,2026-05-24T00:00:00+07:00
INV-002910,SKU-0160,Grocery Item 0160,Grocery,WH012,SouthEast Warehouse 012,SouthEast,653,28,1744.66,68,1,2026-05-24T00:00:00+07:00
INV-002911,SKU-0161,Fashion Item 0161,Fashion,WH012,SouthEast Warehouse 012,SouthEast,185,42,1750.48,101,1,2026-05-24T00:00:00+07:00
INV-002912,SKU-0162,Industrial Item 0162,Industrial,WH012,SouthEast Warehouse 012,SouthEast,301,71,2216.96,82,1,2026-05-24T00:00:00+07:00
INV-002913,SKU-0163,Electronics Item 0163,Electronics,WH012,SouthEast Warehouse 012,SouthEast,242,2,2082.83,26,1,2026-05-24T00:00:00+07:00
INV-002914,SKU-0164,Home Item 0164,Home,WH012,SouthEast Warehouse 012,SouthEast,746,24,1910.53,63,1,2026-05-24T00:00:00+07:00
INV-002915,SKU-0165,Grocery Item 0165,Grocery,WH012,SouthEast Warehouse 012,SouthEast,290,39,1136.21,62,1,2026-05-24T00:00:00+07:00
INV-002916,SKU-0166,Fashion Item 0166,Fashion,WH012,SouthEast Warehouse 012,SouthEast,549,7,777.44,27,1,2026-05-24T00:00:00+07:00
INV-002917,SKU-0167,Industrial Item 0167,Industrial,WH012,SouthEast Warehouse 012,SouthEast,718,21,271.34,30,1,2026-05-24T00:00:00+07:00
INV-002918,SKU-0168,Electronics Item 0168,Electronics,WH012,SouthEast Warehouse 012,SouthEast,624,24,2394.67,86,1,2026-05-24T00:00:00+07:00
INV-002919,SKU-0169,Home Item 0169,Home,WH012,SouthEast Warehouse 012,SouthEast,553,67,348.63,78,1,2026-05-24T00:00:00+07:00
INV-002920,SKU-0170,Grocery Item 0170,Grocery,WH012,SouthEast Warehouse 012,SouthEast,422,15,1185.84,82,1,2026-05-24T00:00:00+07:00
INV-002921,SKU-0171,Fashion Item 0171,Fashion,WH012,SouthEast Warehouse 012,SouthEast,569,61,615.27,75,1,2026-05-24T00:00:00+07:00
INV-002922,SKU-0172,Industrial Item 0172,Industrial,WH012,SouthEast Warehouse 012,SouthEast,226,35,273.36,37,1,2026-05-24T00:00:00+07:00
INV-002923,SKU-0173,Electronics Item 0173,Electronics,WH012,SouthEast Warehouse 012,SouthEast,271,56,710.45,89,1,2026-05-24T00:00:00+07:00
INV-002924,SKU-0174,Home Item 0174,Home,WH012,SouthEast Warehouse 012,SouthEast,596,71,1307.48,119,1,2026-05-24T00:00:00+07:00
INV-002925,SKU-0175,Grocery Item 0175,Grocery,WH012,SouthEast Warehouse 012,SouthEast,701,56,2219.96,51,1,2026-05-24T00:00:00+07:00
INV-002926,SKU-0176,Fashion Item 0176,Fashion,WH012,SouthEast Warehouse 012,SouthEast,334,40,1819.06,84,1,2026-05-24T00:00:00+07:00
INV-002927,SKU-0177,Industrial Item 0177,Industrial,WH012,SouthEast Warehouse 012,SouthEast,786,25,1634.98,118,1,2026-05-24T00:00:00+07:00
INV-002928,SKU-0178,Electronics Item 0178,Electronics,WH012,SouthEast Warehouse 012,SouthEast,354,72,1226.42,60,1,2026-05-24T00:00:00+07:00
INV-002929,SKU-0179,Home Item 0179,Home,WH012,SouthEast Warehouse 012,SouthEast,186,14,779.16,119,1,2026-05-24T00:00:00+07:00
INV-002930,SKU-0180,Grocery Item 0180,Grocery,WH012,SouthEast Warehouse 012,SouthEast,268,1,2439.67,29,1,2026-05-24T00:00:00+07:00
INV-002931,SKU-0181,Fashion Item 0181,Fashion,WH012,SouthEast Warehouse 012,SouthEast,476,9,1377.06,78,1,2026-05-24T00:00:00+07:00
INV-002932,SKU-0182,Industrial Item 0182,Industrial,WH012,SouthEast Warehouse 012,SouthEast,95,11,2120.13,92,1,2026-05-24T00:00:00+07:00
INV-002933,SKU-0183,Electronics Item 0183,Electronics,WH012,SouthEast Warehouse 012,SouthEast,204,22,2068.45,57,1,2026-05-24T00:00:00+07:00
INV-002934,SKU-0184,Home Item 0184,Home,WH012,SouthEast Warehouse 012,SouthEast,704,28,351.31,78,1,2026-05-24T00:00:00+07:00
INV-002935,SKU-0185,Grocery Item 0185,Grocery,WH012,SouthEast Warehouse 012,SouthEast,605,43,1976.05,54,1,2026-05-24T00:00:00+07:00
INV-002936,SKU-0186,Fashion Item 0186,Fashion,WH012,SouthEast Warehouse 012,SouthEast,317,61,1632.18,45,1,2026-05-24T00:00:00+07:00
INV-002937,SKU-0187,Industrial Item 0187,Industrial,WH012,SouthEast Warehouse 012,SouthEast,364,52,1661.98,62,1,2026-05-24T00:00:00+07:00
INV-002938,SKU-0188,Electronics Item 0188,Electronics,WH012,SouthEast Warehouse 012,SouthEast,87,17,1193.53,82,1,2026-05-24T00:00:00+07:00
INV-002939,SKU-0189,Home Item 0189,Home,WH012,SouthEast Warehouse 012,SouthEast,231,6,1121.34,85,1,2026-05-24T00:00:00+07:00
INV-002940,SKU-0190,Grocery Item 0190,Grocery,WH012,SouthEast Warehouse 012,SouthEast,672,67,1904.76,57,1,2026-05-24T00:00:00+07:00
INV-002941,SKU-0191,Fashion Item 0191,Fashion,WH012,SouthEast Warehouse 012,SouthEast,98,16,1741.44,103,1,2026-05-24T00:00:00+07:00
INV-002942,SKU-0192,Industrial Item 0192,Industrial,WH012,SouthEast Warehouse 012,SouthEast,461,50,149.52,94,1,2026-05-24T00:00:00+07:00
INV-002943,SKU-0193,Electronics Item 0193,Electronics,WH012,SouthEast Warehouse 012,SouthEast,699,78,1815.32,113,1,2026-05-24T00:00:00+07:00
INV-002944,SKU-0194,Home Item 0194,Home,WH012,SouthEast Warehouse 012,SouthEast,643,25,860.64,105,1,2026-05-24T00:00:00+07:00
INV-002945,SKU-0195,Grocery Item 0195,Grocery,WH012,SouthEast Warehouse 012,SouthEast,107,24,1408.35,85,1,2026-05-24T00:00:00+07:00
INV-002946,SKU-0196,Fashion Item 0196,Fashion,WH012,SouthEast Warehouse 012,SouthEast,564,41,1404.99,110,1,2026-05-24T00:00:00+07:00
INV-002947,SKU-0197,Industrial Item 0197,Industrial,WH012,SouthEast Warehouse 012,SouthEast,443,57,2096.25,103,1,2026-05-24T00:00:00+07:00
INV-002948,SKU-0198,Electronics Item 0198,Electronics,WH012,SouthEast Warehouse 012,SouthEast,376,3,1678.61,59,1,2026-05-24T00:00:00+07:00
INV-002949,SKU-0199,Home Item 0199,Home,WH012,SouthEast Warehouse 012,SouthEast,639,65,209.90,48,1,2026-05-24T00:00:00+07:00
INV-002950,SKU-0200,Grocery Item 0200,Grocery,WH012,SouthEast Warehouse 012,SouthEast,679,38,1079.87,86,1,2026-05-24T00:00:00+07:00
INV-002951,SKU-0201,Fashion Item 0201,Fashion,WH012,SouthEast Warehouse 012,SouthEast,395,61,2466.19,85,1,2026-05-24T00:00:00+07:00
INV-002952,SKU-0202,Industrial Item 0202,Industrial,WH012,SouthEast Warehouse 012,SouthEast,768,46,723.25,44,1,2026-05-24T00:00:00+07:00
INV-002953,SKU-0203,Electronics Item 0203,Electronics,WH012,SouthEast Warehouse 012,SouthEast,608,60,2073.11,82,1,2026-05-24T00:00:00+07:00
INV-002954,SKU-0204,Home Item 0204,Home,WH012,SouthEast Warehouse 012,SouthEast,404,75,1812.90,112,1,2026-05-24T00:00:00+07:00
INV-002955,SKU-0205,Grocery Item 0205,Grocery,WH012,SouthEast Warehouse 012,SouthEast,775,65,1926.28,120,1,2026-05-24T00:00:00+07:00
INV-002956,SKU-0206,Fashion Item 0206,Fashion,WH012,SouthEast Warehouse 012,SouthEast,455,16,278.03,120,1,2026-05-24T00:00:00+07:00
INV-002957,SKU-0207,Industrial Item 0207,Industrial,WH012,SouthEast Warehouse 012,SouthEast,109,23,659.70,33,1,2026-05-24T00:00:00+07:00
INV-002958,SKU-0208,Electronics Item 0208,Electronics,WH012,SouthEast Warehouse 012,SouthEast,361,7,970.67,74,1,2026-05-24T00:00:00+07:00
INV-002959,SKU-0209,Home Item 0209,Home,WH012,SouthEast Warehouse 012,SouthEast,379,18,1718.35,60,1,2026-05-24T00:00:00+07:00
INV-002960,SKU-0210,Grocery Item 0210,Grocery,WH012,SouthEast Warehouse 012,SouthEast,306,11,607.79,37,1,2026-05-24T00:00:00+07:00
INV-002961,SKU-0211,Fashion Item 0211,Fashion,WH012,SouthEast Warehouse 012,SouthEast,613,0,1382.55,36,1,2026-05-24T00:00:00+07:00
INV-002962,SKU-0212,Industrial Item 0212,Industrial,WH012,SouthEast Warehouse 012,SouthEast,100,19,688.61,73,1,2026-05-24T00:00:00+07:00
INV-002963,SKU-0213,Electronics Item 0213,Electronics,WH012,SouthEast Warehouse 012,SouthEast,163,11,879.67,109,1,2026-05-24T00:00:00+07:00
INV-002964,SKU-0214,Home Item 0214,Home,WH012,SouthEast Warehouse 012,SouthEast,93,0,1204.42,104,1,2026-05-24T00:00:00+07:00
INV-002965,SKU-0215,Grocery Item 0215,Grocery,WH012,SouthEast Warehouse 012,SouthEast,749,38,1467.67,103,1,2026-05-24T00:00:00+07:00
INV-002966,SKU-0216,Fashion Item 0216,Fashion,WH012,SouthEast Warehouse 012,SouthEast,698,9,1493.39,26,1,2026-05-24T00:00:00+07:00
INV-002967,SKU-0217,Industrial Item 0217,Industrial,WH012,SouthEast Warehouse 012,SouthEast,352,54,1048.01,88,1,2026-05-24T00:00:00+07:00
INV-002968,SKU-0218,Electronics Item 0218,Electronics,WH012,SouthEast Warehouse 012,SouthEast,779,56,2466.40,86,1,2026-05-24T00:00:00+07:00
INV-002969,SKU-0219,Home Item 0219,Home,WH012,SouthEast Warehouse 012,SouthEast,149,36,1533.09,111,1,2026-05-24T00:00:00+07:00
INV-002970,SKU-0220,Grocery Item 0220,Grocery,WH012,SouthEast Warehouse 012,SouthEast,592,59,2447.07,52,1,2026-05-24T00:00:00+07:00
INV-002971,SKU-0221,Fashion Item 0221,Fashion,WH012,SouthEast Warehouse 012,SouthEast,561,74,1056.91,115,1,2026-05-24T00:00:00+07:00
INV-002972,SKU-0222,Industrial Item 0222,Industrial,WH012,SouthEast Warehouse 012,SouthEast,427,19,1362.62,104,1,2026-05-24T00:00:00+07:00
INV-002973,SKU-0223,Electronics Item 0223,Electronics,WH012,SouthEast Warehouse 012,SouthEast,118,10,2244.58,109,1,2026-05-24T00:00:00+07:00
INV-002974,SKU-0224,Home Item 0224,Home,WH012,SouthEast Warehouse 012,SouthEast,301,6,2124.24,29,1,2026-05-24T00:00:00+07:00
INV-002975,SKU-0225,Grocery Item 0225,Grocery,WH012,SouthEast Warehouse 012,SouthEast,503,36,828.00,99,1,2026-05-24T00:00:00+07:00
INV-002976,SKU-0226,Fashion Item 0226,Fashion,WH012,SouthEast Warehouse 012,SouthEast,244,9,1424.90,52,1,2026-05-24T00:00:00+07:00
INV-002977,SKU-0227,Industrial Item 0227,Industrial,WH012,SouthEast Warehouse 012,SouthEast,549,60,1754.06,76,1,2026-05-24T00:00:00+07:00
INV-002978,SKU-0228,Electronics Item 0228,Electronics,WH012,SouthEast Warehouse 012,SouthEast,256,7,146.92,64,1,2026-05-24T00:00:00+07:00
INV-002979,SKU-0229,Home Item 0229,Home,WH012,SouthEast Warehouse 012,SouthEast,317,30,1841.35,93,1,2026-05-24T00:00:00+07:00
INV-002980,SKU-0230,Grocery Item 0230,Grocery,WH012,SouthEast Warehouse 012,SouthEast,432,5,1589.94,106,1,2026-05-24T00:00:00+07:00
INV-002981,SKU-0231,Fashion Item 0231,Fashion,WH012,SouthEast Warehouse 012,SouthEast,725,31,1631.93,57,1,2026-05-24T00:00:00+07:00
INV-002982,SKU-0232,Industrial Item 0232,Industrial,WH012,SouthEast Warehouse 012,SouthEast,691,73,1289.39,92,1,2026-05-24T00:00:00+07:00
INV-002983,SKU-0233,Electronics Item 0233,Electronics,WH012,SouthEast Warehouse 012,SouthEast,659,5,82.26,95,1,2026-05-24T00:00:00+07:00
INV-002984,SKU-0234,Home Item 0234,Home,WH012,SouthEast Warehouse 012,SouthEast,410,32,2359.48,117,1,2026-05-24T00:00:00+07:00
INV-002985,SKU-0235,Grocery Item 0235,Grocery,WH012,SouthEast Warehouse 012,SouthEast,94,9,1236.51,95,1,2026-05-24T00:00:00+07:00
INV-002986,SKU-0236,Fashion Item 0236,Fashion,WH012,SouthEast Warehouse 012,SouthEast,264,35,240.39,29,1,2026-05-24T00:00:00+07:00
INV-002987,SKU-0237,Industrial Item 0237,Industrial,WH012,SouthEast Warehouse 012,SouthEast,468,72,1180.19,30,1,2026-05-24T00:00:00+07:00
INV-002988,SKU-0238,Electronics Item 0238,Electronics,WH012,SouthEast Warehouse 012,SouthEast,351,20,1389.49,98,1,2026-05-24T00:00:00+07:00
INV-002989,SKU-0239,Home Item 0239,Home,WH012,SouthEast Warehouse 012,SouthEast,145,36,1144.95,119,1,2026-05-24T00:00:00+07:00
INV-002990,SKU-0240,Grocery Item 0240,Grocery,WH012,SouthEast Warehouse 012,SouthEast,274,13,460.17,37,1,2026-05-24T00:00:00+07:00
INV-002991,SKU-0241,Fashion Item 0241,Fashion,WH012,SouthEast Warehouse 012,SouthEast,638,3,2157.61,76,1,2026-05-24T00:00:00+07:00
INV-002992,SKU-0242,Industrial Item 0242,Industrial,WH012,SouthEast Warehouse 012,SouthEast,239,17,750.84,86,1,2026-05-24T00:00:00+07:00
INV-002993,SKU-0243,Electronics Item 0243,Electronics,WH012,SouthEast Warehouse 012,SouthEast,465,31,158.33,52,1,2026-05-24T00:00:00+07:00
INV-002994,SKU-0244,Home Item 0244,Home,WH012,SouthEast Warehouse 012,SouthEast,205,45,2240.89,54,1,2026-05-24T00:00:00+07:00
INV-002995,SKU-0245,Grocery Item 0245,Grocery,WH012,SouthEast Warehouse 012,SouthEast,282,70,812.16,41,1,2026-05-24T00:00:00+07:00
INV-002996,SKU-0246,Fashion Item 0246,Fashion,WH012,SouthEast Warehouse 012,SouthEast,370,41,664.78,28,1,2026-05-24T00:00:00+07:00
INV-002997,SKU-0247,Industrial Item 0247,Industrial,WH012,SouthEast Warehouse 012,SouthEast,414,26,2055.87,94,1,2026-05-24T00:00:00+07:00
INV-002998,SKU-0248,Electronics Item 0248,Electronics,WH012,SouthEast Warehouse 012,SouthEast,612,11,597.43,49,1,2026-05-24T00:00:00+07:00
INV-002999,SKU-0249,Home Item 0249,Home,WH012,SouthEast Warehouse 012,SouthEast,183,30,2007.18,85,1,2026-05-24T00:00:00+07:00
INV-003000,SKU-0250,Grocery Item 0250,Grocery,WH012,SouthEast Warehouse 012,SouthEast,600,32,1191.10,101,1,2026-05-24T00:00:00+07:00
INV-003001,SKU-0001,Industrial Item 0001,Industrial,WH013,SouthEast Warehouse 013,SouthEast,218,7,1462.14,88,1,2026-05-24T00:00:00+07:00
INV-003002,SKU-0002,Electronics Item 0002,Electronics,WH013,SouthEast Warehouse 013,SouthEast,570,61,23.21,84,1,2026-05-24T00:00:00+07:00
INV-003003,SKU-0003,Home Item 0003,Home,WH013,SouthEast Warehouse 013,SouthEast,158,34,139.88,87,1,2026-05-24T00:00:00+07:00
INV-003004,SKU-0004,Grocery Item 0004,Grocery,WH013,SouthEast Warehouse 013,SouthEast,445,47,215.39,94,1,2026-05-24T00:00:00+07:00
INV-003005,SKU-0005,Fashion Item 0005,Fashion,WH013,SouthEast Warehouse 013,SouthEast,578,45,34.47,115,1,2026-05-24T00:00:00+07:00
INV-003006,SKU-0006,Industrial Item 0006,Industrial,WH013,SouthEast Warehouse 013,SouthEast,313,8,114.28,38,1,2026-05-24T00:00:00+07:00
INV-003007,SKU-0007,Electronics Item 0007,Electronics,WH013,SouthEast Warehouse 013,SouthEast,723,36,281.43,103,1,2026-05-24T00:00:00+07:00
INV-003008,SKU-0008,Home Item 0008,Home,WH013,SouthEast Warehouse 013,SouthEast,554,66,1143.47,61,1,2026-05-24T00:00:00+07:00
INV-003009,SKU-0009,Grocery Item 0009,Grocery,WH013,SouthEast Warehouse 013,SouthEast,485,0,1092.98,61,1,2026-05-24T00:00:00+07:00
INV-003010,SKU-0010,Fashion Item 0010,Fashion,WH013,SouthEast Warehouse 013,SouthEast,489,65,1166.32,110,1,2026-05-24T00:00:00+07:00
INV-003011,SKU-0011,Industrial Item 0011,Industrial,WH013,SouthEast Warehouse 013,SouthEast,555,69,1315.21,84,1,2026-05-24T00:00:00+07:00
INV-003012,SKU-0012,Electronics Item 0012,Electronics,WH013,SouthEast Warehouse 013,SouthEast,791,78,1247.00,33,1,2026-05-24T00:00:00+07:00
INV-003013,SKU-0013,Home Item 0013,Home,WH013,SouthEast Warehouse 013,SouthEast,390,39,2241.89,25,1,2026-05-24T00:00:00+07:00
INV-003014,SKU-0014,Grocery Item 0014,Grocery,WH013,SouthEast Warehouse 013,SouthEast,503,29,2392.76,103,1,2026-05-24T00:00:00+07:00
INV-003015,SKU-0015,Fashion Item 0015,Fashion,WH013,SouthEast Warehouse 013,SouthEast,136,31,149.84,87,1,2026-05-24T00:00:00+07:00
INV-003016,SKU-0016,Industrial Item 0016,Industrial,WH013,SouthEast Warehouse 013,SouthEast,248,14,2391.82,71,1,2026-05-24T00:00:00+07:00
INV-003017,SKU-0017,Electronics Item 0017,Electronics,WH013,SouthEast Warehouse 013,SouthEast,110,10,648.27,97,1,2026-05-24T00:00:00+07:00
INV-003018,SKU-0018,Home Item 0018,Home,WH013,SouthEast Warehouse 013,SouthEast,563,8,421.51,104,1,2026-05-24T00:00:00+07:00
INV-003019,SKU-0019,Grocery Item 0019,Grocery,WH013,SouthEast Warehouse 013,SouthEast,370,74,463.86,97,1,2026-05-24T00:00:00+07:00
INV-003020,SKU-0020,Fashion Item 0020,Fashion,WH013,SouthEast Warehouse 013,SouthEast,212,15,2059.16,92,1,2026-05-24T00:00:00+07:00
INV-003021,SKU-0021,Industrial Item 0021,Industrial,WH013,SouthEast Warehouse 013,SouthEast,173,19,1672.81,91,1,2026-05-24T00:00:00+07:00
INV-003022,SKU-0022,Electronics Item 0022,Electronics,WH013,SouthEast Warehouse 013,SouthEast,192,37,446.39,37,1,2026-05-24T00:00:00+07:00
INV-003023,SKU-0023,Home Item 0023,Home,WH013,SouthEast Warehouse 013,SouthEast,100,17,107.91,110,1,2026-05-24T00:00:00+07:00
INV-003024,SKU-0024,Grocery Item 0024,Grocery,WH013,SouthEast Warehouse 013,SouthEast,403,34,237.89,67,1,2026-05-24T00:00:00+07:00
INV-003025,SKU-0025,Fashion Item 0025,Fashion,WH013,SouthEast Warehouse 013,SouthEast,96,12,2315.62,62,1,2026-05-24T00:00:00+07:00
INV-003026,SKU-0026,Industrial Item 0026,Industrial,WH013,SouthEast Warehouse 013,SouthEast,677,10,2308.45,58,1,2026-05-24T00:00:00+07:00
INV-003027,SKU-0027,Electronics Item 0027,Electronics,WH013,SouthEast Warehouse 013,SouthEast,799,73,2076.56,102,1,2026-05-24T00:00:00+07:00
INV-003028,SKU-0028,Home Item 0028,Home,WH013,SouthEast Warehouse 013,SouthEast,294,24,1176.12,59,1,2026-05-24T00:00:00+07:00
INV-003029,SKU-0029,Grocery Item 0029,Grocery,WH013,SouthEast Warehouse 013,SouthEast,410,49,2445.33,29,1,2026-05-24T00:00:00+07:00
INV-003030,SKU-0030,Fashion Item 0030,Fashion,WH013,SouthEast Warehouse 013,SouthEast,719,26,653.51,32,1,2026-05-24T00:00:00+07:00
INV-003031,SKU-0031,Industrial Item 0031,Industrial,WH013,SouthEast Warehouse 013,SouthEast,713,47,710.46,52,1,2026-05-24T00:00:00+07:00
INV-003032,SKU-0032,Electronics Item 0032,Electronics,WH013,SouthEast Warehouse 013,SouthEast,484,12,1973.48,28,1,2026-05-24T00:00:00+07:00
INV-003033,SKU-0033,Home Item 0033,Home,WH013,SouthEast Warehouse 013,SouthEast,199,3,1100.93,108,1,2026-05-24T00:00:00+07:00
INV-003034,SKU-0034,Grocery Item 0034,Grocery,WH013,SouthEast Warehouse 013,SouthEast,535,73,1904.57,55,1,2026-05-24T00:00:00+07:00
INV-003035,SKU-0035,Fashion Item 0035,Fashion,WH013,SouthEast Warehouse 013,SouthEast,686,59,1123.94,77,1,2026-05-24T00:00:00+07:00
INV-003036,SKU-0036,Industrial Item 0036,Industrial,WH013,SouthEast Warehouse 013,SouthEast,225,12,2496.25,103,1,2026-05-24T00:00:00+07:00
INV-003037,SKU-0037,Electronics Item 0037,Electronics,WH013,SouthEast Warehouse 013,SouthEast,661,9,1879.35,28,1,2026-05-24T00:00:00+07:00
INV-003038,SKU-0038,Home Item 0038,Home,WH013,SouthEast Warehouse 013,SouthEast,554,76,251.60,102,1,2026-05-24T00:00:00+07:00
INV-003039,SKU-0039,Grocery Item 0039,Grocery,WH013,SouthEast Warehouse 013,SouthEast,523,8,829.91,97,1,2026-05-24T00:00:00+07:00
INV-003040,SKU-0040,Fashion Item 0040,Fashion,WH013,SouthEast Warehouse 013,SouthEast,589,2,1299.01,72,1,2026-05-24T00:00:00+07:00
INV-003041,SKU-0041,Industrial Item 0041,Industrial,WH013,SouthEast Warehouse 013,SouthEast,517,26,2380.68,51,1,2026-05-24T00:00:00+07:00
INV-003042,SKU-0042,Electronics Item 0042,Electronics,WH013,SouthEast Warehouse 013,SouthEast,466,63,1836.76,30,1,2026-05-24T00:00:00+07:00
INV-003043,SKU-0043,Home Item 0043,Home,WH013,SouthEast Warehouse 013,SouthEast,153,7,1226.52,63,1,2026-05-24T00:00:00+07:00
INV-003044,SKU-0044,Grocery Item 0044,Grocery,WH013,SouthEast Warehouse 013,SouthEast,744,22,1265.72,30,1,2026-05-24T00:00:00+07:00
INV-003045,SKU-0045,Fashion Item 0045,Fashion,WH013,SouthEast Warehouse 013,SouthEast,114,24,144.30,52,1,2026-05-24T00:00:00+07:00
INV-003046,SKU-0046,Industrial Item 0046,Industrial,WH013,SouthEast Warehouse 013,SouthEast,351,12,1850.16,31,1,2026-05-24T00:00:00+07:00
INV-003047,SKU-0047,Electronics Item 0047,Electronics,WH013,SouthEast Warehouse 013,SouthEast,593,42,945.73,61,1,2026-05-24T00:00:00+07:00
INV-003048,SKU-0048,Home Item 0048,Home,WH013,SouthEast Warehouse 013,SouthEast,106,16,741.16,95,1,2026-05-24T00:00:00+07:00
INV-003049,SKU-0049,Grocery Item 0049,Grocery,WH013,SouthEast Warehouse 013,SouthEast,615,76,2059.39,95,1,2026-05-24T00:00:00+07:00
INV-003050,SKU-0050,Fashion Item 0050,Fashion,WH013,SouthEast Warehouse 013,SouthEast,586,74,236.50,44,1,2026-05-24T00:00:00+07:00
INV-003051,SKU-0051,Industrial Item 0051,Industrial,WH013,SouthEast Warehouse 013,SouthEast,721,66,1383.19,95,1,2026-05-24T00:00:00+07:00
INV-003052,SKU-0052,Electronics Item 0052,Electronics,WH013,SouthEast Warehouse 013,SouthEast,183,0,1442.31,46,1,2026-05-24T00:00:00+07:00
INV-003053,SKU-0053,Home Item 0053,Home,WH013,SouthEast Warehouse 013,SouthEast,691,70,25.42,39,1,2026-05-24T00:00:00+07:00
INV-003054,SKU-0054,Grocery Item 0054,Grocery,WH013,SouthEast Warehouse 013,SouthEast,110,8,1034.74,85,1,2026-05-24T00:00:00+07:00
INV-003055,SKU-0055,Fashion Item 0055,Fashion,WH013,SouthEast Warehouse 013,SouthEast,192,30,1855.40,34,1,2026-05-24T00:00:00+07:00
INV-003056,SKU-0056,Industrial Item 0056,Industrial,WH013,SouthEast Warehouse 013,SouthEast,262,45,1420.84,111,1,2026-05-24T00:00:00+07:00
INV-003057,SKU-0057,Electronics Item 0057,Electronics,WH013,SouthEast Warehouse 013,SouthEast,253,13,2390.56,34,1,2026-05-24T00:00:00+07:00
INV-003058,SKU-0058,Home Item 0058,Home,WH013,SouthEast Warehouse 013,SouthEast,736,0,1395.93,29,1,2026-05-24T00:00:00+07:00
INV-003059,SKU-0059,Grocery Item 0059,Grocery,WH013,SouthEast Warehouse 013,SouthEast,370,33,871.91,85,1,2026-05-24T00:00:00+07:00
INV-003060,SKU-0060,Fashion Item 0060,Fashion,WH013,SouthEast Warehouse 013,SouthEast,677,19,2465.13,73,1,2026-05-24T00:00:00+07:00
INV-003061,SKU-0061,Industrial Item 0061,Industrial,WH013,SouthEast Warehouse 013,SouthEast,579,32,2058.69,95,1,2026-05-24T00:00:00+07:00
INV-003062,SKU-0062,Electronics Item 0062,Electronics,WH013,SouthEast Warehouse 013,SouthEast,232,34,1457.06,51,1,2026-05-24T00:00:00+07:00
INV-003063,SKU-0063,Home Item 0063,Home,WH013,SouthEast Warehouse 013,SouthEast,80,14,2185.24,94,1,2026-05-24T00:00:00+07:00
INV-003064,SKU-0064,Grocery Item 0064,Grocery,WH013,SouthEast Warehouse 013,SouthEast,658,61,2205.48,35,1,2026-05-24T00:00:00+07:00
INV-003065,SKU-0065,Fashion Item 0065,Fashion,WH013,SouthEast Warehouse 013,SouthEast,277,68,2416.16,95,1,2026-05-24T00:00:00+07:00
INV-003066,SKU-0066,Industrial Item 0066,Industrial,WH013,SouthEast Warehouse 013,SouthEast,97,2,458.20,73,1,2026-05-24T00:00:00+07:00
INV-003067,SKU-0067,Electronics Item 0067,Electronics,WH013,SouthEast Warehouse 013,SouthEast,228,18,1244.38,108,1,2026-05-24T00:00:00+07:00
INV-003068,SKU-0068,Home Item 0068,Home,WH013,SouthEast Warehouse 013,SouthEast,153,1,1198.19,27,1,2026-05-24T00:00:00+07:00
INV-003069,SKU-0069,Grocery Item 0069,Grocery,WH013,SouthEast Warehouse 013,SouthEast,450,45,250.68,110,1,2026-05-24T00:00:00+07:00
INV-003070,SKU-0070,Fashion Item 0070,Fashion,WH013,SouthEast Warehouse 013,SouthEast,497,26,567.49,83,1,2026-05-24T00:00:00+07:00
INV-003071,SKU-0071,Industrial Item 0071,Industrial,WH013,SouthEast Warehouse 013,SouthEast,238,20,432.20,33,1,2026-05-24T00:00:00+07:00
INV-003072,SKU-0072,Electronics Item 0072,Electronics,WH013,SouthEast Warehouse 013,SouthEast,621,67,1503.23,118,1,2026-05-24T00:00:00+07:00
INV-003073,SKU-0073,Home Item 0073,Home,WH013,SouthEast Warehouse 013,SouthEast,798,21,2209.57,105,1,2026-05-24T00:00:00+07:00
INV-003074,SKU-0074,Grocery Item 0074,Grocery,WH013,SouthEast Warehouse 013,SouthEast,468,66,184.48,32,1,2026-05-24T00:00:00+07:00
INV-003075,SKU-0075,Fashion Item 0075,Fashion,WH013,SouthEast Warehouse 013,SouthEast,727,72,1648.19,42,1,2026-05-24T00:00:00+07:00
INV-003076,SKU-0076,Industrial Item 0076,Industrial,WH013,SouthEast Warehouse 013,SouthEast,445,32,2408.18,51,1,2026-05-24T00:00:00+07:00
INV-003077,SKU-0077,Electronics Item 0077,Electronics,WH013,SouthEast Warehouse 013,SouthEast,547,52,1422.06,60,1,2026-05-24T00:00:00+07:00
INV-003078,SKU-0078,Home Item 0078,Home,WH013,SouthEast Warehouse 013,SouthEast,168,29,1406.52,101,1,2026-05-24T00:00:00+07:00
INV-003079,SKU-0079,Grocery Item 0079,Grocery,WH013,SouthEast Warehouse 013,SouthEast,674,78,2376.77,82,1,2026-05-24T00:00:00+07:00
INV-003080,SKU-0080,Fashion Item 0080,Fashion,WH013,SouthEast Warehouse 013,SouthEast,243,32,2181.24,94,1,2026-05-24T00:00:00+07:00
INV-003081,SKU-0081,Industrial Item 0081,Industrial,WH013,SouthEast Warehouse 013,SouthEast,793,34,803.16,38,1,2026-05-24T00:00:00+07:00
INV-003082,SKU-0082,Electronics Item 0082,Electronics,WH013,SouthEast Warehouse 013,SouthEast,232,20,714.38,108,1,2026-05-24T00:00:00+07:00
INV-003083,SKU-0083,Home Item 0083,Home,WH013,SouthEast Warehouse 013,SouthEast,710,63,870.90,98,1,2026-05-24T00:00:00+07:00
INV-003084,SKU-0084,Grocery Item 0084,Grocery,WH013,SouthEast Warehouse 013,SouthEast,738,33,2151.73,30,1,2026-05-24T00:00:00+07:00
INV-003085,SKU-0085,Fashion Item 0085,Fashion,WH013,SouthEast Warehouse 013,SouthEast,636,17,1129.73,51,1,2026-05-24T00:00:00+07:00
INV-003086,SKU-0086,Industrial Item 0086,Industrial,WH013,SouthEast Warehouse 013,SouthEast,452,51,647.22,113,1,2026-05-24T00:00:00+07:00
INV-003087,SKU-0087,Electronics Item 0087,Electronics,WH013,SouthEast Warehouse 013,SouthEast,551,26,481.91,107,1,2026-05-24T00:00:00+07:00
INV-003088,SKU-0088,Home Item 0088,Home,WH013,SouthEast Warehouse 013,SouthEast,599,51,1652.62,34,1,2026-05-24T00:00:00+07:00
INV-003089,SKU-0089,Grocery Item 0089,Grocery,WH013,SouthEast Warehouse 013,SouthEast,331,61,1332.42,45,1,2026-05-24T00:00:00+07:00
INV-003090,SKU-0090,Fashion Item 0090,Fashion,WH013,SouthEast Warehouse 013,SouthEast,116,23,685.48,69,1,2026-05-24T00:00:00+07:00
INV-003091,SKU-0091,Industrial Item 0091,Industrial,WH013,SouthEast Warehouse 013,SouthEast,139,25,2414.52,65,1,2026-05-24T00:00:00+07:00
INV-003092,SKU-0092,Electronics Item 0092,Electronics,WH013,SouthEast Warehouse 013,SouthEast,650,73,373.52,114,1,2026-05-24T00:00:00+07:00
INV-003093,SKU-0093,Home Item 0093,Home,WH013,SouthEast Warehouse 013,SouthEast,795,3,405.60,112,1,2026-05-24T00:00:00+07:00
INV-003094,SKU-0094,Grocery Item 0094,Grocery,WH013,SouthEast Warehouse 013,SouthEast,777,25,260.44,67,1,2026-05-24T00:00:00+07:00
INV-003095,SKU-0095,Fashion Item 0095,Fashion,WH013,SouthEast Warehouse 013,SouthEast,594,48,1119.51,96,1,2026-05-24T00:00:00+07:00
INV-003096,SKU-0096,Industrial Item 0096,Industrial,WH013,SouthEast Warehouse 013,SouthEast,281,1,502.84,55,1,2026-05-24T00:00:00+07:00
INV-003097,SKU-0097,Electronics Item 0097,Electronics,WH013,SouthEast Warehouse 013,SouthEast,427,29,1374.10,76,1,2026-05-24T00:00:00+07:00
INV-003098,SKU-0098,Home Item 0098,Home,WH013,SouthEast Warehouse 013,SouthEast,533,66,816.00,106,1,2026-05-24T00:00:00+07:00
INV-003099,SKU-0099,Grocery Item 0099,Grocery,WH013,SouthEast Warehouse 013,SouthEast,366,60,1423.80,30,1,2026-05-24T00:00:00+07:00
INV-003100,SKU-0100,Fashion Item 0100,Fashion,WH013,SouthEast Warehouse 013,SouthEast,639,47,1116.77,35,1,2026-05-24T00:00:00+07:00
INV-003101,SKU-0101,Industrial Item 0101,Industrial,WH013,SouthEast Warehouse 013,SouthEast,495,35,1917.60,39,1,2026-05-24T00:00:00+07:00
INV-003102,SKU-0102,Electronics Item 0102,Electronics,WH013,SouthEast Warehouse 013,SouthEast,541,77,349.63,31,1,2026-05-24T00:00:00+07:00
INV-003103,SKU-0103,Home Item 0103,Home,WH013,SouthEast Warehouse 013,SouthEast,209,9,2201.24,50,1,2026-05-24T00:00:00+07:00
INV-003104,SKU-0104,Grocery Item 0104,Grocery,WH013,SouthEast Warehouse 013,SouthEast,663,66,1530.99,61,1,2026-05-24T00:00:00+07:00
INV-003105,SKU-0105,Fashion Item 0105,Fashion,WH013,SouthEast Warehouse 013,SouthEast,272,41,1626.04,114,1,2026-05-24T00:00:00+07:00
INV-003106,SKU-0106,Industrial Item 0106,Industrial,WH013,SouthEast Warehouse 013,SouthEast,309,60,1167.82,93,1,2026-05-24T00:00:00+07:00
INV-003107,SKU-0107,Electronics Item 0107,Electronics,WH013,SouthEast Warehouse 013,SouthEast,389,14,876.53,44,1,2026-05-24T00:00:00+07:00
INV-003108,SKU-0108,Home Item 0108,Home,WH013,SouthEast Warehouse 013,SouthEast,430,6,1827.92,47,1,2026-05-24T00:00:00+07:00
INV-003109,SKU-0109,Grocery Item 0109,Grocery,WH013,SouthEast Warehouse 013,SouthEast,113,10,814.08,82,1,2026-05-24T00:00:00+07:00
INV-003110,SKU-0110,Fashion Item 0110,Fashion,WH013,SouthEast Warehouse 013,SouthEast,583,54,2103.34,115,1,2026-05-24T00:00:00+07:00
INV-003111,SKU-0111,Industrial Item 0111,Industrial,WH013,SouthEast Warehouse 013,SouthEast,192,42,1012.35,41,1,2026-05-24T00:00:00+07:00
INV-003112,SKU-0112,Electronics Item 0112,Electronics,WH013,SouthEast Warehouse 013,SouthEast,658,70,420.60,53,1,2026-05-24T00:00:00+07:00
INV-003113,SKU-0113,Home Item 0113,Home,WH013,SouthEast Warehouse 013,SouthEast,249,42,887.61,89,1,2026-05-24T00:00:00+07:00
INV-003114,SKU-0114,Grocery Item 0114,Grocery,WH013,SouthEast Warehouse 013,SouthEast,153,22,857.28,41,1,2026-05-24T00:00:00+07:00
INV-003115,SKU-0115,Fashion Item 0115,Fashion,WH013,SouthEast Warehouse 013,SouthEast,129,15,1811.12,61,1,2026-05-24T00:00:00+07:00
INV-003116,SKU-0116,Industrial Item 0116,Industrial,WH013,SouthEast Warehouse 013,SouthEast,602,62,432.50,113,1,2026-05-24T00:00:00+07:00
INV-003117,SKU-0117,Electronics Item 0117,Electronics,WH013,SouthEast Warehouse 013,SouthEast,200,14,2294.28,107,1,2026-05-24T00:00:00+07:00
INV-003118,SKU-0118,Home Item 0118,Home,WH013,SouthEast Warehouse 013,SouthEast,586,46,1589.72,85,1,2026-05-24T00:00:00+07:00
INV-003119,SKU-0119,Grocery Item 0119,Grocery,WH013,SouthEast Warehouse 013,SouthEast,349,55,394.39,40,1,2026-05-24T00:00:00+07:00
INV-003120,SKU-0120,Fashion Item 0120,Fashion,WH013,SouthEast Warehouse 013,SouthEast,579,51,1725.74,118,1,2026-05-24T00:00:00+07:00
INV-003121,SKU-0121,Industrial Item 0121,Industrial,WH013,SouthEast Warehouse 013,SouthEast,176,29,154.48,27,1,2026-05-24T00:00:00+07:00
INV-003122,SKU-0122,Electronics Item 0122,Electronics,WH013,SouthEast Warehouse 013,SouthEast,105,2,1241.94,66,1,2026-05-24T00:00:00+07:00
INV-003123,SKU-0123,Home Item 0123,Home,WH013,SouthEast Warehouse 013,SouthEast,197,36,1590.55,104,1,2026-05-24T00:00:00+07:00
INV-003124,SKU-0124,Grocery Item 0124,Grocery,WH013,SouthEast Warehouse 013,SouthEast,750,26,1962.06,97,1,2026-05-24T00:00:00+07:00
INV-003125,SKU-0125,Fashion Item 0125,Fashion,WH013,SouthEast Warehouse 013,SouthEast,534,73,969.68,65,1,2026-05-24T00:00:00+07:00
INV-003126,SKU-0126,Industrial Item 0126,Industrial,WH013,SouthEast Warehouse 013,SouthEast,446,34,1872.19,113,1,2026-05-24T00:00:00+07:00
INV-003127,SKU-0127,Electronics Item 0127,Electronics,WH013,SouthEast Warehouse 013,SouthEast,781,40,279.80,93,1,2026-05-24T00:00:00+07:00
INV-003128,SKU-0128,Home Item 0128,Home,WH013,SouthEast Warehouse 013,SouthEast,185,15,670.57,41,1,2026-05-24T00:00:00+07:00
INV-003129,SKU-0129,Grocery Item 0129,Grocery,WH013,SouthEast Warehouse 013,SouthEast,341,3,2276.96,116,1,2026-05-24T00:00:00+07:00
INV-003130,SKU-0130,Fashion Item 0130,Fashion,WH013,SouthEast Warehouse 013,SouthEast,662,18,2317.33,29,1,2026-05-24T00:00:00+07:00
INV-003131,SKU-0131,Industrial Item 0131,Industrial,WH013,SouthEast Warehouse 013,SouthEast,420,44,630.99,42,1,2026-05-24T00:00:00+07:00
INV-003132,SKU-0132,Electronics Item 0132,Electronics,WH013,SouthEast Warehouse 013,SouthEast,632,40,105.69,105,1,2026-05-24T00:00:00+07:00
INV-003133,SKU-0133,Home Item 0133,Home,WH013,SouthEast Warehouse 013,SouthEast,784,16,1705.72,101,1,2026-05-24T00:00:00+07:00
INV-003134,SKU-0134,Grocery Item 0134,Grocery,WH013,SouthEast Warehouse 013,SouthEast,452,23,1547.04,105,1,2026-05-24T00:00:00+07:00
INV-003135,SKU-0135,Fashion Item 0135,Fashion,WH013,SouthEast Warehouse 013,SouthEast,410,67,2233.78,78,1,2026-05-24T00:00:00+07:00
INV-003136,SKU-0136,Industrial Item 0136,Industrial,WH013,SouthEast Warehouse 013,SouthEast,673,38,1414.02,49,1,2026-05-24T00:00:00+07:00
INV-003137,SKU-0137,Electronics Item 0137,Electronics,WH013,SouthEast Warehouse 013,SouthEast,549,32,303.27,115,1,2026-05-24T00:00:00+07:00
INV-003138,SKU-0138,Home Item 0138,Home,WH013,SouthEast Warehouse 013,SouthEast,482,42,506.66,114,1,2026-05-24T00:00:00+07:00
INV-003139,SKU-0139,Grocery Item 0139,Grocery,WH013,SouthEast Warehouse 013,SouthEast,580,32,300.32,37,1,2026-05-24T00:00:00+07:00
INV-003140,SKU-0140,Fashion Item 0140,Fashion,WH013,SouthEast Warehouse 013,SouthEast,184,23,60.90,47,1,2026-05-24T00:00:00+07:00
INV-003141,SKU-0141,Industrial Item 0141,Industrial,WH013,SouthEast Warehouse 013,SouthEast,393,34,1719.70,41,1,2026-05-24T00:00:00+07:00
INV-003142,SKU-0142,Electronics Item 0142,Electronics,WH013,SouthEast Warehouse 013,SouthEast,458,23,1420.75,41,1,2026-05-24T00:00:00+07:00
INV-003143,SKU-0143,Home Item 0143,Home,WH013,SouthEast Warehouse 013,SouthEast,86,14,2098.90,42,1,2026-05-24T00:00:00+07:00
INV-003144,SKU-0144,Grocery Item 0144,Grocery,WH013,SouthEast Warehouse 013,SouthEast,295,66,1827.42,39,1,2026-05-24T00:00:00+07:00
INV-003145,SKU-0145,Fashion Item 0145,Fashion,WH013,SouthEast Warehouse 013,SouthEast,691,14,1890.83,120,1,2026-05-24T00:00:00+07:00
INV-003146,SKU-0146,Industrial Item 0146,Industrial,WH013,SouthEast Warehouse 013,SouthEast,466,2,1902.74,67,1,2026-05-24T00:00:00+07:00
INV-003147,SKU-0147,Electronics Item 0147,Electronics,WH013,SouthEast Warehouse 013,SouthEast,200,7,2475.19,100,1,2026-05-24T00:00:00+07:00
INV-003148,SKU-0148,Home Item 0148,Home,WH013,SouthEast Warehouse 013,SouthEast,515,40,1777.51,38,1,2026-05-24T00:00:00+07:00
INV-003149,SKU-0149,Grocery Item 0149,Grocery,WH013,SouthEast Warehouse 013,SouthEast,631,32,1099.25,32,1,2026-05-24T00:00:00+07:00
INV-003150,SKU-0150,Fashion Item 0150,Fashion,WH013,SouthEast Warehouse 013,SouthEast,172,37,1762.96,91,1,2026-05-24T00:00:00+07:00
INV-003151,SKU-0151,Industrial Item 0151,Industrial,WH013,SouthEast Warehouse 013,SouthEast,584,31,447.52,33,1,2026-05-24T00:00:00+07:00
INV-003152,SKU-0152,Electronics Item 0152,Electronics,WH013,SouthEast Warehouse 013,SouthEast,488,36,75.85,92,1,2026-05-24T00:00:00+07:00
INV-003153,SKU-0153,Home Item 0153,Home,WH013,SouthEast Warehouse 013,SouthEast,88,10,2067.66,42,1,2026-05-24T00:00:00+07:00
INV-003154,SKU-0154,Grocery Item 0154,Grocery,WH013,SouthEast Warehouse 013,SouthEast,343,7,569.36,108,1,2026-05-24T00:00:00+07:00
INV-003155,SKU-0155,Fashion Item 0155,Fashion,WH013,SouthEast Warehouse 013,SouthEast,662,18,632.19,76,1,2026-05-24T00:00:00+07:00
INV-003156,SKU-0156,Industrial Item 0156,Industrial,WH013,SouthEast Warehouse 013,SouthEast,248,59,1648.25,111,1,2026-05-24T00:00:00+07:00
INV-003157,SKU-0157,Electronics Item 0157,Electronics,WH013,SouthEast Warehouse 013,SouthEast,216,28,1011.74,117,1,2026-05-24T00:00:00+07:00
INV-003158,SKU-0158,Home Item 0158,Home,WH013,SouthEast Warehouse 013,SouthEast,219,28,1856.52,44,1,2026-05-24T00:00:00+07:00
INV-003159,SKU-0159,Grocery Item 0159,Grocery,WH013,SouthEast Warehouse 013,SouthEast,659,4,615.56,109,1,2026-05-24T00:00:00+07:00
INV-003160,SKU-0160,Fashion Item 0160,Fashion,WH013,SouthEast Warehouse 013,SouthEast,633,75,2212.64,75,1,2026-05-24T00:00:00+07:00
INV-003161,SKU-0161,Industrial Item 0161,Industrial,WH013,SouthEast Warehouse 013,SouthEast,629,77,2029.68,42,1,2026-05-24T00:00:00+07:00
INV-003162,SKU-0162,Electronics Item 0162,Electronics,WH013,SouthEast Warehouse 013,SouthEast,457,37,2252.01,105,1,2026-05-24T00:00:00+07:00
INV-003163,SKU-0163,Home Item 0163,Home,WH013,SouthEast Warehouse 013,SouthEast,145,21,70.37,26,1,2026-05-24T00:00:00+07:00
INV-003164,SKU-0164,Grocery Item 0164,Grocery,WH013,SouthEast Warehouse 013,SouthEast,103,21,716.12,32,1,2026-05-24T00:00:00+07:00
INV-003165,SKU-0165,Fashion Item 0165,Fashion,WH013,SouthEast Warehouse 013,SouthEast,787,78,1349.73,34,1,2026-05-24T00:00:00+07:00
INV-003166,SKU-0166,Industrial Item 0166,Industrial,WH013,SouthEast Warehouse 013,SouthEast,688,20,15.10,82,1,2026-05-24T00:00:00+07:00
INV-003167,SKU-0167,Electronics Item 0167,Electronics,WH013,SouthEast Warehouse 013,SouthEast,800,52,618.88,90,1,2026-05-24T00:00:00+07:00
INV-003168,SKU-0168,Home Item 0168,Home,WH013,SouthEast Warehouse 013,SouthEast,164,20,702.63,103,1,2026-05-24T00:00:00+07:00
INV-003169,SKU-0169,Grocery Item 0169,Grocery,WH013,SouthEast Warehouse 013,SouthEast,731,16,1774.06,109,1,2026-05-24T00:00:00+07:00
INV-003170,SKU-0170,Fashion Item 0170,Fashion,WH013,SouthEast Warehouse 013,SouthEast,716,67,280.49,62,1,2026-05-24T00:00:00+07:00
INV-003171,SKU-0171,Industrial Item 0171,Industrial,WH013,SouthEast Warehouse 013,SouthEast,651,54,74.96,68,1,2026-05-24T00:00:00+07:00
INV-003172,SKU-0172,Electronics Item 0172,Electronics,WH013,SouthEast Warehouse 013,SouthEast,347,38,631.05,103,1,2026-05-24T00:00:00+07:00
INV-003173,SKU-0173,Home Item 0173,Home,WH013,SouthEast Warehouse 013,SouthEast,494,64,1617.10,30,1,2026-05-24T00:00:00+07:00
INV-003174,SKU-0174,Grocery Item 0174,Grocery,WH013,SouthEast Warehouse 013,SouthEast,152,21,1550.30,71,1,2026-05-24T00:00:00+07:00
INV-003175,SKU-0175,Fashion Item 0175,Fashion,WH013,SouthEast Warehouse 013,SouthEast,786,66,2066.46,61,1,2026-05-24T00:00:00+07:00
INV-003176,SKU-0176,Industrial Item 0176,Industrial,WH013,SouthEast Warehouse 013,SouthEast,555,34,322.80,105,1,2026-05-24T00:00:00+07:00
INV-003177,SKU-0177,Electronics Item 0177,Electronics,WH013,SouthEast Warehouse 013,SouthEast,379,1,1784.57,47,1,2026-05-24T00:00:00+07:00
INV-003178,SKU-0178,Home Item 0178,Home,WH013,SouthEast Warehouse 013,SouthEast,782,19,1694.52,107,1,2026-05-24T00:00:00+07:00
INV-003179,SKU-0179,Grocery Item 0179,Grocery,WH013,SouthEast Warehouse 013,SouthEast,462,22,1488.66,38,1,2026-05-24T00:00:00+07:00
INV-003180,SKU-0180,Fashion Item 0180,Fashion,WH013,SouthEast Warehouse 013,SouthEast,631,35,2348.66,118,1,2026-05-24T00:00:00+07:00
INV-003181,SKU-0181,Industrial Item 0181,Industrial,WH013,SouthEast Warehouse 013,SouthEast,237,40,2445.49,118,1,2026-05-24T00:00:00+07:00
INV-003182,SKU-0182,Electronics Item 0182,Electronics,WH013,SouthEast Warehouse 013,SouthEast,717,56,2143.97,37,1,2026-05-24T00:00:00+07:00
INV-003183,SKU-0183,Home Item 0183,Home,WH013,SouthEast Warehouse 013,SouthEast,84,15,1255.99,67,1,2026-05-24T00:00:00+07:00
INV-003184,SKU-0184,Grocery Item 0184,Grocery,WH013,SouthEast Warehouse 013,SouthEast,510,47,475.50,34,1,2026-05-24T00:00:00+07:00
INV-003185,SKU-0185,Fashion Item 0185,Fashion,WH013,SouthEast Warehouse 013,SouthEast,664,78,635.75,85,1,2026-05-24T00:00:00+07:00
INV-003186,SKU-0186,Industrial Item 0186,Industrial,WH013,SouthEast Warehouse 013,SouthEast,345,4,2358.84,38,1,2026-05-24T00:00:00+07:00
INV-003187,SKU-0187,Electronics Item 0187,Electronics,WH013,SouthEast Warehouse 013,SouthEast,549,15,915.29,89,1,2026-05-24T00:00:00+07:00
INV-003188,SKU-0188,Home Item 0188,Home,WH013,SouthEast Warehouse 013,SouthEast,425,34,824.78,48,1,2026-05-24T00:00:00+07:00
INV-003189,SKU-0189,Grocery Item 0189,Grocery,WH013,SouthEast Warehouse 013,SouthEast,160,0,2149.10,98,1,2026-05-24T00:00:00+07:00
INV-003190,SKU-0190,Fashion Item 0190,Fashion,WH013,SouthEast Warehouse 013,SouthEast,577,66,2498.49,71,1,2026-05-24T00:00:00+07:00
INV-003191,SKU-0191,Industrial Item 0191,Industrial,WH013,SouthEast Warehouse 013,SouthEast,173,43,1209.57,41,1,2026-05-24T00:00:00+07:00
INV-003192,SKU-0192,Electronics Item 0192,Electronics,WH013,SouthEast Warehouse 013,SouthEast,587,17,54.36,26,1,2026-05-24T00:00:00+07:00
INV-003193,SKU-0193,Home Item 0193,Home,WH013,SouthEast Warehouse 013,SouthEast,292,55,803.49,95,1,2026-05-24T00:00:00+07:00
INV-003194,SKU-0194,Grocery Item 0194,Grocery,WH013,SouthEast Warehouse 013,SouthEast,547,52,1925.58,27,1,2026-05-24T00:00:00+07:00
INV-003195,SKU-0195,Fashion Item 0195,Fashion,WH013,SouthEast Warehouse 013,SouthEast,205,44,1305.61,71,1,2026-05-24T00:00:00+07:00
INV-003196,SKU-0196,Industrial Item 0196,Industrial,WH013,SouthEast Warehouse 013,SouthEast,402,69,252.85,112,1,2026-05-24T00:00:00+07:00
INV-003197,SKU-0197,Electronics Item 0197,Electronics,WH013,SouthEast Warehouse 013,SouthEast,440,37,898.58,56,1,2026-05-24T00:00:00+07:00
INV-003198,SKU-0198,Home Item 0198,Home,WH013,SouthEast Warehouse 013,SouthEast,96,15,2086.32,28,1,2026-05-24T00:00:00+07:00
INV-003199,SKU-0199,Grocery Item 0199,Grocery,WH013,SouthEast Warehouse 013,SouthEast,294,58,457.90,78,1,2026-05-24T00:00:00+07:00
INV-003200,SKU-0200,Fashion Item 0200,Fashion,WH013,SouthEast Warehouse 013,SouthEast,368,10,2297.94,46,1,2026-05-24T00:00:00+07:00
INV-003201,SKU-0201,Industrial Item 0201,Industrial,WH013,SouthEast Warehouse 013,SouthEast,616,40,517.94,92,1,2026-05-24T00:00:00+07:00
INV-003202,SKU-0202,Electronics Item 0202,Electronics,WH013,SouthEast Warehouse 013,SouthEast,281,27,1127.30,34,1,2026-05-24T00:00:00+07:00
INV-003203,SKU-0203,Home Item 0203,Home,WH013,SouthEast Warehouse 013,SouthEast,293,18,169.07,83,1,2026-05-24T00:00:00+07:00
INV-003204,SKU-0204,Grocery Item 0204,Grocery,WH013,SouthEast Warehouse 013,SouthEast,237,31,379.19,38,1,2026-05-24T00:00:00+07:00
INV-003205,SKU-0205,Fashion Item 0205,Fashion,WH013,SouthEast Warehouse 013,SouthEast,390,26,197.49,39,1,2026-05-24T00:00:00+07:00
INV-003206,SKU-0206,Industrial Item 0206,Industrial,WH013,SouthEast Warehouse 013,SouthEast,431,57,935.62,45,1,2026-05-24T00:00:00+07:00
INV-003207,SKU-0207,Electronics Item 0207,Electronics,WH013,SouthEast Warehouse 013,SouthEast,654,60,371.00,95,1,2026-05-24T00:00:00+07:00
INV-003208,SKU-0208,Home Item 0208,Home,WH013,SouthEast Warehouse 013,SouthEast,639,25,1081.85,93,1,2026-05-24T00:00:00+07:00
INV-003209,SKU-0209,Grocery Item 0209,Grocery,WH013,SouthEast Warehouse 013,SouthEast,374,34,2484.81,109,1,2026-05-24T00:00:00+07:00
INV-003210,SKU-0210,Fashion Item 0210,Fashion,WH013,SouthEast Warehouse 013,SouthEast,531,78,32.26,49,1,2026-05-24T00:00:00+07:00
INV-003211,SKU-0211,Industrial Item 0211,Industrial,WH013,SouthEast Warehouse 013,SouthEast,174,22,39.85,74,1,2026-05-24T00:00:00+07:00
INV-003212,SKU-0212,Electronics Item 0212,Electronics,WH013,SouthEast Warehouse 013,SouthEast,263,43,1411.42,31,1,2026-05-24T00:00:00+07:00
INV-003213,SKU-0213,Home Item 0213,Home,WH013,SouthEast Warehouse 013,SouthEast,89,8,1817.61,54,1,2026-05-24T00:00:00+07:00
INV-003214,SKU-0214,Grocery Item 0214,Grocery,WH013,SouthEast Warehouse 013,SouthEast,343,77,1476.47,84,1,2026-05-24T00:00:00+07:00
INV-003215,SKU-0215,Fashion Item 0215,Fashion,WH013,SouthEast Warehouse 013,SouthEast,746,25,1973.55,56,1,2026-05-24T00:00:00+07:00
INV-003216,SKU-0216,Industrial Item 0216,Industrial,WH013,SouthEast Warehouse 013,SouthEast,308,25,1240.94,68,1,2026-05-24T00:00:00+07:00
INV-003217,SKU-0217,Electronics Item 0217,Electronics,WH013,SouthEast Warehouse 013,SouthEast,610,8,68.73,31,1,2026-05-24T00:00:00+07:00
INV-003218,SKU-0218,Home Item 0218,Home,WH013,SouthEast Warehouse 013,SouthEast,210,24,2193.38,48,1,2026-05-24T00:00:00+07:00
INV-003219,SKU-0219,Grocery Item 0219,Grocery,WH013,SouthEast Warehouse 013,SouthEast,282,32,2422.66,87,1,2026-05-24T00:00:00+07:00
INV-003220,SKU-0220,Fashion Item 0220,Fashion,WH013,SouthEast Warehouse 013,SouthEast,725,32,1882.43,49,1,2026-05-24T00:00:00+07:00
INV-003221,SKU-0221,Industrial Item 0221,Industrial,WH013,SouthEast Warehouse 013,SouthEast,661,36,1586.40,48,1,2026-05-24T00:00:00+07:00
INV-003222,SKU-0222,Electronics Item 0222,Electronics,WH013,SouthEast Warehouse 013,SouthEast,402,25,678.49,48,1,2026-05-24T00:00:00+07:00
INV-003223,SKU-0223,Home Item 0223,Home,WH013,SouthEast Warehouse 013,SouthEast,354,25,2483.90,34,1,2026-05-24T00:00:00+07:00
INV-003224,SKU-0224,Grocery Item 0224,Grocery,WH013,SouthEast Warehouse 013,SouthEast,201,32,1141.81,109,1,2026-05-24T00:00:00+07:00
INV-003225,SKU-0225,Fashion Item 0225,Fashion,WH013,SouthEast Warehouse 013,SouthEast,623,46,1992.01,69,1,2026-05-24T00:00:00+07:00
INV-003226,SKU-0226,Industrial Item 0226,Industrial,WH013,SouthEast Warehouse 013,SouthEast,290,31,1620.10,78,1,2026-05-24T00:00:00+07:00
INV-003227,SKU-0227,Electronics Item 0227,Electronics,WH013,SouthEast Warehouse 013,SouthEast,137,34,2403.28,78,1,2026-05-24T00:00:00+07:00
INV-003228,SKU-0228,Home Item 0228,Home,WH013,SouthEast Warehouse 013,SouthEast,242,46,2059.47,117,1,2026-05-24T00:00:00+07:00
INV-003229,SKU-0229,Grocery Item 0229,Grocery,WH013,SouthEast Warehouse 013,SouthEast,197,2,2011.36,88,1,2026-05-24T00:00:00+07:00
INV-003230,SKU-0230,Fashion Item 0230,Fashion,WH013,SouthEast Warehouse 013,SouthEast,686,10,909.22,61,1,2026-05-24T00:00:00+07:00
INV-003231,SKU-0231,Industrial Item 0231,Industrial,WH013,SouthEast Warehouse 013,SouthEast,443,1,962.41,54,1,2026-05-24T00:00:00+07:00
INV-003232,SKU-0232,Electronics Item 0232,Electronics,WH013,SouthEast Warehouse 013,SouthEast,771,37,2482.45,56,1,2026-05-24T00:00:00+07:00
INV-003233,SKU-0233,Home Item 0233,Home,WH013,SouthEast Warehouse 013,SouthEast,300,75,253.01,51,1,2026-05-24T00:00:00+07:00
INV-003234,SKU-0234,Grocery Item 0234,Grocery,WH013,SouthEast Warehouse 013,SouthEast,258,11,619.14,120,1,2026-05-24T00:00:00+07:00
INV-003235,SKU-0235,Fashion Item 0235,Fashion,WH013,SouthEast Warehouse 013,SouthEast,81,10,1082.52,75,1,2026-05-24T00:00:00+07:00
INV-003236,SKU-0236,Industrial Item 0236,Industrial,WH013,SouthEast Warehouse 013,SouthEast,348,32,1094.41,25,1,2026-05-24T00:00:00+07:00
INV-003237,SKU-0237,Electronics Item 0237,Electronics,WH013,SouthEast Warehouse 013,SouthEast,576,62,2415.36,66,1,2026-05-24T00:00:00+07:00
INV-003238,SKU-0238,Home Item 0238,Home,WH013,SouthEast Warehouse 013,SouthEast,653,61,967.97,26,1,2026-05-24T00:00:00+07:00
INV-003239,SKU-0239,Grocery Item 0239,Grocery,WH013,SouthEast Warehouse 013,SouthEast,105,17,1692.37,70,1,2026-05-24T00:00:00+07:00
INV-003240,SKU-0240,Fashion Item 0240,Fashion,WH013,SouthEast Warehouse 013,SouthEast,568,51,1479.07,80,1,2026-05-24T00:00:00+07:00
INV-003241,SKU-0241,Industrial Item 0241,Industrial,WH013,SouthEast Warehouse 013,SouthEast,185,22,1457.68,58,1,2026-05-24T00:00:00+07:00
INV-003242,SKU-0242,Electronics Item 0242,Electronics,WH013,SouthEast Warehouse 013,SouthEast,150,18,1724.43,56,1,2026-05-24T00:00:00+07:00
INV-003243,SKU-0243,Home Item 0243,Home,WH013,SouthEast Warehouse 013,SouthEast,253,57,1869.10,49,1,2026-05-24T00:00:00+07:00
INV-003244,SKU-0244,Grocery Item 0244,Grocery,WH013,SouthEast Warehouse 013,SouthEast,229,13,133.70,43,1,2026-05-24T00:00:00+07:00
INV-003245,SKU-0245,Fashion Item 0245,Fashion,WH013,SouthEast Warehouse 013,SouthEast,137,9,2491.31,89,1,2026-05-24T00:00:00+07:00
INV-003246,SKU-0246,Industrial Item 0246,Industrial,WH013,SouthEast Warehouse 013,SouthEast,610,2,1593.63,56,1,2026-05-24T00:00:00+07:00
INV-003247,SKU-0247,Electronics Item 0247,Electronics,WH013,SouthEast Warehouse 013,SouthEast,667,59,1220.91,37,1,2026-05-24T00:00:00+07:00
INV-003248,SKU-0248,Home Item 0248,Home,WH013,SouthEast Warehouse 013,SouthEast,263,8,691.77,80,1,2026-05-24T00:00:00+07:00
INV-003249,SKU-0249,Grocery Item 0249,Grocery,WH013,SouthEast Warehouse 013,SouthEast,585,61,944.40,70,1,2026-05-24T00:00:00+07:00
INV-003250,SKU-0250,Fashion Item 0250,Fashion,WH013,SouthEast Warehouse 013,SouthEast,769,34,1443.84,115,1,2026-05-24T00:00:00+07:00
INV-003251,SKU-0001,Electronics Item 0001,Electronics,WH014,SouthEast Warehouse 014,SouthEast,348,44,1146.79,28,1,2026-05-24T00:00:00+07:00
INV-003252,SKU-0002,Home Item 0002,Home,WH014,SouthEast Warehouse 014,SouthEast,286,13,1234.80,62,1,2026-05-24T00:00:00+07:00
INV-003253,SKU-0003,Grocery Item 0003,Grocery,WH014,SouthEast Warehouse 014,SouthEast,685,5,2395.51,76,1,2026-05-24T00:00:00+07:00
INV-003254,SKU-0004,Fashion Item 0004,Fashion,WH014,SouthEast Warehouse 014,SouthEast,263,20,121.92,103,1,2026-05-24T00:00:00+07:00
INV-003255,SKU-0005,Industrial Item 0005,Industrial,WH014,SouthEast Warehouse 014,SouthEast,755,60,170.05,39,1,2026-05-24T00:00:00+07:00
INV-003256,SKU-0006,Electronics Item 0006,Electronics,WH014,SouthEast Warehouse 014,SouthEast,257,64,648.99,119,1,2026-05-24T00:00:00+07:00
INV-003257,SKU-0007,Home Item 0007,Home,WH014,SouthEast Warehouse 014,SouthEast,537,59,29.59,27,1,2026-05-24T00:00:00+07:00
INV-003258,SKU-0008,Grocery Item 0008,Grocery,WH014,SouthEast Warehouse 014,SouthEast,391,29,1564.48,55,1,2026-05-24T00:00:00+07:00
INV-003259,SKU-0009,Fashion Item 0009,Fashion,WH014,SouthEast Warehouse 014,SouthEast,675,66,2053.45,58,1,2026-05-24T00:00:00+07:00
INV-003260,SKU-0010,Industrial Item 0010,Industrial,WH014,SouthEast Warehouse 014,SouthEast,662,69,804.58,78,1,2026-05-24T00:00:00+07:00
INV-003261,SKU-0011,Electronics Item 0011,Electronics,WH014,SouthEast Warehouse 014,SouthEast,683,65,1167.60,76,1,2026-05-24T00:00:00+07:00
INV-003262,SKU-0012,Home Item 0012,Home,WH014,SouthEast Warehouse 014,SouthEast,738,63,876.79,113,1,2026-05-24T00:00:00+07:00
INV-003263,SKU-0013,Grocery Item 0013,Grocery,WH014,SouthEast Warehouse 014,SouthEast,262,44,649.77,109,1,2026-05-24T00:00:00+07:00
INV-003264,SKU-0014,Fashion Item 0014,Fashion,WH014,SouthEast Warehouse 014,SouthEast,764,12,1698.39,30,1,2026-05-24T00:00:00+07:00
INV-003265,SKU-0015,Industrial Item 0015,Industrial,WH014,SouthEast Warehouse 014,SouthEast,353,13,176.39,32,1,2026-05-24T00:00:00+07:00
INV-003266,SKU-0016,Electronics Item 0016,Electronics,WH014,SouthEast Warehouse 014,SouthEast,735,15,2297.50,90,1,2026-05-24T00:00:00+07:00
INV-003267,SKU-0017,Home Item 0017,Home,WH014,SouthEast Warehouse 014,SouthEast,636,69,2334.03,105,1,2026-05-24T00:00:00+07:00
INV-003268,SKU-0018,Grocery Item 0018,Grocery,WH014,SouthEast Warehouse 014,SouthEast,588,56,305.56,32,1,2026-05-24T00:00:00+07:00
INV-003269,SKU-0019,Fashion Item 0019,Fashion,WH014,SouthEast Warehouse 014,SouthEast,335,20,210.78,56,1,2026-05-24T00:00:00+07:00
INV-003270,SKU-0020,Industrial Item 0020,Industrial,WH014,SouthEast Warehouse 014,SouthEast,700,20,2307.65,93,1,2026-05-24T00:00:00+07:00
INV-003271,SKU-0021,Electronics Item 0021,Electronics,WH014,SouthEast Warehouse 014,SouthEast,362,5,880.05,120,1,2026-05-24T00:00:00+07:00
INV-003272,SKU-0022,Home Item 0022,Home,WH014,SouthEast Warehouse 014,SouthEast,106,7,193.70,49,1,2026-05-24T00:00:00+07:00
INV-003273,SKU-0023,Grocery Item 0023,Grocery,WH014,SouthEast Warehouse 014,SouthEast,449,1,154.75,91,1,2026-05-24T00:00:00+07:00
INV-003274,SKU-0024,Fashion Item 0024,Fashion,WH014,SouthEast Warehouse 014,SouthEast,710,28,183.97,83,1,2026-05-24T00:00:00+07:00
INV-003275,SKU-0025,Industrial Item 0025,Industrial,WH014,SouthEast Warehouse 014,SouthEast,573,73,1219.75,41,1,2026-05-24T00:00:00+07:00
INV-003276,SKU-0026,Electronics Item 0026,Electronics,WH014,SouthEast Warehouse 014,SouthEast,404,48,1283.64,91,1,2026-05-24T00:00:00+07:00
INV-003277,SKU-0027,Home Item 0027,Home,WH014,SouthEast Warehouse 014,SouthEast,436,50,1016.96,118,1,2026-05-24T00:00:00+07:00
INV-003278,SKU-0028,Grocery Item 0028,Grocery,WH014,SouthEast Warehouse 014,SouthEast,457,26,606.78,30,1,2026-05-24T00:00:00+07:00
INV-003279,SKU-0029,Fashion Item 0029,Fashion,WH014,SouthEast Warehouse 014,SouthEast,250,11,579.91,72,1,2026-05-24T00:00:00+07:00
INV-003280,SKU-0030,Industrial Item 0030,Industrial,WH014,SouthEast Warehouse 014,SouthEast,96,17,1998.78,41,1,2026-05-24T00:00:00+07:00
INV-003281,SKU-0031,Electronics Item 0031,Electronics,WH014,SouthEast Warehouse 014,SouthEast,615,76,2283.49,92,1,2026-05-24T00:00:00+07:00
INV-003282,SKU-0032,Home Item 0032,Home,WH014,SouthEast Warehouse 014,SouthEast,234,35,1042.52,117,1,2026-05-24T00:00:00+07:00
INV-003283,SKU-0033,Grocery Item 0033,Grocery,WH014,SouthEast Warehouse 014,SouthEast,171,34,2485.13,81,1,2026-05-24T00:00:00+07:00
INV-003284,SKU-0034,Fashion Item 0034,Fashion,WH014,SouthEast Warehouse 014,SouthEast,354,19,2020.71,109,1,2026-05-24T00:00:00+07:00
INV-003285,SKU-0035,Industrial Item 0035,Industrial,WH014,SouthEast Warehouse 014,SouthEast,463,69,1521.60,44,1,2026-05-24T00:00:00+07:00
INV-003286,SKU-0036,Electronics Item 0036,Electronics,WH014,SouthEast Warehouse 014,SouthEast,341,19,1062.48,77,1,2026-05-24T00:00:00+07:00
INV-003287,SKU-0037,Home Item 0037,Home,WH014,SouthEast Warehouse 014,SouthEast,439,64,482.48,25,1,2026-05-24T00:00:00+07:00
INV-003288,SKU-0038,Grocery Item 0038,Grocery,WH014,SouthEast Warehouse 014,SouthEast,92,16,237.37,83,1,2026-05-24T00:00:00+07:00
INV-003289,SKU-0039,Fashion Item 0039,Fashion,WH014,SouthEast Warehouse 014,SouthEast,162,16,29.94,79,1,2026-05-24T00:00:00+07:00
INV-003290,SKU-0040,Industrial Item 0040,Industrial,WH014,SouthEast Warehouse 014,SouthEast,293,46,424.93,91,1,2026-05-24T00:00:00+07:00
INV-003291,SKU-0041,Electronics Item 0041,Electronics,WH014,SouthEast Warehouse 014,SouthEast,163,21,2353.49,75,1,2026-05-24T00:00:00+07:00
INV-003292,SKU-0042,Home Item 0042,Home,WH014,SouthEast Warehouse 014,SouthEast,707,59,11.96,104,1,2026-05-24T00:00:00+07:00
INV-003293,SKU-0043,Grocery Item 0043,Grocery,WH014,SouthEast Warehouse 014,SouthEast,774,33,465.50,76,1,2026-05-24T00:00:00+07:00
INV-003294,SKU-0044,Fashion Item 0044,Fashion,WH014,SouthEast Warehouse 014,SouthEast,427,11,1637.25,76,1,2026-05-24T00:00:00+07:00
INV-003295,SKU-0045,Industrial Item 0045,Industrial,WH014,SouthEast Warehouse 014,SouthEast,352,69,694.76,96,1,2026-05-24T00:00:00+07:00
INV-003296,SKU-0046,Electronics Item 0046,Electronics,WH014,SouthEast Warehouse 014,SouthEast,659,24,1527.60,78,1,2026-05-24T00:00:00+07:00
INV-003297,SKU-0047,Home Item 0047,Home,WH014,SouthEast Warehouse 014,SouthEast,737,5,2490.35,55,1,2026-05-24T00:00:00+07:00
INV-003298,SKU-0048,Grocery Item 0048,Grocery,WH014,SouthEast Warehouse 014,SouthEast,602,46,1478.84,35,1,2026-05-24T00:00:00+07:00
INV-003299,SKU-0049,Fashion Item 0049,Fashion,WH014,SouthEast Warehouse 014,SouthEast,777,60,1616.46,46,1,2026-05-24T00:00:00+07:00
INV-003300,SKU-0050,Industrial Item 0050,Industrial,WH014,SouthEast Warehouse 014,SouthEast,511,30,1272.41,48,1,2026-05-24T00:00:00+07:00
INV-003301,SKU-0051,Electronics Item 0051,Electronics,WH014,SouthEast Warehouse 014,SouthEast,104,16,1559.62,92,1,2026-05-24T00:00:00+07:00
INV-003302,SKU-0052,Home Item 0052,Home,WH014,SouthEast Warehouse 014,SouthEast,192,35,373.20,107,1,2026-05-24T00:00:00+07:00
INV-003303,SKU-0053,Grocery Item 0053,Grocery,WH014,SouthEast Warehouse 014,SouthEast,423,3,2133.84,102,1,2026-05-24T00:00:00+07:00
INV-003304,SKU-0054,Fashion Item 0054,Fashion,WH014,SouthEast Warehouse 014,SouthEast,288,31,941.41,30,1,2026-05-24T00:00:00+07:00
INV-003305,SKU-0055,Industrial Item 0055,Industrial,WH014,SouthEast Warehouse 014,SouthEast,482,51,577.22,75,1,2026-05-24T00:00:00+07:00
INV-003306,SKU-0056,Electronics Item 0056,Electronics,WH014,SouthEast Warehouse 014,SouthEast,594,30,1509.13,80,1,2026-05-24T00:00:00+07:00
INV-003307,SKU-0057,Home Item 0057,Home,WH014,SouthEast Warehouse 014,SouthEast,135,8,981.55,114,1,2026-05-24T00:00:00+07:00
INV-003308,SKU-0058,Grocery Item 0058,Grocery,WH014,SouthEast Warehouse 014,SouthEast,711,35,1761.04,113,1,2026-05-24T00:00:00+07:00
INV-003309,SKU-0059,Fashion Item 0059,Fashion,WH014,SouthEast Warehouse 014,SouthEast,227,56,1917.11,44,1,2026-05-24T00:00:00+07:00
INV-003310,SKU-0060,Industrial Item 0060,Industrial,WH014,SouthEast Warehouse 014,SouthEast,569,56,763.46,102,1,2026-05-24T00:00:00+07:00
INV-003311,SKU-0061,Electronics Item 0061,Electronics,WH014,SouthEast Warehouse 014,SouthEast,438,2,2460.81,115,1,2026-05-24T00:00:00+07:00
INV-003312,SKU-0062,Home Item 0062,Home,WH014,SouthEast Warehouse 014,SouthEast,197,16,255.58,89,1,2026-05-24T00:00:00+07:00
INV-003313,SKU-0063,Grocery Item 0063,Grocery,WH014,SouthEast Warehouse 014,SouthEast,257,45,555.75,42,1,2026-05-24T00:00:00+07:00
INV-003314,SKU-0064,Fashion Item 0064,Fashion,WH014,SouthEast Warehouse 014,SouthEast,457,45,209.14,115,1,2026-05-24T00:00:00+07:00
INV-003315,SKU-0065,Industrial Item 0065,Industrial,WH014,SouthEast Warehouse 014,SouthEast,239,15,1321.46,113,1,2026-05-24T00:00:00+07:00
INV-003316,SKU-0066,Electronics Item 0066,Electronics,WH014,SouthEast Warehouse 014,SouthEast,100,13,1501.07,65,1,2026-05-24T00:00:00+07:00
INV-003317,SKU-0067,Home Item 0067,Home,WH014,SouthEast Warehouse 014,SouthEast,515,13,2011.84,70,1,2026-05-24T00:00:00+07:00
INV-003318,SKU-0068,Grocery Item 0068,Grocery,WH014,SouthEast Warehouse 014,SouthEast,782,20,1911.64,72,1,2026-05-24T00:00:00+07:00
INV-003319,SKU-0069,Fashion Item 0069,Fashion,WH014,SouthEast Warehouse 014,SouthEast,379,38,1755.66,49,1,2026-05-24T00:00:00+07:00
INV-003320,SKU-0070,Industrial Item 0070,Industrial,WH014,SouthEast Warehouse 014,SouthEast,414,45,1038.50,90,1,2026-05-24T00:00:00+07:00
INV-003321,SKU-0071,Electronics Item 0071,Electronics,WH014,SouthEast Warehouse 014,SouthEast,380,3,315.02,61,1,2026-05-24T00:00:00+07:00
INV-003322,SKU-0072,Home Item 0072,Home,WH014,SouthEast Warehouse 014,SouthEast,501,23,1159.45,39,1,2026-05-24T00:00:00+07:00
INV-003323,SKU-0073,Grocery Item 0073,Grocery,WH014,SouthEast Warehouse 014,SouthEast,315,12,1061.54,118,1,2026-05-24T00:00:00+07:00
INV-003324,SKU-0074,Fashion Item 0074,Fashion,WH014,SouthEast Warehouse 014,SouthEast,429,18,659.38,85,1,2026-05-24T00:00:00+07:00
INV-003325,SKU-0075,Industrial Item 0075,Industrial,WH014,SouthEast Warehouse 014,SouthEast,473,55,542.70,97,1,2026-05-24T00:00:00+07:00
INV-003326,SKU-0076,Electronics Item 0076,Electronics,WH014,SouthEast Warehouse 014,SouthEast,227,15,1244.85,57,1,2026-05-24T00:00:00+07:00
INV-003327,SKU-0077,Home Item 0077,Home,WH014,SouthEast Warehouse 014,SouthEast,130,10,2305.14,60,1,2026-05-24T00:00:00+07:00
INV-003328,SKU-0078,Grocery Item 0078,Grocery,WH014,SouthEast Warehouse 014,SouthEast,329,67,719.28,84,1,2026-05-24T00:00:00+07:00
INV-003329,SKU-0079,Fashion Item 0079,Fashion,WH014,SouthEast Warehouse 014,SouthEast,632,65,753.01,44,1,2026-05-24T00:00:00+07:00
INV-003330,SKU-0080,Industrial Item 0080,Industrial,WH014,SouthEast Warehouse 014,SouthEast,447,4,943.80,50,1,2026-05-24T00:00:00+07:00
INV-003331,SKU-0081,Electronics Item 0081,Electronics,WH014,SouthEast Warehouse 014,SouthEast,426,16,374.02,102,1,2026-05-24T00:00:00+07:00
INV-003332,SKU-0082,Home Item 0082,Home,WH014,SouthEast Warehouse 014,SouthEast,660,54,1930.86,37,1,2026-05-24T00:00:00+07:00
INV-003333,SKU-0083,Grocery Item 0083,Grocery,WH014,SouthEast Warehouse 014,SouthEast,100,23,2492.15,44,1,2026-05-24T00:00:00+07:00
INV-003334,SKU-0084,Fashion Item 0084,Fashion,WH014,SouthEast Warehouse 014,SouthEast,200,34,609.29,93,1,2026-05-24T00:00:00+07:00
INV-003335,SKU-0085,Industrial Item 0085,Industrial,WH014,SouthEast Warehouse 014,SouthEast,471,58,59.98,57,1,2026-05-24T00:00:00+07:00
INV-003336,SKU-0086,Electronics Item 0086,Electronics,WH014,SouthEast Warehouse 014,SouthEast,112,20,542.03,90,1,2026-05-24T00:00:00+07:00
INV-003337,SKU-0087,Home Item 0087,Home,WH014,SouthEast Warehouse 014,SouthEast,465,8,2087.67,36,1,2026-05-24T00:00:00+07:00
INV-003338,SKU-0088,Grocery Item 0088,Grocery,WH014,SouthEast Warehouse 014,SouthEast,113,28,1962.28,103,1,2026-05-24T00:00:00+07:00
INV-003339,SKU-0089,Fashion Item 0089,Fashion,WH014,SouthEast Warehouse 014,SouthEast,279,64,2170.11,77,1,2026-05-24T00:00:00+07:00
INV-003340,SKU-0090,Industrial Item 0090,Industrial,WH014,SouthEast Warehouse 014,SouthEast,318,5,2338.73,30,1,2026-05-24T00:00:00+07:00
INV-003341,SKU-0091,Electronics Item 0091,Electronics,WH014,SouthEast Warehouse 014,SouthEast,609,46,341.90,117,1,2026-05-24T00:00:00+07:00
INV-003342,SKU-0092,Home Item 0092,Home,WH014,SouthEast Warehouse 014,SouthEast,372,41,914.12,55,1,2026-05-24T00:00:00+07:00
INV-003343,SKU-0093,Grocery Item 0093,Grocery,WH014,SouthEast Warehouse 014,SouthEast,760,53,1046.51,83,1,2026-05-24T00:00:00+07:00
INV-003344,SKU-0094,Fashion Item 0094,Fashion,WH014,SouthEast Warehouse 014,SouthEast,254,47,850.85,75,1,2026-05-24T00:00:00+07:00
INV-003345,SKU-0095,Industrial Item 0095,Industrial,WH014,SouthEast Warehouse 014,SouthEast,760,56,1924.33,99,1,2026-05-24T00:00:00+07:00
INV-003346,SKU-0096,Electronics Item 0096,Electronics,WH014,SouthEast Warehouse 014,SouthEast,758,50,1793.69,90,1,2026-05-24T00:00:00+07:00
INV-003347,SKU-0097,Home Item 0097,Home,WH014,SouthEast Warehouse 014,SouthEast,764,57,2071.22,34,1,2026-05-24T00:00:00+07:00
INV-003348,SKU-0098,Grocery Item 0098,Grocery,WH014,SouthEast Warehouse 014,SouthEast,499,19,1745.53,42,1,2026-05-24T00:00:00+07:00
INV-003349,SKU-0099,Fashion Item 0099,Fashion,WH014,SouthEast Warehouse 014,SouthEast,122,28,740.47,63,1,2026-05-24T00:00:00+07:00
INV-003350,SKU-0100,Industrial Item 0100,Industrial,WH014,SouthEast Warehouse 014,SouthEast,437,3,2491.18,112,1,2026-05-24T00:00:00+07:00
INV-003351,SKU-0101,Electronics Item 0101,Electronics,WH014,SouthEast Warehouse 014,SouthEast,692,43,1549.15,102,1,2026-05-24T00:00:00+07:00
INV-003352,SKU-0102,Home Item 0102,Home,WH014,SouthEast Warehouse 014,SouthEast,651,7,1374.78,52,1,2026-05-24T00:00:00+07:00
INV-003353,SKU-0103,Grocery Item 0103,Grocery,WH014,SouthEast Warehouse 014,SouthEast,136,28,1413.20,83,1,2026-05-24T00:00:00+07:00
INV-003354,SKU-0104,Fashion Item 0104,Fashion,WH014,SouthEast Warehouse 014,SouthEast,96,9,1300.45,84,1,2026-05-24T00:00:00+07:00
INV-003355,SKU-0105,Industrial Item 0105,Industrial,WH014,SouthEast Warehouse 014,SouthEast,334,28,198.55,108,1,2026-05-24T00:00:00+07:00
INV-003356,SKU-0106,Electronics Item 0106,Electronics,WH014,SouthEast Warehouse 014,SouthEast,94,6,627.70,118,1,2026-05-24T00:00:00+07:00
INV-003357,SKU-0107,Home Item 0107,Home,WH014,SouthEast Warehouse 014,SouthEast,278,22,444.35,110,1,2026-05-24T00:00:00+07:00
INV-003358,SKU-0108,Grocery Item 0108,Grocery,WH014,SouthEast Warehouse 014,SouthEast,177,16,502.75,25,1,2026-05-24T00:00:00+07:00
INV-003359,SKU-0109,Fashion Item 0109,Fashion,WH014,SouthEast Warehouse 014,SouthEast,283,33,1657.47,69,1,2026-05-24T00:00:00+07:00
INV-003360,SKU-0110,Industrial Item 0110,Industrial,WH014,SouthEast Warehouse 014,SouthEast,587,48,2207.19,81,1,2026-05-24T00:00:00+07:00
INV-003361,SKU-0111,Electronics Item 0111,Electronics,WH014,SouthEast Warehouse 014,SouthEast,482,66,1307.21,115,1,2026-05-24T00:00:00+07:00
INV-003362,SKU-0112,Home Item 0112,Home,WH014,SouthEast Warehouse 014,SouthEast,419,68,2086.03,41,1,2026-05-24T00:00:00+07:00
INV-003363,SKU-0113,Grocery Item 0113,Grocery,WH014,SouthEast Warehouse 014,SouthEast,394,26,1265.14,26,1,2026-05-24T00:00:00+07:00
INV-003364,SKU-0114,Fashion Item 0114,Fashion,WH014,SouthEast Warehouse 014,SouthEast,270,24,1775.97,30,1,2026-05-24T00:00:00+07:00
INV-003365,SKU-0115,Industrial Item 0115,Industrial,WH014,SouthEast Warehouse 014,SouthEast,795,37,1535.11,118,1,2026-05-24T00:00:00+07:00
INV-003366,SKU-0116,Electronics Item 0116,Electronics,WH014,SouthEast Warehouse 014,SouthEast,486,39,283.05,77,1,2026-05-24T00:00:00+07:00
INV-003367,SKU-0117,Home Item 0117,Home,WH014,SouthEast Warehouse 014,SouthEast,250,31,1663.90,84,1,2026-05-24T00:00:00+07:00
INV-003368,SKU-0118,Grocery Item 0118,Grocery,WH014,SouthEast Warehouse 014,SouthEast,685,5,2292.83,29,1,2026-05-24T00:00:00+07:00
INV-003369,SKU-0119,Fashion Item 0119,Fashion,WH014,SouthEast Warehouse 014,SouthEast,81,4,632.42,73,1,2026-05-24T00:00:00+07:00
INV-003370,SKU-0120,Industrial Item 0120,Industrial,WH014,SouthEast Warehouse 014,SouthEast,605,11,1146.41,78,1,2026-05-24T00:00:00+07:00
INV-003371,SKU-0121,Electronics Item 0121,Electronics,WH014,SouthEast Warehouse 014,SouthEast,426,80,1699.58,55,1,2026-05-24T00:00:00+07:00
INV-003372,SKU-0122,Home Item 0122,Home,WH014,SouthEast Warehouse 014,SouthEast,573,17,683.29,39,1,2026-05-24T00:00:00+07:00
INV-003373,SKU-0123,Grocery Item 0123,Grocery,WH014,SouthEast Warehouse 014,SouthEast,324,20,2259.01,70,1,2026-05-24T00:00:00+07:00
INV-003374,SKU-0124,Fashion Item 0124,Fashion,WH014,SouthEast Warehouse 014,SouthEast,372,58,2463.84,82,1,2026-05-24T00:00:00+07:00
INV-003375,SKU-0125,Industrial Item 0125,Industrial,WH014,SouthEast Warehouse 014,SouthEast,331,42,2196.63,58,1,2026-05-24T00:00:00+07:00
INV-003376,SKU-0126,Electronics Item 0126,Electronics,WH014,SouthEast Warehouse 014,SouthEast,455,68,440.67,67,1,2026-05-24T00:00:00+07:00
INV-003377,SKU-0127,Home Item 0127,Home,WH014,SouthEast Warehouse 014,SouthEast,732,44,1164.42,78,1,2026-05-24T00:00:00+07:00
INV-003378,SKU-0128,Grocery Item 0128,Grocery,WH014,SouthEast Warehouse 014,SouthEast,338,73,1091.85,56,1,2026-05-24T00:00:00+07:00
INV-003379,SKU-0129,Fashion Item 0129,Fashion,WH014,SouthEast Warehouse 014,SouthEast,725,25,2000.84,41,1,2026-05-24T00:00:00+07:00
INV-003380,SKU-0130,Industrial Item 0130,Industrial,WH014,SouthEast Warehouse 014,SouthEast,549,73,1570.46,38,1,2026-05-24T00:00:00+07:00
INV-003381,SKU-0131,Electronics Item 0131,Electronics,WH014,SouthEast Warehouse 014,SouthEast,316,5,1062.78,39,1,2026-05-24T00:00:00+07:00
INV-003382,SKU-0132,Home Item 0132,Home,WH014,SouthEast Warehouse 014,SouthEast,341,14,173.85,54,1,2026-05-24T00:00:00+07:00
INV-003383,SKU-0133,Grocery Item 0133,Grocery,WH014,SouthEast Warehouse 014,SouthEast,153,38,1579.41,84,1,2026-05-24T00:00:00+07:00
INV-003384,SKU-0134,Fashion Item 0134,Fashion,WH014,SouthEast Warehouse 014,SouthEast,148,14,397.24,104,1,2026-05-24T00:00:00+07:00
INV-003385,SKU-0135,Industrial Item 0135,Industrial,WH014,SouthEast Warehouse 014,SouthEast,769,13,2081.22,54,1,2026-05-24T00:00:00+07:00
INV-003386,SKU-0136,Electronics Item 0136,Electronics,WH014,SouthEast Warehouse 014,SouthEast,180,19,1657.15,76,1,2026-05-24T00:00:00+07:00
INV-003387,SKU-0137,Home Item 0137,Home,WH014,SouthEast Warehouse 014,SouthEast,282,25,522.12,37,1,2026-05-24T00:00:00+07:00
INV-003388,SKU-0138,Grocery Item 0138,Grocery,WH014,SouthEast Warehouse 014,SouthEast,222,41,815.00,76,1,2026-05-24T00:00:00+07:00
INV-003389,SKU-0139,Fashion Item 0139,Fashion,WH014,SouthEast Warehouse 014,SouthEast,386,75,1016.66,54,1,2026-05-24T00:00:00+07:00
INV-003390,SKU-0140,Industrial Item 0140,Industrial,WH014,SouthEast Warehouse 014,SouthEast,637,20,2006.61,114,1,2026-05-24T00:00:00+07:00
INV-003391,SKU-0141,Electronics Item 0141,Electronics,WH014,SouthEast Warehouse 014,SouthEast,732,45,2477.23,74,1,2026-05-24T00:00:00+07:00
INV-003392,SKU-0142,Home Item 0142,Home,WH014,SouthEast Warehouse 014,SouthEast,98,5,13.04,25,1,2026-05-24T00:00:00+07:00
INV-003393,SKU-0143,Grocery Item 0143,Grocery,WH014,SouthEast Warehouse 014,SouthEast,231,48,1452.39,66,1,2026-05-24T00:00:00+07:00
INV-003394,SKU-0144,Fashion Item 0144,Fashion,WH014,SouthEast Warehouse 014,SouthEast,336,42,495.65,115,1,2026-05-24T00:00:00+07:00
INV-003395,SKU-0145,Industrial Item 0145,Industrial,WH014,SouthEast Warehouse 014,SouthEast,624,22,1958.90,112,1,2026-05-24T00:00:00+07:00
INV-003396,SKU-0146,Electronics Item 0146,Electronics,WH014,SouthEast Warehouse 014,SouthEast,170,26,2134.35,45,1,2026-05-24T00:00:00+07:00
INV-003397,SKU-0147,Home Item 0147,Home,WH014,SouthEast Warehouse 014,SouthEast,608,57,1273.12,36,1,2026-05-24T00:00:00+07:00
INV-003398,SKU-0148,Grocery Item 0148,Grocery,WH014,SouthEast Warehouse 014,SouthEast,308,62,2013.73,105,1,2026-05-24T00:00:00+07:00
INV-003399,SKU-0149,Fashion Item 0149,Fashion,WH014,SouthEast Warehouse 014,SouthEast,543,6,1145.79,32,1,2026-05-24T00:00:00+07:00
INV-003400,SKU-0150,Industrial Item 0150,Industrial,WH014,SouthEast Warehouse 014,SouthEast,289,56,273.24,108,1,2026-05-24T00:00:00+07:00
INV-003401,SKU-0151,Electronics Item 0151,Electronics,WH014,SouthEast Warehouse 014,SouthEast,241,25,1973.78,99,1,2026-05-24T00:00:00+07:00
INV-003402,SKU-0152,Home Item 0152,Home,WH014,SouthEast Warehouse 014,SouthEast,734,61,1326.54,70,1,2026-05-24T00:00:00+07:00
INV-003403,SKU-0153,Grocery Item 0153,Grocery,WH014,SouthEast Warehouse 014,SouthEast,200,7,524.70,98,1,2026-05-24T00:00:00+07:00
INV-003404,SKU-0154,Fashion Item 0154,Fashion,WH014,SouthEast Warehouse 014,SouthEast,710,14,1787.61,101,1,2026-05-24T00:00:00+07:00
INV-003405,SKU-0155,Industrial Item 0155,Industrial,WH014,SouthEast Warehouse 014,SouthEast,225,6,2082.95,94,1,2026-05-24T00:00:00+07:00
INV-003406,SKU-0156,Electronics Item 0156,Electronics,WH014,SouthEast Warehouse 014,SouthEast,434,5,1206.84,76,1,2026-05-24T00:00:00+07:00
INV-003407,SKU-0157,Home Item 0157,Home,WH014,SouthEast Warehouse 014,SouthEast,779,56,866.82,42,1,2026-05-24T00:00:00+07:00
INV-003408,SKU-0158,Grocery Item 0158,Grocery,WH014,SouthEast Warehouse 014,SouthEast,320,18,1937.93,46,1,2026-05-24T00:00:00+07:00
INV-003409,SKU-0159,Fashion Item 0159,Fashion,WH014,SouthEast Warehouse 014,SouthEast,641,34,900.39,45,1,2026-05-24T00:00:00+07:00
INV-003410,SKU-0160,Industrial Item 0160,Industrial,WH014,SouthEast Warehouse 014,SouthEast,300,24,627.12,82,1,2026-05-24T00:00:00+07:00
INV-003411,SKU-0161,Electronics Item 0161,Electronics,WH014,SouthEast Warehouse 014,SouthEast,676,40,2261.64,60,1,2026-05-24T00:00:00+07:00
INV-003412,SKU-0162,Home Item 0162,Home,WH014,SouthEast Warehouse 014,SouthEast,123,26,125.34,116,1,2026-05-24T00:00:00+07:00
INV-003413,SKU-0163,Grocery Item 0163,Grocery,WH014,SouthEast Warehouse 014,SouthEast,694,66,540.00,69,1,2026-05-24T00:00:00+07:00
INV-003414,SKU-0164,Fashion Item 0164,Fashion,WH014,SouthEast Warehouse 014,SouthEast,541,17,1166.64,78,1,2026-05-24T00:00:00+07:00
INV-003415,SKU-0165,Industrial Item 0165,Industrial,WH014,SouthEast Warehouse 014,SouthEast,241,11,2448.05,55,1,2026-05-24T00:00:00+07:00
INV-003416,SKU-0166,Electronics Item 0166,Electronics,WH014,SouthEast Warehouse 014,SouthEast,365,41,791.83,98,1,2026-05-24T00:00:00+07:00
INV-003417,SKU-0167,Home Item 0167,Home,WH014,SouthEast Warehouse 014,SouthEast,100,25,1803.78,61,1,2026-05-24T00:00:00+07:00
INV-003418,SKU-0168,Grocery Item 0168,Grocery,WH014,SouthEast Warehouse 014,SouthEast,771,66,1619.91,79,1,2026-05-24T00:00:00+07:00
INV-003419,SKU-0169,Fashion Item 0169,Fashion,WH014,SouthEast Warehouse 014,SouthEast,728,19,1152.41,68,1,2026-05-24T00:00:00+07:00
INV-003420,SKU-0170,Industrial Item 0170,Industrial,WH014,SouthEast Warehouse 014,SouthEast,130,9,2146.59,46,1,2026-05-24T00:00:00+07:00
INV-003421,SKU-0171,Electronics Item 0171,Electronics,WH014,SouthEast Warehouse 014,SouthEast,736,34,1455.38,28,1,2026-05-24T00:00:00+07:00
INV-003422,SKU-0172,Home Item 0172,Home,WH014,SouthEast Warehouse 014,SouthEast,550,21,109.11,69,1,2026-05-24T00:00:00+07:00
INV-003423,SKU-0173,Grocery Item 0173,Grocery,WH014,SouthEast Warehouse 014,SouthEast,552,42,1013.20,88,1,2026-05-24T00:00:00+07:00
INV-003424,SKU-0174,Fashion Item 0174,Fashion,WH014,SouthEast Warehouse 014,SouthEast,579,15,2196.67,42,1,2026-05-24T00:00:00+07:00
INV-003425,SKU-0175,Industrial Item 0175,Industrial,WH014,SouthEast Warehouse 014,SouthEast,546,4,1619.42,28,1,2026-05-24T00:00:00+07:00
INV-003426,SKU-0176,Electronics Item 0176,Electronics,WH014,SouthEast Warehouse 014,SouthEast,611,47,1605.98,84,1,2026-05-24T00:00:00+07:00
INV-003427,SKU-0177,Home Item 0177,Home,WH014,SouthEast Warehouse 014,SouthEast,792,33,1825.68,103,1,2026-05-24T00:00:00+07:00
INV-003428,SKU-0178,Grocery Item 0178,Grocery,WH014,SouthEast Warehouse 014,SouthEast,743,54,514.84,100,1,2026-05-24T00:00:00+07:00
INV-003429,SKU-0179,Fashion Item 0179,Fashion,WH014,SouthEast Warehouse 014,SouthEast,494,11,716.12,34,1,2026-05-24T00:00:00+07:00
INV-003430,SKU-0180,Industrial Item 0180,Industrial,WH014,SouthEast Warehouse 014,SouthEast,221,29,1865.71,48,1,2026-05-24T00:00:00+07:00
INV-003431,SKU-0181,Electronics Item 0181,Electronics,WH014,SouthEast Warehouse 014,SouthEast,559,5,1496.27,30,1,2026-05-24T00:00:00+07:00
INV-003432,SKU-0182,Home Item 0182,Home,WH014,SouthEast Warehouse 014,SouthEast,202,17,661.03,88,1,2026-05-24T00:00:00+07:00
INV-003433,SKU-0183,Grocery Item 0183,Grocery,WH014,SouthEast Warehouse 014,SouthEast,235,35,1291.72,42,1,2026-05-24T00:00:00+07:00
INV-003434,SKU-0184,Fashion Item 0184,Fashion,WH014,SouthEast Warehouse 014,SouthEast,558,73,1488.96,78,1,2026-05-24T00:00:00+07:00
INV-003435,SKU-0185,Industrial Item 0185,Industrial,WH014,SouthEast Warehouse 014,SouthEast,570,22,1661.92,104,1,2026-05-24T00:00:00+07:00
INV-003436,SKU-0186,Electronics Item 0186,Electronics,WH014,SouthEast Warehouse 014,SouthEast,95,21,528.09,68,1,2026-05-24T00:00:00+07:00
INV-003437,SKU-0187,Home Item 0187,Home,WH014,SouthEast Warehouse 014,SouthEast,527,21,2220.99,49,1,2026-05-24T00:00:00+07:00
INV-003438,SKU-0188,Grocery Item 0188,Grocery,WH014,SouthEast Warehouse 014,SouthEast,679,3,2323.63,49,1,2026-05-24T00:00:00+07:00
INV-003439,SKU-0189,Fashion Item 0189,Fashion,WH014,SouthEast Warehouse 014,SouthEast,681,57,1376.25,46,1,2026-05-24T00:00:00+07:00
INV-003440,SKU-0190,Industrial Item 0190,Industrial,WH014,SouthEast Warehouse 014,SouthEast,211,52,298.96,26,1,2026-05-24T00:00:00+07:00
INV-003441,SKU-0191,Electronics Item 0191,Electronics,WH014,SouthEast Warehouse 014,SouthEast,496,78,604.63,90,1,2026-05-24T00:00:00+07:00
INV-003442,SKU-0192,Home Item 0192,Home,WH014,SouthEast Warehouse 014,SouthEast,202,46,1847.99,67,1,2026-05-24T00:00:00+07:00
INV-003443,SKU-0193,Grocery Item 0193,Grocery,WH014,SouthEast Warehouse 014,SouthEast,754,8,1476.57,99,1,2026-05-24T00:00:00+07:00
INV-003444,SKU-0194,Fashion Item 0194,Fashion,WH014,SouthEast Warehouse 014,SouthEast,88,0,123.99,94,1,2026-05-24T00:00:00+07:00
INV-003445,SKU-0195,Industrial Item 0195,Industrial,WH014,SouthEast Warehouse 014,SouthEast,399,66,858.55,87,1,2026-05-24T00:00:00+07:00
INV-003446,SKU-0196,Electronics Item 0196,Electronics,WH014,SouthEast Warehouse 014,SouthEast,154,18,165.06,59,1,2026-05-24T00:00:00+07:00
INV-003447,SKU-0197,Home Item 0197,Home,WH014,SouthEast Warehouse 014,SouthEast,314,62,306.66,71,1,2026-05-24T00:00:00+07:00
INV-003448,SKU-0198,Grocery Item 0198,Grocery,WH014,SouthEast Warehouse 014,SouthEast,242,0,2138.41,51,1,2026-05-24T00:00:00+07:00
INV-003449,SKU-0199,Fashion Item 0199,Fashion,WH014,SouthEast Warehouse 014,SouthEast,123,4,308.85,115,1,2026-05-24T00:00:00+07:00
INV-003450,SKU-0200,Industrial Item 0200,Industrial,WH014,SouthEast Warehouse 014,SouthEast,205,27,2328.73,73,1,2026-05-24T00:00:00+07:00
INV-003451,SKU-0201,Electronics Item 0201,Electronics,WH014,SouthEast Warehouse 014,SouthEast,285,21,1290.34,58,1,2026-05-24T00:00:00+07:00
INV-003452,SKU-0202,Home Item 0202,Home,WH014,SouthEast Warehouse 014,SouthEast,524,35,688.49,109,1,2026-05-24T00:00:00+07:00
INV-003453,SKU-0203,Grocery Item 0203,Grocery,WH014,SouthEast Warehouse 014,SouthEast,267,6,74.50,88,1,2026-05-24T00:00:00+07:00
INV-003454,SKU-0204,Fashion Item 0204,Fashion,WH014,SouthEast Warehouse 014,SouthEast,205,50,1459.26,116,1,2026-05-24T00:00:00+07:00
INV-003455,SKU-0205,Industrial Item 0205,Industrial,WH014,SouthEast Warehouse 014,SouthEast,370,34,1066.45,109,1,2026-05-24T00:00:00+07:00
INV-003456,SKU-0206,Electronics Item 0206,Electronics,WH014,SouthEast Warehouse 014,SouthEast,450,25,1933.19,27,1,2026-05-24T00:00:00+07:00
INV-003457,SKU-0207,Home Item 0207,Home,WH014,SouthEast Warehouse 014,SouthEast,529,19,1853.53,70,1,2026-05-24T00:00:00+07:00
INV-003458,SKU-0208,Grocery Item 0208,Grocery,WH014,SouthEast Warehouse 014,SouthEast,269,55,1293.04,48,1,2026-05-24T00:00:00+07:00
INV-003459,SKU-0209,Fashion Item 0209,Fashion,WH014,SouthEast Warehouse 014,SouthEast,346,49,1976.11,35,1,2026-05-24T00:00:00+07:00
INV-003460,SKU-0210,Industrial Item 0210,Industrial,WH014,SouthEast Warehouse 014,SouthEast,670,17,1822.22,32,1,2026-05-24T00:00:00+07:00
INV-003461,SKU-0211,Electronics Item 0211,Electronics,WH014,SouthEast Warehouse 014,SouthEast,430,16,902.13,96,1,2026-05-24T00:00:00+07:00
INV-003462,SKU-0212,Home Item 0212,Home,WH014,SouthEast Warehouse 014,SouthEast,691,48,600.40,117,1,2026-05-24T00:00:00+07:00
INV-003463,SKU-0213,Grocery Item 0213,Grocery,WH014,SouthEast Warehouse 014,SouthEast,526,32,49.48,41,1,2026-05-24T00:00:00+07:00
INV-003464,SKU-0214,Fashion Item 0214,Fashion,WH014,SouthEast Warehouse 014,SouthEast,794,69,1401.00,98,1,2026-05-24T00:00:00+07:00
INV-003465,SKU-0215,Industrial Item 0215,Industrial,WH014,SouthEast Warehouse 014,SouthEast,266,58,1633.02,61,1,2026-05-24T00:00:00+07:00
INV-003466,SKU-0216,Electronics Item 0216,Electronics,WH014,SouthEast Warehouse 014,SouthEast,596,32,1993.05,36,1,2026-05-24T00:00:00+07:00
INV-003467,SKU-0217,Home Item 0217,Home,WH014,SouthEast Warehouse 014,SouthEast,323,15,1180.97,25,1,2026-05-24T00:00:00+07:00
INV-003468,SKU-0218,Grocery Item 0218,Grocery,WH014,SouthEast Warehouse 014,SouthEast,438,72,399.10,95,1,2026-05-24T00:00:00+07:00
INV-003469,SKU-0219,Fashion Item 0219,Fashion,WH014,SouthEast Warehouse 014,SouthEast,744,19,1500.74,72,1,2026-05-24T00:00:00+07:00
INV-003470,SKU-0220,Industrial Item 0220,Industrial,WH014,SouthEast Warehouse 014,SouthEast,481,54,1971.50,63,1,2026-05-24T00:00:00+07:00
INV-003471,SKU-0221,Electronics Item 0221,Electronics,WH014,SouthEast Warehouse 014,SouthEast,513,52,2396.79,41,1,2026-05-24T00:00:00+07:00
INV-003472,SKU-0222,Home Item 0222,Home,WH014,SouthEast Warehouse 014,SouthEast,259,14,754.00,108,1,2026-05-24T00:00:00+07:00
INV-003473,SKU-0223,Grocery Item 0223,Grocery,WH014,SouthEast Warehouse 014,SouthEast,323,80,2190.53,73,1,2026-05-24T00:00:00+07:00
INV-003474,SKU-0224,Fashion Item 0224,Fashion,WH014,SouthEast Warehouse 014,SouthEast,239,19,795.85,50,1,2026-05-24T00:00:00+07:00
INV-003475,SKU-0225,Industrial Item 0225,Industrial,WH014,SouthEast Warehouse 014,SouthEast,781,62,1335.53,36,1,2026-05-24T00:00:00+07:00
INV-003476,SKU-0226,Electronics Item 0226,Electronics,WH014,SouthEast Warehouse 014,SouthEast,490,52,1395.11,79,1,2026-05-24T00:00:00+07:00
INV-003477,SKU-0227,Home Item 0227,Home,WH014,SouthEast Warehouse 014,SouthEast,708,61,1379.06,60,1,2026-05-24T00:00:00+07:00
INV-003478,SKU-0228,Grocery Item 0228,Grocery,WH014,SouthEast Warehouse 014,SouthEast,725,32,2496.36,80,1,2026-05-24T00:00:00+07:00
INV-003479,SKU-0229,Fashion Item 0229,Fashion,WH014,SouthEast Warehouse 014,SouthEast,400,13,787.87,66,1,2026-05-24T00:00:00+07:00
INV-003480,SKU-0230,Industrial Item 0230,Industrial,WH014,SouthEast Warehouse 014,SouthEast,793,14,1766.54,75,1,2026-05-24T00:00:00+07:00
INV-003481,SKU-0231,Electronics Item 0231,Electronics,WH014,SouthEast Warehouse 014,SouthEast,454,71,2160.33,62,1,2026-05-24T00:00:00+07:00
INV-003482,SKU-0232,Home Item 0232,Home,WH014,SouthEast Warehouse 014,SouthEast,574,50,2085.64,100,1,2026-05-24T00:00:00+07:00
INV-003483,SKU-0233,Grocery Item 0233,Grocery,WH014,SouthEast Warehouse 014,SouthEast,198,8,2280.83,110,1,2026-05-24T00:00:00+07:00
INV-003484,SKU-0234,Fashion Item 0234,Fashion,WH014,SouthEast Warehouse 014,SouthEast,753,2,468.75,86,1,2026-05-24T00:00:00+07:00
INV-003485,SKU-0235,Industrial Item 0235,Industrial,WH014,SouthEast Warehouse 014,SouthEast,479,67,2143.04,115,1,2026-05-24T00:00:00+07:00
INV-003486,SKU-0236,Electronics Item 0236,Electronics,WH014,SouthEast Warehouse 014,SouthEast,207,11,33.08,118,1,2026-05-24T00:00:00+07:00
INV-003487,SKU-0237,Home Item 0237,Home,WH014,SouthEast Warehouse 014,SouthEast,733,13,634.67,105,1,2026-05-24T00:00:00+07:00
INV-003488,SKU-0238,Grocery Item 0238,Grocery,WH014,SouthEast Warehouse 014,SouthEast,425,75,404.74,95,1,2026-05-24T00:00:00+07:00
INV-003489,SKU-0239,Fashion Item 0239,Fashion,WH014,SouthEast Warehouse 014,SouthEast,683,79,790.24,104,1,2026-05-24T00:00:00+07:00
INV-003490,SKU-0240,Industrial Item 0240,Industrial,WH014,SouthEast Warehouse 014,SouthEast,321,35,2129.61,41,1,2026-05-24T00:00:00+07:00
INV-003491,SKU-0241,Electronics Item 0241,Electronics,WH014,SouthEast Warehouse 014,SouthEast,616,24,1485.22,88,1,2026-05-24T00:00:00+07:00
INV-003492,SKU-0242,Home Item 0242,Home,WH014,SouthEast Warehouse 014,SouthEast,401,25,951.55,106,1,2026-05-24T00:00:00+07:00
INV-003493,SKU-0243,Grocery Item 0243,Grocery,WH014,SouthEast Warehouse 014,SouthEast,347,64,266.84,84,1,2026-05-24T00:00:00+07:00
INV-003494,SKU-0244,Fashion Item 0244,Fashion,WH014,SouthEast Warehouse 014,SouthEast,546,68,2321.58,67,1,2026-05-24T00:00:00+07:00
INV-003495,SKU-0245,Industrial Item 0245,Industrial,WH014,SouthEast Warehouse 014,SouthEast,791,43,1614.81,78,1,2026-05-24T00:00:00+07:00
INV-003496,SKU-0246,Electronics Item 0246,Electronics,WH014,SouthEast Warehouse 014,SouthEast,720,7,2089.91,92,1,2026-05-24T00:00:00+07:00
INV-003497,SKU-0247,Home Item 0247,Home,WH014,SouthEast Warehouse 014,SouthEast,164,7,785.90,67,1,2026-05-24T00:00:00+07:00
INV-003498,SKU-0248,Grocery Item 0248,Grocery,WH014,SouthEast Warehouse 014,SouthEast,620,2,1263.55,32,1,2026-05-24T00:00:00+07:00
INV-003499,SKU-0249,Fashion Item 0249,Fashion,WH014,SouthEast Warehouse 014,SouthEast,585,15,686.35,103,1,2026-05-24T00:00:00+07:00
INV-003500,SKU-0250,Industrial Item 0250,Industrial,WH014,SouthEast Warehouse 014,SouthEast,241,41,1472.06,50,1,2026-05-24T00:00:00+07:00
INV-003501,SKU-0001,Home Item 0001,Home,WH015,SouthEast Warehouse 015,SouthEast,137,11,1040.76,36,1,2026-05-24T00:00:00+07:00
INV-003502,SKU-0002,Grocery Item 0002,Grocery,WH015,SouthEast Warehouse 015,SouthEast,706,39,1763.75,26,1,2026-05-24T00:00:00+07:00
INV-003503,SKU-0003,Fashion Item 0003,Fashion,WH015,SouthEast Warehouse 015,SouthEast,151,12,399.11,98,1,2026-05-24T00:00:00+07:00
INV-003504,SKU-0004,Industrial Item 0004,Industrial,WH015,SouthEast Warehouse 015,SouthEast,291,35,681.34,77,1,2026-05-24T00:00:00+07:00
INV-003505,SKU-0005,Electronics Item 0005,Electronics,WH015,SouthEast Warehouse 015,SouthEast,400,79,1001.03,100,1,2026-05-24T00:00:00+07:00
INV-003506,SKU-0006,Home Item 0006,Home,WH015,SouthEast Warehouse 015,SouthEast,300,34,526.44,86,1,2026-05-24T00:00:00+07:00
INV-003507,SKU-0007,Grocery Item 0007,Grocery,WH015,SouthEast Warehouse 015,SouthEast,409,25,2087.20,80,1,2026-05-24T00:00:00+07:00
INV-003508,SKU-0008,Fashion Item 0008,Fashion,WH015,SouthEast Warehouse 015,SouthEast,271,0,1845.31,43,1,2026-05-24T00:00:00+07:00
INV-003509,SKU-0009,Industrial Item 0009,Industrial,WH015,SouthEast Warehouse 015,SouthEast,613,50,1108.50,86,1,2026-05-24T00:00:00+07:00
INV-003510,SKU-0010,Electronics Item 0010,Electronics,WH015,SouthEast Warehouse 015,SouthEast,380,73,1126.45,84,1,2026-05-24T00:00:00+07:00
INV-003511,SKU-0011,Home Item 0011,Home,WH015,SouthEast Warehouse 015,SouthEast,555,24,1016.26,53,1,2026-05-24T00:00:00+07:00
INV-003512,SKU-0012,Grocery Item 0012,Grocery,WH015,SouthEast Warehouse 015,SouthEast,80,9,1991.94,35,1,2026-05-24T00:00:00+07:00
INV-003513,SKU-0013,Fashion Item 0013,Fashion,WH015,SouthEast Warehouse 015,SouthEast,361,57,2044.81,70,1,2026-05-24T00:00:00+07:00
INV-003514,SKU-0014,Industrial Item 0014,Industrial,WH015,SouthEast Warehouse 015,SouthEast,279,24,1622.89,38,1,2026-05-24T00:00:00+07:00
INV-003515,SKU-0015,Electronics Item 0015,Electronics,WH015,SouthEast Warehouse 015,SouthEast,457,68,1774.62,114,1,2026-05-24T00:00:00+07:00
INV-003516,SKU-0016,Home Item 0016,Home,WH015,SouthEast Warehouse 015,SouthEast,415,33,2344.76,62,1,2026-05-24T00:00:00+07:00
INV-003517,SKU-0017,Grocery Item 0017,Grocery,WH015,SouthEast Warehouse 015,SouthEast,475,78,1391.11,47,1,2026-05-24T00:00:00+07:00
INV-003518,SKU-0018,Fashion Item 0018,Fashion,WH015,SouthEast Warehouse 015,SouthEast,424,36,2401.68,119,1,2026-05-24T00:00:00+07:00
INV-003519,SKU-0019,Industrial Item 0019,Industrial,WH015,SouthEast Warehouse 015,SouthEast,117,23,937.28,47,1,2026-05-24T00:00:00+07:00
INV-003520,SKU-0020,Electronics Item 0020,Electronics,WH015,SouthEast Warehouse 015,SouthEast,479,11,1883.30,106,1,2026-05-24T00:00:00+07:00
INV-003521,SKU-0021,Home Item 0021,Home,WH015,SouthEast Warehouse 015,SouthEast,585,9,499.19,25,1,2026-05-24T00:00:00+07:00
INV-003522,SKU-0022,Grocery Item 0022,Grocery,WH015,SouthEast Warehouse 015,SouthEast,750,71,2359.43,49,1,2026-05-24T00:00:00+07:00
INV-003523,SKU-0023,Fashion Item 0023,Fashion,WH015,SouthEast Warehouse 015,SouthEast,330,77,1774.20,74,1,2026-05-24T00:00:00+07:00
INV-003524,SKU-0024,Industrial Item 0024,Industrial,WH015,SouthEast Warehouse 015,SouthEast,540,38,1953.13,41,1,2026-05-24T00:00:00+07:00
INV-003525,SKU-0025,Electronics Item 0025,Electronics,WH015,SouthEast Warehouse 015,SouthEast,214,32,1726.42,88,1,2026-05-24T00:00:00+07:00
INV-003526,SKU-0026,Home Item 0026,Home,WH015,SouthEast Warehouse 015,SouthEast,574,28,2197.35,77,1,2026-05-24T00:00:00+07:00
INV-003527,SKU-0027,Grocery Item 0027,Grocery,WH015,SouthEast Warehouse 015,SouthEast,212,41,1536.68,94,1,2026-05-24T00:00:00+07:00
INV-003528,SKU-0028,Fashion Item 0028,Fashion,WH015,SouthEast Warehouse 015,SouthEast,246,25,2273.93,63,1,2026-05-24T00:00:00+07:00
INV-003529,SKU-0029,Industrial Item 0029,Industrial,WH015,SouthEast Warehouse 015,SouthEast,528,18,1473.43,92,1,2026-05-24T00:00:00+07:00
INV-003530,SKU-0030,Electronics Item 0030,Electronics,WH015,SouthEast Warehouse 015,SouthEast,155,12,1306.23,62,1,2026-05-24T00:00:00+07:00
INV-003531,SKU-0031,Home Item 0031,Home,WH015,SouthEast Warehouse 015,SouthEast,112,1,1599.96,106,1,2026-05-24T00:00:00+07:00
INV-003532,SKU-0032,Grocery Item 0032,Grocery,WH015,SouthEast Warehouse 015,SouthEast,571,28,324.19,115,1,2026-05-24T00:00:00+07:00
INV-003533,SKU-0033,Fashion Item 0033,Fashion,WH015,SouthEast Warehouse 015,SouthEast,480,26,1058.61,99,1,2026-05-24T00:00:00+07:00
INV-003534,SKU-0034,Industrial Item 0034,Industrial,WH015,SouthEast Warehouse 015,SouthEast,742,0,1676.74,36,1,2026-05-24T00:00:00+07:00
INV-003535,SKU-0035,Electronics Item 0035,Electronics,WH015,SouthEast Warehouse 015,SouthEast,543,37,168.50,87,1,2026-05-24T00:00:00+07:00
INV-003536,SKU-0036,Home Item 0036,Home,WH015,SouthEast Warehouse 015,SouthEast,88,20,484.55,45,1,2026-05-24T00:00:00+07:00
INV-003537,SKU-0037,Grocery Item 0037,Grocery,WH015,SouthEast Warehouse 015,SouthEast,562,49,229.99,89,1,2026-05-24T00:00:00+07:00
INV-003538,SKU-0038,Fashion Item 0038,Fashion,WH015,SouthEast Warehouse 015,SouthEast,143,29,82.40,80,1,2026-05-24T00:00:00+07:00
INV-003539,SKU-0039,Industrial Item 0039,Industrial,WH015,SouthEast Warehouse 015,SouthEast,281,37,1054.48,86,1,2026-05-24T00:00:00+07:00
INV-003540,SKU-0040,Electronics Item 0040,Electronics,WH015,SouthEast Warehouse 015,SouthEast,189,19,629.26,39,1,2026-05-24T00:00:00+07:00
INV-003541,SKU-0041,Home Item 0041,Home,WH015,SouthEast Warehouse 015,SouthEast,93,17,2407.33,26,1,2026-05-24T00:00:00+07:00
INV-003542,SKU-0042,Grocery Item 0042,Grocery,WH015,SouthEast Warehouse 015,SouthEast,152,36,2475.76,76,1,2026-05-24T00:00:00+07:00
INV-003543,SKU-0043,Fashion Item 0043,Fashion,WH015,SouthEast Warehouse 015,SouthEast,129,24,765.03,73,1,2026-05-24T00:00:00+07:00
INV-003544,SKU-0044,Industrial Item 0044,Industrial,WH015,SouthEast Warehouse 015,SouthEast,297,27,1341.35,95,1,2026-05-24T00:00:00+07:00
INV-003545,SKU-0045,Electronics Item 0045,Electronics,WH015,SouthEast Warehouse 015,SouthEast,181,45,2122.05,48,1,2026-05-24T00:00:00+07:00
INV-003546,SKU-0046,Home Item 0046,Home,WH015,SouthEast Warehouse 015,SouthEast,170,5,2496.67,71,1,2026-05-24T00:00:00+07:00
INV-003547,SKU-0047,Grocery Item 0047,Grocery,WH015,SouthEast Warehouse 015,SouthEast,525,35,2019.57,95,1,2026-05-24T00:00:00+07:00
INV-003548,SKU-0048,Fashion Item 0048,Fashion,WH015,SouthEast Warehouse 015,SouthEast,612,19,1878.62,41,1,2026-05-24T00:00:00+07:00
INV-003549,SKU-0049,Industrial Item 0049,Industrial,WH015,SouthEast Warehouse 015,SouthEast,244,53,1767.74,100,1,2026-05-24T00:00:00+07:00
INV-003550,SKU-0050,Electronics Item 0050,Electronics,WH015,SouthEast Warehouse 015,SouthEast,406,10,1731.27,71,1,2026-05-24T00:00:00+07:00
INV-003551,SKU-0051,Home Item 0051,Home,WH015,SouthEast Warehouse 015,SouthEast,518,8,1538.85,107,1,2026-05-24T00:00:00+07:00
INV-003552,SKU-0052,Grocery Item 0052,Grocery,WH015,SouthEast Warehouse 015,SouthEast,530,64,507.93,118,1,2026-05-24T00:00:00+07:00
INV-003553,SKU-0053,Fashion Item 0053,Fashion,WH015,SouthEast Warehouse 015,SouthEast,595,33,1463.11,74,1,2026-05-24T00:00:00+07:00
INV-003554,SKU-0054,Industrial Item 0054,Industrial,WH015,SouthEast Warehouse 015,SouthEast,455,56,833.79,100,1,2026-05-24T00:00:00+07:00
INV-003555,SKU-0055,Electronics Item 0055,Electronics,WH015,SouthEast Warehouse 015,SouthEast,301,18,2391.25,39,1,2026-05-24T00:00:00+07:00
INV-003556,SKU-0056,Home Item 0056,Home,WH015,SouthEast Warehouse 015,SouthEast,523,39,31.83,34,1,2026-05-24T00:00:00+07:00
INV-003557,SKU-0057,Grocery Item 0057,Grocery,WH015,SouthEast Warehouse 015,SouthEast,733,23,2007.07,82,1,2026-05-24T00:00:00+07:00
INV-003558,SKU-0058,Fashion Item 0058,Fashion,WH015,SouthEast Warehouse 015,SouthEast,443,75,1838.33,65,1,2026-05-24T00:00:00+07:00
INV-003559,SKU-0059,Industrial Item 0059,Industrial,WH015,SouthEast Warehouse 015,SouthEast,186,28,1582.57,82,1,2026-05-24T00:00:00+07:00
INV-003560,SKU-0060,Electronics Item 0060,Electronics,WH015,SouthEast Warehouse 015,SouthEast,409,29,1479.93,71,1,2026-05-24T00:00:00+07:00
INV-003561,SKU-0061,Home Item 0061,Home,WH015,SouthEast Warehouse 015,SouthEast,553,80,164.09,68,1,2026-05-24T00:00:00+07:00
INV-003562,SKU-0062,Grocery Item 0062,Grocery,WH015,SouthEast Warehouse 015,SouthEast,343,71,333.91,72,1,2026-05-24T00:00:00+07:00
INV-003563,SKU-0063,Fashion Item 0063,Fashion,WH015,SouthEast Warehouse 015,SouthEast,555,78,2148.85,31,1,2026-05-24T00:00:00+07:00
INV-003564,SKU-0064,Industrial Item 0064,Industrial,WH015,SouthEast Warehouse 015,SouthEast,393,77,1068.41,81,1,2026-05-24T00:00:00+07:00
INV-003565,SKU-0065,Electronics Item 0065,Electronics,WH015,SouthEast Warehouse 015,SouthEast,750,80,1575.96,73,1,2026-05-24T00:00:00+07:00
INV-003566,SKU-0066,Home Item 0066,Home,WH015,SouthEast Warehouse 015,SouthEast,229,23,874.90,110,1,2026-05-24T00:00:00+07:00
INV-003567,SKU-0067,Grocery Item 0067,Grocery,WH015,SouthEast Warehouse 015,SouthEast,164,9,1018.78,58,1,2026-05-24T00:00:00+07:00
INV-003568,SKU-0068,Fashion Item 0068,Fashion,WH015,SouthEast Warehouse 015,SouthEast,795,79,891.10,80,1,2026-05-24T00:00:00+07:00
INV-003569,SKU-0069,Industrial Item 0069,Industrial,WH015,SouthEast Warehouse 015,SouthEast,106,24,1118.46,87,1,2026-05-24T00:00:00+07:00
INV-003570,SKU-0070,Electronics Item 0070,Electronics,WH015,SouthEast Warehouse 015,SouthEast,129,27,1786.92,55,1,2026-05-24T00:00:00+07:00
INV-003571,SKU-0071,Home Item 0071,Home,WH015,SouthEast Warehouse 015,SouthEast,464,72,218.85,53,1,2026-05-24T00:00:00+07:00
INV-003572,SKU-0072,Grocery Item 0072,Grocery,WH015,SouthEast Warehouse 015,SouthEast,560,64,15.04,67,1,2026-05-24T00:00:00+07:00
INV-003573,SKU-0073,Fashion Item 0073,Fashion,WH015,SouthEast Warehouse 015,SouthEast,644,31,5.64,113,1,2026-05-24T00:00:00+07:00
INV-003574,SKU-0074,Industrial Item 0074,Industrial,WH015,SouthEast Warehouse 015,SouthEast,84,10,1170.13,105,1,2026-05-24T00:00:00+07:00
INV-003575,SKU-0075,Electronics Item 0075,Electronics,WH015,SouthEast Warehouse 015,SouthEast,363,63,1390.08,112,1,2026-05-24T00:00:00+07:00
INV-003576,SKU-0076,Home Item 0076,Home,WH015,SouthEast Warehouse 015,SouthEast,746,35,1762.99,105,1,2026-05-24T00:00:00+07:00
INV-003577,SKU-0077,Grocery Item 0077,Grocery,WH015,SouthEast Warehouse 015,SouthEast,384,32,802.81,53,1,2026-05-24T00:00:00+07:00
INV-003578,SKU-0078,Fashion Item 0078,Fashion,WH015,SouthEast Warehouse 015,SouthEast,107,6,2309.31,75,1,2026-05-24T00:00:00+07:00
INV-003579,SKU-0079,Industrial Item 0079,Industrial,WH015,SouthEast Warehouse 015,SouthEast,723,6,1485.34,88,1,2026-05-24T00:00:00+07:00
INV-003580,SKU-0080,Electronics Item 0080,Electronics,WH015,SouthEast Warehouse 015,SouthEast,87,21,1541.63,70,1,2026-05-24T00:00:00+07:00
INV-003581,SKU-0081,Home Item 0081,Home,WH015,SouthEast Warehouse 015,SouthEast,799,17,2035.11,39,1,2026-05-24T00:00:00+07:00
INV-003582,SKU-0082,Grocery Item 0082,Grocery,WH015,SouthEast Warehouse 015,SouthEast,281,18,1594.67,35,1,2026-05-24T00:00:00+07:00
INV-003583,SKU-0083,Fashion Item 0083,Fashion,WH015,SouthEast Warehouse 015,SouthEast,568,25,1373.64,74,1,2026-05-24T00:00:00+07:00
INV-003584,SKU-0084,Industrial Item 0084,Industrial,WH015,SouthEast Warehouse 015,SouthEast,320,54,560.92,106,1,2026-05-24T00:00:00+07:00
INV-003585,SKU-0085,Electronics Item 0085,Electronics,WH015,SouthEast Warehouse 015,SouthEast,542,80,2088.09,33,1,2026-05-24T00:00:00+07:00
INV-003586,SKU-0086,Home Item 0086,Home,WH015,SouthEast Warehouse 015,SouthEast,621,60,283.16,111,1,2026-05-24T00:00:00+07:00
INV-003587,SKU-0087,Grocery Item 0087,Grocery,WH015,SouthEast Warehouse 015,SouthEast,584,12,1843.81,32,1,2026-05-24T00:00:00+07:00
INV-003588,SKU-0088,Fashion Item 0088,Fashion,WH015,SouthEast Warehouse 015,SouthEast,527,77,1629.35,98,1,2026-05-24T00:00:00+07:00
INV-003589,SKU-0089,Industrial Item 0089,Industrial,WH015,SouthEast Warehouse 015,SouthEast,253,61,1901.68,96,1,2026-05-24T00:00:00+07:00
INV-003590,SKU-0090,Electronics Item 0090,Electronics,WH015,SouthEast Warehouse 015,SouthEast,105,23,1916.94,51,1,2026-05-24T00:00:00+07:00
INV-003591,SKU-0091,Home Item 0091,Home,WH015,SouthEast Warehouse 015,SouthEast,339,37,770.17,37,1,2026-05-24T00:00:00+07:00
INV-003592,SKU-0092,Grocery Item 0092,Grocery,WH015,SouthEast Warehouse 015,SouthEast,602,59,2384.24,27,1,2026-05-24T00:00:00+07:00
INV-003593,SKU-0093,Fashion Item 0093,Fashion,WH015,SouthEast Warehouse 015,SouthEast,769,76,135.14,66,1,2026-05-24T00:00:00+07:00
INV-003594,SKU-0094,Industrial Item 0094,Industrial,WH015,SouthEast Warehouse 015,SouthEast,587,52,583.23,32,1,2026-05-24T00:00:00+07:00
INV-003595,SKU-0095,Electronics Item 0095,Electronics,WH015,SouthEast Warehouse 015,SouthEast,336,40,2160.01,107,1,2026-05-24T00:00:00+07:00
INV-003596,SKU-0096,Home Item 0096,Home,WH015,SouthEast Warehouse 015,SouthEast,347,50,1983.91,86,1,2026-05-24T00:00:00+07:00
INV-003597,SKU-0097,Grocery Item 0097,Grocery,WH015,SouthEast Warehouse 015,SouthEast,759,54,248.66,117,1,2026-05-24T00:00:00+07:00
INV-003598,SKU-0098,Fashion Item 0098,Fashion,WH015,SouthEast Warehouse 015,SouthEast,168,27,773.68,41,1,2026-05-24T00:00:00+07:00
INV-003599,SKU-0099,Industrial Item 0099,Industrial,WH015,SouthEast Warehouse 015,SouthEast,155,34,234.99,27,1,2026-05-24T00:00:00+07:00
INV-003600,SKU-0100,Electronics Item 0100,Electronics,WH015,SouthEast Warehouse 015,SouthEast,360,14,586.68,80,1,2026-05-24T00:00:00+07:00
INV-003601,SKU-0101,Home Item 0101,Home,WH015,SouthEast Warehouse 015,SouthEast,624,12,2154.68,73,1,2026-05-24T00:00:00+07:00
INV-003602,SKU-0102,Grocery Item 0102,Grocery,WH015,SouthEast Warehouse 015,SouthEast,794,54,1580.06,56,1,2026-05-24T00:00:00+07:00
INV-003603,SKU-0103,Fashion Item 0103,Fashion,WH015,SouthEast Warehouse 015,SouthEast,326,1,963.32,54,1,2026-05-24T00:00:00+07:00
INV-003604,SKU-0104,Industrial Item 0104,Industrial,WH015,SouthEast Warehouse 015,SouthEast,717,32,1875.86,85,1,2026-05-24T00:00:00+07:00
INV-003605,SKU-0105,Electronics Item 0105,Electronics,WH015,SouthEast Warehouse 015,SouthEast,505,4,626.66,82,1,2026-05-24T00:00:00+07:00
INV-003606,SKU-0106,Home Item 0106,Home,WH015,SouthEast Warehouse 015,SouthEast,250,32,1049.40,46,1,2026-05-24T00:00:00+07:00
INV-003607,SKU-0107,Grocery Item 0107,Grocery,WH015,SouthEast Warehouse 015,SouthEast,302,20,1620.53,101,1,2026-05-24T00:00:00+07:00
INV-003608,SKU-0108,Fashion Item 0108,Fashion,WH015,SouthEast Warehouse 015,SouthEast,549,9,1356.22,78,1,2026-05-24T00:00:00+07:00
INV-003609,SKU-0109,Industrial Item 0109,Industrial,WH015,SouthEast Warehouse 015,SouthEast,544,34,1657.09,82,1,2026-05-24T00:00:00+07:00
INV-003610,SKU-0110,Electronics Item 0110,Electronics,WH015,SouthEast Warehouse 015,SouthEast,167,9,853.43,34,1,2026-05-24T00:00:00+07:00
INV-003611,SKU-0111,Home Item 0111,Home,WH015,SouthEast Warehouse 015,SouthEast,475,43,852.37,96,1,2026-05-24T00:00:00+07:00
INV-003612,SKU-0112,Grocery Item 0112,Grocery,WH015,SouthEast Warehouse 015,SouthEast,700,63,1666.51,41,1,2026-05-24T00:00:00+07:00
INV-003613,SKU-0113,Fashion Item 0113,Fashion,WH015,SouthEast Warehouse 015,SouthEast,771,39,641.23,68,1,2026-05-24T00:00:00+07:00
INV-003614,SKU-0114,Industrial Item 0114,Industrial,WH015,SouthEast Warehouse 015,SouthEast,693,35,94.89,45,1,2026-05-24T00:00:00+07:00
INV-003615,SKU-0115,Electronics Item 0115,Electronics,WH015,SouthEast Warehouse 015,SouthEast,106,6,1983.50,68,1,2026-05-24T00:00:00+07:00
INV-003616,SKU-0116,Home Item 0116,Home,WH015,SouthEast Warehouse 015,SouthEast,554,38,392.10,100,1,2026-05-24T00:00:00+07:00
INV-003617,SKU-0117,Grocery Item 0117,Grocery,WH015,SouthEast Warehouse 015,SouthEast,567,46,1309.41,54,1,2026-05-24T00:00:00+07:00
INV-003618,SKU-0118,Fashion Item 0118,Fashion,WH015,SouthEast Warehouse 015,SouthEast,223,7,2485.65,58,1,2026-05-24T00:00:00+07:00
INV-003619,SKU-0119,Industrial Item 0119,Industrial,WH015,SouthEast Warehouse 015,SouthEast,744,58,1177.33,86,1,2026-05-24T00:00:00+07:00
INV-003620,SKU-0120,Electronics Item 0120,Electronics,WH015,SouthEast Warehouse 015,SouthEast,468,64,1225.31,105,1,2026-05-24T00:00:00+07:00
INV-003621,SKU-0121,Home Item 0121,Home,WH015,SouthEast Warehouse 015,SouthEast,133,9,356.14,45,1,2026-05-24T00:00:00+07:00
INV-003622,SKU-0122,Grocery Item 0122,Grocery,WH015,SouthEast Warehouse 015,SouthEast,172,11,1414.02,47,1,2026-05-24T00:00:00+07:00
INV-003623,SKU-0123,Fashion Item 0123,Fashion,WH015,SouthEast Warehouse 015,SouthEast,696,33,1399.71,43,1,2026-05-24T00:00:00+07:00
INV-003624,SKU-0124,Industrial Item 0124,Industrial,WH015,SouthEast Warehouse 015,SouthEast,435,47,1206.54,29,1,2026-05-24T00:00:00+07:00
INV-003625,SKU-0125,Electronics Item 0125,Electronics,WH015,SouthEast Warehouse 015,SouthEast,85,17,1391.18,97,1,2026-05-24T00:00:00+07:00
INV-003626,SKU-0126,Home Item 0126,Home,WH015,SouthEast Warehouse 015,SouthEast,570,66,1627.31,118,1,2026-05-24T00:00:00+07:00
INV-003627,SKU-0127,Grocery Item 0127,Grocery,WH015,SouthEast Warehouse 015,SouthEast,636,6,385.54,78,1,2026-05-24T00:00:00+07:00
INV-003628,SKU-0128,Fashion Item 0128,Fashion,WH015,SouthEast Warehouse 015,SouthEast,397,5,1776.05,45,1,2026-05-24T00:00:00+07:00
INV-003629,SKU-0129,Industrial Item 0129,Industrial,WH015,SouthEast Warehouse 015,SouthEast,503,12,1528.18,61,1,2026-05-24T00:00:00+07:00
INV-003630,SKU-0130,Electronics Item 0130,Electronics,WH015,SouthEast Warehouse 015,SouthEast,221,44,1091.91,46,1,2026-05-24T00:00:00+07:00
INV-003631,SKU-0131,Home Item 0131,Home,WH015,SouthEast Warehouse 015,SouthEast,454,44,950.28,114,1,2026-05-24T00:00:00+07:00
INV-003632,SKU-0132,Grocery Item 0132,Grocery,WH015,SouthEast Warehouse 015,SouthEast,528,51,597.06,72,1,2026-05-24T00:00:00+07:00
INV-003633,SKU-0133,Fashion Item 0133,Fashion,WH015,SouthEast Warehouse 015,SouthEast,217,17,2434.88,89,1,2026-05-24T00:00:00+07:00
INV-003634,SKU-0134,Industrial Item 0134,Industrial,WH015,SouthEast Warehouse 015,SouthEast,627,63,2486.73,100,1,2026-05-24T00:00:00+07:00
INV-003635,SKU-0135,Electronics Item 0135,Electronics,WH015,SouthEast Warehouse 015,SouthEast,538,78,717.91,60,1,2026-05-24T00:00:00+07:00
INV-003636,SKU-0136,Home Item 0136,Home,WH015,SouthEast Warehouse 015,SouthEast,755,44,434.57,64,1,2026-05-24T00:00:00+07:00
INV-003637,SKU-0137,Grocery Item 0137,Grocery,WH015,SouthEast Warehouse 015,SouthEast,112,10,2195.00,68,1,2026-05-24T00:00:00+07:00
INV-003638,SKU-0138,Fashion Item 0138,Fashion,WH015,SouthEast Warehouse 015,SouthEast,495,59,441.42,113,1,2026-05-24T00:00:00+07:00
INV-003639,SKU-0139,Industrial Item 0139,Industrial,WH015,SouthEast Warehouse 015,SouthEast,697,31,848.77,63,1,2026-05-24T00:00:00+07:00
INV-003640,SKU-0140,Electronics Item 0140,Electronics,WH015,SouthEast Warehouse 015,SouthEast,674,73,986.84,86,1,2026-05-24T00:00:00+07:00
INV-003641,SKU-0141,Home Item 0141,Home,WH015,SouthEast Warehouse 015,SouthEast,613,57,771.70,116,1,2026-05-24T00:00:00+07:00
INV-003642,SKU-0142,Grocery Item 0142,Grocery,WH015,SouthEast Warehouse 015,SouthEast,133,24,1702.03,92,1,2026-05-24T00:00:00+07:00
INV-003643,SKU-0143,Fashion Item 0143,Fashion,WH015,SouthEast Warehouse 015,SouthEast,406,45,533.61,116,1,2026-05-24T00:00:00+07:00
INV-003644,SKU-0144,Industrial Item 0144,Industrial,WH015,SouthEast Warehouse 015,SouthEast,600,54,1173.81,71,1,2026-05-24T00:00:00+07:00
INV-003645,SKU-0145,Electronics Item 0145,Electronics,WH015,SouthEast Warehouse 015,SouthEast,708,53,446.49,69,1,2026-05-24T00:00:00+07:00
INV-003646,SKU-0146,Home Item 0146,Home,WH015,SouthEast Warehouse 015,SouthEast,317,4,1726.79,41,1,2026-05-24T00:00:00+07:00
INV-003647,SKU-0147,Grocery Item 0147,Grocery,WH015,SouthEast Warehouse 015,SouthEast,256,27,922.30,57,1,2026-05-24T00:00:00+07:00
INV-003648,SKU-0148,Fashion Item 0148,Fashion,WH015,SouthEast Warehouse 015,SouthEast,268,17,873.74,41,1,2026-05-24T00:00:00+07:00
INV-003649,SKU-0149,Industrial Item 0149,Industrial,WH015,SouthEast Warehouse 015,SouthEast,742,67,501.80,26,1,2026-05-24T00:00:00+07:00
INV-003650,SKU-0150,Electronics Item 0150,Electronics,WH015,SouthEast Warehouse 015,SouthEast,432,11,46.89,105,1,2026-05-24T00:00:00+07:00
INV-003651,SKU-0151,Home Item 0151,Home,WH015,SouthEast Warehouse 015,SouthEast,799,29,2076.31,64,1,2026-05-24T00:00:00+07:00
INV-003652,SKU-0152,Grocery Item 0152,Grocery,WH015,SouthEast Warehouse 015,SouthEast,312,73,355.56,116,1,2026-05-24T00:00:00+07:00
INV-003653,SKU-0153,Fashion Item 0153,Fashion,WH015,SouthEast Warehouse 015,SouthEast,592,56,274.19,83,1,2026-05-24T00:00:00+07:00
INV-003654,SKU-0154,Industrial Item 0154,Industrial,WH015,SouthEast Warehouse 015,SouthEast,223,55,1159.70,51,1,2026-05-24T00:00:00+07:00
INV-003655,SKU-0155,Electronics Item 0155,Electronics,WH015,SouthEast Warehouse 015,SouthEast,214,2,1477.79,69,1,2026-05-24T00:00:00+07:00
INV-003656,SKU-0156,Home Item 0156,Home,WH015,SouthEast Warehouse 015,SouthEast,237,43,1764.21,106,1,2026-05-24T00:00:00+07:00
INV-003657,SKU-0157,Grocery Item 0157,Grocery,WH015,SouthEast Warehouse 015,SouthEast,708,3,906.01,104,1,2026-05-24T00:00:00+07:00
INV-003658,SKU-0158,Fashion Item 0158,Fashion,WH015,SouthEast Warehouse 015,SouthEast,799,59,1820.57,94,1,2026-05-24T00:00:00+07:00
INV-003659,SKU-0159,Industrial Item 0159,Industrial,WH015,SouthEast Warehouse 015,SouthEast,363,57,1155.94,119,1,2026-05-24T00:00:00+07:00
INV-003660,SKU-0160,Electronics Item 0160,Electronics,WH015,SouthEast Warehouse 015,SouthEast,676,52,1983.59,116,1,2026-05-24T00:00:00+07:00
INV-003661,SKU-0161,Home Item 0161,Home,WH015,SouthEast Warehouse 015,SouthEast,253,23,1974.64,27,1,2026-05-24T00:00:00+07:00
INV-003662,SKU-0162,Grocery Item 0162,Grocery,WH015,SouthEast Warehouse 015,SouthEast,556,20,1365.48,62,1,2026-05-24T00:00:00+07:00
INV-003663,SKU-0163,Fashion Item 0163,Fashion,WH015,SouthEast Warehouse 015,SouthEast,290,2,2390.92,102,1,2026-05-24T00:00:00+07:00
INV-003664,SKU-0164,Industrial Item 0164,Industrial,WH015,SouthEast Warehouse 015,SouthEast,456,7,823.16,36,1,2026-05-24T00:00:00+07:00
INV-003665,SKU-0165,Electronics Item 0165,Electronics,WH015,SouthEast Warehouse 015,SouthEast,650,57,752.07,32,1,2026-05-24T00:00:00+07:00
INV-003666,SKU-0166,Home Item 0166,Home,WH015,SouthEast Warehouse 015,SouthEast,252,45,580.30,44,1,2026-05-24T00:00:00+07:00
INV-003667,SKU-0167,Grocery Item 0167,Grocery,WH015,SouthEast Warehouse 015,SouthEast,387,34,165.31,71,1,2026-05-24T00:00:00+07:00
INV-003668,SKU-0168,Fashion Item 0168,Fashion,WH015,SouthEast Warehouse 015,SouthEast,278,43,1733.44,61,1,2026-05-24T00:00:00+07:00
INV-003669,SKU-0169,Industrial Item 0169,Industrial,WH015,SouthEast Warehouse 015,SouthEast,788,7,481.84,114,1,2026-05-24T00:00:00+07:00
INV-003670,SKU-0170,Electronics Item 0170,Electronics,WH015,SouthEast Warehouse 015,SouthEast,249,52,737.69,53,1,2026-05-24T00:00:00+07:00
INV-003671,SKU-0171,Home Item 0171,Home,WH015,SouthEast Warehouse 015,SouthEast,715,12,849.56,91,1,2026-05-24T00:00:00+07:00
INV-003672,SKU-0172,Grocery Item 0172,Grocery,WH015,SouthEast Warehouse 015,SouthEast,396,79,432.27,69,1,2026-05-24T00:00:00+07:00
INV-003673,SKU-0173,Fashion Item 0173,Fashion,WH015,SouthEast Warehouse 015,SouthEast,528,24,903.36,103,1,2026-05-24T00:00:00+07:00
INV-003674,SKU-0174,Industrial Item 0174,Industrial,WH015,SouthEast Warehouse 015,SouthEast,505,56,2184.22,51,1,2026-05-24T00:00:00+07:00
INV-003675,SKU-0175,Electronics Item 0175,Electronics,WH015,SouthEast Warehouse 015,SouthEast,412,33,2012.35,41,1,2026-05-24T00:00:00+07:00
INV-003676,SKU-0176,Home Item 0176,Home,WH015,SouthEast Warehouse 015,SouthEast,130,18,2205.91,100,1,2026-05-24T00:00:00+07:00
INV-003677,SKU-0177,Grocery Item 0177,Grocery,WH015,SouthEast Warehouse 015,SouthEast,420,63,91.35,95,1,2026-05-24T00:00:00+07:00
INV-003678,SKU-0178,Fashion Item 0178,Fashion,WH015,SouthEast Warehouse 015,SouthEast,459,42,1002.60,40,1,2026-05-24T00:00:00+07:00
INV-003679,SKU-0179,Industrial Item 0179,Industrial,WH015,SouthEast Warehouse 015,SouthEast,598,6,1295.53,117,1,2026-05-24T00:00:00+07:00
INV-003680,SKU-0180,Electronics Item 0180,Electronics,WH015,SouthEast Warehouse 015,SouthEast,651,13,1470.32,51,1,2026-05-24T00:00:00+07:00
INV-003681,SKU-0181,Home Item 0181,Home,WH015,SouthEast Warehouse 015,SouthEast,703,24,1464.43,74,1,2026-05-24T00:00:00+07:00
INV-003682,SKU-0182,Grocery Item 0182,Grocery,WH015,SouthEast Warehouse 015,SouthEast,452,73,1811.62,84,1,2026-05-24T00:00:00+07:00
INV-003683,SKU-0183,Fashion Item 0183,Fashion,WH015,SouthEast Warehouse 015,SouthEast,754,79,2368.36,34,1,2026-05-24T00:00:00+07:00
INV-003684,SKU-0184,Industrial Item 0184,Industrial,WH015,SouthEast Warehouse 015,SouthEast,757,76,2380.61,116,1,2026-05-24T00:00:00+07:00
INV-003685,SKU-0185,Electronics Item 0185,Electronics,WH015,SouthEast Warehouse 015,SouthEast,253,47,595.69,35,1,2026-05-24T00:00:00+07:00
INV-003686,SKU-0186,Home Item 0186,Home,WH015,SouthEast Warehouse 015,SouthEast,631,23,220.40,89,1,2026-05-24T00:00:00+07:00
INV-003687,SKU-0187,Grocery Item 0187,Grocery,WH015,SouthEast Warehouse 015,SouthEast,539,34,1344.04,80,1,2026-05-24T00:00:00+07:00
INV-003688,SKU-0188,Fashion Item 0188,Fashion,WH015,SouthEast Warehouse 015,SouthEast,463,30,1436.04,120,1,2026-05-24T00:00:00+07:00
INV-003689,SKU-0189,Industrial Item 0189,Industrial,WH015,SouthEast Warehouse 015,SouthEast,552,14,1376.13,98,1,2026-05-24T00:00:00+07:00
INV-003690,SKU-0190,Electronics Item 0190,Electronics,WH015,SouthEast Warehouse 015,SouthEast,573,23,528.89,30,1,2026-05-24T00:00:00+07:00
INV-003691,SKU-0191,Home Item 0191,Home,WH015,SouthEast Warehouse 015,SouthEast,429,9,1098.26,92,1,2026-05-24T00:00:00+07:00
INV-003692,SKU-0192,Grocery Item 0192,Grocery,WH015,SouthEast Warehouse 015,SouthEast,585,80,992.41,52,1,2026-05-24T00:00:00+07:00
INV-003693,SKU-0193,Fashion Item 0193,Fashion,WH015,SouthEast Warehouse 015,SouthEast,185,6,839.71,92,1,2026-05-24T00:00:00+07:00
INV-003694,SKU-0194,Industrial Item 0194,Industrial,WH015,SouthEast Warehouse 015,SouthEast,568,19,560.40,99,1,2026-05-24T00:00:00+07:00
INV-003695,SKU-0195,Electronics Item 0195,Electronics,WH015,SouthEast Warehouse 015,SouthEast,456,57,1862.60,113,1,2026-05-24T00:00:00+07:00
INV-003696,SKU-0196,Home Item 0196,Home,WH015,SouthEast Warehouse 015,SouthEast,305,45,80.77,107,1,2026-05-24T00:00:00+07:00
INV-003697,SKU-0197,Grocery Item 0197,Grocery,WH015,SouthEast Warehouse 015,SouthEast,627,14,1237.73,93,1,2026-05-24T00:00:00+07:00
INV-003698,SKU-0198,Fashion Item 0198,Fashion,WH015,SouthEast Warehouse 015,SouthEast,542,61,1146.81,91,1,2026-05-24T00:00:00+07:00
INV-003699,SKU-0199,Industrial Item 0199,Industrial,WH015,SouthEast Warehouse 015,SouthEast,518,45,85.81,93,1,2026-05-24T00:00:00+07:00
INV-003700,SKU-0200,Electronics Item 0200,Electronics,WH015,SouthEast Warehouse 015,SouthEast,120,27,1586.50,82,1,2026-05-24T00:00:00+07:00
INV-003701,SKU-0201,Home Item 0201,Home,WH015,SouthEast Warehouse 015,SouthEast,303,6,1951.33,30,1,2026-05-24T00:00:00+07:00
INV-003702,SKU-0202,Grocery Item 0202,Grocery,WH015,SouthEast Warehouse 015,SouthEast,517,44,1579.52,102,1,2026-05-24T00:00:00+07:00
INV-003703,SKU-0203,Fashion Item 0203,Fashion,WH015,SouthEast Warehouse 015,SouthEast,90,8,660.46,67,1,2026-05-24T00:00:00+07:00
INV-003704,SKU-0204,Industrial Item 0204,Industrial,WH015,SouthEast Warehouse 015,SouthEast,405,5,1385.14,112,1,2026-05-24T00:00:00+07:00
INV-003705,SKU-0205,Electronics Item 0205,Electronics,WH015,SouthEast Warehouse 015,SouthEast,741,27,1937.76,60,1,2026-05-24T00:00:00+07:00
INV-003706,SKU-0206,Home Item 0206,Home,WH015,SouthEast Warehouse 015,SouthEast,256,42,828.50,61,1,2026-05-24T00:00:00+07:00
INV-003707,SKU-0207,Grocery Item 0207,Grocery,WH015,SouthEast Warehouse 015,SouthEast,149,3,300.33,97,1,2026-05-24T00:00:00+07:00
INV-003708,SKU-0208,Fashion Item 0208,Fashion,WH015,SouthEast Warehouse 015,SouthEast,337,68,1294.95,35,1,2026-05-24T00:00:00+07:00
INV-003709,SKU-0209,Industrial Item 0209,Industrial,WH015,SouthEast Warehouse 015,SouthEast,564,8,467.61,39,1,2026-05-24T00:00:00+07:00
INV-003710,SKU-0210,Electronics Item 0210,Electronics,WH015,SouthEast Warehouse 015,SouthEast,502,65,1872.58,99,1,2026-05-24T00:00:00+07:00
INV-003711,SKU-0211,Home Item 0211,Home,WH015,SouthEast Warehouse 015,SouthEast,243,28,2189.71,93,1,2026-05-24T00:00:00+07:00
INV-003712,SKU-0212,Grocery Item 0212,Grocery,WH015,SouthEast Warehouse 015,SouthEast,100,8,1878.94,81,1,2026-05-24T00:00:00+07:00
INV-003713,SKU-0213,Fashion Item 0213,Fashion,WH015,SouthEast Warehouse 015,SouthEast,82,9,665.08,114,1,2026-05-24T00:00:00+07:00
INV-003714,SKU-0214,Industrial Item 0214,Industrial,WH015,SouthEast Warehouse 015,SouthEast,740,10,159.75,80,1,2026-05-24T00:00:00+07:00
INV-003715,SKU-0215,Electronics Item 0215,Electronics,WH015,SouthEast Warehouse 015,SouthEast,157,34,2018.82,91,1,2026-05-24T00:00:00+07:00
INV-003716,SKU-0216,Home Item 0216,Home,WH015,SouthEast Warehouse 015,SouthEast,792,69,992.98,28,1,2026-05-24T00:00:00+07:00
INV-003717,SKU-0217,Grocery Item 0217,Grocery,WH015,SouthEast Warehouse 015,SouthEast,337,5,1511.07,74,1,2026-05-24T00:00:00+07:00
INV-003718,SKU-0218,Fashion Item 0218,Fashion,WH015,SouthEast Warehouse 015,SouthEast,790,69,162.27,100,1,2026-05-24T00:00:00+07:00
INV-003719,SKU-0219,Industrial Item 0219,Industrial,WH015,SouthEast Warehouse 015,SouthEast,443,77,1162.20,54,1,2026-05-24T00:00:00+07:00
INV-003720,SKU-0220,Electronics Item 0220,Electronics,WH015,SouthEast Warehouse 015,SouthEast,742,6,1080.97,55,1,2026-05-24T00:00:00+07:00
INV-003721,SKU-0221,Home Item 0221,Home,WH015,SouthEast Warehouse 015,SouthEast,633,2,1896.12,89,1,2026-05-24T00:00:00+07:00
INV-003722,SKU-0222,Grocery Item 0222,Grocery,WH015,SouthEast Warehouse 015,SouthEast,351,45,1041.04,92,1,2026-05-24T00:00:00+07:00
INV-003723,SKU-0223,Fashion Item 0223,Fashion,WH015,SouthEast Warehouse 015,SouthEast,298,18,2456.17,83,1,2026-05-24T00:00:00+07:00
INV-003724,SKU-0224,Industrial Item 0224,Industrial,WH015,SouthEast Warehouse 015,SouthEast,698,68,1227.56,101,1,2026-05-24T00:00:00+07:00
INV-003725,SKU-0225,Electronics Item 0225,Electronics,WH015,SouthEast Warehouse 015,SouthEast,581,34,1064.68,87,1,2026-05-24T00:00:00+07:00
INV-003726,SKU-0226,Home Item 0226,Home,WH015,SouthEast Warehouse 015,SouthEast,325,45,1795.20,57,1,2026-05-24T00:00:00+07:00
INV-003727,SKU-0227,Grocery Item 0227,Grocery,WH015,SouthEast Warehouse 015,SouthEast,128,22,918.48,85,1,2026-05-24T00:00:00+07:00
INV-003728,SKU-0228,Fashion Item 0228,Fashion,WH015,SouthEast Warehouse 015,SouthEast,244,10,2118.11,25,1,2026-05-24T00:00:00+07:00
INV-003729,SKU-0229,Industrial Item 0229,Industrial,WH015,SouthEast Warehouse 015,SouthEast,615,65,1311.45,73,1,2026-05-24T00:00:00+07:00
INV-003730,SKU-0230,Electronics Item 0230,Electronics,WH015,SouthEast Warehouse 015,SouthEast,442,72,2268.44,94,1,2026-05-24T00:00:00+07:00
INV-003731,SKU-0231,Home Item 0231,Home,WH015,SouthEast Warehouse 015,SouthEast,740,76,809.83,75,1,2026-05-24T00:00:00+07:00
INV-003732,SKU-0232,Grocery Item 0232,Grocery,WH015,SouthEast Warehouse 015,SouthEast,533,57,50.32,120,1,2026-05-24T00:00:00+07:00
INV-003733,SKU-0233,Fashion Item 0233,Fashion,WH015,SouthEast Warehouse 015,SouthEast,792,69,1369.44,80,1,2026-05-24T00:00:00+07:00
INV-003734,SKU-0234,Industrial Item 0234,Industrial,WH015,SouthEast Warehouse 015,SouthEast,688,6,465.09,47,1,2026-05-24T00:00:00+07:00
INV-003735,SKU-0235,Electronics Item 0235,Electronics,WH015,SouthEast Warehouse 015,SouthEast,700,80,784.49,90,1,2026-05-24T00:00:00+07:00
INV-003736,SKU-0236,Home Item 0236,Home,WH015,SouthEast Warehouse 015,SouthEast,432,46,1834.30,104,1,2026-05-24T00:00:00+07:00
INV-003737,SKU-0237,Grocery Item 0237,Grocery,WH015,SouthEast Warehouse 015,SouthEast,378,32,2080.60,60,1,2026-05-24T00:00:00+07:00
INV-003738,SKU-0238,Fashion Item 0238,Fashion,WH015,SouthEast Warehouse 015,SouthEast,329,22,1703.64,66,1,2026-05-24T00:00:00+07:00
INV-003739,SKU-0239,Industrial Item 0239,Industrial,WH015,SouthEast Warehouse 015,SouthEast,605,65,1004.32,46,1,2026-05-24T00:00:00+07:00
INV-003740,SKU-0240,Electronics Item 0240,Electronics,WH015,SouthEast Warehouse 015,SouthEast,782,38,569.34,99,1,2026-05-24T00:00:00+07:00
INV-003741,SKU-0241,Home Item 0241,Home,WH015,SouthEast Warehouse 015,SouthEast,303,41,660.69,113,1,2026-05-24T00:00:00+07:00
INV-003742,SKU-0242,Grocery Item 0242,Grocery,WH015,SouthEast Warehouse 015,SouthEast,564,61,2493.88,87,1,2026-05-24T00:00:00+07:00
INV-003743,SKU-0243,Fashion Item 0243,Fashion,WH015,SouthEast Warehouse 015,SouthEast,518,76,630.28,82,1,2026-05-24T00:00:00+07:00
INV-003744,SKU-0244,Industrial Item 0244,Industrial,WH015,SouthEast Warehouse 015,SouthEast,630,47,1252.52,89,1,2026-05-24T00:00:00+07:00
INV-003745,SKU-0245,Electronics Item 0245,Electronics,WH015,SouthEast Warehouse 015,SouthEast,101,9,1137.08,119,1,2026-05-24T00:00:00+07:00
INV-003746,SKU-0246,Home Item 0246,Home,WH015,SouthEast Warehouse 015,SouthEast,327,54,889.69,92,1,2026-05-24T00:00:00+07:00
INV-003747,SKU-0247,Grocery Item 0247,Grocery,WH015,SouthEast Warehouse 015,SouthEast,275,33,1653.09,112,1,2026-05-24T00:00:00+07:00
INV-003748,SKU-0248,Fashion Item 0248,Fashion,WH015,SouthEast Warehouse 015,SouthEast,613,54,110.25,41,1,2026-05-24T00:00:00+07:00
INV-003749,SKU-0249,Industrial Item 0249,Industrial,WH015,SouthEast Warehouse 015,SouthEast,630,39,104.01,114,1,2026-05-24T00:00:00+07:00
INV-003750,SKU-0250,Electronics Item 0250,Electronics,WH015,SouthEast Warehouse 015,SouthEast,222,39,913.06,74,1,2026-05-24T00:00:00+07:00
INV-003751,SKU-0001,Grocery Item 0001,Grocery,WH016,Mekong Warehouse 016,Mekong,707,7,539.07,51,1,2026-05-24T00:00:00+07:00
INV-003752,SKU-0002,Fashion Item 0002,Fashion,WH016,Mekong Warehouse 016,Mekong,257,32,1974.36,70,1,2026-05-24T00:00:00+07:00
INV-003753,SKU-0003,Industrial Item 0003,Industrial,WH016,Mekong Warehouse 016,Mekong,726,50,577.31,35,1,2026-05-24T00:00:00+07:00
INV-003754,SKU-0004,Electronics Item 0004,Electronics,WH016,Mekong Warehouse 016,Mekong,772,27,2499.09,57,1,2026-05-24T00:00:00+07:00
INV-003755,SKU-0005,Home Item 0005,Home,WH016,Mekong Warehouse 016,Mekong,753,62,569.09,94,1,2026-05-24T00:00:00+07:00
INV-003756,SKU-0006,Grocery Item 0006,Grocery,WH016,Mekong Warehouse 016,Mekong,97,24,2358.14,82,1,2026-05-24T00:00:00+07:00
INV-003757,SKU-0007,Fashion Item 0007,Fashion,WH016,Mekong Warehouse 016,Mekong,302,70,553.36,113,1,2026-05-24T00:00:00+07:00
INV-003758,SKU-0008,Industrial Item 0008,Industrial,WH016,Mekong Warehouse 016,Mekong,196,21,835.79,60,1,2026-05-24T00:00:00+07:00
INV-003759,SKU-0009,Electronics Item 0009,Electronics,WH016,Mekong Warehouse 016,Mekong,476,63,1776.56,57,1,2026-05-24T00:00:00+07:00
INV-003760,SKU-0010,Home Item 0010,Home,WH016,Mekong Warehouse 016,Mekong,149,32,1557.12,27,1,2026-05-24T00:00:00+07:00
INV-003761,SKU-0011,Grocery Item 0011,Grocery,WH016,Mekong Warehouse 016,Mekong,451,62,934.81,34,1,2026-05-24T00:00:00+07:00
INV-003762,SKU-0012,Fashion Item 0012,Fashion,WH016,Mekong Warehouse 016,Mekong,550,1,1868.57,81,1,2026-05-24T00:00:00+07:00
INV-003763,SKU-0013,Industrial Item 0013,Industrial,WH016,Mekong Warehouse 016,Mekong,215,15,2273.47,37,1,2026-05-24T00:00:00+07:00
INV-003764,SKU-0014,Electronics Item 0014,Electronics,WH016,Mekong Warehouse 016,Mekong,227,33,1168.43,111,1,2026-05-24T00:00:00+07:00
INV-003765,SKU-0015,Home Item 0015,Home,WH016,Mekong Warehouse 016,Mekong,444,46,1148.27,101,1,2026-05-24T00:00:00+07:00
INV-003766,SKU-0016,Grocery Item 0016,Grocery,WH016,Mekong Warehouse 016,Mekong,265,54,2206.45,97,1,2026-05-24T00:00:00+07:00
INV-003767,SKU-0017,Fashion Item 0017,Fashion,WH016,Mekong Warehouse 016,Mekong,179,31,1231.67,105,1,2026-05-24T00:00:00+07:00
INV-003768,SKU-0018,Industrial Item 0018,Industrial,WH016,Mekong Warehouse 016,Mekong,461,47,604.64,40,1,2026-05-24T00:00:00+07:00
INV-003769,SKU-0019,Electronics Item 0019,Electronics,WH016,Mekong Warehouse 016,Mekong,500,69,1894.54,42,1,2026-05-24T00:00:00+07:00
INV-003770,SKU-0020,Home Item 0020,Home,WH016,Mekong Warehouse 016,Mekong,271,25,438.50,30,1,2026-05-24T00:00:00+07:00
INV-003771,SKU-0021,Grocery Item 0021,Grocery,WH016,Mekong Warehouse 016,Mekong,103,1,2371.27,74,1,2026-05-24T00:00:00+07:00
INV-003772,SKU-0022,Fashion Item 0022,Fashion,WH016,Mekong Warehouse 016,Mekong,769,35,1932.83,93,1,2026-05-24T00:00:00+07:00
INV-003773,SKU-0023,Industrial Item 0023,Industrial,WH016,Mekong Warehouse 016,Mekong,234,16,2402.37,114,1,2026-05-24T00:00:00+07:00
INV-003774,SKU-0024,Electronics Item 0024,Electronics,WH016,Mekong Warehouse 016,Mekong,538,16,2451.05,98,1,2026-05-24T00:00:00+07:00
INV-003775,SKU-0025,Home Item 0025,Home,WH016,Mekong Warehouse 016,Mekong,642,52,2163.35,32,1,2026-05-24T00:00:00+07:00
INV-003776,SKU-0026,Grocery Item 0026,Grocery,WH016,Mekong Warehouse 016,Mekong,796,18,1465.76,119,1,2026-05-24T00:00:00+07:00
INV-003777,SKU-0027,Fashion Item 0027,Fashion,WH016,Mekong Warehouse 016,Mekong,273,24,1078.36,81,1,2026-05-24T00:00:00+07:00
INV-003778,SKU-0028,Industrial Item 0028,Industrial,WH016,Mekong Warehouse 016,Mekong,141,20,718.97,48,1,2026-05-24T00:00:00+07:00
INV-003779,SKU-0029,Electronics Item 0029,Electronics,WH016,Mekong Warehouse 016,Mekong,87,4,437.43,107,1,2026-05-24T00:00:00+07:00
INV-003780,SKU-0030,Home Item 0030,Home,WH016,Mekong Warehouse 016,Mekong,736,25,1046.67,119,1,2026-05-24T00:00:00+07:00
INV-003781,SKU-0031,Grocery Item 0031,Grocery,WH016,Mekong Warehouse 016,Mekong,389,3,2144.40,52,1,2026-05-24T00:00:00+07:00
INV-003782,SKU-0032,Fashion Item 0032,Fashion,WH016,Mekong Warehouse 016,Mekong,669,23,2343.06,67,1,2026-05-24T00:00:00+07:00
INV-003783,SKU-0033,Industrial Item 0033,Industrial,WH016,Mekong Warehouse 016,Mekong,553,72,105.60,74,1,2026-05-24T00:00:00+07:00
INV-003784,SKU-0034,Electronics Item 0034,Electronics,WH016,Mekong Warehouse 016,Mekong,415,19,2238.64,47,1,2026-05-24T00:00:00+07:00
INV-003785,SKU-0035,Home Item 0035,Home,WH016,Mekong Warehouse 016,Mekong,667,69,335.37,51,1,2026-05-24T00:00:00+07:00
INV-003786,SKU-0036,Grocery Item 0036,Grocery,WH016,Mekong Warehouse 016,Mekong,784,73,2025.49,39,1,2026-05-24T00:00:00+07:00
INV-003787,SKU-0037,Fashion Item 0037,Fashion,WH016,Mekong Warehouse 016,Mekong,234,46,970.67,55,1,2026-05-24T00:00:00+07:00
INV-003788,SKU-0038,Industrial Item 0038,Industrial,WH016,Mekong Warehouse 016,Mekong,198,41,851.70,49,1,2026-05-24T00:00:00+07:00
INV-003789,SKU-0039,Electronics Item 0039,Electronics,WH016,Mekong Warehouse 016,Mekong,184,24,2420.10,74,1,2026-05-24T00:00:00+07:00
INV-003790,SKU-0040,Home Item 0040,Home,WH016,Mekong Warehouse 016,Mekong,578,26,1134.40,49,1,2026-05-24T00:00:00+07:00
INV-003791,SKU-0041,Grocery Item 0041,Grocery,WH016,Mekong Warehouse 016,Mekong,466,76,749.31,100,1,2026-05-24T00:00:00+07:00
INV-003792,SKU-0042,Fashion Item 0042,Fashion,WH016,Mekong Warehouse 016,Mekong,732,3,1300.64,60,1,2026-05-24T00:00:00+07:00
INV-003793,SKU-0043,Industrial Item 0043,Industrial,WH016,Mekong Warehouse 016,Mekong,587,60,2359.78,44,1,2026-05-24T00:00:00+07:00
INV-003794,SKU-0044,Electronics Item 0044,Electronics,WH016,Mekong Warehouse 016,Mekong,520,38,2115.68,89,1,2026-05-24T00:00:00+07:00
INV-003795,SKU-0045,Home Item 0045,Home,WH016,Mekong Warehouse 016,Mekong,112,15,1992.38,110,1,2026-05-24T00:00:00+07:00
INV-003796,SKU-0046,Grocery Item 0046,Grocery,WH016,Mekong Warehouse 016,Mekong,414,8,518.14,111,1,2026-05-24T00:00:00+07:00
INV-003797,SKU-0047,Fashion Item 0047,Fashion,WH016,Mekong Warehouse 016,Mekong,382,36,1806.71,74,1,2026-05-24T00:00:00+07:00
INV-003798,SKU-0048,Industrial Item 0048,Industrial,WH016,Mekong Warehouse 016,Mekong,332,70,2437.86,101,1,2026-05-24T00:00:00+07:00
INV-003799,SKU-0049,Electronics Item 0049,Electronics,WH016,Mekong Warehouse 016,Mekong,462,11,2258.25,40,1,2026-05-24T00:00:00+07:00
INV-003800,SKU-0050,Home Item 0050,Home,WH016,Mekong Warehouse 016,Mekong,603,65,766.84,71,1,2026-05-24T00:00:00+07:00
INV-003801,SKU-0051,Grocery Item 0051,Grocery,WH016,Mekong Warehouse 016,Mekong,322,6,1347.36,119,1,2026-05-24T00:00:00+07:00
INV-003802,SKU-0052,Fashion Item 0052,Fashion,WH016,Mekong Warehouse 016,Mekong,497,35,1599.26,27,1,2026-05-24T00:00:00+07:00
INV-003803,SKU-0053,Industrial Item 0053,Industrial,WH016,Mekong Warehouse 016,Mekong,665,53,301.71,47,1,2026-05-24T00:00:00+07:00
INV-003804,SKU-0054,Electronics Item 0054,Electronics,WH016,Mekong Warehouse 016,Mekong,734,12,1640.78,68,1,2026-05-24T00:00:00+07:00
INV-003805,SKU-0055,Home Item 0055,Home,WH016,Mekong Warehouse 016,Mekong,527,8,2010.76,59,1,2026-05-24T00:00:00+07:00
INV-003806,SKU-0056,Grocery Item 0056,Grocery,WH016,Mekong Warehouse 016,Mekong,655,72,1779.35,108,1,2026-05-24T00:00:00+07:00
INV-003807,SKU-0057,Fashion Item 0057,Fashion,WH016,Mekong Warehouse 016,Mekong,556,43,884.01,68,1,2026-05-24T00:00:00+07:00
INV-003808,SKU-0058,Industrial Item 0058,Industrial,WH016,Mekong Warehouse 016,Mekong,680,80,1440.90,53,1,2026-05-24T00:00:00+07:00
INV-003809,SKU-0059,Electronics Item 0059,Electronics,WH016,Mekong Warehouse 016,Mekong,748,64,1346.90,96,1,2026-05-24T00:00:00+07:00
INV-003810,SKU-0060,Home Item 0060,Home,WH016,Mekong Warehouse 016,Mekong,777,16,2358.84,116,1,2026-05-24T00:00:00+07:00
INV-003811,SKU-0061,Grocery Item 0061,Grocery,WH016,Mekong Warehouse 016,Mekong,331,47,706.91,65,1,2026-05-24T00:00:00+07:00
INV-003812,SKU-0062,Fashion Item 0062,Fashion,WH016,Mekong Warehouse 016,Mekong,279,45,1859.73,86,1,2026-05-24T00:00:00+07:00
INV-003813,SKU-0063,Industrial Item 0063,Industrial,WH016,Mekong Warehouse 016,Mekong,680,63,745.24,92,1,2026-05-24T00:00:00+07:00
INV-003814,SKU-0064,Electronics Item 0064,Electronics,WH016,Mekong Warehouse 016,Mekong,753,80,229.42,54,1,2026-05-24T00:00:00+07:00
INV-003815,SKU-0065,Home Item 0065,Home,WH016,Mekong Warehouse 016,Mekong,452,59,960.70,87,1,2026-05-24T00:00:00+07:00
INV-003816,SKU-0066,Grocery Item 0066,Grocery,WH016,Mekong Warehouse 016,Mekong,283,54,1713.92,109,1,2026-05-24T00:00:00+07:00
INV-003817,SKU-0067,Fashion Item 0067,Fashion,WH016,Mekong Warehouse 016,Mekong,444,47,583.45,91,1,2026-05-24T00:00:00+07:00
INV-003818,SKU-0068,Industrial Item 0068,Industrial,WH016,Mekong Warehouse 016,Mekong,142,34,2487.09,26,1,2026-05-24T00:00:00+07:00
INV-003819,SKU-0069,Electronics Item 0069,Electronics,WH016,Mekong Warehouse 016,Mekong,420,24,745.67,57,1,2026-05-24T00:00:00+07:00
INV-003820,SKU-0070,Home Item 0070,Home,WH016,Mekong Warehouse 016,Mekong,279,48,1797.68,115,1,2026-05-24T00:00:00+07:00
INV-003821,SKU-0071,Grocery Item 0071,Grocery,WH016,Mekong Warehouse 016,Mekong,340,8,272.99,77,1,2026-05-24T00:00:00+07:00
INV-003822,SKU-0072,Fashion Item 0072,Fashion,WH016,Mekong Warehouse 016,Mekong,771,61,1580.49,76,1,2026-05-24T00:00:00+07:00
INV-003823,SKU-0073,Industrial Item 0073,Industrial,WH016,Mekong Warehouse 016,Mekong,181,36,71.99,73,1,2026-05-24T00:00:00+07:00
INV-003824,SKU-0074,Electronics Item 0074,Electronics,WH016,Mekong Warehouse 016,Mekong,342,64,671.52,41,1,2026-05-24T00:00:00+07:00
INV-003825,SKU-0075,Home Item 0075,Home,WH016,Mekong Warehouse 016,Mekong,361,67,1823.29,25,1,2026-05-24T00:00:00+07:00
INV-003826,SKU-0076,Grocery Item 0076,Grocery,WH016,Mekong Warehouse 016,Mekong,173,31,976.25,49,1,2026-05-24T00:00:00+07:00
INV-003827,SKU-0077,Fashion Item 0077,Fashion,WH016,Mekong Warehouse 016,Mekong,320,32,1176.13,70,1,2026-05-24T00:00:00+07:00
INV-003828,SKU-0078,Industrial Item 0078,Industrial,WH016,Mekong Warehouse 016,Mekong,493,40,1018.36,47,1,2026-05-24T00:00:00+07:00
INV-003829,SKU-0079,Electronics Item 0079,Electronics,WH016,Mekong Warehouse 016,Mekong,226,40,1145.47,104,1,2026-05-24T00:00:00+07:00
INV-003830,SKU-0080,Home Item 0080,Home,WH016,Mekong Warehouse 016,Mekong,160,7,1718.92,89,1,2026-05-24T00:00:00+07:00
INV-003831,SKU-0081,Grocery Item 0081,Grocery,WH016,Mekong Warehouse 016,Mekong,385,13,227.33,79,1,2026-05-24T00:00:00+07:00
INV-003832,SKU-0082,Fashion Item 0082,Fashion,WH016,Mekong Warehouse 016,Mekong,437,74,1427.84,88,1,2026-05-24T00:00:00+07:00
INV-003833,SKU-0083,Industrial Item 0083,Industrial,WH016,Mekong Warehouse 016,Mekong,436,24,276.11,82,1,2026-05-24T00:00:00+07:00
INV-003834,SKU-0084,Electronics Item 0084,Electronics,WH016,Mekong Warehouse 016,Mekong,482,46,478.60,47,1,2026-05-24T00:00:00+07:00
INV-003835,SKU-0085,Home Item 0085,Home,WH016,Mekong Warehouse 016,Mekong,307,69,1184.48,62,1,2026-05-24T00:00:00+07:00
INV-003836,SKU-0086,Grocery Item 0086,Grocery,WH016,Mekong Warehouse 016,Mekong,515,47,956.92,108,1,2026-05-24T00:00:00+07:00
INV-003837,SKU-0087,Fashion Item 0087,Fashion,WH016,Mekong Warehouse 016,Mekong,555,43,519.41,41,1,2026-05-24T00:00:00+07:00
INV-003838,SKU-0088,Industrial Item 0088,Industrial,WH016,Mekong Warehouse 016,Mekong,465,71,1837.65,29,1,2026-05-24T00:00:00+07:00
INV-003839,SKU-0089,Electronics Item 0089,Electronics,WH016,Mekong Warehouse 016,Mekong,345,11,687.22,63,1,2026-05-24T00:00:00+07:00
INV-003840,SKU-0090,Home Item 0090,Home,WH016,Mekong Warehouse 016,Mekong,756,45,1228.35,83,1,2026-05-24T00:00:00+07:00
INV-003841,SKU-0091,Grocery Item 0091,Grocery,WH016,Mekong Warehouse 016,Mekong,571,37,513.55,30,1,2026-05-24T00:00:00+07:00
INV-003842,SKU-0092,Fashion Item 0092,Fashion,WH016,Mekong Warehouse 016,Mekong,262,63,2297.47,65,1,2026-05-24T00:00:00+07:00
INV-003843,SKU-0093,Industrial Item 0093,Industrial,WH016,Mekong Warehouse 016,Mekong,258,21,238.62,73,1,2026-05-24T00:00:00+07:00
INV-003844,SKU-0094,Electronics Item 0094,Electronics,WH016,Mekong Warehouse 016,Mekong,739,61,1735.64,47,1,2026-05-24T00:00:00+07:00
INV-003845,SKU-0095,Home Item 0095,Home,WH016,Mekong Warehouse 016,Mekong,633,64,251.80,26,1,2026-05-24T00:00:00+07:00
INV-003846,SKU-0096,Grocery Item 0096,Grocery,WH016,Mekong Warehouse 016,Mekong,476,35,182.47,98,1,2026-05-24T00:00:00+07:00
INV-003847,SKU-0097,Fashion Item 0097,Fashion,WH016,Mekong Warehouse 016,Mekong,733,17,586.00,88,1,2026-05-24T00:00:00+07:00
INV-003848,SKU-0098,Industrial Item 0098,Industrial,WH016,Mekong Warehouse 016,Mekong,625,17,29.07,44,1,2026-05-24T00:00:00+07:00
INV-003849,SKU-0099,Electronics Item 0099,Electronics,WH016,Mekong Warehouse 016,Mekong,298,32,356.99,96,1,2026-05-24T00:00:00+07:00
INV-003850,SKU-0100,Home Item 0100,Home,WH016,Mekong Warehouse 016,Mekong,757,12,1368.45,120,1,2026-05-24T00:00:00+07:00
INV-003851,SKU-0101,Grocery Item 0101,Grocery,WH016,Mekong Warehouse 016,Mekong,411,5,198.66,57,1,2026-05-24T00:00:00+07:00
INV-003852,SKU-0102,Fashion Item 0102,Fashion,WH016,Mekong Warehouse 016,Mekong,272,6,1552.80,111,1,2026-05-24T00:00:00+07:00
INV-003853,SKU-0103,Industrial Item 0103,Industrial,WH016,Mekong Warehouse 016,Mekong,646,72,2169.25,120,1,2026-05-24T00:00:00+07:00
INV-003854,SKU-0104,Electronics Item 0104,Electronics,WH016,Mekong Warehouse 016,Mekong,613,14,1226.82,30,1,2026-05-24T00:00:00+07:00
INV-003855,SKU-0105,Home Item 0105,Home,WH016,Mekong Warehouse 016,Mekong,420,60,1645.21,61,1,2026-05-24T00:00:00+07:00
INV-003856,SKU-0106,Grocery Item 0106,Grocery,WH016,Mekong Warehouse 016,Mekong,439,22,117.15,43,1,2026-05-24T00:00:00+07:00
INV-003857,SKU-0107,Fashion Item 0107,Fashion,WH016,Mekong Warehouse 016,Mekong,378,51,1182.90,100,1,2026-05-24T00:00:00+07:00
INV-003858,SKU-0108,Industrial Item 0108,Industrial,WH016,Mekong Warehouse 016,Mekong,532,73,1166.54,39,1,2026-05-24T00:00:00+07:00
INV-003859,SKU-0109,Electronics Item 0109,Electronics,WH016,Mekong Warehouse 016,Mekong,606,5,146.52,29,1,2026-05-24T00:00:00+07:00
INV-003860,SKU-0110,Home Item 0110,Home,WH016,Mekong Warehouse 016,Mekong,689,56,404.04,76,1,2026-05-24T00:00:00+07:00
INV-003861,SKU-0111,Grocery Item 0111,Grocery,WH016,Mekong Warehouse 016,Mekong,559,45,2029.27,53,1,2026-05-24T00:00:00+07:00
INV-003862,SKU-0112,Fashion Item 0112,Fashion,WH016,Mekong Warehouse 016,Mekong,685,48,2389.34,94,1,2026-05-24T00:00:00+07:00
INV-003863,SKU-0113,Industrial Item 0113,Industrial,WH016,Mekong Warehouse 016,Mekong,348,34,853.70,62,1,2026-05-24T00:00:00+07:00
INV-003864,SKU-0114,Electronics Item 0114,Electronics,WH016,Mekong Warehouse 016,Mekong,358,11,277.35,69,1,2026-05-24T00:00:00+07:00
INV-003865,SKU-0115,Home Item 0115,Home,WH016,Mekong Warehouse 016,Mekong,702,80,2325.85,72,1,2026-05-24T00:00:00+07:00
INV-003866,SKU-0116,Grocery Item 0116,Grocery,WH016,Mekong Warehouse 016,Mekong,756,59,206.07,82,1,2026-05-24T00:00:00+07:00
INV-003867,SKU-0117,Fashion Item 0117,Fashion,WH016,Mekong Warehouse 016,Mekong,250,38,1873.87,46,1,2026-05-24T00:00:00+07:00
INV-003868,SKU-0118,Industrial Item 0118,Industrial,WH016,Mekong Warehouse 016,Mekong,294,56,1335.96,28,1,2026-05-24T00:00:00+07:00
INV-003869,SKU-0119,Electronics Item 0119,Electronics,WH016,Mekong Warehouse 016,Mekong,668,14,1283.81,115,1,2026-05-24T00:00:00+07:00
INV-003870,SKU-0120,Home Item 0120,Home,WH016,Mekong Warehouse 016,Mekong,597,3,2166.23,110,1,2026-05-24T00:00:00+07:00
INV-003871,SKU-0121,Grocery Item 0121,Grocery,WH016,Mekong Warehouse 016,Mekong,594,60,1045.75,66,1,2026-05-24T00:00:00+07:00
INV-003872,SKU-0122,Fashion Item 0122,Fashion,WH016,Mekong Warehouse 016,Mekong,601,13,58.29,43,1,2026-05-24T00:00:00+07:00
INV-003873,SKU-0123,Industrial Item 0123,Industrial,WH016,Mekong Warehouse 016,Mekong,594,24,605.86,92,1,2026-05-24T00:00:00+07:00
INV-003874,SKU-0124,Electronics Item 0124,Electronics,WH016,Mekong Warehouse 016,Mekong,678,70,1474.57,53,1,2026-05-24T00:00:00+07:00
INV-003875,SKU-0125,Home Item 0125,Home,WH016,Mekong Warehouse 016,Mekong,696,69,44.60,61,1,2026-05-24T00:00:00+07:00
INV-003876,SKU-0126,Grocery Item 0126,Grocery,WH016,Mekong Warehouse 016,Mekong,426,80,471.50,45,1,2026-05-24T00:00:00+07:00
INV-003877,SKU-0127,Fashion Item 0127,Fashion,WH016,Mekong Warehouse 016,Mekong,151,12,2133.35,33,1,2026-05-24T00:00:00+07:00
INV-003878,SKU-0128,Industrial Item 0128,Industrial,WH016,Mekong Warehouse 016,Mekong,583,69,516.83,82,1,2026-05-24T00:00:00+07:00
INV-003879,SKU-0129,Electronics Item 0129,Electronics,WH016,Mekong Warehouse 016,Mekong,232,31,386.54,44,1,2026-05-24T00:00:00+07:00
INV-003880,SKU-0130,Home Item 0130,Home,WH016,Mekong Warehouse 016,Mekong,796,43,1513.69,80,1,2026-05-24T00:00:00+07:00
INV-003881,SKU-0131,Grocery Item 0131,Grocery,WH016,Mekong Warehouse 016,Mekong,183,3,1770.35,115,1,2026-05-24T00:00:00+07:00
INV-003882,SKU-0132,Fashion Item 0132,Fashion,WH016,Mekong Warehouse 016,Mekong,395,74,2425.11,119,1,2026-05-24T00:00:00+07:00
INV-003883,SKU-0133,Industrial Item 0133,Industrial,WH016,Mekong Warehouse 016,Mekong,113,8,186.86,93,1,2026-05-24T00:00:00+07:00
INV-003884,SKU-0134,Electronics Item 0134,Electronics,WH016,Mekong Warehouse 016,Mekong,218,5,752.59,72,1,2026-05-24T00:00:00+07:00
INV-003885,SKU-0135,Home Item 0135,Home,WH016,Mekong Warehouse 016,Mekong,427,58,1210.28,81,1,2026-05-24T00:00:00+07:00
INV-003886,SKU-0136,Grocery Item 0136,Grocery,WH016,Mekong Warehouse 016,Mekong,363,54,2063.68,101,1,2026-05-24T00:00:00+07:00
INV-003887,SKU-0137,Fashion Item 0137,Fashion,WH016,Mekong Warehouse 016,Mekong,320,37,381.83,45,1,2026-05-24T00:00:00+07:00
INV-003888,SKU-0138,Industrial Item 0138,Industrial,WH016,Mekong Warehouse 016,Mekong,321,56,2432.70,57,1,2026-05-24T00:00:00+07:00
INV-003889,SKU-0139,Electronics Item 0139,Electronics,WH016,Mekong Warehouse 016,Mekong,748,18,2440.29,86,1,2026-05-24T00:00:00+07:00
INV-003890,SKU-0140,Home Item 0140,Home,WH016,Mekong Warehouse 016,Mekong,114,21,724.65,63,1,2026-05-24T00:00:00+07:00
INV-003891,SKU-0141,Grocery Item 0141,Grocery,WH016,Mekong Warehouse 016,Mekong,113,15,2455.09,41,1,2026-05-24T00:00:00+07:00
INV-003892,SKU-0142,Fashion Item 0142,Fashion,WH016,Mekong Warehouse 016,Mekong,780,27,1496.38,113,1,2026-05-24T00:00:00+07:00
INV-003893,SKU-0143,Industrial Item 0143,Industrial,WH016,Mekong Warehouse 016,Mekong,195,25,1814.01,83,1,2026-05-24T00:00:00+07:00
INV-003894,SKU-0144,Electronics Item 0144,Electronics,WH016,Mekong Warehouse 016,Mekong,512,9,2225.86,39,1,2026-05-24T00:00:00+07:00
INV-003895,SKU-0145,Home Item 0145,Home,WH016,Mekong Warehouse 016,Mekong,268,10,1294.86,97,1,2026-05-24T00:00:00+07:00
INV-003896,SKU-0146,Grocery Item 0146,Grocery,WH016,Mekong Warehouse 016,Mekong,95,16,2467.15,115,1,2026-05-24T00:00:00+07:00
INV-003897,SKU-0147,Fashion Item 0147,Fashion,WH016,Mekong Warehouse 016,Mekong,121,24,1333.16,44,1,2026-05-24T00:00:00+07:00
INV-003898,SKU-0148,Industrial Item 0148,Industrial,WH016,Mekong Warehouse 016,Mekong,588,72,1527.26,28,1,2026-05-24T00:00:00+07:00
INV-003899,SKU-0149,Electronics Item 0149,Electronics,WH016,Mekong Warehouse 016,Mekong,659,15,1870.55,106,1,2026-05-24T00:00:00+07:00
INV-003900,SKU-0150,Home Item 0150,Home,WH016,Mekong Warehouse 016,Mekong,651,61,915.65,53,1,2026-05-24T00:00:00+07:00
INV-003901,SKU-0151,Grocery Item 0151,Grocery,WH016,Mekong Warehouse 016,Mekong,421,48,1107.22,103,1,2026-05-24T00:00:00+07:00
INV-003902,SKU-0152,Fashion Item 0152,Fashion,WH016,Mekong Warehouse 016,Mekong,338,47,2013.39,77,1,2026-05-24T00:00:00+07:00
INV-003903,SKU-0153,Industrial Item 0153,Industrial,WH016,Mekong Warehouse 016,Mekong,566,58,880.07,120,1,2026-05-24T00:00:00+07:00
INV-003904,SKU-0154,Electronics Item 0154,Electronics,WH016,Mekong Warehouse 016,Mekong,337,33,2001.24,42,1,2026-05-24T00:00:00+07:00
INV-003905,SKU-0155,Home Item 0155,Home,WH016,Mekong Warehouse 016,Mekong,692,43,396.85,83,1,2026-05-24T00:00:00+07:00
INV-003906,SKU-0156,Grocery Item 0156,Grocery,WH016,Mekong Warehouse 016,Mekong,545,28,2054.71,85,1,2026-05-24T00:00:00+07:00
INV-003907,SKU-0157,Fashion Item 0157,Fashion,WH016,Mekong Warehouse 016,Mekong,361,33,2349.62,102,1,2026-05-24T00:00:00+07:00
INV-003908,SKU-0158,Industrial Item 0158,Industrial,WH016,Mekong Warehouse 016,Mekong,204,46,1238.16,76,1,2026-05-24T00:00:00+07:00
INV-003909,SKU-0159,Electronics Item 0159,Electronics,WH016,Mekong Warehouse 016,Mekong,775,48,262.38,76,1,2026-05-24T00:00:00+07:00
INV-003910,SKU-0160,Home Item 0160,Home,WH016,Mekong Warehouse 016,Mekong,432,69,1938.10,73,1,2026-05-24T00:00:00+07:00
INV-003911,SKU-0161,Grocery Item 0161,Grocery,WH016,Mekong Warehouse 016,Mekong,186,22,255.64,103,1,2026-05-24T00:00:00+07:00
INV-003912,SKU-0162,Fashion Item 0162,Fashion,WH016,Mekong Warehouse 016,Mekong,184,13,215.62,46,1,2026-05-24T00:00:00+07:00
INV-003913,SKU-0163,Industrial Item 0163,Industrial,WH016,Mekong Warehouse 016,Mekong,138,32,1120.89,37,1,2026-05-24T00:00:00+07:00
INV-003914,SKU-0164,Electronics Item 0164,Electronics,WH016,Mekong Warehouse 016,Mekong,658,34,1008.57,42,1,2026-05-24T00:00:00+07:00
INV-003915,SKU-0165,Home Item 0165,Home,WH016,Mekong Warehouse 016,Mekong,619,21,451.11,100,1,2026-05-24T00:00:00+07:00
INV-003916,SKU-0166,Grocery Item 0166,Grocery,WH016,Mekong Warehouse 016,Mekong,104,15,1394.38,53,1,2026-05-24T00:00:00+07:00
INV-003917,SKU-0167,Fashion Item 0167,Fashion,WH016,Mekong Warehouse 016,Mekong,112,21,1153.04,67,1,2026-05-24T00:00:00+07:00
INV-003918,SKU-0168,Industrial Item 0168,Industrial,WH016,Mekong Warehouse 016,Mekong,151,24,1880.37,31,1,2026-05-24T00:00:00+07:00
INV-003919,SKU-0169,Electronics Item 0169,Electronics,WH016,Mekong Warehouse 016,Mekong,430,48,1043.35,54,1,2026-05-24T00:00:00+07:00
INV-003920,SKU-0170,Home Item 0170,Home,WH016,Mekong Warehouse 016,Mekong,436,32,1012.28,119,1,2026-05-24T00:00:00+07:00
INV-003921,SKU-0171,Grocery Item 0171,Grocery,WH016,Mekong Warehouse 016,Mekong,88,22,701.19,27,1,2026-05-24T00:00:00+07:00
INV-003922,SKU-0172,Fashion Item 0172,Fashion,WH016,Mekong Warehouse 016,Mekong,142,21,2450.61,114,1,2026-05-24T00:00:00+07:00
INV-003923,SKU-0173,Industrial Item 0173,Industrial,WH016,Mekong Warehouse 016,Mekong,215,12,190.95,31,1,2026-05-24T00:00:00+07:00
INV-003924,SKU-0174,Electronics Item 0174,Electronics,WH016,Mekong Warehouse 016,Mekong,762,56,1426.75,77,1,2026-05-24T00:00:00+07:00
INV-003925,SKU-0175,Home Item 0175,Home,WH016,Mekong Warehouse 016,Mekong,507,41,479.25,38,1,2026-05-24T00:00:00+07:00
INV-003926,SKU-0176,Grocery Item 0176,Grocery,WH016,Mekong Warehouse 016,Mekong,799,62,1443.02,71,1,2026-05-24T00:00:00+07:00
INV-003927,SKU-0177,Fashion Item 0177,Fashion,WH016,Mekong Warehouse 016,Mekong,365,41,1570.87,98,1,2026-05-24T00:00:00+07:00
INV-003928,SKU-0178,Industrial Item 0178,Industrial,WH016,Mekong Warehouse 016,Mekong,292,60,674.15,44,1,2026-05-24T00:00:00+07:00
INV-003929,SKU-0179,Electronics Item 0179,Electronics,WH016,Mekong Warehouse 016,Mekong,131,21,869.79,31,1,2026-05-24T00:00:00+07:00
INV-003930,SKU-0180,Home Item 0180,Home,WH016,Mekong Warehouse 016,Mekong,550,69,494.68,110,1,2026-05-24T00:00:00+07:00
INV-003931,SKU-0181,Grocery Item 0181,Grocery,WH016,Mekong Warehouse 016,Mekong,488,34,904.75,120,1,2026-05-24T00:00:00+07:00
INV-003932,SKU-0182,Fashion Item 0182,Fashion,WH016,Mekong Warehouse 016,Mekong,182,24,1824.41,95,1,2026-05-24T00:00:00+07:00
INV-003933,SKU-0183,Industrial Item 0183,Industrial,WH016,Mekong Warehouse 016,Mekong,705,13,2287.93,59,1,2026-05-24T00:00:00+07:00
INV-003934,SKU-0184,Electronics Item 0184,Electronics,WH016,Mekong Warehouse 016,Mekong,628,64,2401.18,51,1,2026-05-24T00:00:00+07:00
INV-003935,SKU-0185,Home Item 0185,Home,WH016,Mekong Warehouse 016,Mekong,626,37,2369.97,76,1,2026-05-24T00:00:00+07:00
INV-003936,SKU-0186,Grocery Item 0186,Grocery,WH016,Mekong Warehouse 016,Mekong,478,26,1281.61,109,1,2026-05-24T00:00:00+07:00
INV-003937,SKU-0187,Fashion Item 0187,Fashion,WH016,Mekong Warehouse 016,Mekong,299,43,12.03,35,1,2026-05-24T00:00:00+07:00
INV-003938,SKU-0188,Industrial Item 0188,Industrial,WH016,Mekong Warehouse 016,Mekong,279,6,313.38,51,1,2026-05-24T00:00:00+07:00
INV-003939,SKU-0189,Electronics Item 0189,Electronics,WH016,Mekong Warehouse 016,Mekong,770,6,1627.66,60,1,2026-05-24T00:00:00+07:00
INV-003940,SKU-0190,Home Item 0190,Home,WH016,Mekong Warehouse 016,Mekong,188,43,147.15,101,1,2026-05-24T00:00:00+07:00
INV-003941,SKU-0191,Grocery Item 0191,Grocery,WH016,Mekong Warehouse 016,Mekong,763,48,1867.07,29,1,2026-05-24T00:00:00+07:00
INV-003942,SKU-0192,Fashion Item 0192,Fashion,WH016,Mekong Warehouse 016,Mekong,410,38,71.71,99,1,2026-05-24T00:00:00+07:00
INV-003943,SKU-0193,Industrial Item 0193,Industrial,WH016,Mekong Warehouse 016,Mekong,85,8,2481.02,68,1,2026-05-24T00:00:00+07:00
INV-003944,SKU-0194,Electronics Item 0194,Electronics,WH016,Mekong Warehouse 016,Mekong,489,11,1788.08,66,1,2026-05-24T00:00:00+07:00
INV-003945,SKU-0195,Home Item 0195,Home,WH016,Mekong Warehouse 016,Mekong,675,48,1273.65,25,1,2026-05-24T00:00:00+07:00
INV-003946,SKU-0196,Grocery Item 0196,Grocery,WH016,Mekong Warehouse 016,Mekong,192,33,406.40,75,1,2026-05-24T00:00:00+07:00
INV-003947,SKU-0197,Fashion Item 0197,Fashion,WH016,Mekong Warehouse 016,Mekong,768,75,15.72,48,1,2026-05-24T00:00:00+07:00
INV-003948,SKU-0198,Industrial Item 0198,Industrial,WH016,Mekong Warehouse 016,Mekong,454,27,1846.84,105,1,2026-05-24T00:00:00+07:00
INV-003949,SKU-0199,Electronics Item 0199,Electronics,WH016,Mekong Warehouse 016,Mekong,549,74,1307.22,116,1,2026-05-24T00:00:00+07:00
INV-003950,SKU-0200,Home Item 0200,Home,WH016,Mekong Warehouse 016,Mekong,445,65,426.80,66,1,2026-05-24T00:00:00+07:00
INV-003951,SKU-0201,Grocery Item 0201,Grocery,WH016,Mekong Warehouse 016,Mekong,550,54,418.79,120,1,2026-05-24T00:00:00+07:00
INV-003952,SKU-0202,Fashion Item 0202,Fashion,WH016,Mekong Warehouse 016,Mekong,573,65,1857.22,44,1,2026-05-24T00:00:00+07:00
INV-003953,SKU-0203,Industrial Item 0203,Industrial,WH016,Mekong Warehouse 016,Mekong,458,31,601.72,88,1,2026-05-24T00:00:00+07:00
INV-003954,SKU-0204,Electronics Item 0204,Electronics,WH016,Mekong Warehouse 016,Mekong,755,48,1250.71,45,1,2026-05-24T00:00:00+07:00
INV-003955,SKU-0205,Home Item 0205,Home,WH016,Mekong Warehouse 016,Mekong,641,2,2332.92,107,1,2026-05-24T00:00:00+07:00
INV-003956,SKU-0206,Grocery Item 0206,Grocery,WH016,Mekong Warehouse 016,Mekong,444,73,488.13,88,1,2026-05-24T00:00:00+07:00
INV-003957,SKU-0207,Fashion Item 0207,Fashion,WH016,Mekong Warehouse 016,Mekong,730,76,98.18,41,1,2026-05-24T00:00:00+07:00
INV-003958,SKU-0208,Industrial Item 0208,Industrial,WH016,Mekong Warehouse 016,Mekong,103,25,560.71,120,1,2026-05-24T00:00:00+07:00
INV-003959,SKU-0209,Electronics Item 0209,Electronics,WH016,Mekong Warehouse 016,Mekong,781,42,1481.53,114,1,2026-05-24T00:00:00+07:00
INV-003960,SKU-0210,Home Item 0210,Home,WH016,Mekong Warehouse 016,Mekong,761,64,416.11,93,1,2026-05-24T00:00:00+07:00
INV-003961,SKU-0211,Grocery Item 0211,Grocery,WH016,Mekong Warehouse 016,Mekong,260,50,2256.49,79,1,2026-05-24T00:00:00+07:00
INV-003962,SKU-0212,Fashion Item 0212,Fashion,WH016,Mekong Warehouse 016,Mekong,379,26,2486.62,88,1,2026-05-24T00:00:00+07:00
INV-003963,SKU-0213,Industrial Item 0213,Industrial,WH016,Mekong Warehouse 016,Mekong,625,80,1952.88,30,1,2026-05-24T00:00:00+07:00
INV-003964,SKU-0214,Electronics Item 0214,Electronics,WH016,Mekong Warehouse 016,Mekong,370,47,183.24,44,1,2026-05-24T00:00:00+07:00
INV-003965,SKU-0215,Home Item 0215,Home,WH016,Mekong Warehouse 016,Mekong,512,39,1304.41,73,1,2026-05-24T00:00:00+07:00
INV-003966,SKU-0216,Grocery Item 0216,Grocery,WH016,Mekong Warehouse 016,Mekong,282,40,1195.28,110,1,2026-05-24T00:00:00+07:00
INV-003967,SKU-0217,Fashion Item 0217,Fashion,WH016,Mekong Warehouse 016,Mekong,600,32,1093.16,39,1,2026-05-24T00:00:00+07:00
INV-003968,SKU-0218,Industrial Item 0218,Industrial,WH016,Mekong Warehouse 016,Mekong,739,61,1570.12,49,1,2026-05-24T00:00:00+07:00
INV-003969,SKU-0219,Electronics Item 0219,Electronics,WH016,Mekong Warehouse 016,Mekong,573,30,1586.09,55,1,2026-05-24T00:00:00+07:00
INV-003970,SKU-0220,Home Item 0220,Home,WH016,Mekong Warehouse 016,Mekong,286,46,1377.27,40,1,2026-05-24T00:00:00+07:00
INV-003971,SKU-0221,Grocery Item 0221,Grocery,WH016,Mekong Warehouse 016,Mekong,574,51,462.60,104,1,2026-05-24T00:00:00+07:00
INV-003972,SKU-0222,Fashion Item 0222,Fashion,WH016,Mekong Warehouse 016,Mekong,113,27,655.19,84,1,2026-05-24T00:00:00+07:00
INV-003973,SKU-0223,Industrial Item 0223,Industrial,WH016,Mekong Warehouse 016,Mekong,382,48,2499.62,82,1,2026-05-24T00:00:00+07:00
INV-003974,SKU-0224,Electronics Item 0224,Electronics,WH016,Mekong Warehouse 016,Mekong,250,9,1740.00,32,1,2026-05-24T00:00:00+07:00
INV-003975,SKU-0225,Home Item 0225,Home,WH016,Mekong Warehouse 016,Mekong,760,71,65.92,96,1,2026-05-24T00:00:00+07:00
INV-003976,SKU-0226,Grocery Item 0226,Grocery,WH016,Mekong Warehouse 016,Mekong,792,37,605.23,47,1,2026-05-24T00:00:00+07:00
INV-003977,SKU-0227,Fashion Item 0227,Fashion,WH016,Mekong Warehouse 016,Mekong,684,69,2404.80,70,1,2026-05-24T00:00:00+07:00
INV-003978,SKU-0228,Industrial Item 0228,Industrial,WH016,Mekong Warehouse 016,Mekong,413,20,2486.95,84,1,2026-05-24T00:00:00+07:00
INV-003979,SKU-0229,Electronics Item 0229,Electronics,WH016,Mekong Warehouse 016,Mekong,248,59,2079.66,66,1,2026-05-24T00:00:00+07:00
INV-003980,SKU-0230,Home Item 0230,Home,WH016,Mekong Warehouse 016,Mekong,581,45,1402.91,108,1,2026-05-24T00:00:00+07:00
INV-003981,SKU-0231,Grocery Item 0231,Grocery,WH016,Mekong Warehouse 016,Mekong,198,12,88.09,114,1,2026-05-24T00:00:00+07:00
INV-003982,SKU-0232,Fashion Item 0232,Fashion,WH016,Mekong Warehouse 016,Mekong,574,25,1976.83,48,1,2026-05-24T00:00:00+07:00
INV-003983,SKU-0233,Industrial Item 0233,Industrial,WH016,Mekong Warehouse 016,Mekong,452,23,1391.33,89,1,2026-05-24T00:00:00+07:00
INV-003984,SKU-0234,Electronics Item 0234,Electronics,WH016,Mekong Warehouse 016,Mekong,178,35,879.72,36,1,2026-05-24T00:00:00+07:00
INV-003985,SKU-0235,Home Item 0235,Home,WH016,Mekong Warehouse 016,Mekong,576,42,309.93,45,1,2026-05-24T00:00:00+07:00
INV-003986,SKU-0236,Grocery Item 0236,Grocery,WH016,Mekong Warehouse 016,Mekong,126,6,1296.43,107,1,2026-05-24T00:00:00+07:00
INV-003987,SKU-0237,Fashion Item 0237,Fashion,WH016,Mekong Warehouse 016,Mekong,698,36,90.77,30,1,2026-05-24T00:00:00+07:00
INV-003988,SKU-0238,Industrial Item 0238,Industrial,WH016,Mekong Warehouse 016,Mekong,371,28,2458.72,116,1,2026-05-24T00:00:00+07:00
INV-003989,SKU-0239,Electronics Item 0239,Electronics,WH016,Mekong Warehouse 016,Mekong,185,12,211.11,45,1,2026-05-24T00:00:00+07:00
INV-003990,SKU-0240,Home Item 0240,Home,WH016,Mekong Warehouse 016,Mekong,166,19,1585.17,46,1,2026-05-24T00:00:00+07:00
INV-003991,SKU-0241,Grocery Item 0241,Grocery,WH016,Mekong Warehouse 016,Mekong,598,19,1406.09,43,1,2026-05-24T00:00:00+07:00
INV-003992,SKU-0242,Fashion Item 0242,Fashion,WH016,Mekong Warehouse 016,Mekong,305,73,2381.64,47,1,2026-05-24T00:00:00+07:00
INV-003993,SKU-0243,Industrial Item 0243,Industrial,WH016,Mekong Warehouse 016,Mekong,569,59,2018.17,44,1,2026-05-24T00:00:00+07:00
INV-003994,SKU-0244,Electronics Item 0244,Electronics,WH016,Mekong Warehouse 016,Mekong,558,52,1243.80,100,1,2026-05-24T00:00:00+07:00
INV-003995,SKU-0245,Home Item 0245,Home,WH016,Mekong Warehouse 016,Mekong,186,43,2194.54,91,1,2026-05-24T00:00:00+07:00
INV-003996,SKU-0246,Grocery Item 0246,Grocery,WH016,Mekong Warehouse 016,Mekong,243,9,710.63,53,1,2026-05-24T00:00:00+07:00
INV-003997,SKU-0247,Fashion Item 0247,Fashion,WH016,Mekong Warehouse 016,Mekong,463,58,1918.28,57,1,2026-05-24T00:00:00+07:00
INV-003998,SKU-0248,Industrial Item 0248,Industrial,WH016,Mekong Warehouse 016,Mekong,528,19,674.09,46,1,2026-05-24T00:00:00+07:00
INV-003999,SKU-0249,Electronics Item 0249,Electronics,WH016,Mekong Warehouse 016,Mekong,175,21,1175.86,71,1,2026-05-24T00:00:00+07:00
INV-004000,SKU-0250,Home Item 0250,Home,WH016,Mekong Warehouse 016,Mekong,304,71,2081.08,74,1,2026-05-24T00:00:00+07:00
INV-004001,SKU-0001,Fashion Item 0001,Fashion,WH017,Mekong Warehouse 017,Mekong,374,70,790.91,88,1,2026-05-24T00:00:00+07:00
INV-004002,SKU-0002,Industrial Item 0002,Industrial,WH017,Mekong Warehouse 017,Mekong,174,30,2460.76,106,1,2026-05-24T00:00:00+07:00
INV-004003,SKU-0003,Electronics Item 0003,Electronics,WH017,Mekong Warehouse 017,Mekong,598,11,1747.34,102,1,2026-05-24T00:00:00+07:00
INV-004004,SKU-0004,Home Item 0004,Home,WH017,Mekong Warehouse 017,Mekong,362,56,1349.93,85,1,2026-05-24T00:00:00+07:00
INV-004005,SKU-0005,Grocery Item 0005,Grocery,WH017,Mekong Warehouse 017,Mekong,205,9,1527.43,104,1,2026-05-24T00:00:00+07:00
INV-004006,SKU-0006,Fashion Item 0006,Fashion,WH017,Mekong Warehouse 017,Mekong,511,76,2135.23,114,1,2026-05-24T00:00:00+07:00
INV-004007,SKU-0007,Industrial Item 0007,Industrial,WH017,Mekong Warehouse 017,Mekong,382,59,866.20,27,1,2026-05-24T00:00:00+07:00
INV-004008,SKU-0008,Electronics Item 0008,Electronics,WH017,Mekong Warehouse 017,Mekong,764,43,2329.14,70,1,2026-05-24T00:00:00+07:00
INV-004009,SKU-0009,Home Item 0009,Home,WH017,Mekong Warehouse 017,Mekong,309,28,2139.18,34,1,2026-05-24T00:00:00+07:00
INV-004010,SKU-0010,Grocery Item 0010,Grocery,WH017,Mekong Warehouse 017,Mekong,189,35,1828.19,75,1,2026-05-24T00:00:00+07:00
INV-004011,SKU-0011,Fashion Item 0011,Fashion,WH017,Mekong Warehouse 017,Mekong,137,11,2091.24,26,1,2026-05-24T00:00:00+07:00
INV-004012,SKU-0012,Industrial Item 0012,Industrial,WH017,Mekong Warehouse 017,Mekong,121,17,170.10,37,1,2026-05-24T00:00:00+07:00
INV-004013,SKU-0013,Electronics Item 0013,Electronics,WH017,Mekong Warehouse 017,Mekong,483,38,95.90,77,1,2026-05-24T00:00:00+07:00
INV-004014,SKU-0014,Home Item 0014,Home,WH017,Mekong Warehouse 017,Mekong,357,3,1531.44,83,1,2026-05-24T00:00:00+07:00
INV-004015,SKU-0015,Grocery Item 0015,Grocery,WH017,Mekong Warehouse 017,Mekong,446,9,359.71,119,1,2026-05-24T00:00:00+07:00
INV-004016,SKU-0016,Fashion Item 0016,Fashion,WH017,Mekong Warehouse 017,Mekong,293,8,1834.37,76,1,2026-05-24T00:00:00+07:00
INV-004017,SKU-0017,Industrial Item 0017,Industrial,WH017,Mekong Warehouse 017,Mekong,397,63,2408.91,51,1,2026-05-24T00:00:00+07:00
INV-004018,SKU-0018,Electronics Item 0018,Electronics,WH017,Mekong Warehouse 017,Mekong,190,1,2113.28,47,1,2026-05-24T00:00:00+07:00
INV-004019,SKU-0019,Home Item 0019,Home,WH017,Mekong Warehouse 017,Mekong,291,49,674.05,67,1,2026-05-24T00:00:00+07:00
INV-004020,SKU-0020,Grocery Item 0020,Grocery,WH017,Mekong Warehouse 017,Mekong,343,18,411.12,104,1,2026-05-24T00:00:00+07:00
INV-004021,SKU-0021,Fashion Item 0021,Fashion,WH017,Mekong Warehouse 017,Mekong,412,0,108.12,115,1,2026-05-24T00:00:00+07:00
INV-004022,SKU-0022,Industrial Item 0022,Industrial,WH017,Mekong Warehouse 017,Mekong,419,69,639.49,91,1,2026-05-24T00:00:00+07:00
INV-004023,SKU-0023,Electronics Item 0023,Electronics,WH017,Mekong Warehouse 017,Mekong,439,80,932.12,111,1,2026-05-24T00:00:00+07:00
INV-004024,SKU-0024,Home Item 0024,Home,WH017,Mekong Warehouse 017,Mekong,283,60,1687.49,28,1,2026-05-24T00:00:00+07:00
INV-004025,SKU-0025,Grocery Item 0025,Grocery,WH017,Mekong Warehouse 017,Mekong,339,22,459.34,64,1,2026-05-24T00:00:00+07:00
INV-004026,SKU-0026,Fashion Item 0026,Fashion,WH017,Mekong Warehouse 017,Mekong,190,46,105.77,100,1,2026-05-24T00:00:00+07:00
INV-004027,SKU-0027,Industrial Item 0027,Industrial,WH017,Mekong Warehouse 017,Mekong,332,75,2384.68,34,1,2026-05-24T00:00:00+07:00
INV-004028,SKU-0028,Electronics Item 0028,Electronics,WH017,Mekong Warehouse 017,Mekong,218,29,956.07,89,1,2026-05-24T00:00:00+07:00
INV-004029,SKU-0029,Home Item 0029,Home,WH017,Mekong Warehouse 017,Mekong,323,61,1134.00,90,1,2026-05-24T00:00:00+07:00
INV-004030,SKU-0030,Grocery Item 0030,Grocery,WH017,Mekong Warehouse 017,Mekong,681,73,447.74,89,1,2026-05-24T00:00:00+07:00
INV-004031,SKU-0031,Fashion Item 0031,Fashion,WH017,Mekong Warehouse 017,Mekong,763,5,2262.33,36,1,2026-05-24T00:00:00+07:00
INV-004032,SKU-0032,Industrial Item 0032,Industrial,WH017,Mekong Warehouse 017,Mekong,732,55,1982.30,54,1,2026-05-24T00:00:00+07:00
INV-004033,SKU-0033,Electronics Item 0033,Electronics,WH017,Mekong Warehouse 017,Mekong,512,12,1777.75,33,1,2026-05-24T00:00:00+07:00
INV-004034,SKU-0034,Home Item 0034,Home,WH017,Mekong Warehouse 017,Mekong,475,14,561.48,95,1,2026-05-24T00:00:00+07:00
INV-004035,SKU-0035,Grocery Item 0035,Grocery,WH017,Mekong Warehouse 017,Mekong,351,32,1475.65,91,1,2026-05-24T00:00:00+07:00
INV-004036,SKU-0036,Fashion Item 0036,Fashion,WH017,Mekong Warehouse 017,Mekong,372,36,508.44,85,1,2026-05-24T00:00:00+07:00
INV-004037,SKU-0037,Industrial Item 0037,Industrial,WH017,Mekong Warehouse 017,Mekong,138,1,163.04,53,1,2026-05-24T00:00:00+07:00
INV-004038,SKU-0038,Electronics Item 0038,Electronics,WH017,Mekong Warehouse 017,Mekong,428,74,916.70,37,1,2026-05-24T00:00:00+07:00
INV-004039,SKU-0039,Home Item 0039,Home,WH017,Mekong Warehouse 017,Mekong,312,62,1384.39,56,1,2026-05-24T00:00:00+07:00
INV-004040,SKU-0040,Grocery Item 0040,Grocery,WH017,Mekong Warehouse 017,Mekong,286,67,1502.40,104,1,2026-05-24T00:00:00+07:00
INV-004041,SKU-0041,Fashion Item 0041,Fashion,WH017,Mekong Warehouse 017,Mekong,448,17,1980.44,29,1,2026-05-24T00:00:00+07:00
INV-004042,SKU-0042,Industrial Item 0042,Industrial,WH017,Mekong Warehouse 017,Mekong,742,58,721.24,42,1,2026-05-24T00:00:00+07:00
INV-004043,SKU-0043,Electronics Item 0043,Electronics,WH017,Mekong Warehouse 017,Mekong,284,36,2010.31,44,1,2026-05-24T00:00:00+07:00
INV-004044,SKU-0044,Home Item 0044,Home,WH017,Mekong Warehouse 017,Mekong,260,18,1114.82,51,1,2026-05-24T00:00:00+07:00
INV-004045,SKU-0045,Grocery Item 0045,Grocery,WH017,Mekong Warehouse 017,Mekong,615,46,736.98,68,1,2026-05-24T00:00:00+07:00
INV-004046,SKU-0046,Fashion Item 0046,Fashion,WH017,Mekong Warehouse 017,Mekong,182,25,2181.10,72,1,2026-05-24T00:00:00+07:00
INV-004047,SKU-0047,Industrial Item 0047,Industrial,WH017,Mekong Warehouse 017,Mekong,140,27,1462.46,74,1,2026-05-24T00:00:00+07:00
INV-004048,SKU-0048,Electronics Item 0048,Electronics,WH017,Mekong Warehouse 017,Mekong,574,35,602.61,97,1,2026-05-24T00:00:00+07:00
INV-004049,SKU-0049,Home Item 0049,Home,WH017,Mekong Warehouse 017,Mekong,572,38,2459.41,64,1,2026-05-24T00:00:00+07:00
INV-004050,SKU-0050,Grocery Item 0050,Grocery,WH017,Mekong Warehouse 017,Mekong,218,44,343.86,75,1,2026-05-24T00:00:00+07:00
INV-004051,SKU-0051,Fashion Item 0051,Fashion,WH017,Mekong Warehouse 017,Mekong,367,29,951.34,36,1,2026-05-24T00:00:00+07:00
INV-004052,SKU-0052,Industrial Item 0052,Industrial,WH017,Mekong Warehouse 017,Mekong,428,78,848.28,28,1,2026-05-24T00:00:00+07:00
INV-004053,SKU-0053,Electronics Item 0053,Electronics,WH017,Mekong Warehouse 017,Mekong,306,48,692.22,113,1,2026-05-24T00:00:00+07:00
INV-004054,SKU-0054,Home Item 0054,Home,WH017,Mekong Warehouse 017,Mekong,391,69,100.01,79,1,2026-05-24T00:00:00+07:00
INV-004055,SKU-0055,Grocery Item 0055,Grocery,WH017,Mekong Warehouse 017,Mekong,373,74,1874.00,99,1,2026-05-24T00:00:00+07:00
INV-004056,SKU-0056,Fashion Item 0056,Fashion,WH017,Mekong Warehouse 017,Mekong,651,61,489.41,92,1,2026-05-24T00:00:00+07:00
INV-004057,SKU-0057,Industrial Item 0057,Industrial,WH017,Mekong Warehouse 017,Mekong,565,27,1694.44,50,1,2026-05-24T00:00:00+07:00
INV-004058,SKU-0058,Electronics Item 0058,Electronics,WH017,Mekong Warehouse 017,Mekong,636,54,1191.17,44,1,2026-05-24T00:00:00+07:00
INV-004059,SKU-0059,Home Item 0059,Home,WH017,Mekong Warehouse 017,Mekong,149,31,655.82,105,1,2026-05-24T00:00:00+07:00
INV-004060,SKU-0060,Grocery Item 0060,Grocery,WH017,Mekong Warehouse 017,Mekong,242,11,1840.13,114,1,2026-05-24T00:00:00+07:00
INV-004061,SKU-0061,Fashion Item 0061,Fashion,WH017,Mekong Warehouse 017,Mekong,246,2,706.42,109,1,2026-05-24T00:00:00+07:00
INV-004062,SKU-0062,Industrial Item 0062,Industrial,WH017,Mekong Warehouse 017,Mekong,294,30,1768.47,48,1,2026-05-24T00:00:00+07:00
INV-004063,SKU-0063,Electronics Item 0063,Electronics,WH017,Mekong Warehouse 017,Mekong,464,39,2133.56,59,1,2026-05-24T00:00:00+07:00
INV-004064,SKU-0064,Home Item 0064,Home,WH017,Mekong Warehouse 017,Mekong,507,33,2110.37,73,1,2026-05-24T00:00:00+07:00
INV-004065,SKU-0065,Grocery Item 0065,Grocery,WH017,Mekong Warehouse 017,Mekong,111,2,1561.52,51,1,2026-05-24T00:00:00+07:00
INV-004066,SKU-0066,Fashion Item 0066,Fashion,WH017,Mekong Warehouse 017,Mekong,462,4,750.38,89,1,2026-05-24T00:00:00+07:00
INV-004067,SKU-0067,Industrial Item 0067,Industrial,WH017,Mekong Warehouse 017,Mekong,640,6,1692.34,48,1,2026-05-24T00:00:00+07:00
INV-004068,SKU-0068,Electronics Item 0068,Electronics,WH017,Mekong Warehouse 017,Mekong,303,62,1695.47,28,1,2026-05-24T00:00:00+07:00
INV-004069,SKU-0069,Home Item 0069,Home,WH017,Mekong Warehouse 017,Mekong,89,12,1618.11,67,1,2026-05-24T00:00:00+07:00
INV-004070,SKU-0070,Grocery Item 0070,Grocery,WH017,Mekong Warehouse 017,Mekong,339,67,1049.33,42,1,2026-05-24T00:00:00+07:00
INV-004071,SKU-0071,Fashion Item 0071,Fashion,WH017,Mekong Warehouse 017,Mekong,740,10,1107.59,40,1,2026-05-24T00:00:00+07:00
INV-004072,SKU-0072,Industrial Item 0072,Industrial,WH017,Mekong Warehouse 017,Mekong,383,49,737.61,110,1,2026-05-24T00:00:00+07:00
INV-004073,SKU-0073,Electronics Item 0073,Electronics,WH017,Mekong Warehouse 017,Mekong,355,39,190.50,89,1,2026-05-24T00:00:00+07:00
INV-004074,SKU-0074,Home Item 0074,Home,WH017,Mekong Warehouse 017,Mekong,579,41,1129.67,33,1,2026-05-24T00:00:00+07:00
INV-004075,SKU-0075,Grocery Item 0075,Grocery,WH017,Mekong Warehouse 017,Mekong,466,10,881.63,29,1,2026-05-24T00:00:00+07:00
INV-004076,SKU-0076,Fashion Item 0076,Fashion,WH017,Mekong Warehouse 017,Mekong,290,29,2366.85,71,1,2026-05-24T00:00:00+07:00
INV-004077,SKU-0077,Industrial Item 0077,Industrial,WH017,Mekong Warehouse 017,Mekong,375,10,971.56,27,1,2026-05-24T00:00:00+07:00
INV-004078,SKU-0078,Electronics Item 0078,Electronics,WH017,Mekong Warehouse 017,Mekong,454,35,2090.39,48,1,2026-05-24T00:00:00+07:00
INV-004079,SKU-0079,Home Item 0079,Home,WH017,Mekong Warehouse 017,Mekong,112,13,845.50,74,1,2026-05-24T00:00:00+07:00
INV-004080,SKU-0080,Grocery Item 0080,Grocery,WH017,Mekong Warehouse 017,Mekong,139,11,619.82,39,1,2026-05-24T00:00:00+07:00
INV-004081,SKU-0081,Fashion Item 0081,Fashion,WH017,Mekong Warehouse 017,Mekong,305,74,1957.93,120,1,2026-05-24T00:00:00+07:00
INV-004082,SKU-0082,Industrial Item 0082,Industrial,WH017,Mekong Warehouse 017,Mekong,569,62,2015.97,64,1,2026-05-24T00:00:00+07:00
INV-004083,SKU-0083,Electronics Item 0083,Electronics,WH017,Mekong Warehouse 017,Mekong,436,48,1379.78,95,1,2026-05-24T00:00:00+07:00
INV-004084,SKU-0084,Home Item 0084,Home,WH017,Mekong Warehouse 017,Mekong,220,37,2102.85,105,1,2026-05-24T00:00:00+07:00
INV-004085,SKU-0085,Grocery Item 0085,Grocery,WH017,Mekong Warehouse 017,Mekong,617,63,964.44,46,1,2026-05-24T00:00:00+07:00
INV-004086,SKU-0086,Fashion Item 0086,Fashion,WH017,Mekong Warehouse 017,Mekong,87,20,1574.28,28,1,2026-05-24T00:00:00+07:00
INV-004087,SKU-0087,Industrial Item 0087,Industrial,WH017,Mekong Warehouse 017,Mekong,363,2,322.22,103,1,2026-05-24T00:00:00+07:00
INV-004088,SKU-0088,Electronics Item 0088,Electronics,WH017,Mekong Warehouse 017,Mekong,426,69,235.94,85,1,2026-05-24T00:00:00+07:00
INV-004089,SKU-0089,Home Item 0089,Home,WH017,Mekong Warehouse 017,Mekong,758,1,1137.89,84,1,2026-05-24T00:00:00+07:00
INV-004090,SKU-0090,Grocery Item 0090,Grocery,WH017,Mekong Warehouse 017,Mekong,521,46,2214.95,88,1,2026-05-24T00:00:00+07:00
INV-004091,SKU-0091,Fashion Item 0091,Fashion,WH017,Mekong Warehouse 017,Mekong,107,3,1946.60,108,1,2026-05-24T00:00:00+07:00
INV-004092,SKU-0092,Industrial Item 0092,Industrial,WH017,Mekong Warehouse 017,Mekong,398,27,1120.74,92,1,2026-05-24T00:00:00+07:00
INV-004093,SKU-0093,Electronics Item 0093,Electronics,WH017,Mekong Warehouse 017,Mekong,239,3,1285.59,42,1,2026-05-24T00:00:00+07:00
INV-004094,SKU-0094,Home Item 0094,Home,WH017,Mekong Warehouse 017,Mekong,217,34,334.43,43,1,2026-05-24T00:00:00+07:00
INV-004095,SKU-0095,Grocery Item 0095,Grocery,WH017,Mekong Warehouse 017,Mekong,579,61,640.67,80,1,2026-05-24T00:00:00+07:00
INV-004096,SKU-0096,Fashion Item 0096,Fashion,WH017,Mekong Warehouse 017,Mekong,479,39,1549.28,49,1,2026-05-24T00:00:00+07:00
INV-004097,SKU-0097,Industrial Item 0097,Industrial,WH017,Mekong Warehouse 017,Mekong,157,31,369.88,120,1,2026-05-24T00:00:00+07:00
INV-004098,SKU-0098,Electronics Item 0098,Electronics,WH017,Mekong Warehouse 017,Mekong,419,2,1012.70,86,1,2026-05-24T00:00:00+07:00
INV-004099,SKU-0099,Home Item 0099,Home,WH017,Mekong Warehouse 017,Mekong,708,76,2207.75,26,1,2026-05-24T00:00:00+07:00
INV-004100,SKU-0100,Grocery Item 0100,Grocery,WH017,Mekong Warehouse 017,Mekong,342,62,1540.47,59,1,2026-05-24T00:00:00+07:00
INV-004101,SKU-0101,Fashion Item 0101,Fashion,WH017,Mekong Warehouse 017,Mekong,244,50,419.54,50,1,2026-05-24T00:00:00+07:00
INV-004102,SKU-0102,Industrial Item 0102,Industrial,WH017,Mekong Warehouse 017,Mekong,85,6,1348.97,79,1,2026-05-24T00:00:00+07:00
INV-004103,SKU-0103,Electronics Item 0103,Electronics,WH017,Mekong Warehouse 017,Mekong,777,27,195.66,46,1,2026-05-24T00:00:00+07:00
INV-004104,SKU-0104,Home Item 0104,Home,WH017,Mekong Warehouse 017,Mekong,562,48,771.23,26,1,2026-05-24T00:00:00+07:00
INV-004105,SKU-0105,Grocery Item 0105,Grocery,WH017,Mekong Warehouse 017,Mekong,163,1,482.76,58,1,2026-05-24T00:00:00+07:00
INV-004106,SKU-0106,Fashion Item 0106,Fashion,WH017,Mekong Warehouse 017,Mekong,195,27,1659.55,70,1,2026-05-24T00:00:00+07:00
INV-004107,SKU-0107,Industrial Item 0107,Industrial,WH017,Mekong Warehouse 017,Mekong,783,30,593.14,95,1,2026-05-24T00:00:00+07:00
INV-004108,SKU-0108,Electronics Item 0108,Electronics,WH017,Mekong Warehouse 017,Mekong,744,22,1612.32,72,1,2026-05-24T00:00:00+07:00
INV-004109,SKU-0109,Home Item 0109,Home,WH017,Mekong Warehouse 017,Mekong,644,61,98.56,85,1,2026-05-24T00:00:00+07:00
INV-004110,SKU-0110,Grocery Item 0110,Grocery,WH017,Mekong Warehouse 017,Mekong,198,38,1854.22,31,1,2026-05-24T00:00:00+07:00
INV-004111,SKU-0111,Fashion Item 0111,Fashion,WH017,Mekong Warehouse 017,Mekong,422,20,2145.58,112,1,2026-05-24T00:00:00+07:00
INV-004112,SKU-0112,Industrial Item 0112,Industrial,WH017,Mekong Warehouse 017,Mekong,348,63,1976.88,57,1,2026-05-24T00:00:00+07:00
INV-004113,SKU-0113,Electronics Item 0113,Electronics,WH017,Mekong Warehouse 017,Mekong,154,10,249.15,83,1,2026-05-24T00:00:00+07:00
INV-004114,SKU-0114,Home Item 0114,Home,WH017,Mekong Warehouse 017,Mekong,219,8,803.20,89,1,2026-05-24T00:00:00+07:00
INV-004115,SKU-0115,Grocery Item 0115,Grocery,WH017,Mekong Warehouse 017,Mekong,201,40,528.30,58,1,2026-05-24T00:00:00+07:00
INV-004116,SKU-0116,Fashion Item 0116,Fashion,WH017,Mekong Warehouse 017,Mekong,241,25,1487.21,84,1,2026-05-24T00:00:00+07:00
INV-004117,SKU-0117,Industrial Item 0117,Industrial,WH017,Mekong Warehouse 017,Mekong,534,26,752.07,97,1,2026-05-24T00:00:00+07:00
INV-004118,SKU-0118,Electronics Item 0118,Electronics,WH017,Mekong Warehouse 017,Mekong,652,71,854.79,47,1,2026-05-24T00:00:00+07:00
INV-004119,SKU-0119,Home Item 0119,Home,WH017,Mekong Warehouse 017,Mekong,769,3,1150.32,61,1,2026-05-24T00:00:00+07:00
INV-004120,SKU-0120,Grocery Item 0120,Grocery,WH017,Mekong Warehouse 017,Mekong,579,62,1885.44,104,1,2026-05-24T00:00:00+07:00
INV-004121,SKU-0121,Fashion Item 0121,Fashion,WH017,Mekong Warehouse 017,Mekong,688,80,1941.69,50,1,2026-05-24T00:00:00+07:00
INV-004122,SKU-0122,Industrial Item 0122,Industrial,WH017,Mekong Warehouse 017,Mekong,683,36,1015.39,77,1,2026-05-24T00:00:00+07:00
INV-004123,SKU-0123,Electronics Item 0123,Electronics,WH017,Mekong Warehouse 017,Mekong,675,22,440.52,35,1,2026-05-24T00:00:00+07:00
INV-004124,SKU-0124,Home Item 0124,Home,WH017,Mekong Warehouse 017,Mekong,584,7,367.61,47,1,2026-05-24T00:00:00+07:00
INV-004125,SKU-0125,Grocery Item 0125,Grocery,WH017,Mekong Warehouse 017,Mekong,226,53,1307.86,87,1,2026-05-24T00:00:00+07:00
INV-004126,SKU-0126,Fashion Item 0126,Fashion,WH017,Mekong Warehouse 017,Mekong,424,22,144.62,34,1,2026-05-24T00:00:00+07:00
INV-004127,SKU-0127,Industrial Item 0127,Industrial,WH017,Mekong Warehouse 017,Mekong,530,52,1764.14,57,1,2026-05-24T00:00:00+07:00
INV-004128,SKU-0128,Electronics Item 0128,Electronics,WH017,Mekong Warehouse 017,Mekong,683,43,1556.49,84,1,2026-05-24T00:00:00+07:00
INV-004129,SKU-0129,Home Item 0129,Home,WH017,Mekong Warehouse 017,Mekong,709,53,1308.05,58,1,2026-05-24T00:00:00+07:00
INV-004130,SKU-0130,Grocery Item 0130,Grocery,WH017,Mekong Warehouse 017,Mekong,583,51,386.81,67,1,2026-05-24T00:00:00+07:00
INV-004131,SKU-0131,Fashion Item 0131,Fashion,WH017,Mekong Warehouse 017,Mekong,753,77,1748.71,118,1,2026-05-24T00:00:00+07:00
INV-004132,SKU-0132,Industrial Item 0132,Industrial,WH017,Mekong Warehouse 017,Mekong,104,14,814.86,66,1,2026-05-24T00:00:00+07:00
INV-004133,SKU-0133,Electronics Item 0133,Electronics,WH017,Mekong Warehouse 017,Mekong,567,28,731.85,64,1,2026-05-24T00:00:00+07:00
INV-004134,SKU-0134,Home Item 0134,Home,WH017,Mekong Warehouse 017,Mekong,530,0,6.27,119,1,2026-05-24T00:00:00+07:00
INV-004135,SKU-0135,Grocery Item 0135,Grocery,WH017,Mekong Warehouse 017,Mekong,376,24,375.89,75,1,2026-05-24T00:00:00+07:00
INV-004136,SKU-0136,Fashion Item 0136,Fashion,WH017,Mekong Warehouse 017,Mekong,202,18,2310.20,41,1,2026-05-24T00:00:00+07:00
INV-004137,SKU-0137,Industrial Item 0137,Industrial,WH017,Mekong Warehouse 017,Mekong,415,9,2353.60,66,1,2026-05-24T00:00:00+07:00
INV-004138,SKU-0138,Electronics Item 0138,Electronics,WH017,Mekong Warehouse 017,Mekong,785,43,2240.52,32,1,2026-05-24T00:00:00+07:00
INV-004139,SKU-0139,Home Item 0139,Home,WH017,Mekong Warehouse 017,Mekong,195,35,223.44,84,1,2026-05-24T00:00:00+07:00
INV-004140,SKU-0140,Grocery Item 0140,Grocery,WH017,Mekong Warehouse 017,Mekong,755,30,1289.74,60,1,2026-05-24T00:00:00+07:00
INV-004141,SKU-0141,Fashion Item 0141,Fashion,WH017,Mekong Warehouse 017,Mekong,729,23,1508.27,78,1,2026-05-24T00:00:00+07:00
INV-004142,SKU-0142,Industrial Item 0142,Industrial,WH017,Mekong Warehouse 017,Mekong,662,76,234.93,105,1,2026-05-24T00:00:00+07:00
INV-004143,SKU-0143,Electronics Item 0143,Electronics,WH017,Mekong Warehouse 017,Mekong,293,36,1437.57,90,1,2026-05-24T00:00:00+07:00
INV-004144,SKU-0144,Home Item 0144,Home,WH017,Mekong Warehouse 017,Mekong,660,64,124.42,36,1,2026-05-24T00:00:00+07:00
INV-004145,SKU-0145,Grocery Item 0145,Grocery,WH017,Mekong Warehouse 017,Mekong,668,73,679.39,115,1,2026-05-24T00:00:00+07:00
INV-004146,SKU-0146,Fashion Item 0146,Fashion,WH017,Mekong Warehouse 017,Mekong,382,63,77.44,71,1,2026-05-24T00:00:00+07:00
INV-004147,SKU-0147,Industrial Item 0147,Industrial,WH017,Mekong Warehouse 017,Mekong,289,16,2040.05,48,1,2026-05-24T00:00:00+07:00
INV-004148,SKU-0148,Electronics Item 0148,Electronics,WH017,Mekong Warehouse 017,Mekong,384,7,850.07,87,1,2026-05-24T00:00:00+07:00
INV-004149,SKU-0149,Home Item 0149,Home,WH017,Mekong Warehouse 017,Mekong,649,72,1287.54,88,1,2026-05-24T00:00:00+07:00
INV-004150,SKU-0150,Grocery Item 0150,Grocery,WH017,Mekong Warehouse 017,Mekong,182,15,941.82,94,1,2026-05-24T00:00:00+07:00
INV-004151,SKU-0151,Fashion Item 0151,Fashion,WH017,Mekong Warehouse 017,Mekong,416,51,2397.51,80,1,2026-05-24T00:00:00+07:00
INV-004152,SKU-0152,Industrial Item 0152,Industrial,WH017,Mekong Warehouse 017,Mekong,397,4,611.64,99,1,2026-05-24T00:00:00+07:00
INV-004153,SKU-0153,Electronics Item 0153,Electronics,WH017,Mekong Warehouse 017,Mekong,623,2,890.25,90,1,2026-05-24T00:00:00+07:00
INV-004154,SKU-0154,Home Item 0154,Home,WH017,Mekong Warehouse 017,Mekong,361,36,1006.95,114,1,2026-05-24T00:00:00+07:00
INV-004155,SKU-0155,Grocery Item 0155,Grocery,WH017,Mekong Warehouse 017,Mekong,394,66,2278.20,28,1,2026-05-24T00:00:00+07:00
INV-004156,SKU-0156,Fashion Item 0156,Fashion,WH017,Mekong Warehouse 017,Mekong,461,75,2316.31,39,1,2026-05-24T00:00:00+07:00
INV-004157,SKU-0157,Industrial Item 0157,Industrial,WH017,Mekong Warehouse 017,Mekong,514,19,2205.81,95,1,2026-05-24T00:00:00+07:00
INV-004158,SKU-0158,Electronics Item 0158,Electronics,WH017,Mekong Warehouse 017,Mekong,773,23,1337.55,33,1,2026-05-24T00:00:00+07:00
INV-004159,SKU-0159,Home Item 0159,Home,WH017,Mekong Warehouse 017,Mekong,101,12,2197.03,94,1,2026-05-24T00:00:00+07:00
INV-004160,SKU-0160,Grocery Item 0160,Grocery,WH017,Mekong Warehouse 017,Mekong,369,60,1112.77,45,1,2026-05-24T00:00:00+07:00
INV-004161,SKU-0161,Fashion Item 0161,Fashion,WH017,Mekong Warehouse 017,Mekong,507,44,304.22,56,1,2026-05-24T00:00:00+07:00
INV-004162,SKU-0162,Industrial Item 0162,Industrial,WH017,Mekong Warehouse 017,Mekong,224,26,580.26,76,1,2026-05-24T00:00:00+07:00
INV-004163,SKU-0163,Electronics Item 0163,Electronics,WH017,Mekong Warehouse 017,Mekong,193,8,205.16,98,1,2026-05-24T00:00:00+07:00
INV-004164,SKU-0164,Home Item 0164,Home,WH017,Mekong Warehouse 017,Mekong,508,16,616.96,114,1,2026-05-24T00:00:00+07:00
INV-004165,SKU-0165,Grocery Item 0165,Grocery,WH017,Mekong Warehouse 017,Mekong,765,44,1288.50,29,1,2026-05-24T00:00:00+07:00
INV-004166,SKU-0166,Fashion Item 0166,Fashion,WH017,Mekong Warehouse 017,Mekong,498,28,1913.00,74,1,2026-05-24T00:00:00+07:00
INV-004167,SKU-0167,Industrial Item 0167,Industrial,WH017,Mekong Warehouse 017,Mekong,491,79,2187.83,33,1,2026-05-24T00:00:00+07:00
INV-004168,SKU-0168,Electronics Item 0168,Electronics,WH017,Mekong Warehouse 017,Mekong,115,16,1725.62,97,1,2026-05-24T00:00:00+07:00
INV-004169,SKU-0169,Home Item 0169,Home,WH017,Mekong Warehouse 017,Mekong,571,39,1258.51,64,1,2026-05-24T00:00:00+07:00
INV-004170,SKU-0170,Grocery Item 0170,Grocery,WH017,Mekong Warehouse 017,Mekong,132,23,512.62,85,1,2026-05-24T00:00:00+07:00
INV-004171,SKU-0171,Fashion Item 0171,Fashion,WH017,Mekong Warehouse 017,Mekong,800,55,1521.91,78,1,2026-05-24T00:00:00+07:00
INV-004172,SKU-0172,Industrial Item 0172,Industrial,WH017,Mekong Warehouse 017,Mekong,414,11,405.95,105,1,2026-05-24T00:00:00+07:00
INV-004173,SKU-0173,Electronics Item 0173,Electronics,WH017,Mekong Warehouse 017,Mekong,339,38,1534.04,78,1,2026-05-24T00:00:00+07:00
INV-004174,SKU-0174,Home Item 0174,Home,WH017,Mekong Warehouse 017,Mekong,174,28,1817.42,104,1,2026-05-24T00:00:00+07:00
INV-004175,SKU-0175,Grocery Item 0175,Grocery,WH017,Mekong Warehouse 017,Mekong,171,29,849.97,82,1,2026-05-24T00:00:00+07:00
INV-004176,SKU-0176,Fashion Item 0176,Fashion,WH017,Mekong Warehouse 017,Mekong,86,11,1326.41,63,1,2026-05-24T00:00:00+07:00
INV-004177,SKU-0177,Industrial Item 0177,Industrial,WH017,Mekong Warehouse 017,Mekong,676,57,1012.07,67,1,2026-05-24T00:00:00+07:00
INV-004178,SKU-0178,Electronics Item 0178,Electronics,WH017,Mekong Warehouse 017,Mekong,670,76,910.45,115,1,2026-05-24T00:00:00+07:00
INV-004179,SKU-0179,Home Item 0179,Home,WH017,Mekong Warehouse 017,Mekong,274,53,1551.04,29,1,2026-05-24T00:00:00+07:00
INV-004180,SKU-0180,Grocery Item 0180,Grocery,WH017,Mekong Warehouse 017,Mekong,625,72,2478.29,90,1,2026-05-24T00:00:00+07:00
INV-004181,SKU-0181,Fashion Item 0181,Fashion,WH017,Mekong Warehouse 017,Mekong,559,13,1293.21,88,1,2026-05-24T00:00:00+07:00
INV-004182,SKU-0182,Industrial Item 0182,Industrial,WH017,Mekong Warehouse 017,Mekong,559,73,145.70,86,1,2026-05-24T00:00:00+07:00
INV-004183,SKU-0183,Electronics Item 0183,Electronics,WH017,Mekong Warehouse 017,Mekong,657,36,291.20,63,1,2026-05-24T00:00:00+07:00
INV-004184,SKU-0184,Home Item 0184,Home,WH017,Mekong Warehouse 017,Mekong,258,27,308.65,118,1,2026-05-24T00:00:00+07:00
INV-004185,SKU-0185,Grocery Item 0185,Grocery,WH017,Mekong Warehouse 017,Mekong,418,21,75.80,57,1,2026-05-24T00:00:00+07:00
INV-004186,SKU-0186,Fashion Item 0186,Fashion,WH017,Mekong Warehouse 017,Mekong,465,80,362.44,106,1,2026-05-24T00:00:00+07:00
INV-004187,SKU-0187,Industrial Item 0187,Industrial,WH017,Mekong Warehouse 017,Mekong,163,14,153.72,53,1,2026-05-24T00:00:00+07:00
INV-004188,SKU-0188,Electronics Item 0188,Electronics,WH017,Mekong Warehouse 017,Mekong,341,79,1054.08,38,1,2026-05-24T00:00:00+07:00
INV-004189,SKU-0189,Home Item 0189,Home,WH017,Mekong Warehouse 017,Mekong,317,62,2450.84,116,1,2026-05-24T00:00:00+07:00
INV-004190,SKU-0190,Grocery Item 0190,Grocery,WH017,Mekong Warehouse 017,Mekong,405,38,459.17,44,1,2026-05-24T00:00:00+07:00
INV-004191,SKU-0191,Fashion Item 0191,Fashion,WH017,Mekong Warehouse 017,Mekong,247,14,1621.85,112,1,2026-05-24T00:00:00+07:00
INV-004192,SKU-0192,Industrial Item 0192,Industrial,WH017,Mekong Warehouse 017,Mekong,451,16,1461.01,57,1,2026-05-24T00:00:00+07:00
INV-004193,SKU-0193,Electronics Item 0193,Electronics,WH017,Mekong Warehouse 017,Mekong,680,41,1736.39,56,1,2026-05-24T00:00:00+07:00
INV-004194,SKU-0194,Home Item 0194,Home,WH017,Mekong Warehouse 017,Mekong,147,20,2371.44,69,1,2026-05-24T00:00:00+07:00
INV-004195,SKU-0195,Grocery Item 0195,Grocery,WH017,Mekong Warehouse 017,Mekong,763,19,543.74,71,1,2026-05-24T00:00:00+07:00
INV-004196,SKU-0196,Fashion Item 0196,Fashion,WH017,Mekong Warehouse 017,Mekong,588,32,549.68,39,1,2026-05-24T00:00:00+07:00
INV-004197,SKU-0197,Industrial Item 0197,Industrial,WH017,Mekong Warehouse 017,Mekong,649,29,2481.60,82,1,2026-05-24T00:00:00+07:00
INV-004198,SKU-0198,Electronics Item 0198,Electronics,WH017,Mekong Warehouse 017,Mekong,365,8,190.39,44,1,2026-05-24T00:00:00+07:00
INV-004199,SKU-0199,Home Item 0199,Home,WH017,Mekong Warehouse 017,Mekong,548,7,596.85,28,1,2026-05-24T00:00:00+07:00
INV-004200,SKU-0200,Grocery Item 0200,Grocery,WH017,Mekong Warehouse 017,Mekong,247,0,201.99,49,1,2026-05-24T00:00:00+07:00
INV-004201,SKU-0201,Fashion Item 0201,Fashion,WH017,Mekong Warehouse 017,Mekong,264,36,1523.27,105,1,2026-05-24T00:00:00+07:00
INV-004202,SKU-0202,Industrial Item 0202,Industrial,WH017,Mekong Warehouse 017,Mekong,785,47,1310.95,116,1,2026-05-24T00:00:00+07:00
INV-004203,SKU-0203,Electronics Item 0203,Electronics,WH017,Mekong Warehouse 017,Mekong,725,10,759.45,114,1,2026-05-24T00:00:00+07:00
INV-004204,SKU-0204,Home Item 0204,Home,WH017,Mekong Warehouse 017,Mekong,754,12,1306.74,93,1,2026-05-24T00:00:00+07:00
INV-004205,SKU-0205,Grocery Item 0205,Grocery,WH017,Mekong Warehouse 017,Mekong,403,79,198.87,79,1,2026-05-24T00:00:00+07:00
INV-004206,SKU-0206,Fashion Item 0206,Fashion,WH017,Mekong Warehouse 017,Mekong,157,19,273.32,101,1,2026-05-24T00:00:00+07:00
INV-004207,SKU-0207,Industrial Item 0207,Industrial,WH017,Mekong Warehouse 017,Mekong,759,47,2049.17,119,1,2026-05-24T00:00:00+07:00
INV-004208,SKU-0208,Electronics Item 0208,Electronics,WH017,Mekong Warehouse 017,Mekong,772,1,1828.98,58,1,2026-05-24T00:00:00+07:00
INV-004209,SKU-0209,Home Item 0209,Home,WH017,Mekong Warehouse 017,Mekong,601,20,1798.16,94,1,2026-05-24T00:00:00+07:00
INV-004210,SKU-0210,Grocery Item 0210,Grocery,WH017,Mekong Warehouse 017,Mekong,484,29,1846.39,80,1,2026-05-24T00:00:00+07:00
INV-004211,SKU-0211,Fashion Item 0211,Fashion,WH017,Mekong Warehouse 017,Mekong,377,6,1800.80,103,1,2026-05-24T00:00:00+07:00
INV-004212,SKU-0212,Industrial Item 0212,Industrial,WH017,Mekong Warehouse 017,Mekong,620,59,1915.84,93,1,2026-05-24T00:00:00+07:00
INV-004213,SKU-0213,Electronics Item 0213,Electronics,WH017,Mekong Warehouse 017,Mekong,126,29,940.74,70,1,2026-05-24T00:00:00+07:00
INV-004214,SKU-0214,Home Item 0214,Home,WH017,Mekong Warehouse 017,Mekong,733,45,1304.71,81,1,2026-05-24T00:00:00+07:00
INV-004215,SKU-0215,Grocery Item 0215,Grocery,WH017,Mekong Warehouse 017,Mekong,736,8,2088.34,50,1,2026-05-24T00:00:00+07:00
INV-004216,SKU-0216,Fashion Item 0216,Fashion,WH017,Mekong Warehouse 017,Mekong,391,18,2488.04,78,1,2026-05-24T00:00:00+07:00
INV-004217,SKU-0217,Industrial Item 0217,Industrial,WH017,Mekong Warehouse 017,Mekong,129,32,1274.87,120,1,2026-05-24T00:00:00+07:00
INV-004218,SKU-0218,Electronics Item 0218,Electronics,WH017,Mekong Warehouse 017,Mekong,693,63,266.23,82,1,2026-05-24T00:00:00+07:00
INV-004219,SKU-0219,Home Item 0219,Home,WH017,Mekong Warehouse 017,Mekong,108,8,2489.55,59,1,2026-05-24T00:00:00+07:00
INV-004220,SKU-0220,Grocery Item 0220,Grocery,WH017,Mekong Warehouse 017,Mekong,293,59,2393.38,26,1,2026-05-24T00:00:00+07:00
INV-004221,SKU-0221,Fashion Item 0221,Fashion,WH017,Mekong Warehouse 017,Mekong,298,1,2430.17,82,1,2026-05-24T00:00:00+07:00
INV-004222,SKU-0222,Industrial Item 0222,Industrial,WH017,Mekong Warehouse 017,Mekong,555,6,33.16,109,1,2026-05-24T00:00:00+07:00
INV-004223,SKU-0223,Electronics Item 0223,Electronics,WH017,Mekong Warehouse 017,Mekong,608,47,1804.88,109,1,2026-05-24T00:00:00+07:00
INV-004224,SKU-0224,Home Item 0224,Home,WH017,Mekong Warehouse 017,Mekong,607,71,833.64,107,1,2026-05-24T00:00:00+07:00
INV-004225,SKU-0225,Grocery Item 0225,Grocery,WH017,Mekong Warehouse 017,Mekong,358,4,777.80,66,1,2026-05-24T00:00:00+07:00
INV-004226,SKU-0226,Fashion Item 0226,Fashion,WH017,Mekong Warehouse 017,Mekong,540,80,1426.93,76,1,2026-05-24T00:00:00+07:00
INV-004227,SKU-0227,Industrial Item 0227,Industrial,WH017,Mekong Warehouse 017,Mekong,566,37,495.40,120,1,2026-05-24T00:00:00+07:00
INV-004228,SKU-0228,Electronics Item 0228,Electronics,WH017,Mekong Warehouse 017,Mekong,95,6,1908.66,27,1,2026-05-24T00:00:00+07:00
INV-004229,SKU-0229,Home Item 0229,Home,WH017,Mekong Warehouse 017,Mekong,324,32,793.12,94,1,2026-05-24T00:00:00+07:00
INV-004230,SKU-0230,Grocery Item 0230,Grocery,WH017,Mekong Warehouse 017,Mekong,440,26,612.16,101,1,2026-05-24T00:00:00+07:00
INV-004231,SKU-0231,Fashion Item 0231,Fashion,WH017,Mekong Warehouse 017,Mekong,497,80,155.68,99,1,2026-05-24T00:00:00+07:00
INV-004232,SKU-0232,Industrial Item 0232,Industrial,WH017,Mekong Warehouse 017,Mekong,634,63,1496.50,57,1,2026-05-24T00:00:00+07:00
INV-004233,SKU-0233,Electronics Item 0233,Electronics,WH017,Mekong Warehouse 017,Mekong,137,33,1581.17,75,1,2026-05-24T00:00:00+07:00
INV-004234,SKU-0234,Home Item 0234,Home,WH017,Mekong Warehouse 017,Mekong,585,28,2464.68,117,1,2026-05-24T00:00:00+07:00
INV-004235,SKU-0235,Grocery Item 0235,Grocery,WH017,Mekong Warehouse 017,Mekong,511,55,643.14,71,1,2026-05-24T00:00:00+07:00
INV-004236,SKU-0236,Fashion Item 0236,Fashion,WH017,Mekong Warehouse 017,Mekong,238,23,43.30,36,1,2026-05-24T00:00:00+07:00
INV-004237,SKU-0237,Industrial Item 0237,Industrial,WH017,Mekong Warehouse 017,Mekong,457,19,2210.62,37,1,2026-05-24T00:00:00+07:00
INV-004238,SKU-0238,Electronics Item 0238,Electronics,WH017,Mekong Warehouse 017,Mekong,796,79,1713.45,52,1,2026-05-24T00:00:00+07:00
INV-004239,SKU-0239,Home Item 0239,Home,WH017,Mekong Warehouse 017,Mekong,638,76,1845.72,54,1,2026-05-24T00:00:00+07:00
INV-004240,SKU-0240,Grocery Item 0240,Grocery,WH017,Mekong Warehouse 017,Mekong,305,45,1093.53,40,1,2026-05-24T00:00:00+07:00
INV-004241,SKU-0241,Fashion Item 0241,Fashion,WH017,Mekong Warehouse 017,Mekong,721,27,252.65,97,1,2026-05-24T00:00:00+07:00
INV-004242,SKU-0242,Industrial Item 0242,Industrial,WH017,Mekong Warehouse 017,Mekong,528,27,2303.36,58,1,2026-05-24T00:00:00+07:00
INV-004243,SKU-0243,Electronics Item 0243,Electronics,WH017,Mekong Warehouse 017,Mekong,307,44,2045.26,108,1,2026-05-24T00:00:00+07:00
INV-004244,SKU-0244,Home Item 0244,Home,WH017,Mekong Warehouse 017,Mekong,730,46,1467.54,60,1,2026-05-24T00:00:00+07:00
INV-004245,SKU-0245,Grocery Item 0245,Grocery,WH017,Mekong Warehouse 017,Mekong,177,8,1080.72,62,1,2026-05-24T00:00:00+07:00
INV-004246,SKU-0246,Fashion Item 0246,Fashion,WH017,Mekong Warehouse 017,Mekong,101,4,1912.21,26,1,2026-05-24T00:00:00+07:00
INV-004247,SKU-0247,Industrial Item 0247,Industrial,WH017,Mekong Warehouse 017,Mekong,190,38,241.05,103,1,2026-05-24T00:00:00+07:00
INV-004248,SKU-0248,Electronics Item 0248,Electronics,WH017,Mekong Warehouse 017,Mekong,617,67,1569.93,87,1,2026-05-24T00:00:00+07:00
INV-004249,SKU-0249,Home Item 0249,Home,WH017,Mekong Warehouse 017,Mekong,340,51,1805.96,63,1,2026-05-24T00:00:00+07:00
INV-004250,SKU-0250,Grocery Item 0250,Grocery,WH017,Mekong Warehouse 017,Mekong,593,4,62.94,46,1,2026-05-24T00:00:00+07:00
INV-004251,SKU-0001,Industrial Item 0001,Industrial,WH018,Mekong Warehouse 018,Mekong,421,14,495.35,76,1,2026-05-24T00:00:00+07:00
INV-004252,SKU-0002,Electronics Item 0002,Electronics,WH018,Mekong Warehouse 018,Mekong,676,39,2230.74,30,1,2026-05-24T00:00:00+07:00
INV-004253,SKU-0003,Home Item 0003,Home,WH018,Mekong Warehouse 018,Mekong,300,35,1954.79,79,1,2026-05-24T00:00:00+07:00
INV-004254,SKU-0004,Grocery Item 0004,Grocery,WH018,Mekong Warehouse 018,Mekong,717,70,2321.86,34,1,2026-05-24T00:00:00+07:00
INV-004255,SKU-0005,Fashion Item 0005,Fashion,WH018,Mekong Warehouse 018,Mekong,521,76,1210.93,50,1,2026-05-24T00:00:00+07:00
INV-004256,SKU-0006,Industrial Item 0006,Industrial,WH018,Mekong Warehouse 018,Mekong,678,53,486.79,40,1,2026-05-24T00:00:00+07:00
INV-004257,SKU-0007,Electronics Item 0007,Electronics,WH018,Mekong Warehouse 018,Mekong,572,50,179.09,77,1,2026-05-24T00:00:00+07:00
INV-004258,SKU-0008,Home Item 0008,Home,WH018,Mekong Warehouse 018,Mekong,615,37,735.75,108,1,2026-05-24T00:00:00+07:00
INV-004259,SKU-0009,Grocery Item 0009,Grocery,WH018,Mekong Warehouse 018,Mekong,509,18,1619.08,89,1,2026-05-24T00:00:00+07:00
INV-004260,SKU-0010,Fashion Item 0010,Fashion,WH018,Mekong Warehouse 018,Mekong,662,43,902.52,78,1,2026-05-24T00:00:00+07:00
INV-004261,SKU-0011,Industrial Item 0011,Industrial,WH018,Mekong Warehouse 018,Mekong,753,8,604.51,66,1,2026-05-24T00:00:00+07:00
INV-004262,SKU-0012,Electronics Item 0012,Electronics,WH018,Mekong Warehouse 018,Mekong,320,43,1939.12,65,1,2026-05-24T00:00:00+07:00
INV-004263,SKU-0013,Home Item 0013,Home,WH018,Mekong Warehouse 018,Mekong,567,7,674.41,49,1,2026-05-24T00:00:00+07:00
INV-004264,SKU-0014,Grocery Item 0014,Grocery,WH018,Mekong Warehouse 018,Mekong,94,7,753.01,33,1,2026-05-24T00:00:00+07:00
INV-004265,SKU-0015,Fashion Item 0015,Fashion,WH018,Mekong Warehouse 018,Mekong,257,58,1990.35,32,1,2026-05-24T00:00:00+07:00
INV-004266,SKU-0016,Industrial Item 0016,Industrial,WH018,Mekong Warehouse 018,Mekong,614,68,694.94,39,1,2026-05-24T00:00:00+07:00
INV-004267,SKU-0017,Electronics Item 0017,Electronics,WH018,Mekong Warehouse 018,Mekong,266,52,1671.53,40,1,2026-05-24T00:00:00+07:00
INV-004268,SKU-0018,Home Item 0018,Home,WH018,Mekong Warehouse 018,Mekong,773,67,54.24,66,1,2026-05-24T00:00:00+07:00
INV-004269,SKU-0019,Grocery Item 0019,Grocery,WH018,Mekong Warehouse 018,Mekong,211,41,405.16,85,1,2026-05-24T00:00:00+07:00
INV-004270,SKU-0020,Fashion Item 0020,Fashion,WH018,Mekong Warehouse 018,Mekong,653,9,1745.03,61,1,2026-05-24T00:00:00+07:00
INV-004271,SKU-0021,Industrial Item 0021,Industrial,WH018,Mekong Warehouse 018,Mekong,414,0,557.73,34,1,2026-05-24T00:00:00+07:00
INV-004272,SKU-0022,Electronics Item 0022,Electronics,WH018,Mekong Warehouse 018,Mekong,409,75,1236.25,63,1,2026-05-24T00:00:00+07:00
INV-004273,SKU-0023,Home Item 0023,Home,WH018,Mekong Warehouse 018,Mekong,723,69,1557.57,101,1,2026-05-24T00:00:00+07:00
INV-004274,SKU-0024,Grocery Item 0024,Grocery,WH018,Mekong Warehouse 018,Mekong,577,17,2371.31,26,1,2026-05-24T00:00:00+07:00
INV-004275,SKU-0025,Fashion Item 0025,Fashion,WH018,Mekong Warehouse 018,Mekong,284,56,1228.92,41,1,2026-05-24T00:00:00+07:00
INV-004276,SKU-0026,Industrial Item 0026,Industrial,WH018,Mekong Warehouse 018,Mekong,263,38,1926.24,80,1,2026-05-24T00:00:00+07:00
INV-004277,SKU-0027,Electronics Item 0027,Electronics,WH018,Mekong Warehouse 018,Mekong,181,37,1031.60,103,1,2026-05-24T00:00:00+07:00
INV-004278,SKU-0028,Home Item 0028,Home,WH018,Mekong Warehouse 018,Mekong,754,75,950.96,25,1,2026-05-24T00:00:00+07:00
INV-004279,SKU-0029,Grocery Item 0029,Grocery,WH018,Mekong Warehouse 018,Mekong,461,33,2430.04,56,1,2026-05-24T00:00:00+07:00
INV-004280,SKU-0030,Fashion Item 0030,Fashion,WH018,Mekong Warehouse 018,Mekong,366,4,1923.56,117,1,2026-05-24T00:00:00+07:00
INV-004281,SKU-0031,Industrial Item 0031,Industrial,WH018,Mekong Warehouse 018,Mekong,447,69,1577.05,119,1,2026-05-24T00:00:00+07:00
INV-004282,SKU-0032,Electronics Item 0032,Electronics,WH018,Mekong Warehouse 018,Mekong,789,42,2137.17,45,1,2026-05-24T00:00:00+07:00
INV-004283,SKU-0033,Home Item 0033,Home,WH018,Mekong Warehouse 018,Mekong,428,59,1249.25,27,1,2026-05-24T00:00:00+07:00
INV-004284,SKU-0034,Grocery Item 0034,Grocery,WH018,Mekong Warehouse 018,Mekong,461,26,1024.63,51,1,2026-05-24T00:00:00+07:00
INV-004285,SKU-0035,Fashion Item 0035,Fashion,WH018,Mekong Warehouse 018,Mekong,708,75,1963.69,77,1,2026-05-24T00:00:00+07:00
INV-004286,SKU-0036,Industrial Item 0036,Industrial,WH018,Mekong Warehouse 018,Mekong,644,63,1505.94,60,1,2026-05-24T00:00:00+07:00
INV-004287,SKU-0037,Electronics Item 0037,Electronics,WH018,Mekong Warehouse 018,Mekong,706,71,897.06,109,1,2026-05-24T00:00:00+07:00
INV-004288,SKU-0038,Home Item 0038,Home,WH018,Mekong Warehouse 018,Mekong,483,24,722.09,41,1,2026-05-24T00:00:00+07:00
INV-004289,SKU-0039,Grocery Item 0039,Grocery,WH018,Mekong Warehouse 018,Mekong,203,21,514.89,71,1,2026-05-24T00:00:00+07:00
INV-004290,SKU-0040,Fashion Item 0040,Fashion,WH018,Mekong Warehouse 018,Mekong,381,22,1512.00,110,1,2026-05-24T00:00:00+07:00
INV-004291,SKU-0041,Industrial Item 0041,Industrial,WH018,Mekong Warehouse 018,Mekong,750,45,2263.37,57,1,2026-05-24T00:00:00+07:00
INV-004292,SKU-0042,Electronics Item 0042,Electronics,WH018,Mekong Warehouse 018,Mekong,577,10,1361.03,76,1,2026-05-24T00:00:00+07:00
INV-004293,SKU-0043,Home Item 0043,Home,WH018,Mekong Warehouse 018,Mekong,660,54,703.04,83,1,2026-05-24T00:00:00+07:00
INV-004294,SKU-0044,Grocery Item 0044,Grocery,WH018,Mekong Warehouse 018,Mekong,262,9,1685.72,80,1,2026-05-24T00:00:00+07:00
INV-004295,SKU-0045,Fashion Item 0045,Fashion,WH018,Mekong Warehouse 018,Mekong,151,21,2167.22,36,1,2026-05-24T00:00:00+07:00
INV-004296,SKU-0046,Industrial Item 0046,Industrial,WH018,Mekong Warehouse 018,Mekong,780,66,1420.29,88,1,2026-05-24T00:00:00+07:00
INV-004297,SKU-0047,Electronics Item 0047,Electronics,WH018,Mekong Warehouse 018,Mekong,392,15,1967.01,105,1,2026-05-24T00:00:00+07:00
INV-004298,SKU-0048,Home Item 0048,Home,WH018,Mekong Warehouse 018,Mekong,604,29,1514.20,70,1,2026-05-24T00:00:00+07:00
INV-004299,SKU-0049,Grocery Item 0049,Grocery,WH018,Mekong Warehouse 018,Mekong,570,0,951.16,98,1,2026-05-24T00:00:00+07:00
INV-004300,SKU-0050,Fashion Item 0050,Fashion,WH018,Mekong Warehouse 018,Mekong,551,7,676.66,70,1,2026-05-24T00:00:00+07:00
INV-004301,SKU-0051,Industrial Item 0051,Industrial,WH018,Mekong Warehouse 018,Mekong,233,7,1854.13,99,1,2026-05-24T00:00:00+07:00
INV-004302,SKU-0052,Electronics Item 0052,Electronics,WH018,Mekong Warehouse 018,Mekong,471,4,1480.71,35,1,2026-05-24T00:00:00+07:00
INV-004303,SKU-0053,Home Item 0053,Home,WH018,Mekong Warehouse 018,Mekong,225,36,2120.19,120,1,2026-05-24T00:00:00+07:00
INV-004304,SKU-0054,Grocery Item 0054,Grocery,WH018,Mekong Warehouse 018,Mekong,797,21,2403.67,80,1,2026-05-24T00:00:00+07:00
INV-004305,SKU-0055,Fashion Item 0055,Fashion,WH018,Mekong Warehouse 018,Mekong,676,9,818.93,37,1,2026-05-24T00:00:00+07:00
INV-004306,SKU-0056,Industrial Item 0056,Industrial,WH018,Mekong Warehouse 018,Mekong,681,51,2430.44,83,1,2026-05-24T00:00:00+07:00
INV-004307,SKU-0057,Electronics Item 0057,Electronics,WH018,Mekong Warehouse 018,Mekong,88,12,589.05,82,1,2026-05-24T00:00:00+07:00
INV-004308,SKU-0058,Home Item 0058,Home,WH018,Mekong Warehouse 018,Mekong,645,67,167.55,27,1,2026-05-24T00:00:00+07:00
INV-004309,SKU-0059,Grocery Item 0059,Grocery,WH018,Mekong Warehouse 018,Mekong,698,44,1218.32,80,1,2026-05-24T00:00:00+07:00
INV-004310,SKU-0060,Fashion Item 0060,Fashion,WH018,Mekong Warehouse 018,Mekong,483,28,259.79,39,1,2026-05-24T00:00:00+07:00
INV-004311,SKU-0061,Industrial Item 0061,Industrial,WH018,Mekong Warehouse 018,Mekong,659,47,420.17,25,1,2026-05-24T00:00:00+07:00
INV-004312,SKU-0062,Electronics Item 0062,Electronics,WH018,Mekong Warehouse 018,Mekong,725,70,1201.04,77,1,2026-05-24T00:00:00+07:00
INV-004313,SKU-0063,Home Item 0063,Home,WH018,Mekong Warehouse 018,Mekong,554,67,1217.12,59,1,2026-05-24T00:00:00+07:00
INV-004314,SKU-0064,Grocery Item 0064,Grocery,WH018,Mekong Warehouse 018,Mekong,489,13,1781.11,76,1,2026-05-24T00:00:00+07:00
INV-004315,SKU-0065,Fashion Item 0065,Fashion,WH018,Mekong Warehouse 018,Mekong,491,61,2440.70,93,1,2026-05-24T00:00:00+07:00
INV-004316,SKU-0066,Industrial Item 0066,Industrial,WH018,Mekong Warehouse 018,Mekong,749,43,821.12,28,1,2026-05-24T00:00:00+07:00
INV-004317,SKU-0067,Electronics Item 0067,Electronics,WH018,Mekong Warehouse 018,Mekong,449,58,149.84,75,1,2026-05-24T00:00:00+07:00
INV-004318,SKU-0068,Home Item 0068,Home,WH018,Mekong Warehouse 018,Mekong,654,73,2437.17,57,1,2026-05-24T00:00:00+07:00
INV-004319,SKU-0069,Grocery Item 0069,Grocery,WH018,Mekong Warehouse 018,Mekong,307,14,332.45,35,1,2026-05-24T00:00:00+07:00
INV-004320,SKU-0070,Fashion Item 0070,Fashion,WH018,Mekong Warehouse 018,Mekong,727,46,1042.57,97,1,2026-05-24T00:00:00+07:00
INV-004321,SKU-0071,Industrial Item 0071,Industrial,WH018,Mekong Warehouse 018,Mekong,479,48,1060.50,59,1,2026-05-24T00:00:00+07:00
INV-004322,SKU-0072,Electronics Item 0072,Electronics,WH018,Mekong Warehouse 018,Mekong,705,76,1036.52,111,1,2026-05-24T00:00:00+07:00
INV-004323,SKU-0073,Home Item 0073,Home,WH018,Mekong Warehouse 018,Mekong,395,55,580.88,48,1,2026-05-24T00:00:00+07:00
INV-004324,SKU-0074,Grocery Item 0074,Grocery,WH018,Mekong Warehouse 018,Mekong,695,43,382.75,63,1,2026-05-24T00:00:00+07:00
INV-004325,SKU-0075,Fashion Item 0075,Fashion,WH018,Mekong Warehouse 018,Mekong,410,79,1161.73,57,1,2026-05-24T00:00:00+07:00
INV-004326,SKU-0076,Industrial Item 0076,Industrial,WH018,Mekong Warehouse 018,Mekong,689,46,340.91,49,1,2026-05-24T00:00:00+07:00
INV-004327,SKU-0077,Electronics Item 0077,Electronics,WH018,Mekong Warehouse 018,Mekong,176,17,138.15,70,1,2026-05-24T00:00:00+07:00
INV-004328,SKU-0078,Home Item 0078,Home,WH018,Mekong Warehouse 018,Mekong,325,46,2373.48,53,1,2026-05-24T00:00:00+07:00
INV-004329,SKU-0079,Grocery Item 0079,Grocery,WH018,Mekong Warehouse 018,Mekong,335,2,564.61,57,1,2026-05-24T00:00:00+07:00
INV-004330,SKU-0080,Fashion Item 0080,Fashion,WH018,Mekong Warehouse 018,Mekong,495,28,2044.84,99,1,2026-05-24T00:00:00+07:00
INV-004331,SKU-0081,Industrial Item 0081,Industrial,WH018,Mekong Warehouse 018,Mekong,260,45,2046.87,76,1,2026-05-24T00:00:00+07:00
INV-004332,SKU-0082,Electronics Item 0082,Electronics,WH018,Mekong Warehouse 018,Mekong,230,41,1926.82,54,1,2026-05-24T00:00:00+07:00
INV-004333,SKU-0083,Home Item 0083,Home,WH018,Mekong Warehouse 018,Mekong,316,29,533.51,27,1,2026-05-24T00:00:00+07:00
INV-004334,SKU-0084,Grocery Item 0084,Grocery,WH018,Mekong Warehouse 018,Mekong,679,40,793.47,89,1,2026-05-24T00:00:00+07:00
INV-004335,SKU-0085,Fashion Item 0085,Fashion,WH018,Mekong Warehouse 018,Mekong,210,40,2126.56,64,1,2026-05-24T00:00:00+07:00
INV-004336,SKU-0086,Industrial Item 0086,Industrial,WH018,Mekong Warehouse 018,Mekong,102,14,1009.18,62,1,2026-05-24T00:00:00+07:00
INV-004337,SKU-0087,Electronics Item 0087,Electronics,WH018,Mekong Warehouse 018,Mekong,539,15,2161.04,78,1,2026-05-24T00:00:00+07:00
INV-004338,SKU-0088,Home Item 0088,Home,WH018,Mekong Warehouse 018,Mekong,592,2,1192.39,57,1,2026-05-24T00:00:00+07:00
INV-004339,SKU-0089,Grocery Item 0089,Grocery,WH018,Mekong Warehouse 018,Mekong,465,52,188.80,89,1,2026-05-24T00:00:00+07:00
INV-004340,SKU-0090,Fashion Item 0090,Fashion,WH018,Mekong Warehouse 018,Mekong,292,8,1643.67,38,1,2026-05-24T00:00:00+07:00
INV-004341,SKU-0091,Industrial Item 0091,Industrial,WH018,Mekong Warehouse 018,Mekong,597,3,1020.40,49,1,2026-05-24T00:00:00+07:00
INV-004342,SKU-0092,Electronics Item 0092,Electronics,WH018,Mekong Warehouse 018,Mekong,354,43,2479.64,85,1,2026-05-24T00:00:00+07:00
INV-004343,SKU-0093,Home Item 0093,Home,WH018,Mekong Warehouse 018,Mekong,80,13,1913.22,37,1,2026-05-24T00:00:00+07:00
INV-004344,SKU-0094,Grocery Item 0094,Grocery,WH018,Mekong Warehouse 018,Mekong,695,10,544.11,113,1,2026-05-24T00:00:00+07:00
INV-004345,SKU-0095,Fashion Item 0095,Fashion,WH018,Mekong Warehouse 018,Mekong,86,17,1888.67,99,1,2026-05-24T00:00:00+07:00
INV-004346,SKU-0096,Industrial Item 0096,Industrial,WH018,Mekong Warehouse 018,Mekong,463,30,1052.02,82,1,2026-05-24T00:00:00+07:00
INV-004347,SKU-0097,Electronics Item 0097,Electronics,WH018,Mekong Warehouse 018,Mekong,215,36,1625.73,32,1,2026-05-24T00:00:00+07:00
INV-004348,SKU-0098,Home Item 0098,Home,WH018,Mekong Warehouse 018,Mekong,453,11,1208.93,40,1,2026-05-24T00:00:00+07:00
INV-004349,SKU-0099,Grocery Item 0099,Grocery,WH018,Mekong Warehouse 018,Mekong,213,42,1084.04,78,1,2026-05-24T00:00:00+07:00
INV-004350,SKU-0100,Fashion Item 0100,Fashion,WH018,Mekong Warehouse 018,Mekong,322,48,1960.17,52,1,2026-05-24T00:00:00+07:00
INV-004351,SKU-0101,Industrial Item 0101,Industrial,WH018,Mekong Warehouse 018,Mekong,666,33,1156.21,91,1,2026-05-24T00:00:00+07:00
INV-004352,SKU-0102,Electronics Item 0102,Electronics,WH018,Mekong Warehouse 018,Mekong,421,26,2184.09,52,1,2026-05-24T00:00:00+07:00
INV-004353,SKU-0103,Home Item 0103,Home,WH018,Mekong Warehouse 018,Mekong,678,56,179.31,106,1,2026-05-24T00:00:00+07:00
INV-004354,SKU-0104,Grocery Item 0104,Grocery,WH018,Mekong Warehouse 018,Mekong,608,57,913.61,92,1,2026-05-24T00:00:00+07:00
INV-004355,SKU-0105,Fashion Item 0105,Fashion,WH018,Mekong Warehouse 018,Mekong,498,3,333.50,34,1,2026-05-24T00:00:00+07:00
INV-004356,SKU-0106,Industrial Item 0106,Industrial,WH018,Mekong Warehouse 018,Mekong,546,43,1064.42,77,1,2026-05-24T00:00:00+07:00
INV-004357,SKU-0107,Electronics Item 0107,Electronics,WH018,Mekong Warehouse 018,Mekong,735,12,1529.57,31,1,2026-05-24T00:00:00+07:00
INV-004358,SKU-0108,Home Item 0108,Home,WH018,Mekong Warehouse 018,Mekong,765,33,1129.80,88,1,2026-05-24T00:00:00+07:00
INV-004359,SKU-0109,Grocery Item 0109,Grocery,WH018,Mekong Warehouse 018,Mekong,192,15,602.62,99,1,2026-05-24T00:00:00+07:00
INV-004360,SKU-0110,Fashion Item 0110,Fashion,WH018,Mekong Warehouse 018,Mekong,799,77,120.49,72,1,2026-05-24T00:00:00+07:00
INV-004361,SKU-0111,Industrial Item 0111,Industrial,WH018,Mekong Warehouse 018,Mekong,539,60,1889.47,95,1,2026-05-24T00:00:00+07:00
INV-004362,SKU-0112,Electronics Item 0112,Electronics,WH018,Mekong Warehouse 018,Mekong,540,78,516.25,107,1,2026-05-24T00:00:00+07:00
INV-004363,SKU-0113,Home Item 0113,Home,WH018,Mekong Warehouse 018,Mekong,118,29,1967.30,84,1,2026-05-24T00:00:00+07:00
INV-004364,SKU-0114,Grocery Item 0114,Grocery,WH018,Mekong Warehouse 018,Mekong,486,55,2481.73,62,1,2026-05-24T00:00:00+07:00
INV-004365,SKU-0115,Fashion Item 0115,Fashion,WH018,Mekong Warehouse 018,Mekong,225,11,1835.51,42,1,2026-05-24T00:00:00+07:00
INV-004366,SKU-0116,Industrial Item 0116,Industrial,WH018,Mekong Warehouse 018,Mekong,735,7,510.19,81,1,2026-05-24T00:00:00+07:00
INV-004367,SKU-0117,Electronics Item 0117,Electronics,WH018,Mekong Warehouse 018,Mekong,309,15,1889.30,118,1,2026-05-24T00:00:00+07:00
INV-004368,SKU-0118,Home Item 0118,Home,WH018,Mekong Warehouse 018,Mekong,623,28,1139.72,108,1,2026-05-24T00:00:00+07:00
INV-004369,SKU-0119,Grocery Item 0119,Grocery,WH018,Mekong Warehouse 018,Mekong,466,60,1192.58,96,1,2026-05-24T00:00:00+07:00
INV-004370,SKU-0120,Fashion Item 0120,Fashion,WH018,Mekong Warehouse 018,Mekong,683,43,1951.59,71,1,2026-05-24T00:00:00+07:00
INV-004371,SKU-0121,Industrial Item 0121,Industrial,WH018,Mekong Warehouse 018,Mekong,362,69,2283.34,30,1,2026-05-24T00:00:00+07:00
INV-004372,SKU-0122,Electronics Item 0122,Electronics,WH018,Mekong Warehouse 018,Mekong,795,60,834.77,58,1,2026-05-24T00:00:00+07:00
INV-004373,SKU-0123,Home Item 0123,Home,WH018,Mekong Warehouse 018,Mekong,705,62,1873.25,100,1,2026-05-24T00:00:00+07:00
INV-004374,SKU-0124,Grocery Item 0124,Grocery,WH018,Mekong Warehouse 018,Mekong,386,13,978.70,29,1,2026-05-24T00:00:00+07:00
INV-004375,SKU-0125,Fashion Item 0125,Fashion,WH018,Mekong Warehouse 018,Mekong,128,11,2449.75,44,1,2026-05-24T00:00:00+07:00
INV-004376,SKU-0126,Industrial Item 0126,Industrial,WH018,Mekong Warehouse 018,Mekong,89,3,2064.26,89,1,2026-05-24T00:00:00+07:00
INV-004377,SKU-0127,Electronics Item 0127,Electronics,WH018,Mekong Warehouse 018,Mekong,525,40,1824.03,42,1,2026-05-24T00:00:00+07:00
INV-004378,SKU-0128,Home Item 0128,Home,WH018,Mekong Warehouse 018,Mekong,129,9,523.21,109,1,2026-05-24T00:00:00+07:00
INV-004379,SKU-0129,Grocery Item 0129,Grocery,WH018,Mekong Warehouse 018,Mekong,116,22,991.55,80,1,2026-05-24T00:00:00+07:00
INV-004380,SKU-0130,Fashion Item 0130,Fashion,WH018,Mekong Warehouse 018,Mekong,152,23,2072.57,117,1,2026-05-24T00:00:00+07:00
INV-004381,SKU-0131,Industrial Item 0131,Industrial,WH018,Mekong Warehouse 018,Mekong,513,74,819.14,27,1,2026-05-24T00:00:00+07:00
INV-004382,SKU-0132,Electronics Item 0132,Electronics,WH018,Mekong Warehouse 018,Mekong,711,67,446.57,108,1,2026-05-24T00:00:00+07:00
INV-004383,SKU-0133,Home Item 0133,Home,WH018,Mekong Warehouse 018,Mekong,706,6,2131.98,81,1,2026-05-24T00:00:00+07:00
INV-004384,SKU-0134,Grocery Item 0134,Grocery,WH018,Mekong Warehouse 018,Mekong,258,59,1624.42,92,1,2026-05-24T00:00:00+07:00
INV-004385,SKU-0135,Fashion Item 0135,Fashion,WH018,Mekong Warehouse 018,Mekong,496,59,1832.94,85,1,2026-05-24T00:00:00+07:00
INV-004386,SKU-0136,Industrial Item 0136,Industrial,WH018,Mekong Warehouse 018,Mekong,378,49,115.11,72,1,2026-05-24T00:00:00+07:00
INV-004387,SKU-0137,Electronics Item 0137,Electronics,WH018,Mekong Warehouse 018,Mekong,448,1,1518.51,79,1,2026-05-24T00:00:00+07:00
INV-004388,SKU-0138,Home Item 0138,Home,WH018,Mekong Warehouse 018,Mekong,616,79,2202.04,49,1,2026-05-24T00:00:00+07:00
INV-004389,SKU-0139,Grocery Item 0139,Grocery,WH018,Mekong Warehouse 018,Mekong,442,10,1313.34,112,1,2026-05-24T00:00:00+07:00
INV-004390,SKU-0140,Fashion Item 0140,Fashion,WH018,Mekong Warehouse 018,Mekong,164,26,769.99,33,1,2026-05-24T00:00:00+07:00
INV-004391,SKU-0141,Industrial Item 0141,Industrial,WH018,Mekong Warehouse 018,Mekong,581,12,1966.46,87,1,2026-05-24T00:00:00+07:00
INV-004392,SKU-0142,Electronics Item 0142,Electronics,WH018,Mekong Warehouse 018,Mekong,301,1,950.10,53,1,2026-05-24T00:00:00+07:00
INV-004393,SKU-0143,Home Item 0143,Home,WH018,Mekong Warehouse 018,Mekong,648,55,1968.91,95,1,2026-05-24T00:00:00+07:00
INV-004394,SKU-0144,Grocery Item 0144,Grocery,WH018,Mekong Warehouse 018,Mekong,282,37,238.72,67,1,2026-05-24T00:00:00+07:00
INV-004395,SKU-0145,Fashion Item 0145,Fashion,WH018,Mekong Warehouse 018,Mekong,344,67,677.46,96,1,2026-05-24T00:00:00+07:00
INV-004396,SKU-0146,Industrial Item 0146,Industrial,WH018,Mekong Warehouse 018,Mekong,746,36,257.33,42,1,2026-05-24T00:00:00+07:00
INV-004397,SKU-0147,Electronics Item 0147,Electronics,WH018,Mekong Warehouse 018,Mekong,214,11,2452.52,39,1,2026-05-24T00:00:00+07:00
INV-004398,SKU-0148,Home Item 0148,Home,WH018,Mekong Warehouse 018,Mekong,559,39,2002.28,96,1,2026-05-24T00:00:00+07:00
INV-004399,SKU-0149,Grocery Item 0149,Grocery,WH018,Mekong Warehouse 018,Mekong,712,35,1555.82,38,1,2026-05-24T00:00:00+07:00
INV-004400,SKU-0150,Fashion Item 0150,Fashion,WH018,Mekong Warehouse 018,Mekong,557,11,704.82,69,1,2026-05-24T00:00:00+07:00
INV-004401,SKU-0151,Industrial Item 0151,Industrial,WH018,Mekong Warehouse 018,Mekong,401,18,1378.22,65,1,2026-05-24T00:00:00+07:00
INV-004402,SKU-0152,Electronics Item 0152,Electronics,WH018,Mekong Warehouse 018,Mekong,489,15,1723.16,119,1,2026-05-24T00:00:00+07:00
INV-004403,SKU-0153,Home Item 0153,Home,WH018,Mekong Warehouse 018,Mekong,400,36,736.24,54,1,2026-05-24T00:00:00+07:00
INV-004404,SKU-0154,Grocery Item 0154,Grocery,WH018,Mekong Warehouse 018,Mekong,118,15,559.22,106,1,2026-05-24T00:00:00+07:00
INV-004405,SKU-0155,Fashion Item 0155,Fashion,WH018,Mekong Warehouse 018,Mekong,106,19,2419.47,86,1,2026-05-24T00:00:00+07:00
INV-004406,SKU-0156,Industrial Item 0156,Industrial,WH018,Mekong Warehouse 018,Mekong,756,47,975.72,101,1,2026-05-24T00:00:00+07:00
INV-004407,SKU-0157,Electronics Item 0157,Electronics,WH018,Mekong Warehouse 018,Mekong,388,3,1021.31,76,1,2026-05-24T00:00:00+07:00
INV-004408,SKU-0158,Home Item 0158,Home,WH018,Mekong Warehouse 018,Mekong,773,28,774.44,93,1,2026-05-24T00:00:00+07:00
INV-004409,SKU-0159,Grocery Item 0159,Grocery,WH018,Mekong Warehouse 018,Mekong,89,12,167.95,94,1,2026-05-24T00:00:00+07:00
INV-004410,SKU-0160,Fashion Item 0160,Fashion,WH018,Mekong Warehouse 018,Mekong,370,61,1129.57,105,1,2026-05-24T00:00:00+07:00
INV-004411,SKU-0161,Industrial Item 0161,Industrial,WH018,Mekong Warehouse 018,Mekong,508,7,1153.70,38,1,2026-05-24T00:00:00+07:00
INV-004412,SKU-0162,Electronics Item 0162,Electronics,WH018,Mekong Warehouse 018,Mekong,105,15,2262.86,104,1,2026-05-24T00:00:00+07:00
INV-004413,SKU-0163,Home Item 0163,Home,WH018,Mekong Warehouse 018,Mekong,515,33,2499.50,57,1,2026-05-24T00:00:00+07:00
INV-004414,SKU-0164,Grocery Item 0164,Grocery,WH018,Mekong Warehouse 018,Mekong,489,64,1854.40,93,1,2026-05-24T00:00:00+07:00
INV-004415,SKU-0165,Fashion Item 0165,Fashion,WH018,Mekong Warehouse 018,Mekong,720,62,2383.63,30,1,2026-05-24T00:00:00+07:00
INV-004416,SKU-0166,Industrial Item 0166,Industrial,WH018,Mekong Warehouse 018,Mekong,284,55,124.55,111,1,2026-05-24T00:00:00+07:00
INV-004417,SKU-0167,Electronics Item 0167,Electronics,WH018,Mekong Warehouse 018,Mekong,222,32,1329.91,120,1,2026-05-24T00:00:00+07:00
INV-004418,SKU-0168,Home Item 0168,Home,WH018,Mekong Warehouse 018,Mekong,129,29,995.47,104,1,2026-05-24T00:00:00+07:00
INV-004419,SKU-0169,Grocery Item 0169,Grocery,WH018,Mekong Warehouse 018,Mekong,739,78,1293.72,71,1,2026-05-24T00:00:00+07:00
INV-004420,SKU-0170,Fashion Item 0170,Fashion,WH018,Mekong Warehouse 018,Mekong,84,20,967.82,55,1,2026-05-24T00:00:00+07:00
INV-004421,SKU-0171,Industrial Item 0171,Industrial,WH018,Mekong Warehouse 018,Mekong,377,80,635.61,35,1,2026-05-24T00:00:00+07:00
INV-004422,SKU-0172,Electronics Item 0172,Electronics,WH018,Mekong Warehouse 018,Mekong,796,58,1076.91,54,1,2026-05-24T00:00:00+07:00
INV-004423,SKU-0173,Home Item 0173,Home,WH018,Mekong Warehouse 018,Mekong,157,38,1911.88,85,1,2026-05-24T00:00:00+07:00
INV-004424,SKU-0174,Grocery Item 0174,Grocery,WH018,Mekong Warehouse 018,Mekong,753,70,2498.96,74,1,2026-05-24T00:00:00+07:00
INV-004425,SKU-0175,Fashion Item 0175,Fashion,WH018,Mekong Warehouse 018,Mekong,617,62,1292.37,66,1,2026-05-24T00:00:00+07:00
INV-004426,SKU-0176,Industrial Item 0176,Industrial,WH018,Mekong Warehouse 018,Mekong,711,22,1722.93,54,1,2026-05-24T00:00:00+07:00
INV-004427,SKU-0177,Electronics Item 0177,Electronics,WH018,Mekong Warehouse 018,Mekong,143,34,559.40,85,1,2026-05-24T00:00:00+07:00
INV-004428,SKU-0178,Home Item 0178,Home,WH018,Mekong Warehouse 018,Mekong,782,23,1550.73,112,1,2026-05-24T00:00:00+07:00
INV-004429,SKU-0179,Grocery Item 0179,Grocery,WH018,Mekong Warehouse 018,Mekong,660,27,1227.26,90,1,2026-05-24T00:00:00+07:00
INV-004430,SKU-0180,Fashion Item 0180,Fashion,WH018,Mekong Warehouse 018,Mekong,508,66,1250.08,73,1,2026-05-24T00:00:00+07:00
INV-004431,SKU-0181,Industrial Item 0181,Industrial,WH018,Mekong Warehouse 018,Mekong,188,32,1434.13,42,1,2026-05-24T00:00:00+07:00
INV-004432,SKU-0182,Electronics Item 0182,Electronics,WH018,Mekong Warehouse 018,Mekong,284,30,420.94,63,1,2026-05-24T00:00:00+07:00
INV-004433,SKU-0183,Home Item 0183,Home,WH018,Mekong Warehouse 018,Mekong,585,21,485.84,28,1,2026-05-24T00:00:00+07:00
INV-004434,SKU-0184,Grocery Item 0184,Grocery,WH018,Mekong Warehouse 018,Mekong,409,42,241.70,89,1,2026-05-24T00:00:00+07:00
INV-004435,SKU-0185,Fashion Item 0185,Fashion,WH018,Mekong Warehouse 018,Mekong,691,36,2479.35,75,1,2026-05-24T00:00:00+07:00
INV-004436,SKU-0186,Industrial Item 0186,Industrial,WH018,Mekong Warehouse 018,Mekong,101,24,2047.88,81,1,2026-05-24T00:00:00+07:00
INV-004437,SKU-0187,Electronics Item 0187,Electronics,WH018,Mekong Warehouse 018,Mekong,540,68,2150.92,78,1,2026-05-24T00:00:00+07:00
INV-004438,SKU-0188,Home Item 0188,Home,WH018,Mekong Warehouse 018,Mekong,390,59,43.67,117,1,2026-05-24T00:00:00+07:00
INV-004439,SKU-0189,Grocery Item 0189,Grocery,WH018,Mekong Warehouse 018,Mekong,673,44,2436.57,60,1,2026-05-24T00:00:00+07:00
INV-004440,SKU-0190,Fashion Item 0190,Fashion,WH018,Mekong Warehouse 018,Mekong,709,37,1806.97,25,1,2026-05-24T00:00:00+07:00
INV-004441,SKU-0191,Industrial Item 0191,Industrial,WH018,Mekong Warehouse 018,Mekong,558,47,298.37,88,1,2026-05-24T00:00:00+07:00
INV-004442,SKU-0192,Electronics Item 0192,Electronics,WH018,Mekong Warehouse 018,Mekong,339,56,103.40,54,1,2026-05-24T00:00:00+07:00
INV-004443,SKU-0193,Home Item 0193,Home,WH018,Mekong Warehouse 018,Mekong,722,12,674.24,36,1,2026-05-24T00:00:00+07:00
INV-004444,SKU-0194,Grocery Item 0194,Grocery,WH018,Mekong Warehouse 018,Mekong,651,68,705.12,115,1,2026-05-24T00:00:00+07:00
INV-004445,SKU-0195,Fashion Item 0195,Fashion,WH018,Mekong Warehouse 018,Mekong,419,41,1313.83,32,1,2026-05-24T00:00:00+07:00
INV-004446,SKU-0196,Industrial Item 0196,Industrial,WH018,Mekong Warehouse 018,Mekong,393,30,2158.39,109,1,2026-05-24T00:00:00+07:00
INV-004447,SKU-0197,Electronics Item 0197,Electronics,WH018,Mekong Warehouse 018,Mekong,582,56,2132.05,76,1,2026-05-24T00:00:00+07:00
INV-004448,SKU-0198,Home Item 0198,Home,WH018,Mekong Warehouse 018,Mekong,207,44,2364.53,75,1,2026-05-24T00:00:00+07:00
INV-004449,SKU-0199,Grocery Item 0199,Grocery,WH018,Mekong Warehouse 018,Mekong,550,42,713.24,68,1,2026-05-24T00:00:00+07:00
INV-004450,SKU-0200,Fashion Item 0200,Fashion,WH018,Mekong Warehouse 018,Mekong,783,73,354.67,114,1,2026-05-24T00:00:00+07:00
INV-004451,SKU-0201,Industrial Item 0201,Industrial,WH018,Mekong Warehouse 018,Mekong,680,42,162.16,42,1,2026-05-24T00:00:00+07:00
INV-004452,SKU-0202,Electronics Item 0202,Electronics,WH018,Mekong Warehouse 018,Mekong,585,76,13.25,63,1,2026-05-24T00:00:00+07:00
INV-004453,SKU-0203,Home Item 0203,Home,WH018,Mekong Warehouse 018,Mekong,771,74,2488.17,102,1,2026-05-24T00:00:00+07:00
INV-004454,SKU-0204,Grocery Item 0204,Grocery,WH018,Mekong Warehouse 018,Mekong,349,32,16.33,79,1,2026-05-24T00:00:00+07:00
INV-004455,SKU-0205,Fashion Item 0205,Fashion,WH018,Mekong Warehouse 018,Mekong,799,46,2380.74,60,1,2026-05-24T00:00:00+07:00
INV-004456,SKU-0206,Industrial Item 0206,Industrial,WH018,Mekong Warehouse 018,Mekong,174,39,597.93,79,1,2026-05-24T00:00:00+07:00
INV-004457,SKU-0207,Electronics Item 0207,Electronics,WH018,Mekong Warehouse 018,Mekong,425,21,1949.76,74,1,2026-05-24T00:00:00+07:00
INV-004458,SKU-0208,Home Item 0208,Home,WH018,Mekong Warehouse 018,Mekong,499,36,354.52,30,1,2026-05-24T00:00:00+07:00
INV-004459,SKU-0209,Grocery Item 0209,Grocery,WH018,Mekong Warehouse 018,Mekong,155,13,1973.51,53,1,2026-05-24T00:00:00+07:00
INV-004460,SKU-0210,Fashion Item 0210,Fashion,WH018,Mekong Warehouse 018,Mekong,587,51,447.23,48,1,2026-05-24T00:00:00+07:00
INV-004461,SKU-0211,Industrial Item 0211,Industrial,WH018,Mekong Warehouse 018,Mekong,533,11,63.04,67,1,2026-05-24T00:00:00+07:00
INV-004462,SKU-0212,Electronics Item 0212,Electronics,WH018,Mekong Warehouse 018,Mekong,406,66,511.18,30,1,2026-05-24T00:00:00+07:00
INV-004463,SKU-0213,Home Item 0213,Home,WH018,Mekong Warehouse 018,Mekong,336,13,850.29,73,1,2026-05-24T00:00:00+07:00
INV-004464,SKU-0214,Grocery Item 0214,Grocery,WH018,Mekong Warehouse 018,Mekong,784,12,439.08,75,1,2026-05-24T00:00:00+07:00
INV-004465,SKU-0215,Fashion Item 0215,Fashion,WH018,Mekong Warehouse 018,Mekong,107,17,1823.41,86,1,2026-05-24T00:00:00+07:00
INV-004466,SKU-0216,Industrial Item 0216,Industrial,WH018,Mekong Warehouse 018,Mekong,643,26,2287.83,29,1,2026-05-24T00:00:00+07:00
INV-004467,SKU-0217,Electronics Item 0217,Electronics,WH018,Mekong Warehouse 018,Mekong,118,8,592.57,119,1,2026-05-24T00:00:00+07:00
INV-004468,SKU-0218,Home Item 0218,Home,WH018,Mekong Warehouse 018,Mekong,469,75,29.64,87,1,2026-05-24T00:00:00+07:00
INV-004469,SKU-0219,Grocery Item 0219,Grocery,WH018,Mekong Warehouse 018,Mekong,621,51,227.45,66,1,2026-05-24T00:00:00+07:00
INV-004470,SKU-0220,Fashion Item 0220,Fashion,WH018,Mekong Warehouse 018,Mekong,121,1,1280.23,34,1,2026-05-24T00:00:00+07:00
INV-004471,SKU-0221,Industrial Item 0221,Industrial,WH018,Mekong Warehouse 018,Mekong,631,0,105.71,82,1,2026-05-24T00:00:00+07:00
INV-004472,SKU-0222,Electronics Item 0222,Electronics,WH018,Mekong Warehouse 018,Mekong,422,77,44.47,76,1,2026-05-24T00:00:00+07:00
INV-004473,SKU-0223,Home Item 0223,Home,WH018,Mekong Warehouse 018,Mekong,146,12,1938.31,49,1,2026-05-24T00:00:00+07:00
INV-004474,SKU-0224,Grocery Item 0224,Grocery,WH018,Mekong Warehouse 018,Mekong,300,33,36.78,77,1,2026-05-24T00:00:00+07:00
INV-004475,SKU-0225,Fashion Item 0225,Fashion,WH018,Mekong Warehouse 018,Mekong,521,3,495.74,48,1,2026-05-24T00:00:00+07:00
INV-004476,SKU-0226,Industrial Item 0226,Industrial,WH018,Mekong Warehouse 018,Mekong,411,67,1258.69,70,1,2026-05-24T00:00:00+07:00
INV-004477,SKU-0227,Electronics Item 0227,Electronics,WH018,Mekong Warehouse 018,Mekong,689,58,821.89,85,1,2026-05-24T00:00:00+07:00
INV-004478,SKU-0228,Home Item 0228,Home,WH018,Mekong Warehouse 018,Mekong,213,15,211.97,41,1,2026-05-24T00:00:00+07:00
INV-004479,SKU-0229,Grocery Item 0229,Grocery,WH018,Mekong Warehouse 018,Mekong,297,18,2376.01,89,1,2026-05-24T00:00:00+07:00
INV-004480,SKU-0230,Fashion Item 0230,Fashion,WH018,Mekong Warehouse 018,Mekong,767,45,1155.19,34,1,2026-05-24T00:00:00+07:00
INV-004481,SKU-0231,Industrial Item 0231,Industrial,WH018,Mekong Warehouse 018,Mekong,246,26,549.54,105,1,2026-05-24T00:00:00+07:00
INV-004482,SKU-0232,Electronics Item 0232,Electronics,WH018,Mekong Warehouse 018,Mekong,191,28,1771.28,110,1,2026-05-24T00:00:00+07:00
INV-004483,SKU-0233,Home Item 0233,Home,WH018,Mekong Warehouse 018,Mekong,749,42,1859.21,53,1,2026-05-24T00:00:00+07:00
INV-004484,SKU-0234,Grocery Item 0234,Grocery,WH018,Mekong Warehouse 018,Mekong,124,5,741.86,29,1,2026-05-24T00:00:00+07:00
INV-004485,SKU-0235,Fashion Item 0235,Fashion,WH018,Mekong Warehouse 018,Mekong,432,36,660.87,45,1,2026-05-24T00:00:00+07:00
INV-004486,SKU-0236,Industrial Item 0236,Industrial,WH018,Mekong Warehouse 018,Mekong,747,54,1804.64,42,1,2026-05-24T00:00:00+07:00
INV-004487,SKU-0237,Electronics Item 0237,Electronics,WH018,Mekong Warehouse 018,Mekong,490,38,153.49,77,1,2026-05-24T00:00:00+07:00
INV-004488,SKU-0238,Home Item 0238,Home,WH018,Mekong Warehouse 018,Mekong,267,61,841.46,56,1,2026-05-24T00:00:00+07:00
INV-004489,SKU-0239,Grocery Item 0239,Grocery,WH018,Mekong Warehouse 018,Mekong,212,7,1502.35,44,1,2026-05-24T00:00:00+07:00
INV-004490,SKU-0240,Fashion Item 0240,Fashion,WH018,Mekong Warehouse 018,Mekong,705,61,660.54,35,1,2026-05-24T00:00:00+07:00
INV-004491,SKU-0241,Industrial Item 0241,Industrial,WH018,Mekong Warehouse 018,Mekong,326,47,2339.47,72,1,2026-05-24T00:00:00+07:00
INV-004492,SKU-0242,Electronics Item 0242,Electronics,WH018,Mekong Warehouse 018,Mekong,423,33,1070.86,50,1,2026-05-24T00:00:00+07:00
INV-004493,SKU-0243,Home Item 0243,Home,WH018,Mekong Warehouse 018,Mekong,397,47,732.28,55,1,2026-05-24T00:00:00+07:00
INV-004494,SKU-0244,Grocery Item 0244,Grocery,WH018,Mekong Warehouse 018,Mekong,321,42,2359.83,39,1,2026-05-24T00:00:00+07:00
INV-004495,SKU-0245,Fashion Item 0245,Fashion,WH018,Mekong Warehouse 018,Mekong,499,43,1791.34,83,1,2026-05-24T00:00:00+07:00
INV-004496,SKU-0246,Industrial Item 0246,Industrial,WH018,Mekong Warehouse 018,Mekong,760,18,1014.20,49,1,2026-05-24T00:00:00+07:00
INV-004497,SKU-0247,Electronics Item 0247,Electronics,WH018,Mekong Warehouse 018,Mekong,775,9,2304.26,46,1,2026-05-24T00:00:00+07:00
INV-004498,SKU-0248,Home Item 0248,Home,WH018,Mekong Warehouse 018,Mekong,149,28,1594.26,50,1,2026-05-24T00:00:00+07:00
INV-004499,SKU-0249,Grocery Item 0249,Grocery,WH018,Mekong Warehouse 018,Mekong,357,22,1485.62,63,1,2026-05-24T00:00:00+07:00
INV-004500,SKU-0250,Fashion Item 0250,Fashion,WH018,Mekong Warehouse 018,Mekong,163,5,191.97,115,1,2026-05-24T00:00:00+07:00
INV-004501,SKU-0001,Electronics Item 0001,Electronics,WH019,Mekong Warehouse 019,Mekong,246,47,2412.45,116,1,2026-05-24T00:00:00+07:00
INV-004502,SKU-0002,Home Item 0002,Home,WH019,Mekong Warehouse 019,Mekong,423,17,585.38,31,1,2026-05-24T00:00:00+07:00
INV-004503,SKU-0003,Grocery Item 0003,Grocery,WH019,Mekong Warehouse 019,Mekong,656,24,1371.50,107,1,2026-05-24T00:00:00+07:00
INV-004504,SKU-0004,Fashion Item 0004,Fashion,WH019,Mekong Warehouse 019,Mekong,709,20,479.72,112,1,2026-05-24T00:00:00+07:00
INV-004505,SKU-0005,Industrial Item 0005,Industrial,WH019,Mekong Warehouse 019,Mekong,490,22,789.49,38,1,2026-05-24T00:00:00+07:00
INV-004506,SKU-0006,Electronics Item 0006,Electronics,WH019,Mekong Warehouse 019,Mekong,553,29,2086.64,76,1,2026-05-24T00:00:00+07:00
INV-004507,SKU-0007,Home Item 0007,Home,WH019,Mekong Warehouse 019,Mekong,190,16,134.74,91,1,2026-05-24T00:00:00+07:00
INV-004508,SKU-0008,Grocery Item 0008,Grocery,WH019,Mekong Warehouse 019,Mekong,695,79,1483.61,84,1,2026-05-24T00:00:00+07:00
INV-004509,SKU-0009,Fashion Item 0009,Fashion,WH019,Mekong Warehouse 019,Mekong,187,18,28.69,66,1,2026-05-24T00:00:00+07:00
INV-004510,SKU-0010,Industrial Item 0010,Industrial,WH019,Mekong Warehouse 019,Mekong,203,8,63.98,111,1,2026-05-24T00:00:00+07:00
INV-004511,SKU-0011,Electronics Item 0011,Electronics,WH019,Mekong Warehouse 019,Mekong,702,74,148.69,78,1,2026-05-24T00:00:00+07:00
INV-004512,SKU-0012,Home Item 0012,Home,WH019,Mekong Warehouse 019,Mekong,465,42,1423.96,88,1,2026-05-24T00:00:00+07:00
INV-004513,SKU-0013,Grocery Item 0013,Grocery,WH019,Mekong Warehouse 019,Mekong,595,69,1686.40,47,1,2026-05-24T00:00:00+07:00
INV-004514,SKU-0014,Fashion Item 0014,Fashion,WH019,Mekong Warehouse 019,Mekong,224,33,310.42,89,1,2026-05-24T00:00:00+07:00
INV-004515,SKU-0015,Industrial Item 0015,Industrial,WH019,Mekong Warehouse 019,Mekong,106,26,1404.14,116,1,2026-05-24T00:00:00+07:00
INV-004516,SKU-0016,Electronics Item 0016,Electronics,WH019,Mekong Warehouse 019,Mekong,220,7,2130.80,99,1,2026-05-24T00:00:00+07:00
INV-004517,SKU-0017,Home Item 0017,Home,WH019,Mekong Warehouse 019,Mekong,251,13,2386.96,28,1,2026-05-24T00:00:00+07:00
INV-004518,SKU-0018,Grocery Item 0018,Grocery,WH019,Mekong Warehouse 019,Mekong,185,25,2066.30,93,1,2026-05-24T00:00:00+07:00
INV-004519,SKU-0019,Fashion Item 0019,Fashion,WH019,Mekong Warehouse 019,Mekong,528,49,1912.45,74,1,2026-05-24T00:00:00+07:00
INV-004520,SKU-0020,Industrial Item 0020,Industrial,WH019,Mekong Warehouse 019,Mekong,699,46,1004.95,74,1,2026-05-24T00:00:00+07:00
INV-004521,SKU-0021,Electronics Item 0021,Electronics,WH019,Mekong Warehouse 019,Mekong,337,74,2328.93,83,1,2026-05-24T00:00:00+07:00
INV-004522,SKU-0022,Home Item 0022,Home,WH019,Mekong Warehouse 019,Mekong,753,48,324.70,49,1,2026-05-24T00:00:00+07:00
INV-004523,SKU-0023,Grocery Item 0023,Grocery,WH019,Mekong Warehouse 019,Mekong,359,70,162.78,50,1,2026-05-24T00:00:00+07:00
INV-004524,SKU-0024,Fashion Item 0024,Fashion,WH019,Mekong Warehouse 019,Mekong,90,0,383.77,96,1,2026-05-24T00:00:00+07:00
INV-004525,SKU-0025,Industrial Item 0025,Industrial,WH019,Mekong Warehouse 019,Mekong,584,76,2431.92,54,1,2026-05-24T00:00:00+07:00
INV-004526,SKU-0026,Electronics Item 0026,Electronics,WH019,Mekong Warehouse 019,Mekong,568,33,821.79,34,1,2026-05-24T00:00:00+07:00
INV-004527,SKU-0027,Home Item 0027,Home,WH019,Mekong Warehouse 019,Mekong,118,0,2116.80,90,1,2026-05-24T00:00:00+07:00
INV-004528,SKU-0028,Grocery Item 0028,Grocery,WH019,Mekong Warehouse 019,Mekong,124,21,1552.04,30,1,2026-05-24T00:00:00+07:00
INV-004529,SKU-0029,Fashion Item 0029,Fashion,WH019,Mekong Warehouse 019,Mekong,394,12,2149.59,39,1,2026-05-24T00:00:00+07:00
INV-004530,SKU-0030,Industrial Item 0030,Industrial,WH019,Mekong Warehouse 019,Mekong,216,6,1846.39,103,1,2026-05-24T00:00:00+07:00
INV-004531,SKU-0031,Electronics Item 0031,Electronics,WH019,Mekong Warehouse 019,Mekong,800,0,1435.94,83,1,2026-05-24T00:00:00+07:00
INV-004532,SKU-0032,Home Item 0032,Home,WH019,Mekong Warehouse 019,Mekong,126,19,243.73,75,1,2026-05-24T00:00:00+07:00
INV-004533,SKU-0033,Grocery Item 0033,Grocery,WH019,Mekong Warehouse 019,Mekong,253,62,2088.51,69,1,2026-05-24T00:00:00+07:00
INV-004534,SKU-0034,Fashion Item 0034,Fashion,WH019,Mekong Warehouse 019,Mekong,479,11,209.37,120,1,2026-05-24T00:00:00+07:00
INV-004535,SKU-0035,Industrial Item 0035,Industrial,WH019,Mekong Warehouse 019,Mekong,213,44,790.81,92,1,2026-05-24T00:00:00+07:00
INV-004536,SKU-0036,Electronics Item 0036,Electronics,WH019,Mekong Warehouse 019,Mekong,448,50,1399.35,108,1,2026-05-24T00:00:00+07:00
INV-004537,SKU-0037,Home Item 0037,Home,WH019,Mekong Warehouse 019,Mekong,584,70,2347.73,55,1,2026-05-24T00:00:00+07:00
INV-004538,SKU-0038,Grocery Item 0038,Grocery,WH019,Mekong Warehouse 019,Mekong,473,51,1103.78,100,1,2026-05-24T00:00:00+07:00
INV-004539,SKU-0039,Fashion Item 0039,Fashion,WH019,Mekong Warehouse 019,Mekong,183,8,1550.34,118,1,2026-05-24T00:00:00+07:00
INV-004540,SKU-0040,Industrial Item 0040,Industrial,WH019,Mekong Warehouse 019,Mekong,336,19,1215.62,102,1,2026-05-24T00:00:00+07:00
INV-004541,SKU-0041,Electronics Item 0041,Electronics,WH019,Mekong Warehouse 019,Mekong,159,23,110.03,29,1,2026-05-24T00:00:00+07:00
INV-004542,SKU-0042,Home Item 0042,Home,WH019,Mekong Warehouse 019,Mekong,690,45,1924.38,102,1,2026-05-24T00:00:00+07:00
INV-004543,SKU-0043,Grocery Item 0043,Grocery,WH019,Mekong Warehouse 019,Mekong,456,54,320.07,72,1,2026-05-24T00:00:00+07:00
INV-004544,SKU-0044,Fashion Item 0044,Fashion,WH019,Mekong Warehouse 019,Mekong,646,55,1903.42,92,1,2026-05-24T00:00:00+07:00
INV-004545,SKU-0045,Industrial Item 0045,Industrial,WH019,Mekong Warehouse 019,Mekong,256,11,678.52,120,1,2026-05-24T00:00:00+07:00
INV-004546,SKU-0046,Electronics Item 0046,Electronics,WH019,Mekong Warehouse 019,Mekong,627,74,1423.95,48,1,2026-05-24T00:00:00+07:00
INV-004547,SKU-0047,Home Item 0047,Home,WH019,Mekong Warehouse 019,Mekong,599,5,1026.62,101,1,2026-05-24T00:00:00+07:00
INV-004548,SKU-0048,Grocery Item 0048,Grocery,WH019,Mekong Warehouse 019,Mekong,361,5,836.92,49,1,2026-05-24T00:00:00+07:00
INV-004549,SKU-0049,Fashion Item 0049,Fashion,WH019,Mekong Warehouse 019,Mekong,746,74,345.99,112,1,2026-05-24T00:00:00+07:00
INV-004550,SKU-0050,Industrial Item 0050,Industrial,WH019,Mekong Warehouse 019,Mekong,419,39,796.40,33,1,2026-05-24T00:00:00+07:00
INV-004551,SKU-0051,Electronics Item 0051,Electronics,WH019,Mekong Warehouse 019,Mekong,526,34,2065.75,68,1,2026-05-24T00:00:00+07:00
INV-004552,SKU-0052,Home Item 0052,Home,WH019,Mekong Warehouse 019,Mekong,488,56,513.71,44,1,2026-05-24T00:00:00+07:00
INV-004553,SKU-0053,Grocery Item 0053,Grocery,WH019,Mekong Warehouse 019,Mekong,530,10,2484.80,86,1,2026-05-24T00:00:00+07:00
INV-004554,SKU-0054,Fashion Item 0054,Fashion,WH019,Mekong Warehouse 019,Mekong,698,8,996.31,53,1,2026-05-24T00:00:00+07:00
INV-004555,SKU-0055,Industrial Item 0055,Industrial,WH019,Mekong Warehouse 019,Mekong,633,50,1011.00,44,1,2026-05-24T00:00:00+07:00
INV-004556,SKU-0056,Electronics Item 0056,Electronics,WH019,Mekong Warehouse 019,Mekong,771,33,1405.13,33,1,2026-05-24T00:00:00+07:00
INV-004557,SKU-0057,Home Item 0057,Home,WH019,Mekong Warehouse 019,Mekong,484,66,1916.71,27,1,2026-05-24T00:00:00+07:00
INV-004558,SKU-0058,Grocery Item 0058,Grocery,WH019,Mekong Warehouse 019,Mekong,610,56,1626.87,35,1,2026-05-24T00:00:00+07:00
INV-004559,SKU-0059,Fashion Item 0059,Fashion,WH019,Mekong Warehouse 019,Mekong,164,37,1557.90,65,1,2026-05-24T00:00:00+07:00
INV-004560,SKU-0060,Industrial Item 0060,Industrial,WH019,Mekong Warehouse 019,Mekong,583,64,2353.93,93,1,2026-05-24T00:00:00+07:00
INV-004561,SKU-0061,Electronics Item 0061,Electronics,WH019,Mekong Warehouse 019,Mekong,554,69,1259.83,54,1,2026-05-24T00:00:00+07:00
INV-004562,SKU-0062,Home Item 0062,Home,WH019,Mekong Warehouse 019,Mekong,567,21,265.22,45,1,2026-05-24T00:00:00+07:00
INV-004563,SKU-0063,Grocery Item 0063,Grocery,WH019,Mekong Warehouse 019,Mekong,687,64,1138.46,105,1,2026-05-24T00:00:00+07:00
INV-004564,SKU-0064,Fashion Item 0064,Fashion,WH019,Mekong Warehouse 019,Mekong,290,60,2460.48,120,1,2026-05-24T00:00:00+07:00
INV-004565,SKU-0065,Industrial Item 0065,Industrial,WH019,Mekong Warehouse 019,Mekong,490,23,729.14,26,1,2026-05-24T00:00:00+07:00
INV-004566,SKU-0066,Electronics Item 0066,Electronics,WH019,Mekong Warehouse 019,Mekong,770,12,1938.16,66,1,2026-05-24T00:00:00+07:00
INV-004567,SKU-0067,Home Item 0067,Home,WH019,Mekong Warehouse 019,Mekong,304,40,1923.11,116,1,2026-05-24T00:00:00+07:00
INV-004568,SKU-0068,Grocery Item 0068,Grocery,WH019,Mekong Warehouse 019,Mekong,561,79,727.65,75,1,2026-05-24T00:00:00+07:00
INV-004569,SKU-0069,Fashion Item 0069,Fashion,WH019,Mekong Warehouse 019,Mekong,528,23,2365.50,100,1,2026-05-24T00:00:00+07:00
INV-004570,SKU-0070,Industrial Item 0070,Industrial,WH019,Mekong Warehouse 019,Mekong,284,3,1723.80,65,1,2026-05-24T00:00:00+07:00
INV-004571,SKU-0071,Electronics Item 0071,Electronics,WH019,Mekong Warehouse 019,Mekong,107,10,1097.95,65,1,2026-05-24T00:00:00+07:00
INV-004572,SKU-0072,Home Item 0072,Home,WH019,Mekong Warehouse 019,Mekong,778,61,388.65,98,1,2026-05-24T00:00:00+07:00
INV-004573,SKU-0073,Grocery Item 0073,Grocery,WH019,Mekong Warehouse 019,Mekong,166,27,550.18,110,1,2026-05-24T00:00:00+07:00
INV-004574,SKU-0074,Fashion Item 0074,Fashion,WH019,Mekong Warehouse 019,Mekong,216,44,1076.61,92,1,2026-05-24T00:00:00+07:00
INV-004575,SKU-0075,Industrial Item 0075,Industrial,WH019,Mekong Warehouse 019,Mekong,395,7,1167.67,70,1,2026-05-24T00:00:00+07:00
INV-004576,SKU-0076,Electronics Item 0076,Electronics,WH019,Mekong Warehouse 019,Mekong,153,6,691.36,64,1,2026-05-24T00:00:00+07:00
INV-004577,SKU-0077,Home Item 0077,Home,WH019,Mekong Warehouse 019,Mekong,177,12,1056.50,82,1,2026-05-24T00:00:00+07:00
INV-004578,SKU-0078,Grocery Item 0078,Grocery,WH019,Mekong Warehouse 019,Mekong,150,16,881.90,82,1,2026-05-24T00:00:00+07:00
INV-004579,SKU-0079,Fashion Item 0079,Fashion,WH019,Mekong Warehouse 019,Mekong,283,7,1132.94,119,1,2026-05-24T00:00:00+07:00
INV-004580,SKU-0080,Industrial Item 0080,Industrial,WH019,Mekong Warehouse 019,Mekong,564,15,154.85,113,1,2026-05-24T00:00:00+07:00
INV-004581,SKU-0081,Electronics Item 0081,Electronics,WH019,Mekong Warehouse 019,Mekong,748,11,1098.78,44,1,2026-05-24T00:00:00+07:00
INV-004582,SKU-0082,Home Item 0082,Home,WH019,Mekong Warehouse 019,Mekong,120,1,2107.76,69,1,2026-05-24T00:00:00+07:00
INV-004583,SKU-0083,Grocery Item 0083,Grocery,WH019,Mekong Warehouse 019,Mekong,432,31,1508.27,80,1,2026-05-24T00:00:00+07:00
INV-004584,SKU-0084,Fashion Item 0084,Fashion,WH019,Mekong Warehouse 019,Mekong,137,17,1478.23,84,1,2026-05-24T00:00:00+07:00
INV-004585,SKU-0085,Industrial Item 0085,Industrial,WH019,Mekong Warehouse 019,Mekong,789,31,1167.26,98,1,2026-05-24T00:00:00+07:00
INV-004586,SKU-0086,Electronics Item 0086,Electronics,WH019,Mekong Warehouse 019,Mekong,616,39,194.28,29,1,2026-05-24T00:00:00+07:00
INV-004587,SKU-0087,Home Item 0087,Home,WH019,Mekong Warehouse 019,Mekong,763,51,1873.67,30,1,2026-05-24T00:00:00+07:00
INV-004588,SKU-0088,Grocery Item 0088,Grocery,WH019,Mekong Warehouse 019,Mekong,538,79,258.94,56,1,2026-05-24T00:00:00+07:00
INV-004589,SKU-0089,Fashion Item 0089,Fashion,WH019,Mekong Warehouse 019,Mekong,621,72,2429.87,103,1,2026-05-24T00:00:00+07:00
INV-004590,SKU-0090,Industrial Item 0090,Industrial,WH019,Mekong Warehouse 019,Mekong,726,78,2427.91,94,1,2026-05-24T00:00:00+07:00
INV-004591,SKU-0091,Electronics Item 0091,Electronics,WH019,Mekong Warehouse 019,Mekong,767,47,1453.32,45,1,2026-05-24T00:00:00+07:00
INV-004592,SKU-0092,Home Item 0092,Home,WH019,Mekong Warehouse 019,Mekong,374,53,889.93,52,1,2026-05-24T00:00:00+07:00
INV-004593,SKU-0093,Grocery Item 0093,Grocery,WH019,Mekong Warehouse 019,Mekong,262,43,1817.39,114,1,2026-05-24T00:00:00+07:00
INV-004594,SKU-0094,Fashion Item 0094,Fashion,WH019,Mekong Warehouse 019,Mekong,172,34,1859.39,112,1,2026-05-24T00:00:00+07:00
INV-004595,SKU-0095,Industrial Item 0095,Industrial,WH019,Mekong Warehouse 019,Mekong,673,25,943.91,93,1,2026-05-24T00:00:00+07:00
INV-004596,SKU-0096,Electronics Item 0096,Electronics,WH019,Mekong Warehouse 019,Mekong,294,31,1409.57,60,1,2026-05-24T00:00:00+07:00
INV-004597,SKU-0097,Home Item 0097,Home,WH019,Mekong Warehouse 019,Mekong,540,53,639.09,99,1,2026-05-24T00:00:00+07:00
INV-004598,SKU-0098,Grocery Item 0098,Grocery,WH019,Mekong Warehouse 019,Mekong,413,31,1469.36,88,1,2026-05-24T00:00:00+07:00
INV-004599,SKU-0099,Fashion Item 0099,Fashion,WH019,Mekong Warehouse 019,Mekong,556,3,450.91,67,1,2026-05-24T00:00:00+07:00
INV-004600,SKU-0100,Industrial Item 0100,Industrial,WH019,Mekong Warehouse 019,Mekong,490,41,1570.01,95,1,2026-05-24T00:00:00+07:00
INV-004601,SKU-0101,Electronics Item 0101,Electronics,WH019,Mekong Warehouse 019,Mekong,427,38,816.43,78,1,2026-05-24T00:00:00+07:00
INV-004602,SKU-0102,Home Item 0102,Home,WH019,Mekong Warehouse 019,Mekong,603,21,769.73,44,1,2026-05-24T00:00:00+07:00
INV-004603,SKU-0103,Grocery Item 0103,Grocery,WH019,Mekong Warehouse 019,Mekong,621,59,1864.33,71,1,2026-05-24T00:00:00+07:00
INV-004604,SKU-0104,Fashion Item 0104,Fashion,WH019,Mekong Warehouse 019,Mekong,394,1,1419.53,37,1,2026-05-24T00:00:00+07:00
INV-004605,SKU-0105,Industrial Item 0105,Industrial,WH019,Mekong Warehouse 019,Mekong,367,60,2410.17,105,1,2026-05-24T00:00:00+07:00
INV-004606,SKU-0106,Electronics Item 0106,Electronics,WH019,Mekong Warehouse 019,Mekong,185,45,1445.42,36,1,2026-05-24T00:00:00+07:00
INV-004607,SKU-0107,Home Item 0107,Home,WH019,Mekong Warehouse 019,Mekong,312,70,991.80,81,1,2026-05-24T00:00:00+07:00
INV-004608,SKU-0108,Grocery Item 0108,Grocery,WH019,Mekong Warehouse 019,Mekong,700,72,1943.50,75,1,2026-05-24T00:00:00+07:00
INV-004609,SKU-0109,Fashion Item 0109,Fashion,WH019,Mekong Warehouse 019,Mekong,716,50,989.66,46,1,2026-05-24T00:00:00+07:00
INV-004610,SKU-0110,Industrial Item 0110,Industrial,WH019,Mekong Warehouse 019,Mekong,707,16,2185.06,76,1,2026-05-24T00:00:00+07:00
INV-004611,SKU-0111,Electronics Item 0111,Electronics,WH019,Mekong Warehouse 019,Mekong,571,56,2376.39,50,1,2026-05-24T00:00:00+07:00
INV-004612,SKU-0112,Home Item 0112,Home,WH019,Mekong Warehouse 019,Mekong,195,31,1102.36,47,1,2026-05-24T00:00:00+07:00
INV-004613,SKU-0113,Grocery Item 0113,Grocery,WH019,Mekong Warehouse 019,Mekong,520,79,861.46,61,1,2026-05-24T00:00:00+07:00
INV-004614,SKU-0114,Fashion Item 0114,Fashion,WH019,Mekong Warehouse 019,Mekong,346,0,1672.69,83,1,2026-05-24T00:00:00+07:00
INV-004615,SKU-0115,Industrial Item 0115,Industrial,WH019,Mekong Warehouse 019,Mekong,290,45,135.69,30,1,2026-05-24T00:00:00+07:00
INV-004616,SKU-0116,Electronics Item 0116,Electronics,WH019,Mekong Warehouse 019,Mekong,789,18,1513.49,86,1,2026-05-24T00:00:00+07:00
INV-004617,SKU-0117,Home Item 0117,Home,WH019,Mekong Warehouse 019,Mekong,466,36,1748.04,36,1,2026-05-24T00:00:00+07:00
INV-004618,SKU-0118,Grocery Item 0118,Grocery,WH019,Mekong Warehouse 019,Mekong,296,28,1143.59,103,1,2026-05-24T00:00:00+07:00
INV-004619,SKU-0119,Fashion Item 0119,Fashion,WH019,Mekong Warehouse 019,Mekong,661,76,1238.03,88,1,2026-05-24T00:00:00+07:00
INV-004620,SKU-0120,Industrial Item 0120,Industrial,WH019,Mekong Warehouse 019,Mekong,138,33,2258.53,46,1,2026-05-24T00:00:00+07:00
INV-004621,SKU-0121,Electronics Item 0121,Electronics,WH019,Mekong Warehouse 019,Mekong,484,29,415.89,88,1,2026-05-24T00:00:00+07:00
INV-004622,SKU-0122,Home Item 0122,Home,WH019,Mekong Warehouse 019,Mekong,89,7,109.19,87,1,2026-05-24T00:00:00+07:00
INV-004623,SKU-0123,Grocery Item 0123,Grocery,WH019,Mekong Warehouse 019,Mekong,743,61,1402.71,95,1,2026-05-24T00:00:00+07:00
INV-004624,SKU-0124,Fashion Item 0124,Fashion,WH019,Mekong Warehouse 019,Mekong,552,48,686.25,25,1,2026-05-24T00:00:00+07:00
INV-004625,SKU-0125,Industrial Item 0125,Industrial,WH019,Mekong Warehouse 019,Mekong,673,16,1086.24,100,1,2026-05-24T00:00:00+07:00
INV-004626,SKU-0126,Electronics Item 0126,Electronics,WH019,Mekong Warehouse 019,Mekong,634,16,1849.08,107,1,2026-05-24T00:00:00+07:00
INV-004627,SKU-0127,Home Item 0127,Home,WH019,Mekong Warehouse 019,Mekong,745,10,41.82,85,1,2026-05-24T00:00:00+07:00
INV-004628,SKU-0128,Grocery Item 0128,Grocery,WH019,Mekong Warehouse 019,Mekong,777,54,1819.64,89,1,2026-05-24T00:00:00+07:00
INV-004629,SKU-0129,Fashion Item 0129,Fashion,WH019,Mekong Warehouse 019,Mekong,722,21,1260.64,40,1,2026-05-24T00:00:00+07:00
INV-004630,SKU-0130,Industrial Item 0130,Industrial,WH019,Mekong Warehouse 019,Mekong,352,41,1100.95,107,1,2026-05-24T00:00:00+07:00
INV-004631,SKU-0131,Electronics Item 0131,Electronics,WH019,Mekong Warehouse 019,Mekong,786,46,629.23,116,1,2026-05-24T00:00:00+07:00
INV-004632,SKU-0132,Home Item 0132,Home,WH019,Mekong Warehouse 019,Mekong,183,37,643.93,104,1,2026-05-24T00:00:00+07:00
INV-004633,SKU-0133,Grocery Item 0133,Grocery,WH019,Mekong Warehouse 019,Mekong,194,17,1226.01,50,1,2026-05-24T00:00:00+07:00
INV-004634,SKU-0134,Fashion Item 0134,Fashion,WH019,Mekong Warehouse 019,Mekong,305,7,198.08,47,1,2026-05-24T00:00:00+07:00
INV-004635,SKU-0135,Industrial Item 0135,Industrial,WH019,Mekong Warehouse 019,Mekong,552,14,2093.51,60,1,2026-05-24T00:00:00+07:00
INV-004636,SKU-0136,Electronics Item 0136,Electronics,WH019,Mekong Warehouse 019,Mekong,230,45,339.78,30,1,2026-05-24T00:00:00+07:00
INV-004637,SKU-0137,Home Item 0137,Home,WH019,Mekong Warehouse 019,Mekong,539,39,1738.70,115,1,2026-05-24T00:00:00+07:00
INV-004638,SKU-0138,Grocery Item 0138,Grocery,WH019,Mekong Warehouse 019,Mekong,742,51,1296.84,61,1,2026-05-24T00:00:00+07:00
INV-004639,SKU-0139,Fashion Item 0139,Fashion,WH019,Mekong Warehouse 019,Mekong,82,10,895.31,93,1,2026-05-24T00:00:00+07:00
INV-004640,SKU-0140,Industrial Item 0140,Industrial,WH019,Mekong Warehouse 019,Mekong,595,16,1990.22,37,1,2026-05-24T00:00:00+07:00
INV-004641,SKU-0141,Electronics Item 0141,Electronics,WH019,Mekong Warehouse 019,Mekong,371,18,679.13,39,1,2026-05-24T00:00:00+07:00
INV-004642,SKU-0142,Home Item 0142,Home,WH019,Mekong Warehouse 019,Mekong,765,36,2348.02,76,1,2026-05-24T00:00:00+07:00
INV-004643,SKU-0143,Grocery Item 0143,Grocery,WH019,Mekong Warehouse 019,Mekong,273,15,790.83,69,1,2026-05-24T00:00:00+07:00
INV-004644,SKU-0144,Fashion Item 0144,Fashion,WH019,Mekong Warehouse 019,Mekong,568,79,632.21,53,1,2026-05-24T00:00:00+07:00
INV-004645,SKU-0145,Industrial Item 0145,Industrial,WH019,Mekong Warehouse 019,Mekong,201,30,2111.34,102,1,2026-05-24T00:00:00+07:00
INV-004646,SKU-0146,Electronics Item 0146,Electronics,WH019,Mekong Warehouse 019,Mekong,633,11,1760.16,81,1,2026-05-24T00:00:00+07:00
INV-004647,SKU-0147,Home Item 0147,Home,WH019,Mekong Warehouse 019,Mekong,310,34,1279.65,96,1,2026-05-24T00:00:00+07:00
INV-004648,SKU-0148,Grocery Item 0148,Grocery,WH019,Mekong Warehouse 019,Mekong,521,27,963.07,106,1,2026-05-24T00:00:00+07:00
INV-004649,SKU-0149,Fashion Item 0149,Fashion,WH019,Mekong Warehouse 019,Mekong,151,10,1142.98,102,1,2026-05-24T00:00:00+07:00
INV-004650,SKU-0150,Industrial Item 0150,Industrial,WH019,Mekong Warehouse 019,Mekong,312,63,2461.05,35,1,2026-05-24T00:00:00+07:00
INV-004651,SKU-0151,Electronics Item 0151,Electronics,WH019,Mekong Warehouse 019,Mekong,116,4,1988.52,112,1,2026-05-24T00:00:00+07:00
INV-004652,SKU-0152,Home Item 0152,Home,WH019,Mekong Warehouse 019,Mekong,169,30,34.43,30,1,2026-05-24T00:00:00+07:00
INV-004653,SKU-0153,Grocery Item 0153,Grocery,WH019,Mekong Warehouse 019,Mekong,429,67,2459.39,56,1,2026-05-24T00:00:00+07:00
INV-004654,SKU-0154,Fashion Item 0154,Fashion,WH019,Mekong Warehouse 019,Mekong,569,78,668.13,84,1,2026-05-24T00:00:00+07:00
INV-004655,SKU-0155,Industrial Item 0155,Industrial,WH019,Mekong Warehouse 019,Mekong,273,24,499.68,111,1,2026-05-24T00:00:00+07:00
INV-004656,SKU-0156,Electronics Item 0156,Electronics,WH019,Mekong Warehouse 019,Mekong,227,48,1396.43,64,1,2026-05-24T00:00:00+07:00
INV-004657,SKU-0157,Home Item 0157,Home,WH019,Mekong Warehouse 019,Mekong,696,19,269.47,26,1,2026-05-24T00:00:00+07:00
INV-004658,SKU-0158,Grocery Item 0158,Grocery,WH019,Mekong Warehouse 019,Mekong,640,5,1003.18,86,1,2026-05-24T00:00:00+07:00
INV-004659,SKU-0159,Fashion Item 0159,Fashion,WH019,Mekong Warehouse 019,Mekong,541,44,227.91,85,1,2026-05-24T00:00:00+07:00
INV-004660,SKU-0160,Industrial Item 0160,Industrial,WH019,Mekong Warehouse 019,Mekong,200,25,288.92,118,1,2026-05-24T00:00:00+07:00
INV-004661,SKU-0161,Electronics Item 0161,Electronics,WH019,Mekong Warehouse 019,Mekong,366,17,565.79,83,1,2026-05-24T00:00:00+07:00
INV-004662,SKU-0162,Home Item 0162,Home,WH019,Mekong Warehouse 019,Mekong,141,4,464.93,96,1,2026-05-24T00:00:00+07:00
INV-004663,SKU-0163,Grocery Item 0163,Grocery,WH019,Mekong Warehouse 019,Mekong,147,5,2311.78,44,1,2026-05-24T00:00:00+07:00
INV-004664,SKU-0164,Fashion Item 0164,Fashion,WH019,Mekong Warehouse 019,Mekong,777,41,421.41,75,1,2026-05-24T00:00:00+07:00
INV-004665,SKU-0165,Industrial Item 0165,Industrial,WH019,Mekong Warehouse 019,Mekong,761,63,345.79,36,1,2026-05-24T00:00:00+07:00
INV-004666,SKU-0166,Electronics Item 0166,Electronics,WH019,Mekong Warehouse 019,Mekong,81,5,1668.45,76,1,2026-05-24T00:00:00+07:00
INV-004667,SKU-0167,Home Item 0167,Home,WH019,Mekong Warehouse 019,Mekong,152,13,2173.66,41,1,2026-05-24T00:00:00+07:00
INV-004668,SKU-0168,Grocery Item 0168,Grocery,WH019,Mekong Warehouse 019,Mekong,416,4,1625.74,76,1,2026-05-24T00:00:00+07:00
INV-004669,SKU-0169,Fashion Item 0169,Fashion,WH019,Mekong Warehouse 019,Mekong,128,4,909.51,37,1,2026-05-24T00:00:00+07:00
INV-004670,SKU-0170,Industrial Item 0170,Industrial,WH019,Mekong Warehouse 019,Mekong,656,32,1661.49,47,1,2026-05-24T00:00:00+07:00
INV-004671,SKU-0171,Electronics Item 0171,Electronics,WH019,Mekong Warehouse 019,Mekong,774,38,2200.32,84,1,2026-05-24T00:00:00+07:00
INV-004672,SKU-0172,Home Item 0172,Home,WH019,Mekong Warehouse 019,Mekong,745,35,1267.39,39,1,2026-05-24T00:00:00+07:00
INV-004673,SKU-0173,Grocery Item 0173,Grocery,WH019,Mekong Warehouse 019,Mekong,129,10,325.74,33,1,2026-05-24T00:00:00+07:00
INV-004674,SKU-0174,Fashion Item 0174,Fashion,WH019,Mekong Warehouse 019,Mekong,125,28,2438.13,101,1,2026-05-24T00:00:00+07:00
INV-004675,SKU-0175,Industrial Item 0175,Industrial,WH019,Mekong Warehouse 019,Mekong,741,10,89.26,103,1,2026-05-24T00:00:00+07:00
INV-004676,SKU-0176,Electronics Item 0176,Electronics,WH019,Mekong Warehouse 019,Mekong,682,41,110.03,91,1,2026-05-24T00:00:00+07:00
INV-004677,SKU-0177,Home Item 0177,Home,WH019,Mekong Warehouse 019,Mekong,146,10,1640.62,104,1,2026-05-24T00:00:00+07:00
INV-004678,SKU-0178,Grocery Item 0178,Grocery,WH019,Mekong Warehouse 019,Mekong,316,53,96.89,69,1,2026-05-24T00:00:00+07:00
INV-004679,SKU-0179,Fashion Item 0179,Fashion,WH019,Mekong Warehouse 019,Mekong,263,1,430.27,63,1,2026-05-24T00:00:00+07:00
INV-004680,SKU-0180,Industrial Item 0180,Industrial,WH019,Mekong Warehouse 019,Mekong,187,37,1456.94,37,1,2026-05-24T00:00:00+07:00
INV-004681,SKU-0181,Electronics Item 0181,Electronics,WH019,Mekong Warehouse 019,Mekong,343,40,2259.54,89,1,2026-05-24T00:00:00+07:00
INV-004682,SKU-0182,Home Item 0182,Home,WH019,Mekong Warehouse 019,Mekong,417,34,1826.21,95,1,2026-05-24T00:00:00+07:00
INV-004683,SKU-0183,Grocery Item 0183,Grocery,WH019,Mekong Warehouse 019,Mekong,574,57,601.60,108,1,2026-05-24T00:00:00+07:00
INV-004684,SKU-0184,Fashion Item 0184,Fashion,WH019,Mekong Warehouse 019,Mekong,333,16,1393.57,111,1,2026-05-24T00:00:00+07:00
INV-004685,SKU-0185,Industrial Item 0185,Industrial,WH019,Mekong Warehouse 019,Mekong,245,53,397.57,99,1,2026-05-24T00:00:00+07:00
INV-004686,SKU-0186,Electronics Item 0186,Electronics,WH019,Mekong Warehouse 019,Mekong,759,41,252.28,62,1,2026-05-24T00:00:00+07:00
INV-004687,SKU-0187,Home Item 0187,Home,WH019,Mekong Warehouse 019,Mekong,316,41,262.97,106,1,2026-05-24T00:00:00+07:00
INV-004688,SKU-0188,Grocery Item 0188,Grocery,WH019,Mekong Warehouse 019,Mekong,507,0,326.13,32,1,2026-05-24T00:00:00+07:00
INV-004689,SKU-0189,Fashion Item 0189,Fashion,WH019,Mekong Warehouse 019,Mekong,718,42,1720.98,31,1,2026-05-24T00:00:00+07:00
INV-004690,SKU-0190,Industrial Item 0190,Industrial,WH019,Mekong Warehouse 019,Mekong,369,56,588.53,116,1,2026-05-24T00:00:00+07:00
INV-004691,SKU-0191,Electronics Item 0191,Electronics,WH019,Mekong Warehouse 019,Mekong,609,69,226.40,92,1,2026-05-24T00:00:00+07:00
INV-004692,SKU-0192,Home Item 0192,Home,WH019,Mekong Warehouse 019,Mekong,282,45,1855.61,72,1,2026-05-24T00:00:00+07:00
INV-004693,SKU-0193,Grocery Item 0193,Grocery,WH019,Mekong Warehouse 019,Mekong,423,20,424.80,101,1,2026-05-24T00:00:00+07:00
INV-004694,SKU-0194,Fashion Item 0194,Fashion,WH019,Mekong Warehouse 019,Mekong,337,77,1841.04,45,1,2026-05-24T00:00:00+07:00
INV-004695,SKU-0195,Industrial Item 0195,Industrial,WH019,Mekong Warehouse 019,Mekong,353,51,815.78,56,1,2026-05-24T00:00:00+07:00
INV-004696,SKU-0196,Electronics Item 0196,Electronics,WH019,Mekong Warehouse 019,Mekong,291,44,2448.61,116,1,2026-05-24T00:00:00+07:00
INV-004697,SKU-0197,Home Item 0197,Home,WH019,Mekong Warehouse 019,Mekong,431,40,873.97,49,1,2026-05-24T00:00:00+07:00
INV-004698,SKU-0198,Grocery Item 0198,Grocery,WH019,Mekong Warehouse 019,Mekong,189,22,1605.80,104,1,2026-05-24T00:00:00+07:00
INV-004699,SKU-0199,Fashion Item 0199,Fashion,WH019,Mekong Warehouse 019,Mekong,112,23,1572.97,70,1,2026-05-24T00:00:00+07:00
INV-004700,SKU-0200,Industrial Item 0200,Industrial,WH019,Mekong Warehouse 019,Mekong,331,37,1308.10,113,1,2026-05-24T00:00:00+07:00
INV-004701,SKU-0201,Electronics Item 0201,Electronics,WH019,Mekong Warehouse 019,Mekong,617,15,1276.83,35,1,2026-05-24T00:00:00+07:00
INV-004702,SKU-0202,Home Item 0202,Home,WH019,Mekong Warehouse 019,Mekong,147,10,2434.88,96,1,2026-05-24T00:00:00+07:00
INV-004703,SKU-0203,Grocery Item 0203,Grocery,WH019,Mekong Warehouse 019,Mekong,651,27,2284.23,36,1,2026-05-24T00:00:00+07:00
INV-004704,SKU-0204,Fashion Item 0204,Fashion,WH019,Mekong Warehouse 019,Mekong,244,45,2286.28,35,1,2026-05-24T00:00:00+07:00
INV-004705,SKU-0205,Industrial Item 0205,Industrial,WH019,Mekong Warehouse 019,Mekong,332,58,65.55,120,1,2026-05-24T00:00:00+07:00
INV-004706,SKU-0206,Electronics Item 0206,Electronics,WH019,Mekong Warehouse 019,Mekong,719,23,1719.97,65,1,2026-05-24T00:00:00+07:00
INV-004707,SKU-0207,Home Item 0207,Home,WH019,Mekong Warehouse 019,Mekong,580,25,455.30,104,1,2026-05-24T00:00:00+07:00
INV-004708,SKU-0208,Grocery Item 0208,Grocery,WH019,Mekong Warehouse 019,Mekong,721,76,1414.50,73,1,2026-05-24T00:00:00+07:00
INV-004709,SKU-0209,Fashion Item 0209,Fashion,WH019,Mekong Warehouse 019,Mekong,138,4,207.85,59,1,2026-05-24T00:00:00+07:00
INV-004710,SKU-0210,Industrial Item 0210,Industrial,WH019,Mekong Warehouse 019,Mekong,549,43,566.57,47,1,2026-05-24T00:00:00+07:00
INV-004711,SKU-0211,Electronics Item 0211,Electronics,WH019,Mekong Warehouse 019,Mekong,164,34,811.64,90,1,2026-05-24T00:00:00+07:00
INV-004712,SKU-0212,Home Item 0212,Home,WH019,Mekong Warehouse 019,Mekong,748,27,1659.21,53,1,2026-05-24T00:00:00+07:00
INV-004713,SKU-0213,Grocery Item 0213,Grocery,WH019,Mekong Warehouse 019,Mekong,160,35,818.61,55,1,2026-05-24T00:00:00+07:00
INV-004714,SKU-0214,Fashion Item 0214,Fashion,WH019,Mekong Warehouse 019,Mekong,428,58,2163.52,48,1,2026-05-24T00:00:00+07:00
INV-004715,SKU-0215,Industrial Item 0215,Industrial,WH019,Mekong Warehouse 019,Mekong,195,15,1657.49,32,1,2026-05-24T00:00:00+07:00
INV-004716,SKU-0216,Electronics Item 0216,Electronics,WH019,Mekong Warehouse 019,Mekong,692,26,1095.08,84,1,2026-05-24T00:00:00+07:00
INV-004717,SKU-0217,Home Item 0217,Home,WH019,Mekong Warehouse 019,Mekong,713,67,1309.13,97,1,2026-05-24T00:00:00+07:00
INV-004718,SKU-0218,Grocery Item 0218,Grocery,WH019,Mekong Warehouse 019,Mekong,766,28,1365.41,109,1,2026-05-24T00:00:00+07:00
INV-004719,SKU-0219,Fashion Item 0219,Fashion,WH019,Mekong Warehouse 019,Mekong,288,46,1866.41,97,1,2026-05-24T00:00:00+07:00
INV-004720,SKU-0220,Industrial Item 0220,Industrial,WH019,Mekong Warehouse 019,Mekong,645,30,2491.47,87,1,2026-05-24T00:00:00+07:00
INV-004721,SKU-0221,Electronics Item 0221,Electronics,WH019,Mekong Warehouse 019,Mekong,518,44,1159.26,110,1,2026-05-24T00:00:00+07:00
INV-004722,SKU-0222,Home Item 0222,Home,WH019,Mekong Warehouse 019,Mekong,257,36,857.86,34,1,2026-05-24T00:00:00+07:00
INV-004723,SKU-0223,Grocery Item 0223,Grocery,WH019,Mekong Warehouse 019,Mekong,131,0,637.87,103,1,2026-05-24T00:00:00+07:00
INV-004724,SKU-0224,Fashion Item 0224,Fashion,WH019,Mekong Warehouse 019,Mekong,397,59,943.62,34,1,2026-05-24T00:00:00+07:00
INV-004725,SKU-0225,Industrial Item 0225,Industrial,WH019,Mekong Warehouse 019,Mekong,617,77,1365.65,120,1,2026-05-24T00:00:00+07:00
INV-004726,SKU-0226,Electronics Item 0226,Electronics,WH019,Mekong Warehouse 019,Mekong,401,10,2349.34,49,1,2026-05-24T00:00:00+07:00
INV-004727,SKU-0227,Home Item 0227,Home,WH019,Mekong Warehouse 019,Mekong,206,23,2190.35,78,1,2026-05-24T00:00:00+07:00
INV-004728,SKU-0228,Grocery Item 0228,Grocery,WH019,Mekong Warehouse 019,Mekong,484,57,206.70,70,1,2026-05-24T00:00:00+07:00
INV-004729,SKU-0229,Fashion Item 0229,Fashion,WH019,Mekong Warehouse 019,Mekong,84,11,1490.63,70,1,2026-05-24T00:00:00+07:00
INV-004730,SKU-0230,Industrial Item 0230,Industrial,WH019,Mekong Warehouse 019,Mekong,306,15,654.97,71,1,2026-05-24T00:00:00+07:00
INV-004731,SKU-0231,Electronics Item 0231,Electronics,WH019,Mekong Warehouse 019,Mekong,584,10,19.58,65,1,2026-05-24T00:00:00+07:00
INV-004732,SKU-0232,Home Item 0232,Home,WH019,Mekong Warehouse 019,Mekong,97,24,1129.92,62,1,2026-05-24T00:00:00+07:00
INV-004733,SKU-0233,Grocery Item 0233,Grocery,WH019,Mekong Warehouse 019,Mekong,363,49,2426.68,84,1,2026-05-24T00:00:00+07:00
INV-004734,SKU-0234,Fashion Item 0234,Fashion,WH019,Mekong Warehouse 019,Mekong,777,56,889.90,98,1,2026-05-24T00:00:00+07:00
INV-004735,SKU-0235,Industrial Item 0235,Industrial,WH019,Mekong Warehouse 019,Mekong,292,53,1835.24,57,1,2026-05-24T00:00:00+07:00
INV-004736,SKU-0236,Electronics Item 0236,Electronics,WH019,Mekong Warehouse 019,Mekong,673,13,1949.10,79,1,2026-05-24T00:00:00+07:00
INV-004737,SKU-0237,Home Item 0237,Home,WH019,Mekong Warehouse 019,Mekong,355,73,1006.61,38,1,2026-05-24T00:00:00+07:00
INV-004738,SKU-0238,Grocery Item 0238,Grocery,WH019,Mekong Warehouse 019,Mekong,522,38,1380.74,58,1,2026-05-24T00:00:00+07:00
INV-004739,SKU-0239,Fashion Item 0239,Fashion,WH019,Mekong Warehouse 019,Mekong,160,31,707.07,118,1,2026-05-24T00:00:00+07:00
INV-004740,SKU-0240,Industrial Item 0240,Industrial,WH019,Mekong Warehouse 019,Mekong,516,2,1381.94,91,1,2026-05-24T00:00:00+07:00
INV-004741,SKU-0241,Electronics Item 0241,Electronics,WH019,Mekong Warehouse 019,Mekong,684,58,682.58,82,1,2026-05-24T00:00:00+07:00
INV-004742,SKU-0242,Home Item 0242,Home,WH019,Mekong Warehouse 019,Mekong,89,8,1541.11,62,1,2026-05-24T00:00:00+07:00
INV-004743,SKU-0243,Grocery Item 0243,Grocery,WH019,Mekong Warehouse 019,Mekong,775,53,79.11,70,1,2026-05-24T00:00:00+07:00
INV-004744,SKU-0244,Fashion Item 0244,Fashion,WH019,Mekong Warehouse 019,Mekong,694,73,769.19,117,1,2026-05-24T00:00:00+07:00
INV-004745,SKU-0245,Industrial Item 0245,Industrial,WH019,Mekong Warehouse 019,Mekong,735,41,453.41,101,1,2026-05-24T00:00:00+07:00
INV-004746,SKU-0246,Electronics Item 0246,Electronics,WH019,Mekong Warehouse 019,Mekong,342,63,1155.81,119,1,2026-05-24T00:00:00+07:00
INV-004747,SKU-0247,Home Item 0247,Home,WH019,Mekong Warehouse 019,Mekong,353,11,1325.00,37,1,2026-05-24T00:00:00+07:00
INV-004748,SKU-0248,Grocery Item 0248,Grocery,WH019,Mekong Warehouse 019,Mekong,730,48,2166.12,105,1,2026-05-24T00:00:00+07:00
INV-004749,SKU-0249,Fashion Item 0249,Fashion,WH019,Mekong Warehouse 019,Mekong,690,19,2141.11,104,1,2026-05-24T00:00:00+07:00
INV-004750,SKU-0250,Industrial Item 0250,Industrial,WH019,Mekong Warehouse 019,Mekong,315,34,597.98,113,1,2026-05-24T00:00:00+07:00
INV-004751,SKU-0001,Home Item 0001,Home,WH020,Mekong Warehouse 020,Mekong,170,17,1987.41,100,1,2026-05-24T00:00:00+07:00
INV-004752,SKU-0002,Grocery Item 0002,Grocery,WH020,Mekong Warehouse 020,Mekong,361,68,878.68,86,1,2026-05-24T00:00:00+07:00
INV-004753,SKU-0003,Fashion Item 0003,Fashion,WH020,Mekong Warehouse 020,Mekong,392,18,2429.70,62,1,2026-05-24T00:00:00+07:00
INV-004754,SKU-0004,Industrial Item 0004,Industrial,WH020,Mekong Warehouse 020,Mekong,600,25,2110.75,64,1,2026-05-24T00:00:00+07:00
INV-004755,SKU-0005,Electronics Item 0005,Electronics,WH020,Mekong Warehouse 020,Mekong,678,61,2173.67,65,1,2026-05-24T00:00:00+07:00
INV-004756,SKU-0006,Home Item 0006,Home,WH020,Mekong Warehouse 020,Mekong,469,19,2464.22,69,1,2026-05-24T00:00:00+07:00
INV-004757,SKU-0007,Grocery Item 0007,Grocery,WH020,Mekong Warehouse 020,Mekong,436,63,435.10,82,1,2026-05-24T00:00:00+07:00
INV-004758,SKU-0008,Fashion Item 0008,Fashion,WH020,Mekong Warehouse 020,Mekong,295,27,2235.67,88,1,2026-05-24T00:00:00+07:00
INV-004759,SKU-0009,Industrial Item 0009,Industrial,WH020,Mekong Warehouse 020,Mekong,713,41,1801.25,63,1,2026-05-24T00:00:00+07:00
INV-004760,SKU-0010,Electronics Item 0010,Electronics,WH020,Mekong Warehouse 020,Mekong,642,63,938.34,51,1,2026-05-24T00:00:00+07:00
INV-004761,SKU-0011,Home Item 0011,Home,WH020,Mekong Warehouse 020,Mekong,509,72,310.22,34,1,2026-05-24T00:00:00+07:00
INV-004762,SKU-0012,Grocery Item 0012,Grocery,WH020,Mekong Warehouse 020,Mekong,714,46,1976.20,45,1,2026-05-24T00:00:00+07:00
INV-004763,SKU-0013,Fashion Item 0013,Fashion,WH020,Mekong Warehouse 020,Mekong,590,58,1132.25,45,1,2026-05-24T00:00:00+07:00
INV-004764,SKU-0014,Industrial Item 0014,Industrial,WH020,Mekong Warehouse 020,Mekong,761,3,1671.69,90,1,2026-05-24T00:00:00+07:00
INV-004765,SKU-0015,Electronics Item 0015,Electronics,WH020,Mekong Warehouse 020,Mekong,215,11,1777.47,25,1,2026-05-24T00:00:00+07:00
INV-004766,SKU-0016,Home Item 0016,Home,WH020,Mekong Warehouse 020,Mekong,402,65,1017.20,114,1,2026-05-24T00:00:00+07:00
INV-004767,SKU-0017,Grocery Item 0017,Grocery,WH020,Mekong Warehouse 020,Mekong,773,63,539.19,107,1,2026-05-24T00:00:00+07:00
INV-004768,SKU-0018,Fashion Item 0018,Fashion,WH020,Mekong Warehouse 020,Mekong,492,80,812.46,50,1,2026-05-24T00:00:00+07:00
INV-004769,SKU-0019,Industrial Item 0019,Industrial,WH020,Mekong Warehouse 020,Mekong,498,69,1052.62,66,1,2026-05-24T00:00:00+07:00
INV-004770,SKU-0020,Electronics Item 0020,Electronics,WH020,Mekong Warehouse 020,Mekong,606,72,429.64,97,1,2026-05-24T00:00:00+07:00
INV-004771,SKU-0021,Home Item 0021,Home,WH020,Mekong Warehouse 020,Mekong,686,48,1524.70,73,1,2026-05-24T00:00:00+07:00
INV-004772,SKU-0022,Grocery Item 0022,Grocery,WH020,Mekong Warehouse 020,Mekong,277,26,875.47,47,1,2026-05-24T00:00:00+07:00
INV-004773,SKU-0023,Fashion Item 0023,Fashion,WH020,Mekong Warehouse 020,Mekong,432,72,459.00,96,1,2026-05-24T00:00:00+07:00
INV-004774,SKU-0024,Industrial Item 0024,Industrial,WH020,Mekong Warehouse 020,Mekong,209,27,2439.27,112,1,2026-05-24T00:00:00+07:00
INV-004775,SKU-0025,Electronics Item 0025,Electronics,WH020,Mekong Warehouse 020,Mekong,729,13,1734.86,54,1,2026-05-24T00:00:00+07:00
INV-004776,SKU-0026,Home Item 0026,Home,WH020,Mekong Warehouse 020,Mekong,654,11,2285.95,38,1,2026-05-24T00:00:00+07:00
INV-004777,SKU-0027,Grocery Item 0027,Grocery,WH020,Mekong Warehouse 020,Mekong,80,0,1618.18,69,1,2026-05-24T00:00:00+07:00
INV-004778,SKU-0028,Fashion Item 0028,Fashion,WH020,Mekong Warehouse 020,Mekong,100,11,934.59,31,1,2026-05-24T00:00:00+07:00
INV-004779,SKU-0029,Industrial Item 0029,Industrial,WH020,Mekong Warehouse 020,Mekong,478,53,259.33,64,1,2026-05-24T00:00:00+07:00
INV-004780,SKU-0030,Electronics Item 0030,Electronics,WH020,Mekong Warehouse 020,Mekong,634,6,1566.73,101,1,2026-05-24T00:00:00+07:00
INV-004781,SKU-0031,Home Item 0031,Home,WH020,Mekong Warehouse 020,Mekong,251,17,1036.30,27,1,2026-05-24T00:00:00+07:00
INV-004782,SKU-0032,Grocery Item 0032,Grocery,WH020,Mekong Warehouse 020,Mekong,183,12,710.84,103,1,2026-05-24T00:00:00+07:00
INV-004783,SKU-0033,Fashion Item 0033,Fashion,WH020,Mekong Warehouse 020,Mekong,674,30,1784.06,120,1,2026-05-24T00:00:00+07:00
INV-004784,SKU-0034,Industrial Item 0034,Industrial,WH020,Mekong Warehouse 020,Mekong,703,33,539.92,50,1,2026-05-24T00:00:00+07:00
INV-004785,SKU-0035,Electronics Item 0035,Electronics,WH020,Mekong Warehouse 020,Mekong,320,70,1133.83,83,1,2026-05-24T00:00:00+07:00
INV-004786,SKU-0036,Home Item 0036,Home,WH020,Mekong Warehouse 020,Mekong,494,32,1658.43,45,1,2026-05-24T00:00:00+07:00
INV-004787,SKU-0037,Grocery Item 0037,Grocery,WH020,Mekong Warehouse 020,Mekong,105,15,121.45,46,1,2026-05-24T00:00:00+07:00
INV-004788,SKU-0038,Fashion Item 0038,Fashion,WH020,Mekong Warehouse 020,Mekong,298,36,851.33,61,1,2026-05-24T00:00:00+07:00
INV-004789,SKU-0039,Industrial Item 0039,Industrial,WH020,Mekong Warehouse 020,Mekong,306,58,1479.76,51,1,2026-05-24T00:00:00+07:00
INV-004790,SKU-0040,Electronics Item 0040,Electronics,WH020,Mekong Warehouse 020,Mekong,684,63,730.38,56,1,2026-05-24T00:00:00+07:00
INV-004791,SKU-0041,Home Item 0041,Home,WH020,Mekong Warehouse 020,Mekong,646,19,1947.94,33,1,2026-05-24T00:00:00+07:00
INV-004792,SKU-0042,Grocery Item 0042,Grocery,WH020,Mekong Warehouse 020,Mekong,612,28,281.54,81,1,2026-05-24T00:00:00+07:00
INV-004793,SKU-0043,Fashion Item 0043,Fashion,WH020,Mekong Warehouse 020,Mekong,446,65,926.64,118,1,2026-05-24T00:00:00+07:00
INV-004794,SKU-0044,Industrial Item 0044,Industrial,WH020,Mekong Warehouse 020,Mekong,573,23,2320.61,96,1,2026-05-24T00:00:00+07:00
INV-004795,SKU-0045,Electronics Item 0045,Electronics,WH020,Mekong Warehouse 020,Mekong,606,10,110.65,52,1,2026-05-24T00:00:00+07:00
INV-004796,SKU-0046,Home Item 0046,Home,WH020,Mekong Warehouse 020,Mekong,357,7,2234.23,113,1,2026-05-24T00:00:00+07:00
INV-004797,SKU-0047,Grocery Item 0047,Grocery,WH020,Mekong Warehouse 020,Mekong,148,37,1606.88,42,1,2026-05-24T00:00:00+07:00
INV-004798,SKU-0048,Fashion Item 0048,Fashion,WH020,Mekong Warehouse 020,Mekong,480,59,170.43,83,1,2026-05-24T00:00:00+07:00
INV-004799,SKU-0049,Industrial Item 0049,Industrial,WH020,Mekong Warehouse 020,Mekong,411,43,294.58,64,1,2026-05-24T00:00:00+07:00
INV-004800,SKU-0050,Electronics Item 0050,Electronics,WH020,Mekong Warehouse 020,Mekong,549,49,547.66,34,1,2026-05-24T00:00:00+07:00
INV-004801,SKU-0051,Home Item 0051,Home,WH020,Mekong Warehouse 020,Mekong,231,43,559.88,82,1,2026-05-24T00:00:00+07:00
INV-004802,SKU-0052,Grocery Item 0052,Grocery,WH020,Mekong Warehouse 020,Mekong,111,9,809.63,107,1,2026-05-24T00:00:00+07:00
INV-004803,SKU-0053,Fashion Item 0053,Fashion,WH020,Mekong Warehouse 020,Mekong,202,16,1786.38,38,1,2026-05-24T00:00:00+07:00
INV-004804,SKU-0054,Industrial Item 0054,Industrial,WH020,Mekong Warehouse 020,Mekong,136,21,2351.24,54,1,2026-05-24T00:00:00+07:00
INV-004805,SKU-0055,Electronics Item 0055,Electronics,WH020,Mekong Warehouse 020,Mekong,564,42,1110.81,31,1,2026-05-24T00:00:00+07:00
INV-004806,SKU-0056,Home Item 0056,Home,WH020,Mekong Warehouse 020,Mekong,395,60,919.22,47,1,2026-05-24T00:00:00+07:00
INV-004807,SKU-0057,Grocery Item 0057,Grocery,WH020,Mekong Warehouse 020,Mekong,190,5,2306.54,112,1,2026-05-24T00:00:00+07:00
INV-004808,SKU-0058,Fashion Item 0058,Fashion,WH020,Mekong Warehouse 020,Mekong,263,18,1615.09,106,1,2026-05-24T00:00:00+07:00
INV-004809,SKU-0059,Industrial Item 0059,Industrial,WH020,Mekong Warehouse 020,Mekong,180,31,524.47,39,1,2026-05-24T00:00:00+07:00
INV-004810,SKU-0060,Electronics Item 0060,Electronics,WH020,Mekong Warehouse 020,Mekong,250,59,1436.06,95,1,2026-05-24T00:00:00+07:00
INV-004811,SKU-0061,Home Item 0061,Home,WH020,Mekong Warehouse 020,Mekong,284,11,171.40,58,1,2026-05-24T00:00:00+07:00
INV-004812,SKU-0062,Grocery Item 0062,Grocery,WH020,Mekong Warehouse 020,Mekong,458,51,316.20,27,1,2026-05-24T00:00:00+07:00
INV-004813,SKU-0063,Fashion Item 0063,Fashion,WH020,Mekong Warehouse 020,Mekong,211,2,2243.54,79,1,2026-05-24T00:00:00+07:00
INV-004814,SKU-0064,Industrial Item 0064,Industrial,WH020,Mekong Warehouse 020,Mekong,664,25,715.20,100,1,2026-05-24T00:00:00+07:00
INV-004815,SKU-0065,Electronics Item 0065,Electronics,WH020,Mekong Warehouse 020,Mekong,87,14,792.99,31,1,2026-05-24T00:00:00+07:00
INV-004816,SKU-0066,Home Item 0066,Home,WH020,Mekong Warehouse 020,Mekong,633,50,1400.24,114,1,2026-05-24T00:00:00+07:00
INV-004817,SKU-0067,Grocery Item 0067,Grocery,WH020,Mekong Warehouse 020,Mekong,270,6,343.65,76,1,2026-05-24T00:00:00+07:00
INV-004818,SKU-0068,Fashion Item 0068,Fashion,WH020,Mekong Warehouse 020,Mekong,566,78,1949.49,119,1,2026-05-24T00:00:00+07:00
INV-004819,SKU-0069,Industrial Item 0069,Industrial,WH020,Mekong Warehouse 020,Mekong,104,0,1699.07,73,1,2026-05-24T00:00:00+07:00
INV-004820,SKU-0070,Electronics Item 0070,Electronics,WH020,Mekong Warehouse 020,Mekong,776,52,2463.74,36,1,2026-05-24T00:00:00+07:00
INV-004821,SKU-0071,Home Item 0071,Home,WH020,Mekong Warehouse 020,Mekong,738,46,75.64,68,1,2026-05-24T00:00:00+07:00
INV-004822,SKU-0072,Grocery Item 0072,Grocery,WH020,Mekong Warehouse 020,Mekong,411,48,2341.20,66,1,2026-05-24T00:00:00+07:00
INV-004823,SKU-0073,Fashion Item 0073,Fashion,WH020,Mekong Warehouse 020,Mekong,590,34,2350.60,116,1,2026-05-24T00:00:00+07:00
INV-004824,SKU-0074,Industrial Item 0074,Industrial,WH020,Mekong Warehouse 020,Mekong,419,18,1435.36,65,1,2026-05-24T00:00:00+07:00
INV-004825,SKU-0075,Electronics Item 0075,Electronics,WH020,Mekong Warehouse 020,Mekong,711,28,693.89,62,1,2026-05-24T00:00:00+07:00
INV-004826,SKU-0076,Home Item 0076,Home,WH020,Mekong Warehouse 020,Mekong,722,14,1657.84,33,1,2026-05-24T00:00:00+07:00
INV-004827,SKU-0077,Grocery Item 0077,Grocery,WH020,Mekong Warehouse 020,Mekong,204,37,397.66,41,1,2026-05-24T00:00:00+07:00
INV-004828,SKU-0078,Fashion Item 0078,Fashion,WH020,Mekong Warehouse 020,Mekong,271,59,455.48,35,1,2026-05-24T00:00:00+07:00
INV-004829,SKU-0079,Industrial Item 0079,Industrial,WH020,Mekong Warehouse 020,Mekong,752,50,2363.00,95,1,2026-05-24T00:00:00+07:00
INV-004830,SKU-0080,Electronics Item 0080,Electronics,WH020,Mekong Warehouse 020,Mekong,390,16,968.74,97,1,2026-05-24T00:00:00+07:00
INV-004831,SKU-0081,Home Item 0081,Home,WH020,Mekong Warehouse 020,Mekong,559,21,21.42,58,1,2026-05-24T00:00:00+07:00
INV-004832,SKU-0082,Grocery Item 0082,Grocery,WH020,Mekong Warehouse 020,Mekong,649,76,855.68,54,1,2026-05-24T00:00:00+07:00
INV-004833,SKU-0083,Fashion Item 0083,Fashion,WH020,Mekong Warehouse 020,Mekong,586,72,2338.53,55,1,2026-05-24T00:00:00+07:00
INV-004834,SKU-0084,Industrial Item 0084,Industrial,WH020,Mekong Warehouse 020,Mekong,610,61,1242.98,83,1,2026-05-24T00:00:00+07:00
INV-004835,SKU-0085,Electronics Item 0085,Electronics,WH020,Mekong Warehouse 020,Mekong,785,40,548.57,66,1,2026-05-24T00:00:00+07:00
INV-004836,SKU-0086,Home Item 0086,Home,WH020,Mekong Warehouse 020,Mekong,302,48,866.10,92,1,2026-05-24T00:00:00+07:00
INV-004837,SKU-0087,Grocery Item 0087,Grocery,WH020,Mekong Warehouse 020,Mekong,295,16,487.35,43,1,2026-05-24T00:00:00+07:00
INV-004838,SKU-0088,Fashion Item 0088,Fashion,WH020,Mekong Warehouse 020,Mekong,282,58,299.98,30,1,2026-05-24T00:00:00+07:00
INV-004839,SKU-0089,Industrial Item 0089,Industrial,WH020,Mekong Warehouse 020,Mekong,165,12,1177.00,35,1,2026-05-24T00:00:00+07:00
INV-004840,SKU-0090,Electronics Item 0090,Electronics,WH020,Mekong Warehouse 020,Mekong,226,39,845.76,69,1,2026-05-24T00:00:00+07:00
INV-004841,SKU-0091,Home Item 0091,Home,WH020,Mekong Warehouse 020,Mekong,664,35,1544.77,96,1,2026-05-24T00:00:00+07:00
INV-004842,SKU-0092,Grocery Item 0092,Grocery,WH020,Mekong Warehouse 020,Mekong,783,59,9.74,104,1,2026-05-24T00:00:00+07:00
INV-004843,SKU-0093,Fashion Item 0093,Fashion,WH020,Mekong Warehouse 020,Mekong,608,1,1058.98,91,1,2026-05-24T00:00:00+07:00
INV-004844,SKU-0094,Industrial Item 0094,Industrial,WH020,Mekong Warehouse 020,Mekong,560,70,1293.36,29,1,2026-05-24T00:00:00+07:00
INV-004845,SKU-0095,Electronics Item 0095,Electronics,WH020,Mekong Warehouse 020,Mekong,166,10,2136.83,73,1,2026-05-24T00:00:00+07:00
INV-004846,SKU-0096,Home Item 0096,Home,WH020,Mekong Warehouse 020,Mekong,249,54,2029.99,117,1,2026-05-24T00:00:00+07:00
INV-004847,SKU-0097,Grocery Item 0097,Grocery,WH020,Mekong Warehouse 020,Mekong,493,33,486.37,75,1,2026-05-24T00:00:00+07:00
INV-004848,SKU-0098,Fashion Item 0098,Fashion,WH020,Mekong Warehouse 020,Mekong,729,71,1365.74,89,1,2026-05-24T00:00:00+07:00
INV-004849,SKU-0099,Industrial Item 0099,Industrial,WH020,Mekong Warehouse 020,Mekong,329,68,371.10,27,1,2026-05-24T00:00:00+07:00
INV-004850,SKU-0100,Electronics Item 0100,Electronics,WH020,Mekong Warehouse 020,Mekong,767,19,976.71,40,1,2026-05-24T00:00:00+07:00
INV-004851,SKU-0101,Home Item 0101,Home,WH020,Mekong Warehouse 020,Mekong,502,36,1770.40,90,1,2026-05-24T00:00:00+07:00
INV-004852,SKU-0102,Grocery Item 0102,Grocery,WH020,Mekong Warehouse 020,Mekong,439,34,513.76,45,1,2026-05-24T00:00:00+07:00
INV-004853,SKU-0103,Fashion Item 0103,Fashion,WH020,Mekong Warehouse 020,Mekong,462,52,1133.99,88,1,2026-05-24T00:00:00+07:00
INV-004854,SKU-0104,Industrial Item 0104,Industrial,WH020,Mekong Warehouse 020,Mekong,280,11,2403.73,63,1,2026-05-24T00:00:00+07:00
INV-004855,SKU-0105,Electronics Item 0105,Electronics,WH020,Mekong Warehouse 020,Mekong,283,51,2488.08,119,1,2026-05-24T00:00:00+07:00
INV-004856,SKU-0106,Home Item 0106,Home,WH020,Mekong Warehouse 020,Mekong,388,15,2498.18,79,1,2026-05-24T00:00:00+07:00
INV-004857,SKU-0107,Grocery Item 0107,Grocery,WH020,Mekong Warehouse 020,Mekong,676,66,2164.29,108,1,2026-05-24T00:00:00+07:00
INV-004858,SKU-0108,Fashion Item 0108,Fashion,WH020,Mekong Warehouse 020,Mekong,389,29,927.15,102,1,2026-05-24T00:00:00+07:00
INV-004859,SKU-0109,Industrial Item 0109,Industrial,WH020,Mekong Warehouse 020,Mekong,532,55,1630.29,63,1,2026-05-24T00:00:00+07:00
INV-004860,SKU-0110,Electronics Item 0110,Electronics,WH020,Mekong Warehouse 020,Mekong,403,51,1828.35,114,1,2026-05-24T00:00:00+07:00
INV-004861,SKU-0111,Home Item 0111,Home,WH020,Mekong Warehouse 020,Mekong,483,66,1229.28,103,1,2026-05-24T00:00:00+07:00
INV-004862,SKU-0112,Grocery Item 0112,Grocery,WH020,Mekong Warehouse 020,Mekong,598,49,1889.38,100,1,2026-05-24T00:00:00+07:00
INV-004863,SKU-0113,Fashion Item 0113,Fashion,WH020,Mekong Warehouse 020,Mekong,498,0,2178.98,44,1,2026-05-24T00:00:00+07:00
INV-004864,SKU-0114,Industrial Item 0114,Industrial,WH020,Mekong Warehouse 020,Mekong,770,6,2383.46,37,1,2026-05-24T00:00:00+07:00
INV-004865,SKU-0115,Electronics Item 0115,Electronics,WH020,Mekong Warehouse 020,Mekong,267,14,462.37,52,1,2026-05-24T00:00:00+07:00
INV-004866,SKU-0116,Home Item 0116,Home,WH020,Mekong Warehouse 020,Mekong,429,59,2224.34,96,1,2026-05-24T00:00:00+07:00
INV-004867,SKU-0117,Grocery Item 0117,Grocery,WH020,Mekong Warehouse 020,Mekong,473,16,1166.91,43,1,2026-05-24T00:00:00+07:00
INV-004868,SKU-0118,Fashion Item 0118,Fashion,WH020,Mekong Warehouse 020,Mekong,366,64,1789.92,96,1,2026-05-24T00:00:00+07:00
INV-004869,SKU-0119,Industrial Item 0119,Industrial,WH020,Mekong Warehouse 020,Mekong,687,24,1180.81,53,1,2026-05-24T00:00:00+07:00
INV-004870,SKU-0120,Electronics Item 0120,Electronics,WH020,Mekong Warehouse 020,Mekong,168,29,57.11,75,1,2026-05-24T00:00:00+07:00
INV-004871,SKU-0121,Home Item 0121,Home,WH020,Mekong Warehouse 020,Mekong,355,65,485.72,95,1,2026-05-24T00:00:00+07:00
INV-004872,SKU-0122,Grocery Item 0122,Grocery,WH020,Mekong Warehouse 020,Mekong,599,56,1675.69,110,1,2026-05-24T00:00:00+07:00
INV-004873,SKU-0123,Fashion Item 0123,Fashion,WH020,Mekong Warehouse 020,Mekong,586,2,581.91,91,1,2026-05-24T00:00:00+07:00
INV-004874,SKU-0124,Industrial Item 0124,Industrial,WH020,Mekong Warehouse 020,Mekong,694,5,1062.57,97,1,2026-05-24T00:00:00+07:00
INV-004875,SKU-0125,Electronics Item 0125,Electronics,WH020,Mekong Warehouse 020,Mekong,619,70,2309.79,92,1,2026-05-24T00:00:00+07:00
INV-004876,SKU-0126,Home Item 0126,Home,WH020,Mekong Warehouse 020,Mekong,582,5,2128.37,31,1,2026-05-24T00:00:00+07:00
INV-004877,SKU-0127,Grocery Item 0127,Grocery,WH020,Mekong Warehouse 020,Mekong,483,23,1671.01,107,1,2026-05-24T00:00:00+07:00
INV-004878,SKU-0128,Fashion Item 0128,Fashion,WH020,Mekong Warehouse 020,Mekong,498,10,2301.58,111,1,2026-05-24T00:00:00+07:00
INV-004879,SKU-0129,Industrial Item 0129,Industrial,WH020,Mekong Warehouse 020,Mekong,102,0,1644.57,36,1,2026-05-24T00:00:00+07:00
INV-004880,SKU-0130,Electronics Item 0130,Electronics,WH020,Mekong Warehouse 020,Mekong,415,19,1957.68,107,1,2026-05-24T00:00:00+07:00
INV-004881,SKU-0131,Home Item 0131,Home,WH020,Mekong Warehouse 020,Mekong,190,8,2282.16,118,1,2026-05-24T00:00:00+07:00
INV-004882,SKU-0132,Grocery Item 0132,Grocery,WH020,Mekong Warehouse 020,Mekong,570,42,452.92,28,1,2026-05-24T00:00:00+07:00
INV-004883,SKU-0133,Fashion Item 0133,Fashion,WH020,Mekong Warehouse 020,Mekong,594,5,2348.26,69,1,2026-05-24T00:00:00+07:00
INV-004884,SKU-0134,Industrial Item 0134,Industrial,WH020,Mekong Warehouse 020,Mekong,769,32,747.53,30,1,2026-05-24T00:00:00+07:00
INV-004885,SKU-0135,Electronics Item 0135,Electronics,WH020,Mekong Warehouse 020,Mekong,685,54,212.49,73,1,2026-05-24T00:00:00+07:00
INV-004886,SKU-0136,Home Item 0136,Home,WH020,Mekong Warehouse 020,Mekong,528,41,2143.10,82,1,2026-05-24T00:00:00+07:00
INV-004887,SKU-0137,Grocery Item 0137,Grocery,WH020,Mekong Warehouse 020,Mekong,693,28,313.98,33,1,2026-05-24T00:00:00+07:00
INV-004888,SKU-0138,Fashion Item 0138,Fashion,WH020,Mekong Warehouse 020,Mekong,757,41,1550.60,66,1,2026-05-24T00:00:00+07:00
INV-004889,SKU-0139,Industrial Item 0139,Industrial,WH020,Mekong Warehouse 020,Mekong,236,13,20.41,76,1,2026-05-24T00:00:00+07:00
INV-004890,SKU-0140,Electronics Item 0140,Electronics,WH020,Mekong Warehouse 020,Mekong,225,54,2275.21,28,1,2026-05-24T00:00:00+07:00
INV-004891,SKU-0141,Home Item 0141,Home,WH020,Mekong Warehouse 020,Mekong,659,76,814.73,90,1,2026-05-24T00:00:00+07:00
INV-004892,SKU-0142,Grocery Item 0142,Grocery,WH020,Mekong Warehouse 020,Mekong,180,43,708.38,45,1,2026-05-24T00:00:00+07:00
INV-004893,SKU-0143,Fashion Item 0143,Fashion,WH020,Mekong Warehouse 020,Mekong,795,11,1153.76,68,1,2026-05-24T00:00:00+07:00
INV-004894,SKU-0144,Industrial Item 0144,Industrial,WH020,Mekong Warehouse 020,Mekong,219,41,740.66,51,1,2026-05-24T00:00:00+07:00
INV-004895,SKU-0145,Electronics Item 0145,Electronics,WH020,Mekong Warehouse 020,Mekong,566,32,1445.39,112,1,2026-05-24T00:00:00+07:00
INV-004896,SKU-0146,Home Item 0146,Home,WH020,Mekong Warehouse 020,Mekong,158,0,1820.63,92,1,2026-05-24T00:00:00+07:00
INV-004897,SKU-0147,Grocery Item 0147,Grocery,WH020,Mekong Warehouse 020,Mekong,741,75,1857.80,36,1,2026-05-24T00:00:00+07:00
INV-004898,SKU-0148,Fashion Item 0148,Fashion,WH020,Mekong Warehouse 020,Mekong,527,58,904.08,65,1,2026-05-24T00:00:00+07:00
INV-004899,SKU-0149,Industrial Item 0149,Industrial,WH020,Mekong Warehouse 020,Mekong,786,58,196.83,94,1,2026-05-24T00:00:00+07:00
INV-004900,SKU-0150,Electronics Item 0150,Electronics,WH020,Mekong Warehouse 020,Mekong,290,68,1286.39,75,1,2026-05-24T00:00:00+07:00
INV-004901,SKU-0151,Home Item 0151,Home,WH020,Mekong Warehouse 020,Mekong,549,50,518.06,38,1,2026-05-24T00:00:00+07:00
INV-004902,SKU-0152,Grocery Item 0152,Grocery,WH020,Mekong Warehouse 020,Mekong,734,40,911.10,81,1,2026-05-24T00:00:00+07:00
INV-004903,SKU-0153,Fashion Item 0153,Fashion,WH020,Mekong Warehouse 020,Mekong,670,48,896.21,119,1,2026-05-24T00:00:00+07:00
INV-004904,SKU-0154,Industrial Item 0154,Industrial,WH020,Mekong Warehouse 020,Mekong,499,75,486.90,76,1,2026-05-24T00:00:00+07:00
INV-004905,SKU-0155,Electronics Item 0155,Electronics,WH020,Mekong Warehouse 020,Mekong,507,30,579.36,110,1,2026-05-24T00:00:00+07:00
INV-004906,SKU-0156,Home Item 0156,Home,WH020,Mekong Warehouse 020,Mekong,219,35,481.48,111,1,2026-05-24T00:00:00+07:00
INV-004907,SKU-0157,Grocery Item 0157,Grocery,WH020,Mekong Warehouse 020,Mekong,508,67,1167.30,45,1,2026-05-24T00:00:00+07:00
INV-004908,SKU-0158,Fashion Item 0158,Fashion,WH020,Mekong Warehouse 020,Mekong,490,64,2263.14,80,1,2026-05-24T00:00:00+07:00
INV-004909,SKU-0159,Industrial Item 0159,Industrial,WH020,Mekong Warehouse 020,Mekong,538,42,188.16,96,1,2026-05-24T00:00:00+07:00
INV-004910,SKU-0160,Electronics Item 0160,Electronics,WH020,Mekong Warehouse 020,Mekong,728,77,1393.62,75,1,2026-05-24T00:00:00+07:00
INV-004911,SKU-0161,Home Item 0161,Home,WH020,Mekong Warehouse 020,Mekong,643,7,1258.43,35,1,2026-05-24T00:00:00+07:00
INV-004912,SKU-0162,Grocery Item 0162,Grocery,WH020,Mekong Warehouse 020,Mekong,278,32,2301.47,74,1,2026-05-24T00:00:00+07:00
INV-004913,SKU-0163,Fashion Item 0163,Fashion,WH020,Mekong Warehouse 020,Mekong,496,66,1773.80,83,1,2026-05-24T00:00:00+07:00
INV-004914,SKU-0164,Industrial Item 0164,Industrial,WH020,Mekong Warehouse 020,Mekong,719,66,1989.80,39,1,2026-05-24T00:00:00+07:00
INV-004915,SKU-0165,Electronics Item 0165,Electronics,WH020,Mekong Warehouse 020,Mekong,517,4,541.59,67,1,2026-05-24T00:00:00+07:00
INV-004916,SKU-0166,Home Item 0166,Home,WH020,Mekong Warehouse 020,Mekong,597,78,1295.37,72,1,2026-05-24T00:00:00+07:00
INV-004917,SKU-0167,Grocery Item 0167,Grocery,WH020,Mekong Warehouse 020,Mekong,299,40,430.68,110,1,2026-05-24T00:00:00+07:00
INV-004918,SKU-0168,Fashion Item 0168,Fashion,WH020,Mekong Warehouse 020,Mekong,710,25,965.97,102,1,2026-05-24T00:00:00+07:00
INV-004919,SKU-0169,Industrial Item 0169,Industrial,WH020,Mekong Warehouse 020,Mekong,793,5,1067.11,82,1,2026-05-24T00:00:00+07:00
INV-004920,SKU-0170,Electronics Item 0170,Electronics,WH020,Mekong Warehouse 020,Mekong,451,75,950.09,67,1,2026-05-24T00:00:00+07:00
INV-004921,SKU-0171,Home Item 0171,Home,WH020,Mekong Warehouse 020,Mekong,610,59,1214.68,56,1,2026-05-24T00:00:00+07:00
INV-004922,SKU-0172,Grocery Item 0172,Grocery,WH020,Mekong Warehouse 020,Mekong,88,11,511.07,35,1,2026-05-24T00:00:00+07:00
INV-004923,SKU-0173,Fashion Item 0173,Fashion,WH020,Mekong Warehouse 020,Mekong,642,62,1968.13,49,1,2026-05-24T00:00:00+07:00
INV-004924,SKU-0174,Industrial Item 0174,Industrial,WH020,Mekong Warehouse 020,Mekong,556,14,1068.41,76,1,2026-05-24T00:00:00+07:00
INV-004925,SKU-0175,Electronics Item 0175,Electronics,WH020,Mekong Warehouse 020,Mekong,236,8,1816.79,97,1,2026-05-24T00:00:00+07:00
INV-004926,SKU-0176,Home Item 0176,Home,WH020,Mekong Warehouse 020,Mekong,715,9,364.99,81,1,2026-05-24T00:00:00+07:00
INV-004927,SKU-0177,Grocery Item 0177,Grocery,WH020,Mekong Warehouse 020,Mekong,441,47,309.61,79,1,2026-05-24T00:00:00+07:00
INV-004928,SKU-0178,Fashion Item 0178,Fashion,WH020,Mekong Warehouse 020,Mekong,790,49,1523.51,57,1,2026-05-24T00:00:00+07:00
INV-004929,SKU-0179,Industrial Item 0179,Industrial,WH020,Mekong Warehouse 020,Mekong,450,33,1893.83,111,1,2026-05-24T00:00:00+07:00
INV-004930,SKU-0180,Electronics Item 0180,Electronics,WH020,Mekong Warehouse 020,Mekong,359,41,1672.71,25,1,2026-05-24T00:00:00+07:00
INV-004931,SKU-0181,Home Item 0181,Home,WH020,Mekong Warehouse 020,Mekong,511,52,464.28,32,1,2026-05-24T00:00:00+07:00
INV-004932,SKU-0182,Grocery Item 0182,Grocery,WH020,Mekong Warehouse 020,Mekong,738,65,1967.87,86,1,2026-05-24T00:00:00+07:00
INV-004933,SKU-0183,Fashion Item 0183,Fashion,WH020,Mekong Warehouse 020,Mekong,307,69,424.62,103,1,2026-05-24T00:00:00+07:00
INV-004934,SKU-0184,Industrial Item 0184,Industrial,WH020,Mekong Warehouse 020,Mekong,671,44,1653.18,104,1,2026-05-24T00:00:00+07:00
INV-004935,SKU-0185,Electronics Item 0185,Electronics,WH020,Mekong Warehouse 020,Mekong,783,23,1780.96,93,1,2026-05-24T00:00:00+07:00
INV-004936,SKU-0186,Home Item 0186,Home,WH020,Mekong Warehouse 020,Mekong,235,52,87.30,82,1,2026-05-24T00:00:00+07:00
INV-004937,SKU-0187,Grocery Item 0187,Grocery,WH020,Mekong Warehouse 020,Mekong,631,52,440.10,111,1,2026-05-24T00:00:00+07:00
INV-004938,SKU-0188,Fashion Item 0188,Fashion,WH020,Mekong Warehouse 020,Mekong,95,6,2009.86,120,1,2026-05-24T00:00:00+07:00
INV-004939,SKU-0189,Industrial Item 0189,Industrial,WH020,Mekong Warehouse 020,Mekong,153,4,431.30,91,1,2026-05-24T00:00:00+07:00
INV-004940,SKU-0190,Electronics Item 0190,Electronics,WH020,Mekong Warehouse 020,Mekong,582,5,745.36,115,1,2026-05-24T00:00:00+07:00
INV-004941,SKU-0191,Home Item 0191,Home,WH020,Mekong Warehouse 020,Mekong,185,30,493.82,113,1,2026-05-24T00:00:00+07:00
INV-004942,SKU-0192,Grocery Item 0192,Grocery,WH020,Mekong Warehouse 020,Mekong,674,32,1169.65,104,1,2026-05-24T00:00:00+07:00
INV-004943,SKU-0193,Fashion Item 0193,Fashion,WH020,Mekong Warehouse 020,Mekong,610,65,2260.29,26,1,2026-05-24T00:00:00+07:00
INV-004944,SKU-0194,Industrial Item 0194,Industrial,WH020,Mekong Warehouse 020,Mekong,377,75,1562.10,103,1,2026-05-24T00:00:00+07:00
INV-004945,SKU-0195,Electronics Item 0195,Electronics,WH020,Mekong Warehouse 020,Mekong,346,35,134.40,55,1,2026-05-24T00:00:00+07:00
INV-004946,SKU-0196,Home Item 0196,Home,WH020,Mekong Warehouse 020,Mekong,551,10,588.97,97,1,2026-05-24T00:00:00+07:00
INV-004947,SKU-0197,Grocery Item 0197,Grocery,WH020,Mekong Warehouse 020,Mekong,325,72,1636.18,111,1,2026-05-24T00:00:00+07:00
INV-004948,SKU-0198,Fashion Item 0198,Fashion,WH020,Mekong Warehouse 020,Mekong,669,9,1194.46,119,1,2026-05-24T00:00:00+07:00
INV-004949,SKU-0199,Industrial Item 0199,Industrial,WH020,Mekong Warehouse 020,Mekong,684,6,224.38,88,1,2026-05-24T00:00:00+07:00
INV-004950,SKU-0200,Electronics Item 0200,Electronics,WH020,Mekong Warehouse 020,Mekong,83,8,2258.50,37,1,2026-05-24T00:00:00+07:00
INV-004951,SKU-0201,Home Item 0201,Home,WH020,Mekong Warehouse 020,Mekong,481,78,282.55,76,1,2026-05-24T00:00:00+07:00
INV-004952,SKU-0202,Grocery Item 0202,Grocery,WH020,Mekong Warehouse 020,Mekong,619,30,377.28,46,1,2026-05-24T00:00:00+07:00
INV-004953,SKU-0203,Fashion Item 0203,Fashion,WH020,Mekong Warehouse 020,Mekong,620,75,1316.70,114,1,2026-05-24T00:00:00+07:00
INV-004954,SKU-0204,Industrial Item 0204,Industrial,WH020,Mekong Warehouse 020,Mekong,445,16,77.23,113,1,2026-05-24T00:00:00+07:00
INV-004955,SKU-0205,Electronics Item 0205,Electronics,WH020,Mekong Warehouse 020,Mekong,202,40,2491.97,93,1,2026-05-24T00:00:00+07:00
INV-004956,SKU-0206,Home Item 0206,Home,WH020,Mekong Warehouse 020,Mekong,203,8,908.35,96,1,2026-05-24T00:00:00+07:00
INV-004957,SKU-0207,Grocery Item 0207,Grocery,WH020,Mekong Warehouse 020,Mekong,232,52,2341.28,67,1,2026-05-24T00:00:00+07:00
INV-004958,SKU-0208,Fashion Item 0208,Fashion,WH020,Mekong Warehouse 020,Mekong,186,17,1732.51,41,1,2026-05-24T00:00:00+07:00
INV-004959,SKU-0209,Industrial Item 0209,Industrial,WH020,Mekong Warehouse 020,Mekong,92,4,1866.51,46,1,2026-05-24T00:00:00+07:00
INV-004960,SKU-0210,Electronics Item 0210,Electronics,WH020,Mekong Warehouse 020,Mekong,145,20,575.16,69,1,2026-05-24T00:00:00+07:00
INV-004961,SKU-0211,Home Item 0211,Home,WH020,Mekong Warehouse 020,Mekong,769,55,79.61,37,1,2026-05-24T00:00:00+07:00
INV-004962,SKU-0212,Grocery Item 0212,Grocery,WH020,Mekong Warehouse 020,Mekong,564,43,537.76,66,1,2026-05-24T00:00:00+07:00
INV-004963,SKU-0213,Fashion Item 0213,Fashion,WH020,Mekong Warehouse 020,Mekong,161,36,1334.00,93,1,2026-05-24T00:00:00+07:00
INV-004964,SKU-0214,Industrial Item 0214,Industrial,WH020,Mekong Warehouse 020,Mekong,624,42,1764.89,97,1,2026-05-24T00:00:00+07:00
INV-004965,SKU-0215,Electronics Item 0215,Electronics,WH020,Mekong Warehouse 020,Mekong,526,27,1056.76,97,1,2026-05-24T00:00:00+07:00
INV-004966,SKU-0216,Home Item 0216,Home,WH020,Mekong Warehouse 020,Mekong,127,20,671.91,71,1,2026-05-24T00:00:00+07:00
INV-004967,SKU-0217,Grocery Item 0217,Grocery,WH020,Mekong Warehouse 020,Mekong,514,19,1828.96,117,1,2026-05-24T00:00:00+07:00
INV-004968,SKU-0218,Fashion Item 0218,Fashion,WH020,Mekong Warehouse 020,Mekong,83,9,11.43,80,1,2026-05-24T00:00:00+07:00
INV-004969,SKU-0219,Industrial Item 0219,Industrial,WH020,Mekong Warehouse 020,Mekong,592,74,1436.60,44,1,2026-05-24T00:00:00+07:00
INV-004970,SKU-0220,Electronics Item 0220,Electronics,WH020,Mekong Warehouse 020,Mekong,498,50,217.64,47,1,2026-05-24T00:00:00+07:00
INV-004971,SKU-0221,Home Item 0221,Home,WH020,Mekong Warehouse 020,Mekong,329,55,1738.00,99,1,2026-05-24T00:00:00+07:00
INV-004972,SKU-0222,Grocery Item 0222,Grocery,WH020,Mekong Warehouse 020,Mekong,234,34,915.87,35,1,2026-05-24T00:00:00+07:00
INV-004973,SKU-0223,Fashion Item 0223,Fashion,WH020,Mekong Warehouse 020,Mekong,724,71,1709.39,102,1,2026-05-24T00:00:00+07:00
INV-004974,SKU-0224,Industrial Item 0224,Industrial,WH020,Mekong Warehouse 020,Mekong,181,10,1006.58,90,1,2026-05-24T00:00:00+07:00
INV-004975,SKU-0225,Electronics Item 0225,Electronics,WH020,Mekong Warehouse 020,Mekong,402,40,909.72,64,1,2026-05-24T00:00:00+07:00
INV-004976,SKU-0226,Home Item 0226,Home,WH020,Mekong Warehouse 020,Mekong,126,0,2411.02,70,1,2026-05-24T00:00:00+07:00
INV-004977,SKU-0227,Grocery Item 0227,Grocery,WH020,Mekong Warehouse 020,Mekong,429,10,384.76,31,1,2026-05-24T00:00:00+07:00
INV-004978,SKU-0228,Fashion Item 0228,Fashion,WH020,Mekong Warehouse 020,Mekong,126,17,1293.99,72,1,2026-05-24T00:00:00+07:00
INV-004979,SKU-0229,Industrial Item 0229,Industrial,WH020,Mekong Warehouse 020,Mekong,185,27,434.50,76,1,2026-05-24T00:00:00+07:00
INV-004980,SKU-0230,Electronics Item 0230,Electronics,WH020,Mekong Warehouse 020,Mekong,726,12,449.23,94,1,2026-05-24T00:00:00+07:00
INV-004981,SKU-0231,Home Item 0231,Home,WH020,Mekong Warehouse 020,Mekong,597,34,1442.85,71,1,2026-05-24T00:00:00+07:00
INV-004982,SKU-0232,Grocery Item 0232,Grocery,WH020,Mekong Warehouse 020,Mekong,687,7,2001.26,75,1,2026-05-24T00:00:00+07:00
INV-004983,SKU-0233,Fashion Item 0233,Fashion,WH020,Mekong Warehouse 020,Mekong,587,62,1481.50,119,1,2026-05-24T00:00:00+07:00
INV-004984,SKU-0234,Industrial Item 0234,Industrial,WH020,Mekong Warehouse 020,Mekong,515,32,1097.49,119,1,2026-05-24T00:00:00+07:00
INV-004985,SKU-0235,Electronics Item 0235,Electronics,WH020,Mekong Warehouse 020,Mekong,450,47,238.94,42,1,2026-05-24T00:00:00+07:00
INV-004986,SKU-0236,Home Item 0236,Home,WH020,Mekong Warehouse 020,Mekong,359,27,962.42,46,1,2026-05-24T00:00:00+07:00
INV-004987,SKU-0237,Grocery Item 0237,Grocery,WH020,Mekong Warehouse 020,Mekong,776,4,2171.95,47,1,2026-05-24T00:00:00+07:00
INV-004988,SKU-0238,Fashion Item 0238,Fashion,WH020,Mekong Warehouse 020,Mekong,415,47,2094.37,41,1,2026-05-24T00:00:00+07:00
INV-004989,SKU-0239,Industrial Item 0239,Industrial,WH020,Mekong Warehouse 020,Mekong,488,78,2355.54,68,1,2026-05-24T00:00:00+07:00
INV-004990,SKU-0240,Electronics Item 0240,Electronics,WH020,Mekong Warehouse 020,Mekong,680,18,746.18,115,1,2026-05-24T00:00:00+07:00
INV-004991,SKU-0241,Home Item 0241,Home,WH020,Mekong Warehouse 020,Mekong,793,43,256.71,48,1,2026-05-24T00:00:00+07:00
INV-004992,SKU-0242,Grocery Item 0242,Grocery,WH020,Mekong Warehouse 020,Mekong,135,1,1190.59,82,1,2026-05-24T00:00:00+07:00
INV-004993,SKU-0243,Fashion Item 0243,Fashion,WH020,Mekong Warehouse 020,Mekong,530,20,2429.22,72,1,2026-05-24T00:00:00+07:00
INV-004994,SKU-0244,Industrial Item 0244,Industrial,WH020,Mekong Warehouse 020,Mekong,150,34,1274.66,49,1,2026-05-24T00:00:00+07:00
INV-004995,SKU-0245,Electronics Item 0245,Electronics,WH020,Mekong Warehouse 020,Mekong,127,4,1293.58,114,1,2026-05-24T00:00:00+07:00
INV-004996,SKU-0246,Home Item 0246,Home,WH020,Mekong Warehouse 020,Mekong,406,15,468.53,34,1,2026-05-24T00:00:00+07:00
INV-004997,SKU-0247,Grocery Item 0247,Grocery,WH020,Mekong Warehouse 020,Mekong,154,15,600.71,73,1,2026-05-24T00:00:00+07:00
INV-004998,SKU-0248,Fashion Item 0248,Fashion,WH020,Mekong Warehouse 020,Mekong,417,21,319.33,51,1,2026-05-24T00:00:00+07:00
INV-004999,SKU-0249,Industrial Item 0249,Industrial,WH020,Mekong Warehouse 020,Mekong,524,73,665.66,119,1,2026-05-24T00:00:00+07:00
INV-005000,SKU-0250,Electronics Item 0250,Electronics,WH020,Mekong Warehouse 020,Mekong,196,5,912.09,81,1,2026-05-24T00:00:00+07:00
